Geo,Week,TotalDemand,TotalGeoDemand
1,3/1/2021,0.964059412482656,46616427.944502816
1,3/8/2021,0.977020635658403,47243158.951577745
1,3/15/2021,1.00920066913928,48799202.27609468
1,3/22/2021,1.03600288084541,50095204.73803536
1,3/29/2021,0.950452414554376,45958470.94868538
1,4/5/2021,0.94571762974311,45729523.69546704
1,4/12/2021,0.94357039584668,45625695.680745736
1,4/19/2021,1.05564249213701,51044864.59638998
1,4/26/2021,0.982932252752808,47529011.120837376
1,5/3/2021,0.977922025657247,47286745.04482752
1,5/10/2021,0.9666681471939,46742571.514700636
1,5/17/2021,0.991907040257389,47962980.781716466
1,5/24/2021,1.03153984835664,49879397.8824117
1,5/31/2021,0.987204604169755,47735597.73016344
1,6/7/2021,1.01952741180039,49298544.79942942
1,6/14/2021,1.06963464788649,51721445.63963625
1,6/21/2021,1.00282405822413,48490865.65749233
1,6/28/2021,0.968366573036425,46824697.727338314
1,7/5/2021,0.966409884813792,46730083.4175083
1,7/12/2021,0.980907648089842,47431112.760424666
1,7/19/2021,1.07712842383508,52083802.00425295
1,7/26/2021,1.00128530394204,48416460.25250735
1,8/2/2021,0.982048218412397,47486264.24946883
1,8/9/2021,0.989983217200973,47869955.642718606
1,8/16/2021,1.03389208115458,49993138.47378777
1,8/23/2021,1.02213412022019,49424590.38269679
1,8/30/2021,0.979676977398243,47371604.52569746
1,9/6/2021,1.02157949085798,49397771.662931964
1,9/13/2021,0.99731249595078,48224357.86299122
1,9/20/2021,1.08341193690864,52387636.946067154
1,9/27/2021,0.970874454055559,46945964.58434595
1,10/4/2021,0.964387431166363,46632289.06745296
1,10/11/2021,0.970986226589708,46951369.267979555
1,10/18/2021,0.99112830420288,47925325.53743951
1,10/25/2021,0.977931695211219,47287212.61085419
1,11/1/2021,0.977643380025226,47273271.32800845
1,11/8/2021,0.957354111011303,46292197.71885057
1,11/15/2021,1.01599504277348,49127739.52775508
1,11/22/2021,0.996741408855935,48196743.33969377
1,11/29/2021,0.982726113057122,47519043.37830373
1,12/6/2021,0.998658084768074,48289422.88215097
1,12/13/2021,0.999881822525019,48348595.87846531
1,12/20/2021,1.08597223553425,52511438.421502665
1,12/27/2021,0.962617935103738,46546726.30644377
1,1/3/2022,0.866924771696525,41923926.86848924
1,1/10/2022,0.954034955569058,46171041.51761361
1,1/17/2022,0.996669673196934,48275474.62888676
1,1/24/2022,1.03741074368998,50291629.63562684
1,1/31/2022,0.978531301721974,47477635.61010942
1,2/7/2022,1.00305968398407,48685469.840067305
1,2/14/2022,1.03567392899733,50268466.21264485
1,2/21/2022,1.02715779982629,49855119.17333743
1,2/28/2022,0.977498162277369,47444791.22837588
1,3/7/2022,0.987395675644102,47925186.45882256
1,3/14/2022,1.00672430383885,48863339.352145664
1,3/21/2022,0.983548923947832,47738476.81711334
1,3/28/2022,0.935672140661349,45414683.20238158
1,4/4/2022,0.926694468710878,44978934.279214144
1,4/11/2022,0.938542794669196,45554016.02674025
1,4/18/2022,0.972782866155238,47215925.077649
1,4/25/2022,0.974435125510603,47296120.72719853
1,5/2/2022,0.959048472719721,46549299.34426907
1,5/9/2022,0.910011443554724,44169190.9205974
1,5/16/2022,0.971317491609282,47144800.25110858
1,5/23/2022,0.967334226825407,46951464.68068526
1,5/30/2022,0.97058714748252,47109351.56857391
1,6/6/2022,0.963892652996303,46784421.14455649
1,6/13/2022,0.973434733087932,47247564.72462845
1,6/20/2022,1.00790922754322,48920851.955189414
1,6/27/2022,0.966644446544086,46917984.845211074
1,7/4/2022,0.938839030201163,45568394.40675955
1,7/11/2022,0.934600730949558,45362680.23559837
1,7/18/2022,1.03539657344825,50255004.21917038
1,7/25/2022,0.991771789763703,48137589.74660729
1,8/1/2022,0.983974278606853,47759122.24209159
1,8/8/2022,0.962626327441973,46722957.546833575
1,8/15/2022,1.02921014967994,49954734.00335589
1,8/22/2022,0.967585416340069,46963656.65997351
1,8/29/2022,0.973246259471858,47238416.79008464
1,9/5/2022,0.990288293814746,48065585.36555533
1,9/12/2022,1.00613318880225,48834648.43151332
1,9/19/2022,1.1094271035664,53848221.25402063
1,9/26/2022,1.12972506773639,54833422.76976102
1,10/3/2022,0.889429782207283,43170219.607930064
1,10/10/2022,0.946357574630884,45933321.71035225
1,10/17/2022,0.985543372136229,47835281.27857182
1,10/24/2022,0.988903977067385,47998394.83345165
1,10/31/2022,0.959409362564591,46566815.848588936
1,11/7/2022,0.951238792263021,46170241.18781457
1,11/14/2022,1.01529296071865,49279235.93273521
1,11/21/2022,0.995920953101331,48338977.53325135
1,11/28/2022,1.00641696815431,48848422.217460304
1,12/5/2022,1.02260241462374,49634014.61849952
1,12/12/2022,1.00077891765748,48574768.37327852
1,12/19/2022,1.09268031281139,53035382.904000685
1,12/26/2022,1.05091618607892,51008279.06803978
1,1/2/2023,0.846768868424043,41102117.21049551
1,1/9/2023,0.959575732671949,46615011.855395615
1,1/16/2023,1.02560804438133,49872813.41471098
1,1/23/2023,0.972163714368916,47321376.07492015
1,1/30/2023,1.01812541493647,49608300.275869064
1,2/6/2023,1.00290535377348,48894664.93979112
1,2/13/2023,0.966191479752916,47104752.69974525
1,2/20/2023,1.05023941395111,51202343.331489824
1,2/27/2023,0.980030401197002,47779441.91714369
1,3/6/2023,0.987289078355954,48133324.351028025
1,3/13/2023,0.957194432724831,46666119.48470103
1,3/20/2023,1.01714389811013,49588836.9788694
1,3/27/2023,0.978755132646799,47717268.72111608
1,4/3/2023,0.955983835814384,46607099.22657425
1,4/10/2023,0.972066411731345,47391173.373911515
1,4/17/2023,1.02580653701281,50011166.78480137
1,4/24/2023,1.01797137679668,49629179.06010522
1,5/1/2023,0.978686573943142,47713926.27377003
1,5/8/2023,0.946075599903509,46124042.7983785
1,5/15/2023,1.03331815742718,50377380.96402321
1,5/22/2023,0.995410414878648,48529264.02679965
1,5/29/2023,0.96040495025811,46822641.903948076
1,6/5/2023,1.01357388967435,49414788.27926658
1,6/12/2023,1.01010763260931,49245797.779445864
1,6/19/2023,1.05054968993688,51217470.21658623
1,6/26/2023,0.984728512882181,48008489.04519568
1,7/3/2023,0.986416204044456,48090769.087133475
1,7/10/2023,1.00254001253567,48876853.44774748
1,7/17/2023,1.05601751967077,51484043.43150589
1,7/24/2023,1.02007953651841,49731958.2141822
1,7/31/2023,1.01258944672995,49366793.71569122
1,8/7/2023,1.00850598872145,49167712.80488595
1,8/14/2023,1.02419860011412,49932775.00424657
1,8/21/2023,0.987570193759128,48147029.57031282
1,8/28/2023,1.0009840035588,48800993.30965616
1,9/4/2023,1.01227091848295,49351264.500365004
1,9/11/2023,1.00908995792973,49196183.066644944
1,9/18/2023,1.06769752789567,52053479.107309155
1,9/25/2023,1.0871006771325,52999441.23364514
1,10/2/2023,0.946036493049049,46122136.2228108
1,10/9/2023,0.978673659149938,47713296.64093387
1,10/16/2023,1.04972313162062,51177173.00646787
1,10/23/2023,0.993072999537887,48415307.97581233
1,10/30/2023,0.994623841895633,48490916.22584136
1,11/6/2023,0.966697300465588,47129412.98850888
1,11/13/2023,0.974489826240734,47509322.153821096
1,11/20/2023,1.07013156084186,52172145.5688086
1,11/27/2023,1.01527291420718,49497620.861979075
1,12/4/2023,1.03650453251244,50532726.37670698
1,12/11/2023,1.01729800102458,49596349.96028376
1,12/18/2023,1.09079321171793,53179463.45012052
1,12/25/2023,1.14688464613713,55914090.28434426
1,1/1/2024,0.791086413836933,38568781.67704898
1,1/8/2024,0.961934502226399,46936789.33570601
1,1/15/2024,1.02436878863594,50042240.315936096
1,1/22/2024,0.998492811589446,48835704.43371293
1,1/29/2024,1.01011206126533,49462237.27769844
1,2/5/2024,0.993489146180598,48688021.353250496
1,2/12/2024,1.03118322106394,50536512.65289374
1,2/19/2024,1.02122424788583,50048440.53970252
1,2/26/2024,1.00164469380779,49088880.33549601
1,3/4/2024,1.00582979676804,49293985.01959119
1,3/11/2024,1.01411940145619,49700244.259714164
1,3/18/2024,1.06908809663966,52394165.28408082
1,3/25/2024,1.02286595131266,50128897.59461881
1,4/1/2024,0.975994909913803,47831828.62694122
1,4/8/2024,0.955241074767297,46814718.93061739
1,4/15/2024,1.03882012734976,50910784.26755365
1,4/22/2024,0.969341593681788,47505761.06282552
1,4/29/2024,0.97154325144424,47613660.515342794
1,5/6/2024,0.969024904274531,47490240.66048324
1,5/13/2024,0.962855103611613,47187869.36301205
1,5/20/2024,1.03816746191962,50878798.260519154
1,5/27/2024,0.964549789047066,47270922.977285944
1,6/3/2024,1.01109290380656,49551920.825760886
1,6/10/2024,1.03617650220439,50781224.75729417
1,6/17/2024,0.998295184715768,48924726.66690509
1,6/24/2024,1.01440908575604,49714441.18807073
1,7/1/2024,1.00059142545778,49037261.46830819
1,7/8/2024,0.976630807628778,47862992.878792614
1,7/15/2024,1.06976266131172,52427224.53542489
1,7/22/2024,1.0184882556242,49914354.272012405
1,7/29/2024,0.997645820307098,48892902.4338185
1,8/5/2024,1.01845330436331,49912641.37021473
1,8/12/2024,1.01055950020537,49525779.632414885
1,8/19/2024,1.06850394334269,52365536.93717097
1,8/26/2024,1.02313065526125,50141870.27976157
1,9/2/2024,1.03268061271071,50609897.23794531
1,9/9/2024,1.00357677621701,49183568.3655516
1,9/16/2024,1.04743965323937,51333212.38087705
1,9/23/2024,1.02685129831642,50324212.585629284
1,9/30/2024,1.01730846988019,49856535.0090355
1,10/7/2024,0.985174961413434,48281727.13357239
1,10/14/2024,1.09301179584226,53566624.55591422
1,10/21/2024,1.02507187345501,50237006.03810889
1,10/28/2024,0.975414054567719,47803361.90783733
1,11/4/2024,1.02375606430805,50172520.49810263
1,11/11/2024,1.00711922245415,49357177.54866237
1,11/18/2024,1.04441210333066,51184837.37451445
1,11/25/2024,1.07965312476926,52911939.10523392
1,12/2/2024,1.04771648927529,51346779.63532058
1,12/9/2024,1.08221061293537,53037277.19338785
1,12/16/2024,1.12845855399927,55303809.08747871
1,12/23/2024,1.09048453886821,53442768.04602072
1,12/30/2024,0.872891012390975,42778884.28705602
2,3/1/2021,0.964059412482656,11803835.1795604
2,3/8/2021,0.977020635658403,11962530.940570848
2,3/15/2021,1.00920066913928,12356539.656522272
2,3/22/2021,1.03600288084541,12684702.926605966
2,3/29/2021,0.950452414554376,11637232.62486451
2,4/5/2021,0.94571762974311,11579260.451363396
2,4/12/2021,0.94357039584668,11552969.960811466
2,4/19/2021,1.05564249213701,12925168.121895222
2,4/26/2021,0.982932252752808,12034912.116598435
2,5/3/2021,0.977922025657247,11973567.458802544
2,5/10/2021,0.9666681471939,11835776.234565217
2,5/17/2021,0.991907040257389,12144798.406609066
2,5/24/2021,1.03153984835664,12630058.057853883
2,5/31/2021,0.987204604169755,12087222.306805376
2,6/7/2021,1.01952741180039,12482979.13339354
2,6/14/2021,1.06963464788649,13096486.504851084
2,6/21/2021,1.00282405822413,12278465.148141949
2,6/28/2021,0.968366573036425,11856571.569245737
2,7/5/2021,0.966409884813792,11832614.098474294
2,7/12/2021,0.980907648089842,12010123.084053777
2,7/19/2021,1.07712842383508,13188239.45656574
2,7/26/2021,1.00128530394204,12259624.81419693
2,8/2/2021,0.982048218412397,12024088.099525256
2,8/9/2021,0.989983217200973,12121243.33365235
2,8/16/2021,1.03389208115458,12658858.532876665
2,8/23/2021,1.02213412022019,12514895.379704073
2,8/30/2021,0.979676977398243,11995054.891093547
2,9/6/2021,1.02157949085798,12508104.56004325
2,9/13/2021,0.99731249595078,12210982.199354785
2,9/20/2021,1.08341193690864,13265174.084911363
2,9/27/2021,0.970874454055559,11887277.782891206
2,10/4/2021,0.964387431166363,11807851.402955007
2,10/11/2021,0.970986226589708,11888646.313162155
2,10/18/2021,0.99112830420288,12135263.64957238
2,10/25/2021,0.977931695211219,11973685.851242246
2,11/1/2021,0.977643380025226,11970155.752619639
2,11/8/2021,0.957354111011303,11721736.221376961
2,11/15/2021,1.01599504277348,12439729.204273626
2,11/22/2021,0.996741408855935,12203989.872791307
2,11/29/2021,0.982726113057122,12032388.164954003
2,12/6/2021,0.998658084768074,12227457.43733817
2,12/13/2021,0.999881822525019,12242440.744980734
2,12/20/2021,1.08597223553425,13296522.09360364
2,12/27/2021,0.962617935103738,11786185.892206082
2,1/3/2022,0.866924771696525,10614492.571642894
2,1/10/2022,0.954034955569058,11680764.574628556
2,1/17/2022,0.996669673196934,12202417.24493942
2,1/24/2022,1.03741074368998,12700856.541098852
2,1/31/2022,0.978531301721974,11979663.848416772
2,2/7/2022,1.00305968398407,12279802.63057018
2,2/14/2022,1.03567392899733,12679077.467410035
2,2/21/2022,1.02715779982629,12574820.07663813
2,2/28/2022,0.977498162277369,11966869.664931756
2,3/7/2022,0.987395675644102,12088038.437481986
2,3/14/2022,1.00672430383885,12324666.170826549
2,3/21/2022,0.983548923947832,12040945.176538505
2,3/28/2022,0.935672140661349,11454821.08177207
2,4/4/2022,0.926694468710878,11344913.325172674
2,4/11/2022,0.938542794669196,11489964.618208386
2,4/18/2022,0.972782866155238,11909143.38342432
2,4/25/2022,0.974435125510603,11929370.91221978
2,5/2/2022,0.959048472719721,11741002.20141514
2,5/9/2022,0.910011443554724,11140673.976423455
2,5/16/2022,0.971317491609282,11891203.762740789
2,5/23/2022,0.967334226825407,11842439.261463953
2,5/30/2022,0.97058714748252,11882262.638288746
2,6/6/2022,0.963892652996303,11800306.327737994
2,6/13/2022,0.973434733087932,11917123.763435667
2,6/20/2022,1.00790922754322,12339172.415557118
2,6/27/2022,0.966644446544086,11833994.73328039
2,7/4/2022,0.938839030201163,11493591.235629905
2,7/11/2022,0.934600730949558,11441704.51442946
2,7/18/2022,1.03539657344825,12675681.98535154
2,7/25/2022,0.991771789763703,12141612.336397268
2,8/1/2022,0.983974278606853,12046152.515405806
2,8/8/2022,0.962626327441973,11784803.533713378
2,8/15/2022,1.02921014967994,12599945.65169773
2,8/22/2022,0.967585416340069,11845514.410084972
2,8/29/2022,0.973246259471858,11914816.404048163
2,9/5/2022,0.990288293814746,12123450.866654111
2,9/12/2022,1.00613318880225,12317429.53679668
2,9/19/2022,1.1094271035664,13581989.270375969
2,9/26/2022,1.12972506773639,13830483.949504513
2,10/3/2022,0.889429782207283,10888706.180540252
2,10/10/2022,0.946357574630884,11585635.850977745
2,10/17/2022,0.985543372136229,12065361.899848819
2,10/24/2022,0.988903977067385,12106503.584221406
2,10/31/2022,0.959409362564591,11745420.339731012
2,11/7/2022,0.951238792263021,11645393.399651466
2,11/14/2022,1.01529296071865,12429566.623536825
2,11/21/2022,0.995920953101331,12192407.824280681
2,11/28/2022,1.00641696815431,12320903.660734683
2,12/5/2022,1.02260241462374,12519051.47911911
2,12/12/2022,1.00077891765748,12251880.702049252
2,12/19/2022,1.09268031281139,13376969.280717108
2,12/26/2022,1.05091618607892,12865678.436063904
2,1/2/2023,0.846768868424043,10366501.89413964
2,1/9/2023,0.959575732671949,11748493.710464016
2,1/16/2023,1.02560804438133,12558248.08694096
2,1/23/2023,0.972163714368916,11905064.519560458
2,1/30/2023,1.01812541493647,12469192.533456719
2,2/6/2023,1.00290535377348,12283511.812685108
2,2/13/2023,0.966191479752916,11833842.954756508
2,2/20/2023,1.05023941395111,12863255.938625123
2,2/27/2023,0.980030401197002,12003341.05820177
2,3/6/2023,0.987289078355954,12092244.808036754
2,3/13/2023,0.957194432724831,11723647.777558293
2,3/20/2023,1.01714389811013,12457904.4682314
2,3/27/2023,0.978755132646799,11987721.661438745
2,4/3/2023,0.955983835814384,11708820.474292757
2,4/10/2023,0.972066411731345,11905798.693997467
2,4/17/2023,1.02580653701281,12564003.838757163
2,4/24/2023,1.01797137679668,12468039.366286812
2,5/1/2023,0.978686573943142,11986881.95874706
2,5/8/2023,0.946075599903509,11587465.121232906
2,5/15/2023,1.03331815742718,12656005.619154382
2,5/22/2023,0.995410414878648,12191714.346378926
2,5/29/2023,0.96040495025811,11762969.962513037
2,6/5/2023,1.01357388967435,12414179.26459268
2,6/12/2023,1.01010763260931,12371724.800036414
2,6/19/2023,1.05054968993688,12867056.175866188
2,6/26/2023,0.984728512882181,12060883.187535208
2,7/3/2023,0.986416204044456,12081553.905983856
2,7/10/2023,1.00254001253567,12279037.139658192
2,7/17/2023,1.05601751967077,12934025.756962417
2,7/24/2023,1.02007953651841,12493859.954097617
2,7/31/2023,1.01258944672995,12402121.879599817
2,8/7/2023,1.00850598872145,12352107.983061826
2,8/14/2023,1.02419860011412,12544309.945689378
2,8/21/2023,0.987570193759128,12095687.88920067
2,8/28/2023,1.0009840035588,12259979.255695036
2,9/4/2023,1.01227091848295,12398220.568450674
2,9/11/2023,1.00908995792973,12359260.394769879
2,9/18/2023,1.06769752789567,13077081.647832088
2,9/25/2023,1.0871006771325,13314730.007864192
2,10/2/2023,0.946036493049049,11586986.143295083
2,10/9/2023,0.978673659149938,11986723.779309325
2,10/16/2023,1.04972313162062,12856932.54931088
2,10/23/2023,0.993072999537887,12163085.852817772
2,10/30/2023,0.994623841895633,12182080.45718283
2,11/6/2023,0.966697300465588,11840038.209439889
2,11/13/2023,0.974489826240734,11935480.498365339
2,11/20/2023,1.07013156084186,13106893.506039074
2,11/27/2023,1.01527291420718,12434988.793115687
2,12/4/2023,1.03650453251244,12695032.109620433
2,12/11/2023,1.01729800102458,12459791.909077056
2,12/18/2023,1.09079321171793,13359955.902778419
2,12/25/2023,1.14688464613713,14046959.710765403
2,1/1/2024,0.791086413836933,9689173.871696616
2,1/8/2024,0.961934502226399,11781917.74576875
2,1/15/2024,1.02436878863594,12546941.286840755
2,1/22/2024,0.998492811589446,12230311.495983584
2,1/29/2024,1.01011206126533,12372947.884381056
2,2/5/2024,0.993489146180598,12169547.324094523
2,2/12/2024,1.03118322106394,12631279.94557391
2,2/19/2024,1.02122424788583,12509289.424570035
2,2/26/2024,1.00164469380779,12269453.453702327
2,3/4/2024,1.00582979676804,12320718.064897506
2,3/11/2024,1.01411940145619,12422259.978260126
2,3/18/2024,1.06908809663966,13095588.405954957
2,3/25/2024,1.02286595131266,12529399.153166631
2,4/1/2024,0.975994909913803,11955261.373135999
2,4/8/2024,0.955241074767297,11701041.272929829
2,4/15/2024,1.03882012734976,12724826.754438676
2,4/22/2024,0.969341593681788,11873762.85902985
2,4/29/2024,0.97154325144424,11900731.640946534
2,5/6/2024,0.969024904274531,11869883.633138347
2,5/13/2024,0.962855103611613,11794307.850379972
2,5/20/2024,1.03816746191962,12716832.055491256
2,5/27/2024,0.964549789047066,11815066.573233724
2,6/3/2024,1.01109290380656,12385187.479226412
2,6/10/2024,1.03617650220439,12692444.178775223
2,6/17/2024,0.998295184715768,12228424.287433624
2,6/24/2024,1.01440908575604,12425808.409433777
2,7/1/2024,1.00059142545778,12256551.644828495
2,7/8/2024,0.976630807628778,11963050.67881622
2,7/15/2024,1.06976266131172,13103851.354689855
2,7/22/2024,1.0184882556242,12475775.413429474
2,7/29/2024,0.997645820307098,12220470.022671772
2,8/5/2024,1.01845330436331,12475347.284761315
2,8/12/2024,1.01055950020537,12378653.653686257
2,8/19/2024,1.06850394334269,13088432.932203934
2,8/26/2024,1.02313065526125,12532641.59286206
2,9/2/2024,1.03268061271071,12649621.95456686
2,9/9/2024,1.00357677621701,12293120.123753538
2,9/16/2024,1.04743965323937,12830409.974348025
2,9/23/2024,1.02685129831642,12578216.8922944
2,9/30/2024,1.01730846988019,12461323.856185887
2,10/7/2024,0.985174961413434,12067710.642979005
2,10/14/2024,1.09301179584226,13388637.14388623
2,10/21/2024,1.02507187345501,12556420.17068724
2,10/28/2024,0.975414054567719,11948146.29756928
2,11/4/2024,1.02375606430805,12540302.420402959
2,11/11/2024,1.00711922245415,12336512.635471856
2,11/18/2024,1.04441210333066,12793324.58572446
2,11/25/2024,1.07965312476926,13225002.679609785
2,12/2/2024,1.04771648927529,12833801.023924569
2,12/9/2024,1.08221061293537,13256330.137678802
2,12/16/2024,1.12845855399927,13822835.37037588
2,12/23/2024,1.09048453886821,13357679.99761547
2,12/30/2024,0.872891012390975,10692310.070304116
3,3/1/2021,0.964059412482656,22223866.64633146
3,3/8/2021,0.977020635658403,22522653.724779073
3,3/15/2021,1.00920066913928,23264480.175232552
3,3/22/2021,1.03600288084541,23882335.019307952
3,3/29/2021,0.950452414554376,21910192.918579306
3,4/5/2021,0.94571762974311,21801044.846106175
3,4/12/2021,0.94357039584668,21751545.98864683
3,4/19/2021,1.05564249213701,24335074.856884006
3,4/26/2021,0.982932252752808,22658930.583553385
3,5/3/2021,0.977922025657247,22543432.910875555
3,5/10/2021,0.9666681471939,22284004.196654502
3,5/17/2021,0.991907040257389,22865820.822133176
3,5/24/2021,1.03153984835664,23779451.48744268
3,5/31/2021,0.987204604169755,22757418.46606458
3,6/7/2021,1.01952741180039,23502536.20179281
3,6/14/2021,1.06963464788649,24657627.390429422
3,6/21/2021,1.00282405822413,23117484.100360233
3,6/28/2021,0.968366573036425,22323156.960361782
3,7/5/2021,0.966409884813792,22278050.634200018
3,7/12/2021,0.980907648089842,22612258.62310447
3,7/19/2021,1.07712842383508,24830376.7813041
3,7/26/2021,1.00128530394204,23082012.14634487
3,8/2/2021,0.982048218412397,22638551.48590385
3,8/9/2021,0.989983217200973,22821472.115144156
3,8/16/2021,1.03389208115458,23833676.05583113
3,8/23/2021,1.02213412022019,23562627.03845617
3,8/30/2021,0.979676977398243,22583888.727810215
3,9/6/2021,1.02157949085798,23549841.509522963
3,9/13/2021,0.99731249595078,22990429.45401516
3,9/20/2021,1.08341193690864,24975226.729301397
3,9/27/2021,0.970874454055559,22380969.593228344
3,10/4/2021,0.964387431166363,22231428.2589476
3,10/11/2021,0.970986226589708,22383546.216976754
3,10/18/2021,0.99112830420288,22847869.100707732
3,10/25/2021,0.977931695211219,22543655.81781986
3,11/1/2021,0.977643380025226,22537009.46539256
3,11/8/2021,0.957354111011303,22069293.46804595
3,11/15/2021,1.01599504277348,23421106.675396945
3,11/22/2021,0.996741408855935,22977264.534591448
3,11/29/2021,0.982726113057122,22654178.56949783
3,12/6/2021,0.998658084768074,23021448.479740344
3,12/13/2021,0.999881822525019,23049658.550426953
3,12/20/2021,1.08597223553425,25034247.707881544
3,12/27/2021,0.962617935103738,22190637.151046365
3,1/3/2022,0.866924771696525,19984638.89019932
3,1/10/2022,0.954034955569058,21992394.1708071
3,1/17/2022,0.996669673196934,22974806.703229066
3,1/24/2022,1.03741074368998,23913533.992006425
3,1/31/2022,0.978531301721974,22555898.93150215
3,2/7/2022,1.00305968398407,23121123.508084476
3,2/14/2022,1.03567392899733,23872901.294360124
3,2/21/2022,1.02715779982629,23676599.44324224
3,2/28/2022,0.977498162277369,22531915.203544922
3,3/7/2022,0.987395675644102,22760058.785763398
3,3/14/2022,1.00672430383885,23205595.1846287
3,3/21/2022,0.983548923947832,22671388.865850538
3,3/28/2022,0.935672140661349,21567800.47745792
3,4/4/2022,0.926694468710878,21360859.788279187
3,4/11/2022,0.938542794669196,21633970.76292036
3,4/18/2022,0.972782866155238,22423224.816869512
3,4/25/2022,0.974435125510603,22461310.37976344
3,5/2/2022,0.959048472719721,22106638.86285874
3,5/9/2022,0.910011443554724,20976306.11468822
3,5/16/2022,0.971317491609282,22389447.057386585
3,5/23/2022,0.967334226825407,22297630.428611428
3,5/30/2022,0.97058714748252,22372612.186787084
3,6/6/2022,0.963892652996303,22218300.098686423
3,6/13/2022,0.973434733087932,22438250.732525438
3,6/20/2022,1.00790922754322,23232908.376384065
3,6/27/2022,0.966644446544086,22281730.58283728
3,7/4/2022,0.938839030201163,21640799.165747378
3,7/11/2022,0.934600730949558,21543103.842291187
3,7/18/2022,1.03539657344825,23866508.083332095
3,7/25/2022,0.991771789763703,22860930.820490234
3,8/1/2022,0.983974278606853,22681193.54136308
3,8/8/2022,0.962626327441973,22189110.54349436
3,8/15/2022,1.02921014967994,23723907.32674846
3,8/22/2022,0.967585416340069,22303420.49569181
3,8/29/2022,0.973246259471858,22433906.30236391
3,9/5/2022,0.990288293814746,22826735.349541955
3,9/12/2022,1.00613318880225,23191969.621803626
3,9/19/2022,1.1094271035664,25572955.916449696
3,9/26/2022,1.12972506773639,26040836.087232374
3,10/3/2022,0.889429782207283,20501886.548349243
3,10/10/2022,0.946357574630884,21814106.09166433
3,10/17/2022,0.985543372136229,22717362.07877218
3,10/24/2022,0.988903977067385,22794826.026475772
3,10/31/2022,0.959409362564591,22114957.585536137
3,11/7/2022,0.951238792263021,21926621.07088372
3,11/14/2022,1.01529296071865,23403107.827549446
3,11/21/2022,0.995920953101331,22956571.506306473
3,11/28/2022,1.00641696815431,23198510.9080137
3,12/5/2022,1.02260241462374,23571595.095092308
3,12/12/2022,1.00077891765748,23068550.484993335
3,12/19/2022,1.09268031281139,25186932.414861597
3,12/26/2022,1.05091618607892,24224244.404678807
3,1/2/2023,0.846768868424043,19518551.950732224
3,1/9/2023,0.959575732671949,22119187.308715034
3,1/16/2023,1.02560804438133,23641790.93800462
3,1/23/2023,0.972163714368916,22410286.34695128
3,1/30/2023,1.01812541493647,23470282.792996284
3,2/6/2023,1.00290535377348,23119698.29826858
3,2/13/2023,0.966191479752916,22273343.566730797
3,2/20/2023,1.05023941395111,24210877.226393238
3,2/27/2023,0.980030401197002,22592368.37386165
3,3/6/2023,0.987289078355954,22759700.640476417
3,3/13/2023,0.957194432724831,22065937.142761353
3,3/20/2023,1.01714389811013,23447935.502691746
3,3/27/2023,0.978755132646799,22562969.966320176
3,4/3/2023,0.955983835814384,22038029.59232566
3,4/10/2023,0.972066411731345,22408776.744751714
3,4/17/2023,1.02580653701281,23647632.91350408
3,4/24/2023,1.01797137679668,23467011.144255742
3,5/1/2023,0.978686573943142,22561389.50650175
3,5/8/2023,0.946075599903509,21809617.78833031
3,5/15/2023,1.03331815742718,23820796.21279693
3,5/22/2023,0.995410414878648,22946919.562440664
3,5/29/2023,0.96040495025811,22139948.318305016
3,6/5/2023,1.01357388967435,23365637.09718303
3,6/12/2023,1.01010763260931,23285730.43642565
3,6/19/2023,1.05054968993688,24218029.94047731
3,6/26/2023,0.984728512882181,22700672.644393623
3,7/3/2023,0.986416204044456,22739578.519119486
3,7/10/2023,1.00254001253567,23111276.19222674
3,7/17/2023,1.05601751967077,24344078.295170426
3,7/24/2023,1.02007953651841,23515609.959089898
3,7/31/2023,1.01258944672995,23342942.999889605
3,8/7/2023,1.00850598872145,23248808.177936595
3,8/14/2023,1.02419860011412,23610565.58729055
3,8/21/2023,0.987570193759128,22766181.12042719
3,8/28/2023,1.0009840035588,23075405.95020514
3,9/4/2023,1.01227091848295,23335600.063407727
3,9/11/2023,1.00908995792973,23262270.264185164
3,9/18/2023,1.06769752789567,24613334.28115407
3,9/25/2023,1.0871006771325,25060629.686230592
3,10/2/2023,0.946036493049049,21808716.26758783
3,10/9/2023,0.978673659149938,22561091.783672325
3,10/16/2023,1.04972313162062,24198975.51928232
3,10/23/2023,0.993072999537887,22893035.77293154
3,10/30/2023,0.994623841895633,22928786.909877356
3,11/6/2023,0.966697300465588,22285004.113845166
3,11/13/2023,0.974489826240734,22464643.044291865
3,11/20/2023,1.07013156084186,24669445.36267264
3,11/27/2023,1.01527291420718,23404804.233343326
3,12/4/2023,1.03650453251244,23894250.827665504
3,12/11/2023,1.01729800102458,23451487.997050203
3,12/18/2023,1.09079321171793,25145752.65679021
3,12/25/2023,1.14688464613713,26438812.900546987
3,1/1/2024,0.791086413836933,18236697.96426499
3,1/8/2024,0.961934502226399,22175327.704346564
3,1/15/2024,1.02436878863594,23614793.22479051
3,1/22/2024,0.998492811589446,23018446.955014437
3,1/29/2024,1.01011206126533,23286482.953461166
3,2/5/2024,0.993489146180598,22903388.412049826
3,2/12/2024,1.03118322106394,23772371.903869867
3,2/19/2024,1.02122424788583,23542782.818261854
3,2/26/2024,1.00164469380779,23091405.768629853
3,3/4/2024,1.00582979676804,23187886.998249967
3,3/11/2024,1.01411940145619,23378991.315913323
3,3/18/2024,1.06908809663966,24646211.571894046
3,3/25/2024,1.02286595131266,23580629.814461373
3,4/1/2024,0.975994909913803,22500088.738016337
3,4/8/2024,0.955241074767297,22021640.41053029
3,4/15/2024,1.03882012734976,23948429.25015546
3,4/22/2024,0.969341593681788,22346706.58041398
3,4/29/2024,0.97154325144424,22397462.475454822
3,5/6/2024,0.969024904274531,22339405.784531564
3,5/13/2024,0.962855103611613,22197170.347313754
3,5/20/2024,1.03816746191962,23933383.03394943
3,5/27/2024,0.964549789047066,22236238.760126628
3,6/3/2024,1.01109290380656,23309219.982913215
3,6/10/2024,1.03617650220439,23887484.463233575
3,6/17/2024,0.998295184715768,23014187.895051967
3,6/24/2024,1.01440908575604,23385669.548475843
3,7/1/2024,1.00059142545778,23067124.256823745
3,7/8/2024,0.976630807628778,22514748.39787926
3,7/15/2024,1.06976266131172,24661762.641449936
3,7/22/2024,1.0184882556242,23479708.652150504
3,7/29/2024,0.997645820307098,22999217.782483157
3,8/5/2024,1.01845330436331,23478902.90530838
3,8/12/2024,1.01055950020537,23296923.17052564
3,8/19/2024,1.06850394334269,24632744.800751556
3,8/26/2024,1.02313065526125,23586732.164129406
3,9/2/2024,1.03268061271071,23806892.01028506
3,9/9/2024,1.00357677621701,23135947.010903627
3,9/16/2024,1.04743965323937,24147139.40006006
3,9/23/2024,1.02685129831642,23672505.968619425
3,9/30/2024,1.01730846988019,23452510.46978518
3,10/7/2024,0.985174961413434,22711720.959195133
3,10/14/2024,1.09301179584226,25197736.326412555
3,10/21/2024,1.02507187345501,23631484.016941175
3,10/28/2024,0.975414054567719,22486697.99461842
3,11/4/2024,1.02375606430805,23601150.025511604
3,11/11/2024,1.00711922245415,23217612.760935653
3,11/18/2024,1.04441210333066,24077343.811268028
3,11/25/2024,1.07965312476926,24889772.340898838
3,12/2/2024,1.04771648927529,24153521.439054918
3,12/9/2024,1.08221061293537,24948731.368205387
3,12/16/2024,1.12845855399927,26014907.807390373
3,12/23/2024,1.09048453886821,25139474.235284965
3,12/30/2024,0.872891012390975,20123184.083694946
4,3/1/2021,0.964059412482656,1275579.1265972746
4,3/8/2021,0.977020635658403,1292728.5527894278
4,3/15/2021,1.00920066913928,1335307.0271717608
4,3/22/2021,1.03600288084541,1370769.9263998945
4,3/29/2021,0.950452414554376,1257575.2543063206
4,4/5/2021,0.94571762974311,1251310.5027803795
4,4/12/2021,0.94357039584668,1248469.4260804388
4,4/19/2021,1.05564249213701,1396755.7504031225
4,4/26/2021,0.982932252752808,1300550.4103142524
4,5/3/2021,0.977922025657247,1293921.2119284295
4,5/10/2021,0.9666681471939,1279030.8303909958
4,5/17/2021,0.991907040257389,1312425.2506251556
4,5/24/2021,1.03153984835664,1364864.7393791685
4,5/31/2021,0.987204604169755,1306203.3007359607
4,6/7/2021,1.01952741180039,1348970.6843433534
4,6/14/2021,1.06963464788649,1415269.2377388447
4,6/21/2021,1.00282405822413,1326869.9207428128
4,6/28/2021,0.968366573036425,1281278.0741284466
4,7/5/2021,0.966409884813792,1278689.1147578948
4,7/12/2021,0.980907648089842,1297871.5883669632
4,7/19/2021,1.07712842383508,1425184.5023993792
4,7/26/2021,1.00128530394204,1324833.9437583117
4,8/2/2021,0.982048218412397,1299380.7150276552
4,8/9/2021,0.989983217200973,1309879.7763027833
4,8/16/2021,1.03389208115458,1367977.0570597139
4,8/23/2021,1.02213412022019,1352419.7072478563
4,8/30/2021,0.979676977398243,1296243.2471245932
4,9/6/2021,1.02157949085798,1351685.8586759693
4,9/13/2021,0.99731249595078,1319577.3892083466
4,9/20/2021,1.08341193690864,1433498.4279277637
4,9/27/2021,0.970874454055559,1284596.335103429
4,10/4/2021,0.964387431166363,1276013.1389736487
4,10/11/2021,0.970986226589708,1284744.2250535232
4,10/18/2021,0.99112830420288,1311394.8790007327
4,10/25/2021,0.977931695211219,1293934.0060137839
4,11/1/2021,0.977643380025226,1293552.5266044505
4,11/8/2021,0.957354111011303,1266707.1188472921
4,11/15/2021,1.01599504277348,1344296.8893235761
4,11/22/2021,0.996741408855935,1318821.764865096
4,11/29/2021,0.982726113057122,1300277.6600880367
4,12/6/2021,0.998658084768074,1321357.7826471964
4,12/13/2021,0.999881822525019,1322976.9508368336
4,12/20/2021,1.08597223553425,1436886.0444187464
4,12/27/2021,0.962617935103738,1273671.859917454
4,1/3/2022,0.866924771696525,1146882.811015282
4,1/10/2022,0.954034955569058,1260749.6157758732
4,1/17/2022,0.996669673196934,1315455.0478300827
4,1/24/2022,1.03741074368998,1367524.0643610517
4,1/31/2022,0.978531301721974,1288302.001184623
4,2/7/2022,1.00305968398407,1319889.36441887
4,2/14/2022,1.03567392899733,1362805.2504702352
4,2/21/2022,1.02715779982629,1351599.1891371044
4,2/28/2022,0.977498162277369,1286253.8976194798
4,3/7/2022,0.987395675644102,1299277.671603363
4,3/14/2022,1.00672430383885,1324711.502896625
4,3/21/2022,0.983548923947832,1294215.8724537361
4,3/28/2022,0.935672140661349,1231216.5733394113
4,4/4/2022,0.926694468710878,1219403.18484909
4,4/11/2022,0.938542794669196,1234993.9614157195
4,4/18/2022,0.972782866155238,1280049.212771688
4,4/25/2022,0.974435125510603,1282223.3601164878
4,5/2/2022,0.959048472719721,1261976.6293431714
4,5/9/2022,0.910011443554724,1197450.6053529615
4,5/16/2022,0.971317491609282,1278120.980325405
4,5/23/2022,0.967334226825407,1272879.5486547668
4,5/30/2022,0.97058714748252,1277159.9473946218
4,6/6/2022,0.963892652996303,1268350.9082043273
4,6/13/2022,0.973434733087932,1280906.9805948366
4,6/20/2022,1.00790922754322,1326270.7004987474
4,6/27/2022,0.966644446544086,1271971.8921044501
4,7/4/2022,0.938839030201163,1235383.766885106
4,7/11/2022,0.934600730949558,1229806.744709643
4,7/18/2022,1.03539657344825,1362440.28847317
4,7/25/2022,0.991771789763703,1305036.0393329796
4,8/1/2022,0.983974278606853,1294775.581054613
4,8/8/2022,0.962626327441973,1266684.5968997688
4,8/15/2022,1.02921014967994,1354299.8008802738
4,8/22/2022,0.967585416340069,1273210.0796866629
4,8/29/2022,0.973246259471858,1280658.9750681748
4,9/5/2022,0.990288293814746,1303083.9615798665
4,9/12/2022,1.00613318880225,1323933.6764279034
4,9/19/2022,1.1094271035664,1459854.341666122
4,9/26/2022,1.12972506773639,1486563.686553155
4,10/3/2022,0.889429782207283,1170367.9538825068
4,10/10/2022,0.946357574630884,1245277.1431800718
4,10/17/2022,0.985543372136229,1296840.2935763744
4,10/24/2022,0.988903977067385,1301262.3900426163
4,10/31/2022,0.959409362564591,1262451.511056391
4,11/7/2022,0.951238792263021,1251700.1579445447
4,11/14/2022,1.01529296071865,1335986.683492845
4,11/21/2022,0.995920953101331,1310495.7708034317
4,11/28/2022,1.00641696815431,1324307.0911575635
4,12/5/2022,1.02260241462374,1345604.9251686602
4,12/12/2022,1.00077891765748,1316888.187788214
4,12/19/2022,1.09268031281139,1437817.8552728673
4,12/26/2022,1.05091618607892,1382861.976227271
4,1/2/2023,0.846768868424043,1114112.3598661474
4,1/9/2023,0.959575732671949,1260771.8309415437
4,1/16/2023,1.02560804438133,1345163.0183388267
4,1/23/2023,0.972163714368916,1272822.2374449903
4,1/30/2023,1.01812541493647,1330647.597194971
4,2/6/2023,1.00290535377348,1309432.2875865346
4,2/13/2023,0.966191479752916,1261497.223846628
4,2/20/2023,1.05023941395111,1371233.4799293452
4,2/27/2023,0.980030401197002,1279565.8586074654
4,3/6/2023,0.987289078355954,1289043.070182562
4,3/13/2023,0.957194432724831,1249750.328822217
4,3/20/2023,1.01714389811013,1328022.685527511
4,3/27/2023,0.978755132646799,1277900.8183040575
4,4/3/2023,0.955983835814384,1248169.7263381616
4,4/10/2023,0.972066411731345,1269167.7637682552
4,4/17/2023,1.02580653701281,1339332.9641992426
4,4/24/2023,1.01797137679668,1329103.073867936
4,5/1/2023,0.978686573943142,1277811.3053217966
4,5/8/2023,0.946075599903509,1235233.1475972764
4,5/15/2023,1.03331815742718,1349140.4283138928
4,5/22/2023,0.995410414878648,1299646.6033504503
4,5/29/2023,0.96040495025811,1253942.105477124
4,6/5/2023,1.01357388967435,1323361.5434203653
4,6/12/2023,1.01010763260931,1318835.8632221783
4,6/19/2023,1.05054968993688,1371638.5882811262
4,6/26/2023,0.984728512882181,1285699.8961649372
4,7/3/2023,0.986416204044456,1287903.4114896427
4,7/10/2023,1.00254001253567,1308955.2838051622
4,7/17/2023,1.05601751967077,1378777.5997927873
4,7/24/2023,1.02007953651841,1331855.569416725
4,7/31/2023,1.01258944672995,1322076.2165063012
4,8/7/2023,1.00850598872145,1316744.6947032472
4,8/14/2023,1.02419860011412,1337233.5792700395
4,8/21/2023,0.987570193759128,1289410.1054468085
4,8/28/2023,1.0009840035588,1306923.697906804
4,9/4/2023,1.01227091848295,1321660.3335867454
4,9/11/2023,1.00908995792973,1317507.14760084
4,9/18/2023,1.06769752789567,1394027.4733854546
4,9/25/2023,1.0871006771325,1419360.9806683979
4,10/2/2023,0.946036493049049,1235182.088247084
4,10/9/2023,0.978673659149938,1277794.4433368298
4,10/16/2023,1.04972313162062,1370559.4015687972
4,10/23/2023,0.993072999537887,1296594.782900549
4,10/30/2023,0.994623841895633,1298619.623068627
4,11/6/2023,0.966697300465588,1262157.6429905095
4,11/13/2023,0.974489826240734,1272331.8681256059
4,11/20/2023,1.07013156084186,1397205.4415451968
4,11/27/2023,1.01527291420718,1325579.856065536
4,12/4/2023,1.03650453251244,1353300.6837860632
4,12/11/2023,1.01729800102458,1328223.8882901107
4,12/18/2023,1.09079321171793,1424182.0976079337
4,12/25/2023,1.14688464613713,1497417.2588413318
4,1/1/2024,0.791086413836933,1032838.0165089322
4,1/8/2024,0.961934502226399,1254440.242169767
4,1/15/2024,1.02436878863594,1333624.2426080194
4,1/22/2024,0.998492811589446,1297756.6891231837
4,1/29/2024,1.01011206126533,1310652.6059140356
4,2/5/2024,0.993489146180598,1287578.0247106194
4,2/12/2024,1.03118322106394,1336384.17749002
4,2/19/2024,1.02122424788583,1323477.6309775081
4,2/26/2024,1.00164469380779,1298103.0847639611
4,3/4/2024,1.00582979676804,1303526.8593569759
4,3/11/2024,1.01411940145619,1314269.9516694308
4,3/18/2024,1.06908809663966,1385507.8199638631
4,3/25/2024,1.02286595131266,1325605.231941658
4,4/1/2024,0.975994909913803,1264861.6930341923
4,4/8/2024,0.955241074767297,1237965.3119177157
4,4/15/2024,1.03882012734976,1346281.3911032944
4,4/22/2024,0.969341593681788,1256239.1840840206
4,4/29/2024,0.97154325144424,1259092.4700310573
4,5/6/2024,0.969024904274531,1255828.763601248
4,5/13/2024,0.962855103611613,1247832.8771232981
4,5/20/2024,1.03816746191962,1345435.555249925
4,5/27/2024,0.964549789047066,1250029.14135175
4,6/3/2024,1.01109290380656,1310347.6966474033
4,6/10/2024,1.03617650220439,1342855.327996706
4,6/17/2024,0.998295184715768,1293762.2160387896
4,6/24/2024,1.01440908575604,1314645.3742754837
4,7/1/2024,1.00059142545778,1296738.0788275779
4,7/8/2024,0.976630807628778,1265685.798406874
4,7/15/2024,1.06976266131172,1386382.036607934
4,7/22/2024,1.0184882556242,1319931.8626139634
4,7/29/2024,0.997645820307098,1292920.6582024074
4,8/5/2024,1.01845330436331,1319886.5667833085
4,8/12/2024,1.01055950020537,1309656.4207162417
4,8/19/2024,1.06850394334269,1384750.7738810151
4,8/26/2024,1.02313065526125,1325948.2807569564
4,9/2/2024,1.03268061271071,1338324.7544738264
4,9/9/2024,1.00357677621701,1300607.008684097
4,9/16/2024,1.04743965323937,1357452.05195767
4,9/23/2024,1.02685129831642,1330770.1285130463
4,9/30/2024,1.01730846988019,1318402.8937934837
4,10/7/2024,0.985174961413434,1276758.7791446862
4,10/14/2024,1.09301179584226,1416512.2548854917
4,10/21/2024,1.02507187345501,1328464.0444036785
4,10/28/2024,0.975414054567719,1264108.9209969365
4,11/4/2024,1.02375606430805,1326758.7931042304
4,11/11/2024,1.00711922245415,1305197.9184107257
4,11/18/2024,1.04441210333066,1353528.433216058
4,11/25/2024,1.07965312476926,1399199.7964457758
4,12/2/2024,1.04771648927529,1357810.8235833363
4,12/9/2024,1.08221061293537,1402514.2285028847
4,12/16/2024,1.12845855399927,1462450.2470679595
4,12/23/2024,1.09048453886821,1413237.0016132835
4,12/30/2024,0.872891012390975,1131241.9691640057
5,3/1/2021,0.964059412482656,6230794.251270631
5,3/8/2021,0.977020635658403,6314563.688876823
5,3/15/2021,1.00920066913928,6522545.857695606
5,3/22/2021,1.03600288084541,6695770.727771529
5,3/29/2021,0.950452414554376,6142851.118502256
5,4/5/2021,0.94571762974311,6112249.819769076
5,4/12/2021,0.94357039584668,6098372.0727458345
5,4/19/2021,1.05564249213701,6822703.129691254
5,4/26/2021,0.982932252752808,6352770.949499251
5,5/3/2021,0.977922025657247,6320389.445011382
5,5/10/2021,0.9666681471939,6247654.714922477
5,5/17/2021,0.991907040257389,6410775.72991683
5,5/24/2021,1.03153984835664,6666925.786374159
5,5/31/2021,0.987204604169755,6380383.503887588
5,6/7/2021,1.01952741180039,6589288.433752349
5,6/14/2021,1.06963464788649,6913135.568490387
5,6/21/2021,1.00282405822413,6481333.30334435
5,6/28/2021,0.968366573036425,6258631.779038086
5,7/5/2021,0.966409884813792,6245985.544141794
5,7/12/2021,0.980907648089842,6339685.765195095
5,7/19/2021,1.07712842383508,6961568.4505703105
5,7/26/2021,1.00128530394204,6471388.209323499
5,8/2/2021,0.982048218412397,6347057.363764791
5,8/9/2021,0.989983217200973,6398341.905160482
5,8/16/2021,1.03389208115458,6682128.45768575
5,8/23/2021,1.02213412022019,6606135.801614289
5,8/30/2021,0.979676977398243,6331731.840668891
5,9/6/2021,1.02157949085798,6602551.187086868
5,9/13/2021,0.99731249595078,6445711.628934702
5,9/20/2021,1.08341193690864,7002179.305969083
5,9/27/2021,0.970874454055559,6274840.417902329
5,10/4/2021,0.964387431166363,6232914.2623599535
5,10/11/2021,0.970986226589708,6275562.812887487
5,10/18/2021,0.99112830420288,6405742.695725581
5,10/25/2021,0.977931695211219,6320451.94040449
5,11/1/2021,0.977643380025226,6318588.535922791
5,11/8/2021,0.957354111011303,6187457.343110291
5,11/15/2021,1.01599504277348,6566458.4459589645
5,11/22/2021,0.996741408855935,6442020.646877989
5,11/29/2021,0.982726113057122,6351438.652336362
5,12/6/2021,0.998658084768074,6454408.278946657
5,12/13/2021,0.999881822525019,6462317.395323429
5,12/20/2021,1.08597223553425,7018726.723828145
5,12/27/2021,0.962617935103738,6221477.865430198
5,1/3/2022,0.866924771696525,5603350.901179338
5,1/10/2022,0.954034955569058,6169112.268692733
5,1/17/2022,0.996669673196934,6448048.922944657
5,1/24/2022,1.03741074368998,6715006.450211736
5,1/31/2022,0.978531301721974,6337076.457142465
5,2/7/2022,1.00305968398407,6497325.598571342
5,2/14/2022,1.03567392899733,6708584.581741055
5,2/21/2022,1.02715779982629,6653421.299783573
5,2/28/2022,0.977498162277369,6331750.675887558
5,3/7/2022,0.987395675644102,6395861.88271194
5,3/14/2022,1.00672430383885,6521063.1969024055
5,3/21/2022,0.983548923947832,6370944.523493886
5,3/28/2022,0.935672140661349,6060822.34965311
5,4/4/2022,0.926694468710878,6002669.421437597
5,4/11/2022,0.938542794669196,6079417.029769525
5,4/18/2022,0.972782866155238,6301207.314781442
5,4/25/2022,0.974435125510603,6311909.835703591
5,5/2/2022,0.959048472719721,6212242.692835945
5,5/9/2022,0.910011443554724,5894605.018851591
5,5/16/2022,0.971317491609282,6291715.342072787
5,5/23/2022,0.967334226825407,6265913.718570595
5,5/30/2022,0.97058714748252,6286984.5331228515
5,6/6/2022,0.963892652996303,6243620.901618558
5,6/13/2022,0.973434733087932,6305429.787018823
5,6/20/2022,1.00790922754322,6528738.547900239
5,6/27/2022,0.966644446544086,6261445.661594231
5,7/4/2022,0.938839030201163,6081335.897050326
5,7/11/2022,0.934600730949558,6053882.286201692
5,7/18/2022,1.03539657344825,6706788.008641658
5,7/25/2022,0.991771789763703,6424208.189865335
5,8/1/2022,0.983974278606853,6373699.760867149
5,8/8/2022,0.962626327441973,6235418.2690004315
5,8/15/2022,1.02921014967994,6666715.4087202335
5,8/22/2022,0.967585416340069,6267540.799530321
5,8/29/2022,0.973246259471858,6304208.947612325
5,9/5/2022,0.990288293814746,6414598.835539478
5,9/12/2022,1.00613318880225,6517234.245722631
5,9/19/2022,1.1094271035664,7186321.247830445
5,9/26/2022,1.12972506773639,7317801.442533395
5,10/3/2022,0.889429782207283,5761287.1745307315
5,10/10/2022,0.946357574630884,6130037.318387853
5,10/17/2022,0.985543372136229,6383863.575158575
5,10/24/2022,0.988903977067385,6405631.915019882
5,10/31/2022,0.959409362564591,6214580.358255684
5,11/7/2022,0.951238792263021,6161655.436209451
5,11/14/2022,1.01529296071865,6576566.72737504
5,11/21/2022,0.995920953101331,6451084.422829649
5,11/28/2022,1.00641696815431,6519072.42854023
5,12/5/2022,1.02260241462374,6623913.762992218
5,12/12/2022,1.00077891765748,6482551.919963422
5,12/19/2022,1.09268031281139,7077843.802086943
5,12/26/2022,1.05091618607892,6807316.400610359
5,1/2/2023,0.846768868424043,5485067.75379942
5,1/9/2023,0.959575732671949,6217513.143182333
5,1/16/2023,1.02560804438133,6647678.961023658
5,1/23/2023,0.972163714368916,6303462.1659743935
5,1/30/2023,1.01812541493647,6603772.553986014
5,2/6/2023,1.00290535377348,6506345.098624653
5,2/13/2023,0.966191479752916,6268163.964855598
5,2/20/2023,1.05023941395111,6813424.654444429
5,2/27/2023,0.980030401197002,6357943.921152242
5,3/6/2023,0.987289078355954,6405034.56469316
5,3/13/2023,0.957194432724831,6209795.652537819
5,3/20/2023,1.01714389811013,6598717.6067696065
5,3/27/2023,0.978755132646799,6349670.62019667
5,4/3/2023,0.955983835814384,6201941.908689325
5,4/10/2023,0.972066411731345,6306277.5656115245
5,4/17/2023,1.02580653701281,6654916.4469607705
5,4/24/2023,1.01797137679668,6604085.871447298
5,5/1/2023,0.978686573943142,6349225.845468424
5,5/8/2023,0.946075599903509,6137662.261520559
5,5/15/2023,1.03331815742718,6703648.0591675285
5,5/22/2023,0.995410414878648,6457721.707447803
5,5/29/2023,0.96040495025811,6230623.873982009
5,6/5/2023,1.01357388967435,6575557.189124785
5,6/12/2023,1.01010763260931,6553069.858108921
5,6/19/2023,1.05054968993688,6815437.568550433
5,6/26/2023,0.984728512882181,6388422.9045057725
5,7/3/2023,0.986416204044456,6399371.795248909
5,7/10/2023,1.00254001253567,6503974.9486289
5,7/17/2023,1.05601751967077,6850910.095969153
5,7/24/2023,1.02007953651841,6617762.551752132
5,7/31/2023,1.01258944672995,6569170.619749674
5,8/7/2023,1.00850598872145,6542679.199749931
5,8/14/2023,1.02419860011412,6644484.963145286
5,8/21/2023,0.987570193759128,6406858.300407253
5,8/28/2023,1.0009840035588,6493880.346155016
5,9/4/2023,1.01227091848295,6567104.168554343
5,9/11/2023,1.00908995792973,6546467.697542828
5,9/18/2023,1.06769752789567,6926684.1097947
5,9/25/2023,1.0871006771325,7052561.974830425
5,10/2/2023,0.946036493049049,6137408.556420646
5,10/9/2023,0.978673659149938,6349142.061296523
5,10/16/2023,1.04972313162062,6810075.274141747
5,10/23/2023,0.993072999537887,6442557.733362833
5,10/30/2023,0.994623841895633,6452618.817869573
5,11/6/2023,0.966697300465588,6271445.474540652
5,11/13/2023,0.974489826240734,6321999.459185233
5,11/20/2023,1.07013156084186,6942474.889626335
5,11/27/2023,1.01527291420718,6586579.604687419
5,12/4/2023,1.03650453251244,6724319.656812695
5,12/11/2023,1.01729800102458,6599717.348785194
5,12/18/2023,1.09079321171793,7076517.280361868
5,12/25/2023,1.14688464613713,7440410.272110729
5,1/1/2024,0.791086413836933,5132202.9831449175
5,1/8/2024,0.961934502226399,6241932.032277856
5,1/15/2024,1.02436878863594,6649129.92939573
5,1/22/2024,0.998492811589446,6483184.472981795
5,1/29/2024,1.01011206126533,6560666.38405954
5,2/5/2024,0.993489146180598,6454092.321899136
5,2/12/2024,1.03118322106394,6699010.199299228
5,2/19/2024,1.02122424788583,6634312.421093783
5,2/26/2024,1.00164469380779,6507115.207056733
5,3/4/2024,1.00582979676804,6534303.437573371
5,3/11/2024,1.01411940145619,6588156.279039923
5,3/18/2024,1.06908809663966,6945256.5909300195
5,3/25/2024,1.02286595131266,6644977.633324859
5,4/1/2024,0.975994909913803,6340483.1674171
5,4/8/2024,0.955241074767297,6205657.318364109
5,4/15/2024,1.03882012734976,6748622.830354615
5,4/22/2024,0.969341593681788,6297260.360305458
5,4/29/2024,0.97154325144424,6311563.277011251
5,5/6/2024,0.969024904274531,6295203.009375452
5,5/13/2024,0.962855103611613,6255121.327625109
5,5/20/2024,1.03816746191962,6744382.834148433
5,5/27/2024,0.964549789047066,6266130.733641144
5,6/3/2024,1.01109290380656,6568494.84696815
5,6/10/2024,1.03617650220439,6731448.702344099
5,6/17/2024,0.998295184715768,6485355.353487179
5,6/24/2024,1.01440908575604,6590038.192785893
5,7/1/2024,1.00059142545778,6500272.72206951
5,7/8/2024,0.976630807628778,6344614.232048294
5,7/15/2024,1.06976266131172,6949638.85323295
5,7/22/2024,1.0184882556242,6616538.2368656695
5,7/29/2024,0.997645820307098,6481136.803047529
5,8/5/2024,1.01845330436331,6616311.178550155
5,8/12/2024,1.01055950020537,6565029.627850022
5,8/19/2024,1.06850394334269,6941461.679411013
5,8/26/2024,1.02313065526125,6646697.263679517
5,9/2/2024,1.03268061271071,6708737.899109185
5,9/9/2024,1.00357677621701,6519666.846120484
5,9/16/2024,1.04743965323937,6804618.9812802
5,9/23/2024,1.02685129831642,6670868.163096838
5,9/30/2024,1.01730846988019,6608873.840818205
5,10/7/2024,0.985174961413434,6400120.734251669
5,10/14/2024,1.09301179584226,7100675.241921041
5,10/21/2024,1.02507187345501,6659308.25343436
5,10/28/2024,0.975414054567719,6336709.68096514
5,11/4/2024,1.02375606430805,6650760.190869959
5,11/11/2024,1.00711922245415,6542680.102893461
5,11/18/2024,1.04441210333066,6784950.714207706
5,11/25/2024,1.07965312476926,7013891.563147261
5,12/2/2024,1.04771648927529,6806417.428054977
5,12/9/2024,1.08221061293537,7030506.107251289
5,12/16/2024,1.12845855399927,7330952.6450618
5,12/23/2024,1.09048453886821,7084257.092138395
5,12/30/2024,0.872891012390975,5670675.855166666
6,3/1/2021,0.964059412482656,5445903.305728635
6,3/8/2021,0.977020635658403,5519120.3370773345
6,3/15/2021,1.00920066913928,5700903.065966085
6,3/22/2021,1.03600288084541,5852306.860738619
6,3/29/2021,0.950452414554376,5369038.33902617
6,4/5/2021,0.94571762974311,5342291.875164083
6,4/12/2021,0.94357039584668,5330162.302900273
6,4/19/2021,1.05564249213701,5963249.633035308
6,4/26/2021,0.982932252752808,5552514.6430036435
6,5/3/2021,0.977922025657247,5524212.2250378225
6,5/10/2021,0.9666681471939,5460639.863005076
6,5/17/2021,0.991907040257389,5603212.581369644
6,5/24/2021,1.03153984835664,5827095.505777987
6,5/31/2021,0.987204604169755,5576648.853016138
6,6/7/2021,1.01952741180039,5759238.1029027775
6,6/14/2021,1.06963464788649,6042290.328985796
6,6/21/2021,1.00282405822413,5664882.042496019
6,6/28/2021,0.968366573036425,5470234.150552984
6,7/5/2021,0.966409884813792,5459180.957514421
6,7/12/2021,0.980907648089842,5541077.794841121
6,7/19/2021,1.07712842383508,6084622.138524414
6,7/26/2021,1.00128530394204,5656189.728576325
6,8/2/2021,0.982048218412397,5547520.795529928
6,8/9/2021,0.989983217200973,5592345.041432657
6,8/16/2021,1.03389208115458,5840383.102495024
6,8/23/2021,1.02213412022019,5773963.214445415
6,8/30/2021,0.979676977398243,5534125.823320827
6,9/6/2021,1.02157949085798,5770830.152535001
6,9/13/2021,0.99731249595078,5633747.617779173
6,9/20/2021,1.08341193690864,6120117.25839826
6,9/27/2021,0.970874454055559,5484400.992307318
6,10/4/2021,0.964387431166363,5447756.259627242
6,10/11/2021,0.970986226589708,5485032.387538534
6,10/18/2021,0.99112830420288,5598813.556855145
6,10/25/2021,0.977931695211219,5524266.847997045
6,11/1/2021,0.977643380025226,5522638.176128558
6,11/8/2021,0.957354111011303,5408025.533137191
6,11/15/2021,1.01599504277348,5739284.001059928
6,11/22/2021,0.996741408855935,5630521.587224836
6,11/29/2021,0.982726113057122,5551350.174227987
6,12/6/2021,0.998658084768074,5641348.753325116
6,12/13/2021,0.999881822525019,5648261.561171498
6,12/20/2021,1.08597223553425,6134580.203638673
6,12/27/2021,0.962617935103738,5437760.501697762
6,1/3/2022,0.866924771696525,4896668.712003562
6,1/10/2022,0.954034955569058,5384531.838459271
6,1/17/2022,0.996669673196934,5620203.652904919
6,1/24/2022,1.03741074368998,5844781.893236736
6,1/31/2022,0.978531301721974,5508186.804240165
6,2/7/2022,1.00305968398407,5644119.245370401
6,2/14/2022,1.03567392899733,5827636.428628961
6,2/21/2022,1.02715779982629,5779716.998286293
6,2/28/2022,0.977498162277369,5500287.049525902
6,3/7/2022,0.987395675644102,5555979.394255779
6,3/14/2022,1.00672430383885,5664739.704589988
6,3/21/2022,0.983548923947832,5534334.097016018
6,3/28/2022,0.935672140661349,5264936.095940614
6,4/4/2022,0.926694468710878,5214419.609501224
6,4/11/2022,0.938542794669196,5281088.986899078
6,4/18/2022,0.972782866155238,5473754.537698224
6,4/25/2022,0.974435125510603,5483051.6403799625
6,5/2/2022,0.959048472719721,5396472.4422649
6,5/9/2022,0.910011443554724,5120545.8503424125
6,5/16/2022,0.971317491609282,5465509.017722663
6,5/23/2022,0.967334226825407,5443095.574298699
6,5/30/2022,0.97058714748252,5461399.442282116
6,6/6/2022,0.963892652996303,5423730.17307991
6,6/13/2022,0.973434733087932,5477422.529175541
6,6/20/2022,1.00790922754322,5671407.154997778
6,6/27/2022,0.966644446544086,5439214.247181795
6,7/4/2022,0.938839030201163,5282755.874783675
6,7/11/2022,0.934600730949558,5258907.377450826
6,7/18/2022,1.03539657344825,5826075.7760836575
6,7/25/2022,0.991771789763703,5580603.363130207
6,8/1/2022,0.983974278606853,5536727.526733214
6,8/8/2022,0.962626327441973,5416604.6825898215
6,8/15/2022,1.02921014967994,5791265.37164625
6,8/22/2022,0.967585416340069,5444508.992965289
6,8/29/2022,0.973246259471858,5476362.006302757
6,9/5/2022,0.990288293814746,5572255.87526368
6,9/12/2022,1.00613318880225,5661413.557681436
6,9/19/2022,1.1094271035664,6242638.36569031
6,9/26/2022,1.12972506773639,6356853.035125965
6,10/3/2022,0.889429782207283,5004734.843934467
6,10/10/2022,0.946357574630884,5325061.992851712
6,10/17/2022,0.985543372136229,5545556.662629299
6,10/24/2022,0.988903977067385,5564466.45954517
6,10/31/2022,0.959409362564591,5398503.133488971
6,11/7/2022,0.951238792263021,5352528.129406083
6,11/14/2022,1.01529296071865,5712954.702959424
6,11/21/2022,0.995920953101331,5603950.301037868
6,11/28/2022,1.00641696815431,5663010.3565542055
6,12/5/2022,1.02260241462374,5754084.289062474
6,12/12/2022,1.00077891765748,5631285.595051792
6,12/19/2022,1.09268031281139,6148405.803703794
6,12/26/2022,1.05091618607892,5913403.1261971705
6,1/2/2023,0.846768868424043,4764382.141510744
6,1/9/2023,0.959575732671949,5394617.782137405
6,1/16/2023,1.02560804438133,5759830.726340508
6,1/23/2023,0.972163714368916,5453986.691290114
6,1/30/2023,1.01812541493647,5705868.990325142
6,2/6/2023,1.00290535377348,5617210.790184736
6,2/13/2023,0.966191479752916,5411578.655120647
6,2/20/2023,1.05023941395111,5882325.930775351
6,2/27/2023,0.980030401197002,5489089.597546122
6,3/6/2023,0.987289078355954,5529744.998911647
6,3/13/2023,0.957194432724831,5361186.751953719
6,3/20/2023,1.01714389811013,5696959.9956156695
6,3/27/2023,0.978755132646799,5481946.89702264
6,4/3/2023,0.955983835814384,5354406.273290051
6,4/10/2023,0.972066411731345,5444483.785307746
6,4/17/2023,1.02580653701281,5745478.899733797
6,4/24/2023,1.01797137679668,5701594.652602681
6,5/1/2023,0.978686573943142,5481562.904287617
6,5/8/2023,0.946075599903509,5298910.857734847
6,5/15/2023,1.03331815742718,5787551.020498392
6,5/22/2023,0.995410414878648,5575232.101392933
6,5/29/2023,0.96040495025811,5379168.661277876
6,6/5/2023,1.01357388967435,5676964.598806551
6,6/12/2023,1.01010763260931,5657550.307743093
6,6/19/2023,1.05054968993688,5884063.766948364
6,6/26/2023,0.984728512882181,5515403.429825321
6,7/3/2023,0.986416204044456,5524856.083657998
6,7/10/2023,1.00254001253567,5615164.536738336
6,7/17/2023,1.05601751967077,5914688.743112729
6,7/24/2023,1.02007953651841,5713402.32465255
6,7/31/2023,1.01258944672995,5671450.795538411
6,8/7/2023,1.00850598872145,5648579.600127151
6,8/14/2023,1.02419860011412,5736472.94499872
6,8/21/2023,0.987570193759128,5531319.508969996
6,8/28/2023,1.0009840035588,5606449.427213845
6,9/4/2023,1.01227091848295,5669666.738908184
6,9/11/2023,1.00908995792973,5651850.375692068
6,9/18/2023,1.06769752789567,5980107.74620435
6,9/25/2023,1.0871006771325,6088783.58358358
6,10/2/2023,0.946036493049049,5298691.822558405
6,10/9/2023,0.978673659149938,5481490.568949363
6,10/16/2023,1.04972313162062,5879434.264933544
6,10/23/2023,0.993072999537887,5562140.3825349575
6,10/30/2023,0.994623841895633,5570826.5543711735
6,11/6/2023,0.966697300465588,5414411.724903498
6,11/13/2023,0.974489826240734,5458057.1794188265
6,11/20/2023,1.07013156084186,5993740.6132355835
6,11/27/2023,1.01527291420718,5686480.730246824
6,12/4/2023,1.03650453251244,5805397.709886144
6,12/11/2023,1.01729800102458,5697823.116157376
6,12/18/2023,1.09079321171793,6109465.240595378
6,12/25/2023,1.14688464613713,6423629.891694765
6,1/1/2024,0.791086413836933,4430719.461009313
6,1/8/2024,0.961934502226399,5383199.717732104
6,1/15/2024,1.02436878863594,5725831.455765556
6,1/22/2024,0.998492811589446,5574598.695657814
6,1/29/2024,1.01011206126533,5632794.096232422
6,2/5/2024,0.993489146180598,5535541.198438915
6,2/12/2024,1.03118322106394,5745426.604509524
6,2/19/2024,1.02122424788583,5689938.357104934
6,2/26/2024,1.00164469380779,5580847.27723063
6,3/4/2024,1.00582979676804,5604165.346458316
6,3/11/2024,1.01411940145619,5650352.400787328
6,3/18/2024,1.06908809663966,5956620.576434577
6,3/25/2024,1.02286595131266,5699085.409191366
6,4/1/2024,0.975994909913803,5437934.798348776
6,4/8/2024,0.955241074767297,5322300.9961222615
6,4/15/2024,1.03882012734976,5787977.0295612905
6,4/22/2024,0.969341593681788,5400864.625333316
6,4/29/2024,0.97154325144424,5413131.565565738
6,5/6/2024,0.969024904274531,5399100.131944345
6,5/13/2024,0.962855103611613,5364723.95497513
6,5/20/2024,1.03816746191962,5784340.58387368
6,5/27/2024,0.964549789047066,5374166.2059124075
6,6/3/2024,1.01109290380656,5633489.713404383
6,6/10/2024,1.03617650220439,5773247.586383939
6,6/17/2024,0.998295184715768,5562184.872443824
6,6/24/2024,1.01440908575604,5651966.430100071
6,7/1/2024,1.00059142545778,5574978.79940244
6,7/8/2024,0.976630807628778,5441477.81879196
6,7/15/2024,1.06976266131172,5960379.037074382
6,7/22/2024,1.0184882556242,5674694.273523268
6,7/29/2024,0.997645820307098,5558566.81910156
6,8/5/2024,1.01845330436331,5674499.5359032415
6,8/12/2024,1.01055950020537,5630517.756989724
6,8/19/2024,1.06850394334269,5953365.858365639
6,8/26/2024,1.02313065526125,5700560.254919694
6,9/2/2024,1.03268061271071,5753769.595839343
6,9/9/2024,1.00357677621701,5591612.228423319
6,9/16/2024,1.04743965323937,5836002.29937196
6,9/23/2024,1.02685129831642,5721290.500664758
6,9/30/2024,1.01730846988019,5668120.880329989
6,10/7/2024,0.985174961413434,5489083.139521134
6,10/14/2024,1.09301179584226,6089915.857700828
6,10/21/2024,1.02507187345501,5711376.109077553
6,10/28/2024,0.975414054567719,5434698.4560082285
6,11/4/2024,1.02375606430805,5704044.837334214
6,11/11/2024,1.00711922245415,5611349.6190305585
6,11/18/2024,1.04441210333066,5819133.750475298
6,11/25/2024,1.07965312476926,6015485.57041364
6,12/2/2024,1.04771648927529,5837544.743322755
6,12/9/2024,1.08221061293537,6029735.085045445
6,12/16/2024,1.12845855399927,6287413.977965622
6,12/23/2024,1.09048453886821,6075834.781825593
6,12/30/2024,0.872891012390975,4863472.506615596
7,3/1/2021,0.964059412482656,1282934.1956533538
7,3/8/2021,0.977020635658403,1300182.5065103364
7,3/15/2021,1.00920066913928,1343006.4910462338
7,3/22/2021,1.03600288084541,1378673.8715767036
7,3/29/2021,0.950452414554376,1264826.511926051
7,4/5/2021,0.94571762974311,1258525.6374531793
7,4/12/2021,0.94357039584668,1255668.1789222818
7,4/19/2021,1.05564249213701,1404809.5314652612
7,4/26/2021,0.982932252752808,1308049.4653598282
7,5/3/2021,0.977922025657247,1301382.0425982478
7,5/10/2021,0.9666681471939,1286405.802199889
7,5/17/2021,0.991907040257389,1319992.7767642117
7,5/24/2021,1.03153984835664,1372734.6349063644
7,5/31/2021,0.987204604169755,1313734.9507489959
7,6/7/2021,1.01952741180039,1356748.9337802029
7,6/14/2021,1.06963464788649,1423429.7687978907
7,6/21/2021,1.00282405822413,1334520.7358149039
7,6/28/2021,0.968366573036425,1288666.0037679481
7,7/5/2021,0.966409884813792,1286062.1162957454
7,7/12/2021,0.980907648089842,1305355.1972264263
7,7/19/2021,1.07712842383508,1433402.2054683864
7,7/26/2021,1.00128530394204,1332473.019199338
7,8/2/2021,0.982048218412397,1306873.0255371942
7,8/9/2021,0.989983217200973,1317432.6250606847
7,8/16/2021,1.03389208115458,1375864.8983857357
7,8/23/2021,1.02213412022019,1360217.843932818
7,8/30/2021,0.979676977398243,1303717.4668353254
7,9/6/2021,1.02157949085798,1359479.763963299
7,9/13/2021,0.99731249595078,1327186.1550525841
7,9/20/2021,1.08341193690864,1441764.06961608
7,9/27/2021,0.970874454055559,1292003.398003645
7,10/4/2021,0.964387431166363,1283370.7106244443
7,10/11/2021,0.970986226589708,1292152.1406714823
7,10/18/2021,0.99112830420288,1318956.463933622
7,10/25/2021,0.977931695211219,1301394.9104368447
7,11/1/2021,0.977643380025226,1301011.231370322
7,11/8/2021,0.957354111011303,1274011.0313074805
7,11/15/2021,1.01599504277348,1352048.189254506
7,11/22/2021,0.996741408855935,1326426.1736373804
7,11/29/2021,0.982726113057122,1307775.1423945394
7,12/6/2021,0.998658084768074,1328976.8142646444
7,12/13/2021,0.999881822525019,1330605.3186903745
7,12/20/2021,1.08597223553425,1445171.219243106
7,12/27/2021,0.962617935103738,1281015.9315538157
7,1/3/2022,0.866924771696525,1153366.4419051546
7,1/10/2022,0.954034955569058,1266856.5869157116
7,1/17/2022,0.996669673196934,1320610.7938362572
7,1/24/2022,1.03741074368998,1371616.2165631787
7,1/31/2022,0.978531301721974,1290959.7204754076
7,2/7/2022,1.00305968398407,1322085.5197215218
7,2/14/2022,1.03567392899733,1365072.8132301837
7,2/21/2022,1.02715779982629,1353848.1061992703
7,2/28/2022,0.977498162277369,1288394.0870727059
7,3/7/2022,0.987395675644102,1301439.531246285
7,3/14/2022,1.00672430383885,1326915.6817604245
7,3/21/2022,0.983548923947832,1296369.309870247
7,3/28/2022,0.935672140661349,1233265.186662176
7,4/4/2022,0.926694468710878,1221432.1419759507
7,4/11/2022,0.938542794669196,1237048.8599352485
7,4/18/2022,0.972782866155238,1282179.078431984
7,4/25/2022,0.974435125510603,1284356.8433240217
7,5/2/2022,0.959048472719721,1264076.4241423088
7,5/9/2022,0.910011443554724,1199443.0357049403
7,5/16/2022,0.971317491609282,1280247.6375811214
7,5/23/2022,0.967334226825407,1274997.484712434
7,5/30/2022,0.97058714748252,1279285.0055663488
7,6/6/2022,0.963892652996303,1270461.3090589163
7,6/13/2022,0.973434733087932,1283038.2734026765
7,6/20/2022,1.00790922754322,1328477.4736908611
7,6/27/2022,0.966644446544086,1274088.3178483301
7,7/4/2022,0.938839030201163,1237439.3138775504
7,7/11/2022,0.934600730949558,1231853.0121425632
7,7/18/2022,1.03539657344825,1364707.2440100536
7,7/25/2022,0.991771789763703,1307207.4803267047
7,8/1/2022,0.983974278606853,1296929.9497513827
7,8/8/2022,0.962626327441973,1268792.2251816932
7,8/15/2022,1.02921014967994,1356553.2115123926
7,8/22/2022,0.967585416340069,1275328.5656409173
7,8/29/2022,0.973246259471858,1282789.8551727338
7,9/5/2022,0.990288293814746,1305252.1544667492
7,9/12/2022,1.00613318880225,1326136.561039993
7,9/19/2022,1.1094271035664,1462283.383810898
7,9/26/2022,1.12972506773639,1489037.1702276296
7,10/3/2022,0.889429782207283,1172315.3215437415
7,10/10/2022,0.946357574630884,1247349.1517455264
7,10/17/2022,0.985543372136229,1298998.0977176193
7,10/24/2022,0.988903977067385,1303427.552065527
7,10/31/2022,0.959409362564591,1264552.0958948755
7,11/7/2022,0.951238792263021,1253782.8536741068
7,11/14/2022,1.01529296071865,1338209.6230300183
7,11/21/2022,0.995920953101331,1312676.296184383
7,11/28/2022,1.00641696815431,1326510.5971119103
7,12/5/2022,1.02260241462374,1347843.8684563683
7,12/12/2022,1.00077891765748,1319079.34948559
7,12/19/2022,1.09268031281139,1440210.2310604819
7,12/26/2022,1.05091618607892,1385162.9112871252
7,1/2/2023,0.846768868424043,1115902.0761573534
7,1/9/2023,0.959575732671949,1261853.4440595105
7,1/16/2023,1.02560804438133,1345047.8965225066
7,1/23/2023,0.972163714368916,1271508.0832304594
7,1/30/2023,1.01812541493647,1328009.1986162006
7,2/6/2023,1.00290535377348,1306122.854685874
7,2/13/2023,0.966191479752916,1258308.941070505
7,2/20/2023,1.05023941395111,1367767.851947442
7,2/27/2023,0.980030401197002,1276331.9095382383
7,3/6/2023,0.987289078355954,1285785.1686041106
7,3/13/2023,0.957194432724831,1246591.734933257
7,3/20/2023,1.01714389811013,1324666.2676597494
7,3/27/2023,0.978755132646799,1274671.0774408889
7,4/3/2023,0.955983835814384,1245015.1272412366
7,4/10/2023,0.972066411731345,1265960.0946407118
7,4/17/2023,1.02580653701281,1335947.9609370292
7,4/24/2023,1.01797137679668,1325743.9254097498
7,5/1/2023,0.978686573943142,1274581.790636859
7,5/8/2023,0.946075599903509,1232111.244108794
7,5/15/2023,1.03331815742718,1345730.63787704
7,5/22/2023,0.995410414878648,1296361.9026411015
7,5/29/2023,0.96040495025811,1250772.9174240932
7,6/5/2023,1.01357388967435,1320016.9060810213
7,6/12/2023,1.01010763260931,1315502.6639488908
7,6/19/2023,1.05054968993688,1368171.9364104832
7,6/26/2023,0.984728512882181,1282450.4439745734
7,7/3/2023,0.986416204044456,1284648.3901387048
7,7/10/2023,1.00254001253567,1305647.0563784002
7,7/17/2023,1.05601751967077,1375292.9048537756
7,7/24/2023,1.02007953651841,1328489.464292553
7,7/31/2023,1.01258944672995,1318734.8275363587
7,8/7/2023,1.00850598872145,1313416.7805289922
7,8/14/2023,1.02419860011412,1333853.8819143323
7,8/21/2023,0.987570193759128,1286151.2761952418
7,8/28/2023,1.0009840035588,1303620.6051675288
7,9/4/2023,1.01227091848295,1318319.9957759853
7,9/11/2023,1.00908995792973,1314177.3064426207
7,9/18/2023,1.06769752789567,1390504.2362587485
7,9/25/2023,1.0871006771325,1415773.7161112279
7,10/2/2023,0.946036493049049,1232060.3137146474
7,10/9/2023,0.978673659149938,1274564.9711970065
7,10/16/2023,1.04972313162062,1367095.4771453212
7,10/23/2023,0.993072999537887,1293317.79519212
7,10/30/2023,0.994623841895633,1295337.5178366546
7,11/6/2023,0.966697300465588,1258967.691053301
7,11/13/2023,0.974489826240734,1269116.2020721002
7,11/20/2023,1.07013156084186,1393674.1725439897
7,11/27/2023,1.01527291420718,1322229.6121492083
7,12/4/2023,1.03650453251244,1349880.378814293
7,12/11/2023,1.01729800102458,1324866.9618820727
7,12/18/2023,1.09079321171793,1420582.6483163321
7,12/25/2023,1.14688464613713,1493632.7164388767
7,1/1/2024,0.791086413836933,1030207.377817709
7,1/8/2024,0.961934502226399,1250407.2185592772
7,1/15/2024,1.02436878863594,1328048.7277235368
7,1/22/2024,0.998492811589446,1291073.194531712
7,1/29/2024,1.01011206126533,1302627.536712615
7,2/5/2024,0.993489146180598,1278822.271300861
7,2/12/2024,1.03118322106394,1327269.8778849577
7,2/19/2024,1.02122424788583,1314451.3555380616
7,2/26/2024,1.00164469380779,1289249.8667371473
7,3/4/2024,1.00582979676804,1294636.6505271965
7,3/11/2024,1.01411940145619,1305306.4736878632
7,3/18/2024,1.06908809663966,1376058.4912400309
7,3/25/2024,1.02286595131266,1316564.4460424148
7,4/1/2024,0.975994909913803,1256235.185342192
7,4/8/2024,0.955241074767297,1229522.2407563727
7,4/15/2024,1.03882012734976,1337099.591347983
7,4/22/2024,0.969341593681788,1247671.4829190362
7,4/29/2024,0.97154325144424,1250505.309107998
7,5/6/2024,0.969024904274531,1247263.8615348628
7,5/13/2024,0.962855103611613,1239322.5079420155
7,5/20/2024,1.03816746191962,1336259.5241362886
7,5/27/2024,0.964549789047066,1241503.7933560195
7,6/3/2024,1.01109290380656,1301410.9688896383
7,6/10/2024,1.03617650220439,1333696.8943163718
7,6/17/2024,0.998295184715768,1284938.6032515478
7,6/24/2024,1.01440908575604,1305679.335863348
7,7/1/2024,1.00059142545778,1287894.1703158752
7,7/8/2024,0.976630807628778,1257053.6701578156
7,7/15/2024,1.06976266131172,1376926.7456060557
7,7/22/2024,1.0184882556242,1310929.7697328127
7,7/29/2024,0.997645820307098,1284102.7849609996
7,8/5/2024,1.01845330436331,1310884.7828253491
7,8/12/2024,1.01055950020537,1300724.4075711942
7,8/19/2024,1.06850394334269,1375306.6082771455
7,8/26/2024,1.02313065526125,1316905.155171897
7,9/2/2024,1.03268061271071,1329197.2198565595
7,9/9/2024,1.00357677621701,1291736.7136046486
7,9/16/2024,1.04743965323937,1348194.066908275
7,9/23/2024,1.02685129831642,1321694.1173785876
7,9/30/2024,1.01730846988019,1309411.2286877274
7,10/7/2024,0.985174961413434,1268051.1318811483
7,10/14/2024,1.09301179584226,1406851.4722459726
7,10/21/2024,1.02507187345501,1319403.7610767516
7,10/28/2024,0.975414054567719,1255487.5473001413
7,11/4/2024,1.02375606430805,1317710.139809957
7,11/11/2024,1.00711922245415,1296296.3128552863
7,11/18/2024,1.04441210333066,1344297.2077822692
7,11/25/2024,1.07965312476926,1389657.086864705
7,12/2/2024,1.04771648927529,1348550.391734738
7,12/9/2024,1.08221061293537,1392948.9140783115
7,12/16/2024,1.12845855399927,1452476.1618175937
7,12/23/2024,1.09048453886821,1403598.5565461495
7,12/30/2024,0.872891012390975,1123526.7638634196
8,3/1/2021,0.964059412482656,1256666.0917605073
8,3/8/2021,0.977020635658403,1273561.2431089822
8,3/15/2021,1.00920066913928,1315508.40569022
8,3/22/2021,1.03600288084541,1350445.4958795737
8,3/29/2021,0.950452414554376,1238929.1632484733
8,4/5/2021,0.94571762974311,1232757.2993097547
8,4/12/2021,0.94357039584668,1229958.3472938403
8,4/19/2021,1.05564249213701,1376046.0275872631
8,4/26/2021,0.982932252752808,1281267.1258062432
8,5/3/2021,0.977922025657247,1274736.2186535555
8,5/10/2021,0.9666681471939,1260066.6170680742
8,5/17/2021,0.991907040257389,1292965.8976234244
8,5/24/2021,1.03153984835664,1344627.8651218798
8,5/31/2021,0.987204604169755,1286836.200689665
8,6/7/2021,1.01952741180039,1328969.471536905
8,6/14/2021,1.06963464788649,1394285.0151054629
8,6/21/2021,1.00282405822413,1307196.396409564
8,6/28/2021,0.968366573036425,1262280.540954541
8,7/5/2021,0.966409884813792,1259729.9681422964
8,7/12/2021,0.980907648089842,1278628.0228497272
8,7/19/2021,1.07712842383508,1404053.2659813194
8,7/26/2021,1.00128530394204,1305190.6068698724
8,8/2/2021,0.982048218412397,1280114.773603851
8,8/9/2021,0.989983217200973,1290458.1650969847
8,8/16/2021,1.03389208115458,1347694.0364102696
8,8/23/2021,1.02213412022019,1332367.355698558
8,8/30/2021,0.979676977398243,1277023.824961786
8,9/6/2021,1.02157949085798,1331644.3879019967
8,9/13/2021,0.99731249595078,1300011.9912977603
8,9/20/2021,1.08341193690864,1412243.9207112996
8,9/27/2021,0.970874454055559,1265549.6019240222
8,10/4/2021,0.964387431166363,1257093.6690037432
8,10/11/2021,0.970986226589708,1265695.2991213065
8,10/18/2021,0.99112830420288,1291950.8033490137
8,10/25/2021,0.977931695211219,1274748.823052406
8,11/1/2021,0.977643380025226,1274372.9998543633
8,11/8/2021,0.957354111011303,1247925.6294289904
8,11/15/2021,1.01599504277348,1324364.9749434283
8,11/22/2021,0.996741408855935,1299267.5705900737
8,11/29/2021,0.982726113057122,1280998.4195642846
8,12/6/2021,0.998658084768074,1301765.9867477834
8,12/13/2021,0.999881822525019,1303361.1475032896
8,12/20/2021,1.08597223553425,1415581.3088833324
8,12/27/2021,0.962617935103738,1254787.1040685445
8,1/3/2022,0.866924771696525,1129794.5810703547
8,1/10/2022,0.954034955569058,1241307.1645499754
8,1/17/2022,0.996669673196934,1294385.1109008575
8,1/24/2022,1.03741074368998,1344803.1074490417
8,1/31/2022,0.978531301721974,1266125.5826897
8,2/7/2022,1.00305968398407,1296829.7332440442
8,2/14/2022,1.03567392899733,1338995.840925731
8,2/21/2022,1.02715779982629,1327985.5593724637
8,2/28/2022,0.977498162277369,1263781.9077292723
8,3/7/2022,0.987395675644102,1276578.144906257
8,3/14/2022,1.00672430383885,1301567.62475086
8,3/21/2022,0.983548923947832,1271604.7798769106
8,3/28/2022,0.935672140661349,1209706.134085178
8,4/4/2022,0.926694468710878,1198099.1359209516
8,4/11/2022,0.938542794669196,1213417.5278842647
8,4/18/2022,0.972782866155238,1257685.6242809112
8,4/25/2022,0.974435125510603,1259821.7873663425
8,5/2/2022,0.959048472719721,1239928.7848420572
8,5/9/2022,0.910011443554724,1176530.087367566
8,5/16/2022,0.971317491609282,1255791.0797227812
8,5/23/2022,0.967334226825407,1250641.2204540998
8,5/30/2022,0.97058714748252,1254846.8368218502
8,6/6/2022,0.963892652996303,1246191.699295626
8,6/13/2022,0.973434733087932,1258528.4060256719
8,6/20/2022,1.00790922754322,1303099.5817342205
8,6/27/2022,0.966644446544086,1249749.4214054837
8,7/4/2022,0.938839030201163,1213800.5230024613
8,7/11/2022,0.934600730949558,1208320.9363410221
8,7/18/2022,1.03539657344825,1338637.2551502744
8,7/25/2022,0.991771789763703,1282235.9088860063
8,8/1/2022,0.983974278606853,1272154.7098818645
8,8/8/2022,0.962626327441973,1244554.4999874027
8,8/15/2022,1.02921014967994,1330638.9890762386
8,8/22/2022,0.967585416340069,1250965.9768052846
8,8/29/2022,0.973246259471858,1258284.73340036
8,9/5/2022,0.990288293814746,1280317.935617956
8,9/12/2022,1.00613318880225,1300803.387583057
8,9/19/2022,1.1094271035664,1434349.3989626267
8,9/26/2022,1.12972506773639,1460592.1080670357
8,10/3/2022,0.889429782207283,1149920.593688829
8,10/10/2022,0.946357574630884,1223521.0533736697
8,10/17/2022,0.985543372136229,1274183.3500358206
8,10/24/2022,0.988903977067385,1278528.1885499966
8,10/31/2022,0.959409362564591,1240395.3698192637
8,11/7/2022,0.951238792263021,1229831.8523341527
8,11/14/2022,1.01529296071865,1312645.8179832816
8,11/21/2022,0.995920953101331,1287600.2540501317
8,11/28/2022,1.00641696815431,1301170.2784909883
8,12/5/2022,1.02260241462374,1322096.0205770144
8,12/12/2022,1.00077891765748,1293880.9898987955
8,12/19/2022,1.09268031281139,1412697.909429789
8,12/26/2022,1.05091618607892,1358702.1580284652
8,1/2/2023,0.846768868424043,1094605.839071733
8,1/9/2023,0.959575732671949,1238078.7426196937
8,1/16/2023,1.02560804438133,1320118.7896463028
8,1/23/2023,0.972163714368916,1248334.6008422952
8,1/30/2023,1.01812541493647,1304218.3256393583
8,2/6/2023,1.00290535377348,1282956.8243524667
8,2/13/2023,0.966191479752916,1235990.961545185
8,2/20/2023,1.05023941395111,1343508.455903213
8,2/27/2023,0.980030401197002,1253694.2658284197
8,3/6/2023,0.987289078355954,1262979.8572773454
8,3/13/2023,0.957194432724831,1224481.5774123531
8,3/20/2023,1.01714389811013,1301171.3422376667
8,3/27/2023,0.978755132646799,1252062.8910343584
8,4/3/2023,0.955983835814384,1222932.9331960443
8,4/10/2023,0.972066411731345,1243506.4104782653
8,4/17/2023,1.02580653701281,1312252.9379454886
8,4/24/2023,1.01797137679668,1302229.88617511
8,5/1/2023,0.978686573943142,1251975.187931897
8,5/8/2023,0.946075599903509,1210257.9196730256
8,5/15/2023,1.03331815742718,1321862.104581997
8,5/22/2023,0.995410414878648,1273368.9972361822
8,5/29/2023,0.96040495025811,1228588.6004252364
8,6/5/2023,1.01357388967435,1296604.4440107243
8,6/12/2023,1.01010763260931,1292170.2687106868
8,6/19/2023,1.05054968993688,1343905.3733723576
8,6/26/2023,0.984728512882181,1259704.279064662
8,7/3/2023,0.986416204044456,1261863.2414195614
8,7/10/2023,1.00254001253567,1282489.4651066265
8,7/17/2023,1.05601751967077,1350900.0409384225
8,7/24/2023,1.02007953651841,1304926.728965981
8,7/31/2023,1.01258944672995,1295345.1051933877
8,8/7/2023,1.00850598872145,1290121.3816275536
8,8/14/2023,1.02419860011412,1310196.0005926702
8,8/21/2023,0.987570193759128,1263339.4714470846
8,8/28/2023,1.0009840035588,1280498.9558541053
8,9/4/2023,1.01227091848295,1294937.6308903745
8,9/11/2023,1.00908995792973,1290868.4183531257
8,9/18/2023,1.06769752789567,1365841.5766581069
8,9/25/2023,1.0871006771325,1390662.864774685
8,10/2/2023,0.946036493049049,1210207.8926934812
8,10/9/2023,0.978673659149938,1251958.666904205
8,10/16/2023,1.04972313162062,1342848.006789664
8,10/23/2023,0.993072999537887,1270378.8816886717
8,10/30/2023,0.994623841895633,1272362.7815486232
8,11/6/2023,0.966697300465588,1236638.0276874134
8,11/13/2023,0.974489826240734,1246606.5397411578
8,11/20/2023,1.07013156084186,1368955.2894158557
8,11/27/2023,1.01527291420718,1298777.9044623931
8,12/4/2023,1.03650453251244,1325938.2436493519
8,12/11/2023,1.01729800102458,1301368.4768628092
8,12/18/2023,1.09079321171793,1395386.5033318093
8,12/25/2023,1.14688464613713,1467140.9199247146
8,1/1/2024,0.791086413836933,1011937.7868031228
8,1/8/2024,0.961934502226399,1228342.9628988747
8,1/15/2024,1.02436878863594,1304784.1328836197
8,1/22/2024,0.998492811589446,1268622.2389282447
8,1/29/2024,1.01011206126533,1280144.0007474648
8,2/5/2024,0.993489146180598,1256864.8447253788
8,2/12/2024,1.03118322106394,1304484.1289583533
8,2/19/2024,1.02122424788583,1291885.6670909908
8,2/26/2024,1.00164469380779,1267116.821883835
8,3/4/2024,1.00582979676804,1272411.1287038138
8,3/11/2024,1.01411940145619,1282897.7789188041
8,3/18/2024,1.06908809663966,1352435.1695441199
8,3/25/2024,1.02286595131266,1293962.481325379
8,4/1/2024,0.975994909913803,1234668.9160698608
8,4/8/2024,0.955241074767297,1208414.562810184
8,4/15/2024,1.03882012734976,1314145.0919457301
8,4/22/2024,0.969341593681788,1226252.2300239587
8,4/29/2024,0.97154325144424,1229037.4068482625
8,5/6/2024,0.969024904274531,1225851.6064529857
8,5/13/2024,0.962855103611613,1218046.5851162346
8,5/20/2024,1.03816746191962,1313319.4465369077
8,5/27/2024,0.964549789047066,1220190.4235822735
8,6/3/2024,1.01109290380656,1279069.149757778
8,6/10/2024,1.03617650220439,1310800.8103618491
8,6/17/2024,0.998295184715768,1262879.5714894198
8,6/24/2024,1.01440908575604,1283264.2400104715
8,7/1/2024,1.00059142545778,1265784.399180578
8,7/8/2024,0.976630807628778,1235473.349655986
8,7/15/2024,1.06976266131172,1353288.518217422
8,7/22/2024,1.0184882556242,1288424.5376249505
8,7/29/2024,0.997645820307098,1262058.101935384
8,8/5/2024,1.01845330436331,1288380.3230039768
8,8/12/2024,1.01055950020537,1278394.374796264
8,8/19/2024,1.06850394334269,1351696.1943764277
8,8/26/2024,1.02313065526125,1294297.3413291355
8,9/2/2024,1.03268061271071,1306378.3834471577
8,9/9/2024,1.00357677621701,1269560.9760140686
8,9/16/2024,1.04743965323937,1325049.1043646655
8,9/23/2024,1.02685129831642,1299004.0895885078
8,9/30/2024,1.01730846988019,1286932.065937028
8,10/7/2024,0.985174961413434,1246282.0137137498
8,10/14/2024,1.09301179584226,1382699.5156210775
8,10/21/2024,1.02507187345501,1296753.052719387
8,10/28/2024,0.975414054567719,1233934.1130052418
8,11/4/2024,1.02375606430805,1295088.5065063653
8,11/11/2024,1.00711922245415,1274042.2988989449
8,11/18/2024,1.04441210333066,1321219.1441275463
8,11/25/2024,1.07965312476926,1365800.3128394068
8,12/2/2024,1.04771648927529,1325399.3120476438
8,12/9/2024,1.08221061293537,1369035.6280145273
8,12/16/2024,1.12845855399927,1427540.9487749322
8,12/23/2024,1.09048453886821,1379502.4440415888
8,12/30/2024,0.872891012390975,1104238.7508089554
9,3/1/2021,0.964059412482656,2406158.3196953745
9,3/8/2021,0.977020635658403,2438507.731537396
9,3/15/2021,1.00920066913928,2518824.623105289
9,3/22/2021,1.03600288084541,2585719.218871658
9,3/29/2021,0.950452414554376,2372197.1438344396
9,4/5/2021,0.94571762974311,2360379.7789297337
9,4/12/2021,0.94357039584668,2355020.5814972427
9,4/19/2021,1.05564249213701,2634736.9593214397
9,4/26/2021,0.982932252752808,2453262.3062247387
9,5/3/2021,0.977922025657247,2440757.475613314
9,5/10/2021,0.9666681471939,2412669.358747975
9,5/17/2021,0.991907040257389,2475662.1282384535
9,5/24/2021,1.03153984835664,2574580.1093397294
9,5/31/2021,0.987204604169755,2463925.500899769
9,6/7/2021,1.01952741180039,2544598.7368615787
9,6/14/2021,1.06963464788649,2669659.434897587
9,6/21/2021,1.00282405822413,2502909.487835208
9,6/28/2021,0.968366573036425,2416908.3934492683
9,7/5/2021,0.966409884813792,2412024.771664986
9,7/12/2021,0.980907648089842,2448209.174126518
9,7/19/2021,1.07712842383508,2688362.858772199
9,7/26/2021,1.00128530394204,2499068.971399259
9,8/2/2021,0.982048218412397,2451055.8793306495
9,8/9/2021,0.989983217200973,2470860.533675614
9,8/16/2021,1.03389208115458,2580450.9562499262
9,8/23/2021,1.02213412022019,2551104.719835449
9,8/30/2021,0.979676977398243,2445137.591637607
9,9/6/2021,1.02157949085798,2549720.4420464914
9,9/13/2021,0.99731249595078,2489153.394820793
9,9/20/2021,1.08341193690864,2704045.6340332674
9,9/27/2021,0.970874454055559,2423167.7157621575
9,10/4/2021,0.964387431166363,2406977.007921667
9,10/11/2021,0.970986226589708,2423446.684299886
9,10/18/2021,0.99112830420288,2473718.510944712
9,10/25/2021,0.977931695211219,2440781.608876153
9,11/1/2021,0.977643380025226,2440062.014292642
9,11/8/2021,0.957354111011303,2389422.8185290126
9,11/15/2021,1.01599504277348,2535782.4350841427
9,11/22/2021,0.996741408855935,2487728.0406279094
9,11/29/2021,0.982726113057122,2452747.8101460366
9,12/6/2021,0.998658084768074,2492511.797557233
9,12/13/2021,0.999881822525019,2495566.0768914083
9,12/20/2021,1.08597223553425,2710435.783852212
9,12/27/2021,0.962617935103738,2402560.5923078395
9,1/3/2022,0.866924771696525,2163726.610449088
9,1/10/2022,0.954034955569058,2381164.3314860365
9,1/17/2022,0.996669673196934,2487602.6224443
9,1/24/2022,1.03741074368998,2589316.778204923
9,1/31/2022,0.978531301721974,2442383.4540397427
9,2/7/2022,1.00305968398407,2503617.0968238306
9,2/14/2022,1.03567392899733,2585021.6063988484
9,2/21/2022,1.02715779982629,2563765.5169541244
9,2/28/2022,0.977498162277369,2439816.0457749297
9,3/7/2022,0.987395675644102,2464520.043143186
9,3/14/2022,1.00672430383885,2512763.9161769683
9,3/21/2022,0.983548923947832,2454918.6271595536
9,3/28/2022,0.935672140661349,2335419.1246736757
9,4/4/2022,0.926694468710878,2313011.033332066
9,4/11/2022,0.938542794669196,2342584.219986712
9,4/18/2022,0.972782866155238,2428046.759804094
9,4/25/2022,0.974435125510603,2432170.766210358
9,5/2/2022,0.959048472719721,2393765.98552938
9,5/9/2022,0.910011443554724,2271370.532454763
9,5/16/2022,0.971317491609282,2424389.2139053047
9,5/23/2022,0.967334226825407,2414447.0641298024
9,5/30/2022,0.97058714748252,2422566.2898426494
9,6/6/2022,0.963892652996303,2405856.964301101
9,6/13/2022,0.973434733087932,2429673.807016736
9,6/20/2022,1.00790922754322,2515721.4619891713
9,6/27/2022,0.966644446544086,2412725.386069539
9,7/4/2022,0.938839030201163,2343323.6177043966
9,7/11/2022,0.934600730949558,2332744.906793882
9,7/18/2022,1.03539657344825,2584329.3326218775
9,7/25/2022,0.991771789763703,2475442.7369607
9,8/1/2022,0.983974278606853,2455980.303665026
9,8/8/2022,0.962626327441973,2402696.2404783145
9,8/15/2022,1.02921014967994,2568888.1414305703
9,8/22/2022,0.967585416340069,2415074.0279096714
9,8/29/2022,0.973246259471858,2429203.3801036156
9,9/5/2022,0.990288293814746,2471739.9600856025
9,9/12/2022,1.00613318880225,2511288.5040213577
9,9/19/2022,1.1094271035664,2769108.0686317105
9,9/26/2022,1.12972506773639,2819771.3850163743
9,10/3/2022,0.889429782207283,2219999.113480028
9,10/10/2022,0.946357574630884,2362089.7554573487
9,10/17/2022,0.985543372136229,2459896.729663141
9,10/24/2022,0.988903977067385,2468284.7330328007
9,10/31/2022,0.959409362564591,2394666.7596735335
9,11/7/2022,0.951238792263021,2374273.1780581763
9,11/14/2022,1.01529296071865,2534151.1132887946
9,11/21/2022,0.995920953101331,2485798.9660147545
9,11/28/2022,1.00641696815431,2511996.8115291437
9,12/5/2022,1.02260241462374,2552395.36519863
9,12/12/2022,1.00077891765748,2497924.3493107357
9,12/19/2022,1.09268031281139,2727308.410854949
9,12/26/2022,1.05091618607892,2623065.9781718026
9,1/2/2023,0.846768868424043,2113451.644448626
9,1/9/2023,0.959575732671949,2394024.1788777392
9,1/16/2023,1.02560804438133,2557447.5479736477
9,1/23/2023,0.972163714368916,2422928.671716227
9,1/30/2023,1.01812541493647,2536169.470990177
9,2/6/2023,1.00290535377348,2497518.702142437
9,2/13/2023,0.966191479752916,2406090.745680168
9,2/20/2023,1.05023941395111,2615393.933379712
9,2/27/2023,0.980030401197002,2440553.5840134243
9,3/6/2023,0.987289078355954,2458629.7482412662
9,3/13/2023,0.957194432724831,2383685.5472257296
9,3/20/2023,1.01714389811013,2532976.714386566
9,3/27/2023,0.978755132646799,2437377.8032215806
9,4/3/2023,0.955983835814384,2380670.817268758
9,4/10/2023,0.972066411731345,2420720.9915290903
9,4/17/2023,1.02580653701281,2554549.1414197
9,4/24/2023,1.01797137679668,2535037.3709447784
9,5/1/2023,0.978686573943142,2437207.0728442557
9,5/8/2023,0.946075599903509,2355996.500753359
9,5/15/2023,1.03331815742718,2573255.2063401574
9,5/22/2023,0.995410414878648,2478854.178743949
9,5/29/2023,0.96040495025811,2391680.64612236
9,6/5/2023,1.01357388967435,2524086.381137123
9,6/12/2023,1.01010763260931,2515454.4181582974
9,6/19/2023,1.05054968993688,2616166.608084782
9,6/26/2023,0.984728512882181,2452253.213786311
9,7/3/2023,0.986416204044456,2456456.04330072
9,7/10/2023,1.00254001253567,2496608.8984066015
9,7/17/2023,1.05601751967077,2629783.054693286
9,7/24/2023,1.02007953651841,2540287.2866627607
9,7/31/2023,1.01258944672995,2521634.839424287
9,8/7/2023,1.00850598872145,2511465.871102549
9,8/14/2023,1.02419860011412,2550544.922922924
9,8/21/2023,0.987570193759128,2459329.8050768455
9,8/28/2023,1.0009840035588,2492733.9947820087
9,9/4/2023,1.01227091848295,2520841.613201654
9,9/11/2023,1.00908995792973,2512920.119478471
9,9/18/2023,1.06769752789567,2658869.586698991
9,9/25/2023,1.0871006771325,2707188.9300163626
9,10/2/2023,0.946036493049049,2355899.113355486
9,10/9/2023,0.978673659149938,2437174.911067402
9,10/16/2023,1.04972313162062,2614108.243305501
9,10/23/2023,0.993072999537887,2473033.351398328
9,10/30/2023,0.994623841895633,2476895.3885442154
9,11/6/2023,0.966697300465588,2407350.3818847868
9,11/13/2023,0.974489826240734,2426755.980636372
9,11/20/2023,1.07013156084186,2664931.0187138515
9,11/27/2023,1.01527291420718,2528317.4336366
9,12/4/2023,1.03650453251244,2581190.1834013695
9,12/11/2023,1.01729800102458,2533360.4740798944
9,12/18/2023,1.09079321171793,2716384.3880681405
9,12/25/2023,1.14688464613713,2856067.9643533225
9,1/1/2024,0.791086413836933,1970005.3879718522
9,1/8/2024,0.961934502226399,2394464.146398105
9,1/15/2024,1.02436878863594,2548347.286155201
9,1/22/2024,0.998492811589446,2482483.713550639
9,1/29/2024,1.01011206126533,2509862.6906676837
9,2/5/2024,0.993489146180598,2467528.873215088
9,2/12/2024,1.03118322106394,2561118.1847295663
9,2/19/2024,1.02122424788583,2536383.387933087
9,2/26/2024,1.00164469380779,2487754.2490037605
9,3/4/2024,1.00582979676804,2498148.6609780598
9,3/11/2024,1.01411940145619,2518737.298357351
9,3/18/2024,1.06908809663966,2655261.363198798
9,3/25/2024,1.02286595131266,2540460.836586505
9,4/1/2024,0.975994909913803,2424048.666663645
9,4/8/2024,0.955241074767297,2372503.0020340215
9,4/15/2024,1.03882012734976,2580085.7353507266
9,4/22/2024,0.969341593681788,2407524.0292468304
9,4/29/2024,0.97154325144424,2412992.2193186996
9,5/6/2024,0.969024904274531,2406737.477551449
9,5/13/2024,0.962855103611613,2391413.7323827124
9,5/20/2024,1.03816746191962,2578464.7299569766
9,5/27/2024,0.964549789047066,2395622.7702612523
9,6/3/2024,1.01109290380656,2511220.478756571
9,6/10/2024,1.03617650220439,2573519.843994882
9,6/17/2024,0.998295184715768,2479435.1760920915
9,6/24/2024,1.01440908575604,2519456.778766756
9,7/1/2024,1.00059142545778,2485138.27923053
9,7/8/2024,0.976630807628778,2425628.0265268926
9,7/15/2024,1.06976266131172,2656936.759141551
9,7/22/2024,1.0184882556242,2529588.0879674526
9,7/29/2024,0.997645820307098,2477822.369591406
9,8/5/2024,1.01845330436331,2529501.280465815
9,8/12/2024,1.01055950020537,2509895.6810172666
9,8/19/2024,1.06850394334269,2653810.5200129338
9,8/26/2024,1.02313065526125,2541118.2741981307
9,9/2/2024,1.03268061271071,2564837.2112051914
9,9/9/2024,1.00357677621701,2492552.9037118535
9,9/16/2024,1.04743965323937,2601493.787828486
9,9/23/2024,1.02685129831642,2550359.121043566
9,9/30/2024,1.01730846988019,2526657.890116763
9,10/7/2024,0.985174961413434,2446848.8792233537
9,10/14/2024,1.09301179584226,2714679.922298072
9,10/21/2024,1.02507187345501,2545939.6178834084
9,10/28/2024,0.975414054567719,2422606.0140102366
9,11/4/2024,1.02375606430805,2542671.5831149826
9,11/11/2024,1.00711922245415,2501351.1685302025
9,11/18/2024,1.04441210333066,2593974.3546223072
9,11/25/2024,1.07965312476926,2681501.4002692434
9,12/2/2024,1.04771648927529,2602181.35678492
9,12/9/2024,1.08221061293537,2687853.355197886
9,12/16/2024,1.12845855399927,2802717.9498874936
9,12/23/2024,1.09048453886821,2708403.051394336
9,12/30/2024,0.872891012390975,2167972.6737273196
10,3/1/2021,0.964059412482656,992934.3283576763
10,3/8/2021,0.977020635658403,1006283.7581455561
10,3/15/2021,1.00920066913928,1039427.6282481418
10,3/22/2021,1.03600288084541,1067032.6033589395
10,3/29/2021,0.950452414554376,978919.7820092672
10,4/5/2021,0.94571762974311,974043.1838307381
10,4/12/2021,0.94357039584668,971831.6372924281
10,4/19/2021,1.05564249213701,1087260.4482229168
10,4/26/2021,0.982932252752808,1012372.4363596211
10,5/3/2021,0.977922025657247,1007212.1460054917
10,5/10/2021,0.9666681471939,995621.1982652713
10,5/17/2021,0.991907040257389,1021616.0311469571
10,5/24/2021,1.03153984835664,1062435.8967722205
10,5/31/2021,0.987204604169755,1016772.750545942
10,6/7/2021,1.01952741180039,1050063.6710751916
10,6/14/2021,1.06963464788649,1101671.6883621723
10,6/21/2021,1.00282405822413,1032860.0289429115
10,6/28/2021,0.968366573036425,997370.4943251924
10,7/5/2021,0.966409884813792,995355.2005901285
10,7/12/2021,0.980907648089842,1010287.1919735736
10,7/19/2021,1.07712842383508,1109389.9133409946
10,7/26/2021,1.00128530394204,1031275.1868653396
10,8/2/2021,0.982048218412397,1011461.923955386
10,8/9/2021,0.989983217200973,1019634.5869659781
10,8/16/2021,1.03389208115458,1064858.5822766528
10,8/23/2021,1.02213412022019,1052748.4541229964
10,8/30/2021,0.979676977398243,1009019.6610248596
10,9/6/2021,1.02157949085798,1052177.2128469984
10,9/13/2021,0.99731249595078,1027183.3877718934
10,9/20/2021,1.08341193690864,1115861.6263144575
10,9/27/2021,0.970874454055559,999953.4898153963
10,10/4/2021,0.964387431166363,993272.1715811428
10,10/11/2021,0.970986226589708,1000068.6100963248
10,10/18/2021,0.99112830420288,1020813.9708810506
10,10/25/2021,0.977931695211219,1007222.1051810349
10,11/1/2021,0.977643380025226,1006925.1545797319
10,11/8/2021,0.957354111011303,986028.1938307418
10,11/15/2021,1.01599504277348,1046425.502781415
10,11/22/2021,0.996741408855935,1026595.1958242997
10,11/29/2021,0.982726113057122,1012160.1224748454
10,12/6/2021,0.998658084768074,1028569.2788162004
10,12/13/2021,0.999881822525019,1029829.6692121266
10,12/20/2021,1.08597223553425,1118498.6094316787
10,12/27/2021,0.962617935103738,991449.6766986302
10,1/3/2022,0.866924771696525,892606.2697723807
10,1/10/2022,0.954034955569058,980056.4845504937
10,1/17/2022,0.996669673196934,1021186.4844896967
10,1/24/2022,1.03741074368998,1060152.7335994917
10,1/31/2022,0.978531301721974,997362.80947961
10,2/7/2022,1.00305968398407,1021212.2370841835
10,2/14/2022,1.03567392899733,1054416.707981394
10,2/21/2022,1.02715779982629,1045746.4608502445
10,2/28/2022,0.977498162277369,995188.1238083454
10,3/7/2022,0.987395675644102,1005264.7542519097
10,3/14/2022,1.00672430383885,1024943.1761235977
10,3/21/2022,0.983548923947832,1001348.3871676173
10,3/28/2022,0.935672140661349,952605.169040811
10,4/4/2022,0.926694468710878,943465.0265268517
10,4/11/2022,0.938542794669196,955527.7738011754
10,4/18/2022,0.972782866155238,990387.4940844397
10,4/25/2022,0.974435125510603,992069.6546921262
10,5/2/2022,0.959048472719721,976404.5468703131
10,5/9/2022,0.910011443554724,926480.0857101437
10,5/16/2022,0.971317491609282,988895.6004529606
10,5/23/2022,0.967334226825407,984840.2498203479
10,5/30/2022,0.97058714748252,988152.0391894168
10,6/6/2022,0.963892652996303,981336.3932182937
10,6/13/2022,0.973434733087932,991051.1580338364
10,6/20/2022,1.00790922754322,1026149.5436371203
10,6/27/2022,0.966644446544086,984137.9863815613
10,7/4/2022,0.938839030201163,955829.3703529342
10,7/11/2022,0.934600730949558,951514.369827794
10,7/18/2022,1.03539657344825,1054134.3329612124
10,7/25/2022,0.991771789763703,1009720.0636549682
10,8/1/2022,0.983974278606853,1001781.4395231478
10,8/8/2022,0.962626327441973,980047.150616329
10,8/15/2022,1.02921014967994,1047835.9523591478
10,8/22/2022,0.967585416340069,985095.9850490537
10,8/29/2022,0.973246259471858,990859.2734872294
10,9/5/2022,0.990288293814746,1008209.7206279215
10,9/12/2022,1.00613318880225,1024341.3635891761
10,9/19/2022,1.1094271035664,1129504.6071025329
10,9/26/2022,1.12972506773639,1150169.9072534307
10,10/3/2022,0.889429782207283,905525.9543700329
10,10/10/2022,0.946357574630884,963483.9793579215
10,10/17/2022,0.985543372136229,1003378.9293153131
10,10/24/2022,0.988903977067385,1006800.3516884646
10,10/31/2022,0.959409362564591,976771.9677638665
10,11/7/2022,0.951238792263021,968453.5331544194
10,11/14/2022,1.01529296071865,1033666.9015079937
10,11/21/2022,0.995920953101331,1013944.3151544285
10,11/28/2022,1.00641696815431,1024630.278492642
10,12/5/2022,1.02260241462374,1041108.6359242882
10,12/12/2022,1.00077891765748,1018890.1951908014
10,12/19/2022,1.09268031281139,1112454.746572055
10,12/26/2022,1.05091618607892,1069934.8068800156
10,1/2/2023,0.846768868424043,861943.8393407598
10,1/9/2023,0.959575732671949,974574.8153322805
10,1/16/2023,1.02560804438133,1038688.0844684264
10,1/23/2023,0.972163714368916,981764.5033106386
10,1/30/2023,1.01812541493647,1025249.9301582461
10,2/6/2023,1.00290535377348,1008273.8928589063
10,2/13/2023,0.966191479752916,971363.4899620035
10,2/20/2023,1.05023941395111,1055861.3316459223
10,2/27/2023,0.980030401197002,985276.4909804389
10,3/6/2023,0.987289078355954,992574.0237417986
10,3/13/2023,0.957194432724831,962318.2818622089
10,3/20/2023,1.01714389811013,1022588.6559340244
10,3/27/2023,0.978755132646799,983994.3959088633
10,4/3/2023,0.955983835814384,961101.2046196174
10,4/10/2023,0.972066411731345,977269.8703566407
10,4/17/2023,1.02580653701281,1031297.6658232447
10,4/24/2023,1.01797137679668,1023420.5641045595
10,5/1/2023,0.978686573943142,983925.4702271981
10,5/8/2023,0.946075599903509,951139.9300756541
10,5/15/2023,1.03331815742718,1038849.4958540809
10,5/22/2023,0.995410414878648,1000738.8336595509
10,5/29/2023,0.96040495025811,965545.985248487
10,6/5/2023,1.01357388967435,1018999.5372887987
10,6/12/2023,1.01010763260931,1015514.7253829894
10,6/19/2023,1.05054968993688,1056173.2684942568
10,6/26/2023,0.984728512882181,989999.7515392456
10,7/3/2023,0.986416204044456,991696.476882127
10,7/10/2023,1.00254001253567,1007906.5959277276
10,7/17/2023,1.05601751967077,1061670.3674772552
10,7/24/2023,1.02007953651841,1025540.0088036743
10,7/31/2023,1.01258944672995,1018009.8246902642
10,8/7/2023,1.00850598872145,1013904.507981539
10,8/14/2023,1.02419860011412,1029681.1216898625
10,8/21/2023,0.987570193759128,992856.6439342726
10,8/28/2023,1.0009840035588,1006342.2576546238
10,9/4/2023,1.01227091848295,1017689.5912638775
10,9/11/2023,1.00908995792973,1014491.6030686735
10,9/18/2023,1.06769752789567,1073412.898577113
10,9/25/2023,1.0871006771325,1092919.9126130776
10,10/2/2023,0.946036493049049,951100.6138257751
10,10/9/2023,0.978673659149938,983912.4862431674
10,10/16/2023,1.04972313162062,1055342.2855961912
10,10/23/2023,0.993072999537887,998388.9061094094
10,10/30/2023,0.994623841895633,999948.0501059527
10,11/6/2023,0.966697300465588,971872.0182740866
10,11/13/2023,0.974489826240734,979706.2573438516
10,11/20/2023,1.07013156084186,1075859.9608890258
10,11/27/2023,1.01527291420718,1020707.6566547259
10,12/4/2023,1.03650453251244,1042052.9275390124
10,12/11/2023,1.01729800102458,1022743.5837489159
10,12/18/2023,1.09079321171793,1096632.2133382245
10,12/25/2023,1.14688464613713,1153023.904470197
10,1/1/2024,0.791086413836933,795268.9425010234
10,1/8/2024,0.961934502226399,964864.0699769248
10,1/15/2024,1.02436878863594,1024178.2832475305
10,1/22/2024,0.998492811589446,995079.3742473864
10,1/29/2024,1.01011206126533,1003392.4386417995
10,2/5/2024,0.993489146180598,984650.2132144512
10,2/12/2024,1.03118322106394,1021940.841550397
10,2/19/2024,1.02122424788583,1012071.1295100279
10,2/26/2024,1.00164469380779,992667.0647577327
10,3/4/2024,1.00582979676804,996814.6570958033
10,3/11/2024,1.01411940145619,1005029.9629999041
10,3/18/2024,1.06908809663966,1059505.979949714
10,3/25/2024,1.02286595131266,1013698.1185420542
10,4/1/2024,0.975994909913803,967247.177043223
10,4/8/2024,0.955241074767297,946679.3561874875
10,4/15/2024,1.03882012734976,1029509.2990839218
10,4/22/2024,0.969341593681788,960653.4937051745
10,4/29/2024,0.97154325144424,962835.4182421326
10,5/6/2024,0.969024904274531,960339.6427271852
10,5/13/2024,0.962855103611613,954225.1412944376
10,5/20/2024,1.03816746191962,1028862.4833792419
10,5/27/2024,0.964549789047066,955904.637451831
10,6/3/2024,1.01109290380656,1002030.5914923559
10,6/10/2024,1.03617650220439,1026889.36841394
10,6/17/2024,0.998295184715768,989347.5769297496
10,6/24/2024,1.01440908575604,1005317.050886033
10,7/1/2024,1.00059142545778,991623.2367310099
10,7/8/2024,0.976630807628778,967877.3752281268
10,7/15/2024,1.06976266131172,1060174.4985426667
10,7/22/2024,1.0184882556242,1009359.6595952801
10,7/29/2024,0.997645820307098,988704.0326808973
10,8/5/2024,1.01845330436331,1009325.0215878052
10,8/12/2024,1.01055950020537,1001501.9687203369
10,8/19/2024,1.06850394334269,1058927.0623209618
10,8/26/2024,1.02313065526125,1013960.4499417702
10,9/2/2024,1.03268061271071,1023424.8122033662
10,9/9/2024,1.00357677621701,994581.8301447692
10,9/16/2024,1.04743965323937,1038051.5691349794
10,9/23/2024,1.02685129831642,1017647.7453416355
10,9/30/2024,1.01730846988019,1008190.4482199845
10,10/7/2024,0.985174961413434,976344.9487878933
10,10/14/2024,1.09301179584226,1083215.2537675037
10,10/21/2024,1.02507187345501,1015884.2692776154
10,10/28/2024,0.975414054567719,966671.5278458379
10,11/4/2024,1.02375606430805,1014580.2535747084
10,11/11/2024,1.00711922245415,998092.5258674053
10,11/18/2024,1.04441210333066,1035051.1548370743
10,11/25/2024,1.07965312476926,1069976.3149547537
10,12/2/2024,1.04771648927529,1038325.9239402805
10,12/9/2024,1.08221061293537,1072510.8806273122
10,12/16/2024,1.12845855399927,1118344.3065669767
10,12/23/2024,1.09048453886821,1080710.6482571554
10,12/30/2024,0.872891012390975,865067.3881387766
11,3/1/2021,0.964059412482656,1108513.9856626643
11,3/8/2021,0.977020635658403,1123417.3173244037
11,3/15/2021,1.00920066913928,1160419.2040406286
11,3/22/2021,1.03600288084541,1191237.456664632
11,3/29/2021,0.950452414554376,1092868.1164150275
11,4/5/2021,0.94571762974311,1087423.8718782745
11,4/12/2021,0.94357039584668,1084954.8966391212
11,4/19/2021,1.05564249213701,1213819.8654497564
11,4/26/2021,0.982932252752808,1130214.7305110109
11,5/3/2021,0.977922025657247,1124453.7714356603
11,5/10/2021,0.9666681471939,1111513.612846926
11,5/17/2021,0.991907040257389,1140534.299290266
11,5/24/2021,1.03153984835664,1186105.683663761
11,5/31/2021,0.987204604169755,1135127.2505761627
11,6/7/2021,1.01952741180039,1172293.3046984808
11,6/14/2021,1.06963464788649,1229908.6043962785
11,6/21/2021,1.00282405822413,1153087.1221709515
11,6/28/2021,0.968366573036425,1113466.530596373
11,7/5/2021,0.966409884813792,1111216.6523977004
11,7/12/2021,0.980907648089842,1127886.7591980782
11,7/19/2021,1.07712842383508,1238525.2470868754
11,7/26/2021,1.00128530394204,1151317.8011538368
11,8/2/2021,0.982048218412397,1129198.232529971
11,8/9/2021,0.989983217200973,1138322.2108344347
11,8/16/2021,1.03389208115458,1188810.374935705
11,8/23/2021,1.02213412022019,1175290.602259405
11,8/30/2021,0.979676977398243,1126471.6851188552
11,9/6/2021,1.02157949085798,1174652.8673172968
11,9/13/2021,0.99731249595078,1146749.70807974
11,9/20/2021,1.08341193690864,1245750.2812433953
11,9/27/2021,0.970874454055559,1116350.1923216367
11,10/4/2021,0.964387431166363,1108891.1544826997
11,10/11/2021,0.970986226589708,1116478.712811504
11,10/18/2021,0.99112830420288,1139638.8774832732
11,10/25/2021,0.977931695211219,1124464.8898380585
11,11/1/2021,0.977643380025226,1124133.3735467128
11,11/8/2021,0.957354111011303,1100803.9623652366
11,11/15/2021,1.01599504277348,1168231.6459405862
11,11/22/2021,0.996741408855935,1146093.049325864
11,11/29/2021,0.982726113057122,1129977.7029279675
11,12/6/2021,0.998658084768074,1148296.9198162274
11,12/13/2021,0.999881822525019,1149704.0223128085
11,12/20/2021,1.08597223553425,1248694.2148293555
11,12/27/2021,0.962617935103738,1106856.5174232873
11,1/3/2022,0.866924771696525,996579.5750094831
11,1/10/2022,0.954034955569058,1094784.5953318968
11,1/17/2022,0.996669673196934,1141407.6340370853
11,1/24/2022,1.03741074368998,1185669.1702852093
11,1/31/2022,0.978531301721974,1116114.8231330353
11,2/7/2022,1.00305968398407,1143098.858885382
11,2/14/2022,1.03567392899733,1180266.4440380423
11,2/21/2022,1.02715779982629,1170561.360948056
11,2/28/2022,0.977498162277369,1113968.641735542
11,3/7/2022,0.987395675644102,1125247.9667980042
11,3/14/2022,1.00672430383885,1147275.1035782192
11,3/21/2022,0.983548923947832,1120864.162432602
11,3/28/2022,0.935672140661349,1066303.2054052167
11,4/4/2022,0.926694468710878,1056072.1426777847
11,4/11/2022,0.938542794669196,1069574.637175848
11,4/18/2022,0.972782866155238,1108595.0337141783
11,4/25/2022,0.974435125510603,1110477.968291185
11,5/2/2022,0.959048472719721,1092943.154016509
11,5/9/2022,0.910011443554724,1037059.9668421993
11,5/16/2022,0.971317491609282,1106925.0752751264
11,5/23/2022,0.967334226825407,1102385.6989215582
11,5/30/2022,0.97058714748252,1106092.7663757952
11,6/6/2022,0.963892652996303,1098463.640093431
11,6/13/2022,0.973434733087932,1109337.9091294915
11,6/20/2022,1.00790922754322,1148625.4569191781
11,6/27/2022,0.966644446544086,1101599.6170562764
11,7/4/2022,0.938839030201163,1069912.2307514846
11,7/11/2022,0.934600730949558,1065082.2140342582
11,7/18/2022,1.03539657344825,1179950.3663205302
11,7/25/2022,0.991771789763703,1130235.0390595496
11,8/1/2022,0.983974278606853,1121348.9017219825
11,8/8/2022,0.962626327441973,1097020.5202610355
11,8/15/2022,1.02921014967994,1172900.2434980653
11,8/22/2022,0.967585416340069,1102671.9574985204
11,8/29/2022,0.973246259471858,1109123.1222914073
11,9/5/2022,0.990288293814746,1128544.4292408882
11,9/12/2022,1.00613318880225,1146601.461824928
11,9/19/2022,1.1094271035664,1264316.4472822668
11,9/26/2022,1.12972506773639,1287448.2509748766
11,10/3/2022,0.889429782207283,1013604.8585504816
11,10/10/2022,0.946357574630884,1078480.4542826065
11,10/17/2022,0.985543372136229,1123137.059586605
11,10/24/2022,0.988903977067385,1126966.8453057394
11,10/31/2022,0.959409362564591,1093354.4284898185
11,11/7/2022,0.951238792263021,1084043.1484629852
11,11/14/2022,1.01529296071865,1157040.0478666737
11,11/21/2022,0.995920953101331,1134963.4753837367
11,11/28/2022,1.00641696815431,1146924.8601375783
11,12/5/2022,1.02260241462374,1165369.989252659
11,12/12/2022,1.00077891765748,1140499.670110275
11,12/19/2022,1.09268031281139,1245231.6034333825
11,12/26/2022,1.05091618607892,1197636.7031988243
11,1/2/2023,0.846768868424043,964858.4660780786
11,1/9/2023,0.959575732671949,1091489.3513013974
11,1/16/2023,1.02560804438133,1164036.889744258
11,1/23/2023,0.972163714368916,1100950.0662679141
11,1/30/2023,1.01812541493647,1150456.4519766993
11,2/6/2023,1.00290535377348,1131826.0547985686
11,2/13/2023,0.966191479752916,1090392.7141124487
11,2/20/2023,1.05023941395111,1185244.77707942
11,2/27/2023,0.980030401197002,1106010.5904971124
11,3/6/2023,0.987289078355954,1114202.3504562841
11,3/13/2023,0.957194432724831,1080239.1216037185
11,3/20/2023,1.01714389811013,1147894.9244380195
11,3/27/2023,0.978755132646799,1104571.389659007
11,4/3/2023,0.955983835814384,1078872.9057808649
11,4/10/2023,0.972066411731345,1097022.8522229306
11,4/17/2023,1.02580653701281,1157671.1215333515
11,4/24/2023,1.01797137679668,1148828.7732193344
11,5/1/2023,0.978686573943142,1104494.0179539067
11,5/8/2023,0.946075599903509,1067690.9936716435
11,5/15/2023,1.03331815742718,1166148.3399332757
11,5/22/2023,0.995410414878648,1123367.662240193
11,5/29/2023,0.96040495025811,1083862.3422515076
11,6/5/2023,1.01357388967435,1143866.0013256716
11,6/12/2023,1.01010763260931,1139954.1665314557
11,6/19/2023,1.05054968993688,1185594.938134269
11,6/26/2023,0.984728512882181,1111312.6313713468
11,7/3/2023,0.986416204044456,1113217.2705548161
11,7/10/2023,1.00254001253567,1131413.749925057
11,7/17/2023,1.05601751967077,1191765.6422801644
11,7/24/2023,1.02007953651841,1151207.9311233198
11,7/31/2023,1.01258944672995,1142755.0111032776
11,8/7/2023,1.00850598872145,1138146.6358905146
11,8/14/2023,1.02419860011412,1155856.488911441
11,8/21/2023,0.987570193759128,1114519.602498591
11,8/28/2023,1.0009840035588,1129657.7203032074
11,9/4/2023,1.01227091848295,1142395.5368026162
11,9/11/2023,1.00908995792973,1138805.6725937384
11,9/18/2023,1.06769752789567,1204947.083090009
11,9/25/2023,1.0871006771325,1226844.4533337879
11,10/2/2023,0.946036493049049,1067646.8597285568
11,10/9/2023,0.978673659149938,1104479.4429880332
11,10/16/2023,1.04972313162062,1184662.1280365912
11,10/23/2023,0.993072999537887,1120729.7786320553
11,10/30/2023,0.994623841895633,1122479.977470509
11,11/6/2023,0.966697300465588,1090963.5566103044
11,11/13/2023,0.974489826240734,1099757.7899499102
11,11/20/2023,1.07013156084186,1207694.0041959907
11,11/27/2023,1.01527291420718,1145783.430720971
11,12/4/2023,1.03650453251244,1169744.3146547684
11,12/11/2023,1.01729800102458,1148068.8368355122
11,12/18/2023,1.09079321171793,1231011.6529801118
11,12/25/2023,1.14688464613713,1294313.485693598
11,1/1/2024,0.791086413836933,892736.2736699823
11,1/8/2024,0.961934502226399,1083796.3224011585
11,1/15/2024,1.02436878863594,1151467.3094669343
11,1/22/2024,0.998492811589446,1119774.629601908
11,1/29/2024,1.01011206126533,1130167.8052847735
11,2/5/2024,0.993489146180598,1109768.7351655513
11,2/12/2024,1.03118322106394,1151819.6107432654
11,2/19/2024,1.02122424788583,1140695.5540461913
11,2/26/2024,1.00164469380779,1118825.4208801899
11,3/4/2024,1.00582979676804,1123500.1319871177
11,3/11/2024,1.01411940145619,1132759.5235748244
11,3/18/2024,1.06908809663966,1194158.9138989614
11,3/25/2024,1.02286595131266,1142529.3175751986
11,4/1/2024,0.975994909913803,1090174.9119203761
11,4/8/2024,0.955241074767297,1066993.1205257406
11,4/15/2024,1.03882012734976,1160349.9458136982
11,4/22/2024,0.969341593681788,1082743.2354170284
11,4/29/2024,0.97154325144424,1085202.4614153295
11,5/6/2024,0.969024904274531,1082389.4970491473
11,5/13/2024,0.962855103611613,1075497.9017924455
11,5/20/2024,1.03816746191962,1159620.926158384
11,5/27/2024,0.964549789047066,1077390.8456301794
11,6/3/2024,1.01109290380656,1129378.961059136
11,6/10/2024,1.03617650220439,1157397.0474106327
11,6/17/2024,0.998295184715768,1115084.05832852
11,6/24/2024,1.01440908575604,1133083.0975218134
11,7/1/2024,1.00059142545778,1117648.9323887655
11,7/8/2024,0.976630807628778,1090885.2022123372
11,7/15/2024,1.06976266131172,1194912.3947414388
11,7/22/2024,1.0184882556242,1137639.4826401498
11,7/29/2024,0.997645820307098,1114358.7259078624
11,8/5/2024,1.01845330436331,1137600.4425167984
11,8/12/2024,1.01055950020537,1128783.155487022
11,8/19/2024,1.06850394334269,1193506.4215049762
11,8/26/2024,1.02313065526125,1142824.9888006584
11,9/2/2024,1.03268061271071,1153492.1796922479
11,9/9/2024,1.00357677621701,1120983.53433815
11,9/16/2024,1.04743965323937,1169977.855517958
11,9/23/2024,1.02685129831642,1146980.9035930661
11,9/30/2024,1.01730846988019,1136321.675710005
11,10/7/2024,0.985174961413434,1100428.9221671226
11,10/14/2024,1.09301179584226,1220881.406381843
11,10/21/2024,1.02507187345501,1144993.3068198187
11,10/28/2024,0.975414054567719,1089526.10327809
11,11/4/2024,1.02375606430805,1143523.5633887418
11,11/11/2024,1.00711922245415,1124940.4054050043
11,11/18/2024,1.04441210333066,1166596.1176549485
11,11/25/2024,1.07965312476926,1205959.9268844312
11,12/2/2024,1.04771648927529,1170287.0781504156
11,12/9/2024,1.08221061293537,1208816.6112890278
11,12/16/2024,1.12845855399927,1260475.0211496237
11,12/23/2024,1.09048453886821,1218058.489897092
11,12/30/2024,0.872891012390975,975009.0629466348
12,3/1/2021,0.964059412482656,1903912.1727262172
12,3/8/2021,0.977020635658403,1929509.1746468304
12,3/15/2021,1.00920066913928,1993061.2303906705
12,3/22/2021,1.03600288084541,2045992.6747859758
12,3/29/2021,0.950452414554376,1877039.8363974085
12,4/5/2021,0.94571762974311,1867689.1528807979
12,4/12/2021,0.94357039584668,1863448.599985816
12,4/19/2021,1.05564249213701,2084778.7642719888
12,4/26/2021,0.982932252752808,1941183.9730881783
12,5/3/2021,0.977922025657247,1931289.3209635026
12,5/10/2021,0.9666681471939,1909064.1386894812
12,5/17/2021,0.991907040257389,1958908.1992849796
12,5/24/2021,1.03153984835664,2037178.6718755744
12,5/31/2021,0.987204604169755,1949621.401108474
12,6/7/2021,1.01952741180039,2013455.420079987
12,6/14/2021,1.06963464788649,2112411.7450747075
12,6/21/2021,1.00282405822413,1980468.1185723438
12,6/28/2021,0.968366573036425,1912418.3440774598
12,7/5/2021,0.966409884813792,1908554.0982092954
12,7/12/2021,0.980907648089842,1937185.599231708
12,7/19/2021,1.07712842383508,2127211.134856101
12,7/26/2021,1.00128530394204,1977429.2467723466
12,8/2/2021,0.982048218412397,1939438.1014844426
12,8/9/2021,0.989983217200973,1955108.8584947814
12,8/16/2021,1.03389208115458,2041824.0748613297
12,8/23/2021,1.02213412022019,2018603.3846673153
12,8/30/2021,0.979676977398243,1934755.1591639384
12,9/6/2021,1.02157949085798,2017508.0522035067
12,9/13/2021,0.99731249595078,1969583.3845682715
12,9/20/2021,1.08341193690864,2139620.38810472
12,9/27/2021,0.970874454055559,1917371.1360264872
12,10/4/2021,0.964387431166363,1904559.973544532
12,10/11/2021,0.970986226589708,1917591.8747461652
12,10/18/2021,0.99112830420288,1957370.2808698786
12,10/25/2021,0.977931695211219,1931308.4177911738
12,11/1/2021,0.977643380025226,1930739.0268372595
12,11/8/2021,0.957354111011303,1890669.9337647017
12,11/15/2021,1.01599504277348,2006479.3768360962
12,11/22/2021,0.996741408855935,1968455.5500289013
12,11/29/2021,0.982726113057122,1940776.869571912
12,12/6/2021,0.998658084768074,1972240.775594199
12,12/13/2021,0.999881822525019,1974657.5241010888
12,12/20/2021,1.08597223553425,2144676.69826604
12,12/27/2021,0.962617935103738,1901065.4113673442
12,1/3/2022,0.866924771696525,1711714.5097211387
12,1/10/2022,0.954034955569058,1880813.745351854
12,1/17/2022,0.996669673196934,1961415.9332871067
12,1/24/2022,1.03741074368998,2038002.4655830145
12,1/31/2022,0.978531301721974,1918945.9639582399
12,2/7/2022,1.00305968398407,1965559.0367787664
12,2/14/2022,1.03567392899733,2029468.7174054314
12,2/21/2022,1.02715779982629,2012780.8224784858
12,2/28/2022,0.977498162277369,1915469.6147083424
12,3/7/2022,0.987395675644102,1934864.419658017
12,3/14/2022,1.00672430383885,1972740.0920098682
12,3/21/2022,0.983548923947832,1927326.4660875252
12,3/28/2022,0.935672140661349,1833508.8743200104
12,4/4/2022,0.926694468710878,1815916.557096282
12,4/11/2022,0.938542794669196,1839134.1028875483
12,4/18/2022,0.972782866155238,1906229.6935029002
12,4/25/2022,0.974435125510603,1909467.4004196778
12,5/2/2022,0.959048472719721,1879316.278849811
12,5/9/2022,0.910011443554724,1783225.1116442818
12,5/16/2022,0.971317491609282,1903358.1992016379
12,5/23/2022,0.967334226825407,1895552.7393919309
12,5/30/2022,0.97058714748252,1901927.0436751477
12,6/6/2022,0.963892652996303,1888808.7572481765
12,6/13/2022,0.973434733087932,1907507.06779327
12,6/20/2022,1.00790922754322,1975062.024794773
12,6/27/2022,0.966644446544086,1894201.0702779498
12,7/4/2022,0.938839030201163,1839714.5941237921
12,7/11/2022,0.934600730949558,1831409.3781792345
12,7/18/2022,1.03539657344825,2028925.2213219143
12,7/25/2022,0.991771789763703,1943439.6923838402
12,8/1/2022,0.983974278606853,1928159.9751124238
12,8/8/2022,0.962626327441973,1886327.311510904
12,8/15/2022,1.02921014967994,2016802.5320025962
12,8/22/2022,0.967585416340069,1896044.960440534
12,8/29/2022,0.973246259471858,1907137.7413421604
12,9/5/2022,0.990288293814746,1940532.6879171948
12,9/12/2022,1.00613318880225,1971581.7640835987
12,9/19/2022,1.1094271035664,2173992.73805766
12,9/26/2022,1.12972506773639,2213767.8855773015
12,10/3/2022,0.889429782207283,1742894.0408168763
12,10/10/2022,0.946357574630884,1854447.6587613283
12,10/17/2022,0.985543372136229,1931234.7129503659
12,10/24/2022,0.988903977067385,1937820.0312677661
12,10/31/2022,0.959409362564591,1880023.4643615773
12,11/7/2022,0.951238792263021,1864012.7139572315
12,11/14/2022,1.01529296071865,1989530.9176881136
12,11/21/2022,0.995920953101331,1951570.2408823406
12,11/28/2022,1.00641696815431,1972137.8478871589
12,12/5/2022,1.02260241462374,2003854.2563408073
12,12/12/2022,1.00077891765748,1961089.7304938177
12,12/19/2022,1.09268031281139,2141176.339987845
12,12/26/2022,1.05091618607892,2059336.8860343362
12,1/2/2023,0.846768868424043,1659110.5458327988
12,1/9/2023,0.959575732671949,1877386.8469140644
12,1/16/2023,1.02560804438133,2002882.9225396311
12,1/23/2023,0.972163714368916,1895010.5576540832
12,1/30/2023,1.01812541493647,1980934.12044276
12,2/6/2023,1.00290535377348,1949255.9833580083
12,2/13/2023,0.966191479752916,1877898.5632265366
12,2/20/2023,1.05023941395111,2041254.8938321937
12,2/27/2023,0.980030401197002,1904796.0168838326
12,3/6/2023,0.987289078355954,1918904.0478803883
12,3/13/2023,0.957194432724831,1860411.8203933972
12,3/20/2023,1.01714389811013,1976930.1474637522
12,3/27/2023,0.978755132646799,1902317.3931057919
12,4/3/2023,0.955983835814384,1858058.8930924279
12,4/10/2023,0.972066411731345,1889317.134284876
12,4/17/2023,1.02580653701281,1993766.93155006
12,4/24/2023,1.01797137679668,1978538.4429108624
12,5/1/2023,0.978686573943142,1902184.142288076
12,5/8/2023,0.946075599903509,1838801.1560807277
12,5/15/2023,1.03331815742718,2008366.5858293157
12,5/22/2023,0.995410414878648,1934688.7520554936
12,5/29/2023,0.96040495025811,1866651.8121038128
12,6/5/2023,1.01357388967435,1969991.4471830733
12,6/12/2023,1.01010763260931,1963254.3982118717
12,6/19/2023,1.05054968993688,2041857.9491494058
12,6/26/2023,0.984728512882181,1913927.3095580528
12,7/3/2023,0.986416204044456,1917207.5213663583
12,7/10/2023,1.00254001253567,1948545.9026255682
12,7/17/2023,1.05601751967077,2052485.272963766
12,7/24/2023,1.02007953651841,1982635.881688346
12,7/31/2023,1.01258944672995,1968078.0751500349
12,8/7/2023,1.00850598872145,1960141.4289510038
12,8/14/2023,1.02419860011412,1990641.731262736
12,8/21/2023,0.987570193759128,1919450.4267559343
12,8/28/2023,1.0009840035588,1945521.629526968
12,9/4/2023,1.01227091848295,1967458.9800616165
12,9/11/2023,1.00908995792973,1961276.436094584
12,9/18/2023,1.06769752789567,2075186.643008005
12,9/25/2023,1.0871006771325,2112898.7805973715
12,10/2/2023,0.946036493049049,1838725.1471512276
12,10/9/2023,0.978673659149938,1902159.040636451
12,10/16/2023,1.04972313162062,2040251.4428063885
12,10/23/2023,0.993072999537887,1930145.7300776106
12,10/30/2023,0.994623841895633,1933159.9615498094
12,11/6/2023,0.966697300465588,1878881.6811834117
12,11/13/2023,0.974489826240734,1894027.305121992
12,11/20/2023,1.07013156084186,2079917.451735757
12,11/27/2023,1.01527291420718,1973293.6861478044
12,12/4/2023,1.03650453251244,2014559.6527847713
12,12/11/2023,1.01729800102458,1977229.663158474
12,12/18/2023,1.09079321171793,2120075.624226479
12,12/25/2023,1.14688464613713,2229095.4471628126
12,1/1/2024,0.791086413836933,1537497.6268946058
12,1/8/2024,0.961934502226399,1866852.1660145675
12,1/15/2024,1.02436878863594,1983885.3850035444
12,1/22/2024,0.998492811589446,1929739.9571403088
12,1/29/2024,1.01011206126533,1948115.902674841
12,2/5/2024,0.993489146180598,1913271.4388631852
12,2/12/2024,1.03118322106394,1985778.0232296681
12,2/19/2024,1.02122424788583,1966599.7533694447
12,2/26/2024,1.00164469380779,1928894.8650277695
12,3/4/2024,1.00582979676804,1936954.2334053223
12,3/11/2024,1.01411940145619,1952917.7540994906
12,3/18/2024,1.06908809663966,2058772.4892090126
12,3/25/2024,1.02286595131266,1969761.2265969058
12,4/1/2024,0.975994909913803,1879500.366906348
12,4/8/2024,0.955241074767297,1839534.1331806595
12,4/15/2024,1.03882012734976,2000484.6244168254
12,4/22/2024,0.969341593681788,1866687.892452065
12,4/29/2024,0.97154325144424,1870927.6858273505
12,5/6/2024,0.969024904274531,1866078.0351732194
12,5/13/2024,0.962855103611613,1854196.6794879935
12,5/20/2024,1.03816746191962,1999227.7689158805
12,5/27/2024,0.964549789047066,1857460.1819420927
12,6/3/2024,1.01109290380656,1947089.5441077775
12,6/10/2024,1.03617650220439,1995393.7227570885
12,6/17/2024,0.998295184715768,1922444.6230057667
12,6/24/2024,1.01440908575604,1953475.607618192
12,7/1/2024,1.00059142545778,1926866.55745702
12,7/8/2024,0.976630807628778,1880724.9335314007
12,7/15/2024,1.06976266131172,2060071.5175321472
12,7/22/2024,1.0184882556242,1961330.9774936056
12,7/29/2024,0.997645820307098,1921194.12372697
12,8/5/2024,1.01845330436331,1961263.6706690032
12,8/12/2024,1.01055950020537,1946062.3539709242
12,8/19/2024,1.06850394334269,2057647.5693837926
12,8/26/2024,1.02313065526125,1970270.9748382624
12,9/2/2024,1.03268061271071,1988661.5918778155
12,9/9/2024,1.00357677621701,1932615.5296239834
12,9/16/2024,1.04743965323937,2017083.4838114704
12,9/23/2024,1.02685129831642,1977435.9196780592
12,9/30/2024,1.01730846988019,1959059.031120331
12,10/7/2024,0.985174961413434,1897178.6458569057
12,10/14/2024,1.09301179584226,2104843.0176535076
12,10/21/2024,1.02507187345501,1974009.2317365066
12,10/28/2024,0.975414054567719,1878381.797709464
12,11/4/2024,1.02375606430805,1971475.3416292253
12,11/11/2024,1.00711922245415,1939437.3155568035
12,11/18/2024,1.04441210333066,2011253.2467434446
12,11/25/2024,1.07965312476926,2079117.8555132158
12,12/2/2024,1.04771648927529,2017616.594072183
12,12/9/2024,1.08221061293537,2084042.8812572928
12,12/16/2024,1.12845855399927,2173103.8194375904
12,12/23/2024,1.09048453886821,2099976.209320761
12,12/30/2024,0.872891012390975,1680950.342835799
13,3/1/2021,0.964059412482656,2287426.4895552364
13,3/8/2021,0.977020635658403,2318179.620396645
13,3/15/2021,1.00920066913928,2394533.2767362683
13,3/22/2021,1.03600288084541,2458126.960172036
13,3/29/2021,0.950452414554376,2255141.127332484
13,4/5/2021,0.94571762974311,2243906.8900805707
13,4/12/2021,0.94357039584668,2238812.142159453
13,4/19/2021,1.05564249213701,2504725.9214418903
13,4/26/2021,0.982932252752808,2332206.1311818813
13,5/3/2021,0.977922025657247,2320318.351194327
13,5/10/2021,0.9666681471939,2293616.2418624517
13,5/17/2021,0.991907040257389,2353500.6345342565
13,5/24/2021,1.03153984835664,2447537.510034887
13,5/31/2021,0.987204604169755,2342343.150851189
13,6/7/2021,1.01952741180039,2419035.5677160104
13,6/14/2021,1.06963464788649,2537925.1482673036
13,6/21/2021,1.00282405822413,2379403.473643735
13,6/28/2021,0.968366573036425,2297646.1013256796
13,7/5/2021,0.966409884813792,2293003.4617220606
13,7/12/2021,0.980907648089842,2327402.34567176
13,7/19/2021,1.07712842383508,2555705.652019142
13,7/26/2021,1.00128530394204,2375752.4674430103
13,8/2/2021,0.982048218412397,2330108.580398369
13,8/9/2021,0.989983217200973,2348935.9745257804
13,8/16/2021,1.03389208115458,2453118.6601017313
13,8/23/2021,1.02213412022019,2425220.513096475
13,8/30/2021,0.979676977398243,2324482.3305404247
13,9/6/2021,1.02157949085798,2423904.542488175
13,9/13/2021,0.99731249595078,2366326.1748908167
13,9/20/2021,1.08341193690864,2570614.5612558457
13,9/27/2021,0.970874454055559,2303596.557734659
13,10/4/2021,0.964387431166363,2288204.780031689
13,10/11/2021,0.970986226589708,2303861.7606295263
13,10/18/2021,0.99112830420288,2351652.9251313703
13,10/25/2021,0.977931695211219,2320341.293818453
13,11/1/2021,0.977643380025226,2319657.207656938
13,11/8/2021,0.957354111011303,2271516.801925456
13,11/15/2021,1.01599504277348,2410654.306430717
13,11/22/2021,0.996741408855935,2364971.1550355926
13,11/29/2021,0.982726113057122,2331717.0232796264
13,12/6/2021,0.998658084768074,2369518.8576560183
13,12/13/2021,0.999881822525019,2372422.42373617
13,12/20/2021,1.08597223553425,2576689.3898351192
13,12/27/2021,0.962617935103738,2284006.2929208814
13,1/3/2022,0.866924771696525,2056577.3111886377
13,1/10/2022,0.954034955569058,2260248.552061146
13,1/17/2022,0.996669673196934,2357711.4697806602
13,1/24/2022,1.03741074368998,2450397.755425972
13,1/31/2022,0.978531301721974,2307841.2296812115
13,2/7/2022,1.00305968398407,2364161.2330410546
13,2/14/2022,1.03567392899733,2441031.3680602843
13,2/21/2022,1.02715779982629,2420959.2795072314
13,2/28/2022,0.977498162277369,2303914.010791536
13,3/7/2022,0.987395675644102,2327241.9520294205
13,3/14/2022,1.00672430383885,2372798.5568755083
13,3/21/2022,0.983548923947832,2318175.352151579
13,3/28/2022,0.935672140661349,2205332.1818158254
13,4/4/2022,0.926694468710878,2184172.260626315
13,4/11/2022,0.938542794669196,2212098.168923869
13,4/18/2022,0.972782866155238,2292800.2953469045
13,4/25/2022,0.974435125510603,2296694.587376435
13,5/2/2022,0.959048472719721,2260429.02037193
13,5/9/2022,0.910011443554724,2144851.208754138
13,5/16/2022,0.971317491609282,2289346.481154723
13,5/23/2022,0.967334226825407,2279958.126538055
13,5/30/2022,0.97058714748252,2287625.0971065448
13,6/6/2022,0.963892652996303,2271846.510279737
13,6/13/2022,0.973434733087932,2294336.7130241427
13,6/20/2022,1.00790922754322,2375591.36259461
13,6/27/2022,0.966644446544086,2278332.348770886
13,7/4/2022,0.938839030201163,2212796.3806424327
13,7/11/2022,0.934600730949558,2202806.9225023417
13,7/18/2022,1.03539657344825,2440377.654403915
13,7/25/2022,0.991771789763703,2337556.2331863907
13,8/1/2022,0.983974278606853,2319177.891590147
13,8/8/2022,0.962626327441973,2268861.844257901
13,8/15/2022,1.02921014967994,2425796.5647988245
13,8/22/2022,0.967585416340069,2280550.167328564
13,8/29/2022,0.973246259471858,2293892.4898741036
13,9/5/2022,0.990288293814746,2334059.707820256
13,9/12/2022,1.00613318880225,2371405.3286597156
13,9/19/2022,1.1094271035664,2614863.8914225996
13,9/26/2022,1.12972506773639,2662705.1724188495
13,10/3/2022,0.889429782207283,2096341.268647772
13,10/10/2022,0.946357574630884,2230517.2124261856
13,10/17/2022,0.985543372136229,2322876.1663385583
13,10/24/2022,0.988903977067385,2330796.942950275
13,10/31/2022,0.959409362564591,2261279.6196181187
13,11/7/2022,0.951238792263021,2242021.9962678524
13,11/14/2022,1.01529296071865,2392994.4501660727
13,11/21/2022,0.995920953101331,2347335.6024978464
13,11/28/2022,1.00641696815431,2372074.1822269703
13,12/5/2022,1.02260241462374,2410222.46569145
13,12/12/2022,1.00077891765748,2358785.5809073206
13,12/19/2022,1.09268031281139,2575392.5477634827
13,12/26/2022,1.05091618607892,2476956.6014104695
13,1/2/2023,0.846768868424043,1995575.5939833247
13,1/9/2023,0.959575732671949,2258243.989779843
13,1/16/2023,1.02560804438133,2409368.3590144315
13,1/23/2023,0.972163714368916,2279764.2202438368
13,1/30/2023,1.01812541493647,2383302.1590593318
13,2/6/2023,1.00290535377348,2345284.7885681395
13,2/13/2023,0.966191479752916,2259429.73751622
13,2/20/2023,1.05023941395111,2455975.045357641
13,2/27/2023,0.980030401197002,2291791.9257028396
13,3/6/2023,0.987289078355954,2308766.2743085343
13,3/13/2023,0.957194432724831,2238390.2270497424
13,3/20/2023,1.01714389811013,2378581.49110493
13,3/27/2023,0.978755132646799,2288809.7222024826
13,4/3/2023,0.955983835814384,2235559.257593081
13,4/10/2023,0.972066411731345,2273168.2109053484
13,4/17/2023,1.02580653701281,2398838.9911375786
13,4/24/2023,1.01797137679668,2380516.5422234195
13,5/1/2023,0.978686573943142,2288649.398191353
13,5/8/2023,0.946075599903509,2212388.940356853
13,5/15/2023,1.03331815742718,2416404.8448851164
13,5/22/2023,0.995410414878648,2327757.9434167217
13,5/29/2023,0.96040495025811,2245897.9917425257
13,6/5/2023,1.01357388967435,2370233.059107954
13,6/12/2023,1.01010763260931,2362127.2494462384
13,6/19/2023,1.05054968993688,2456700.6222419403
13,6/26/2023,0.984728512882181,2302778.4155037627
13,7/3/2023,0.986416204044456,2306725.065574547
13,7/10/2023,1.00254001253567,2344430.4410689175
13,7/17/2023,1.05601751967077,2469487.091445124
13,7/24/2023,1.02007953651841,2385446.4542066394
13,7/31/2023,1.01258944672995,2367930.9494866906
13,8/7/2023,1.00850598872145,2358381.821031781
13,8/14/2023,1.02419860011412,2395078.8456675545
13,8/21/2023,0.987570193759128,2309423.659735361
13,8/28/2023,1.0009840035588,2340791.7281607683
13,9/4/2023,1.01227091848295,2367186.0728996266
13,9/11/2023,1.00908995792973,2359747.426507023
13,9/18/2023,1.06769752789567,2496800.680731467
13,9/25/2023,1.0871006771325,2542174.76384617
13,10/2/2023,0.946036493049049,2212297.4891038123
13,10/9/2023,0.978673659149938,2288619.1966496804
13,10/16/2023,1.04972313162062,2454767.7232414503
13,10/23/2023,0.993072999537887,2322291.919200108
13,10/30/2023,0.994623841895633,2325918.5494232206
13,11/6/2023,0.966697300465588,2260612.5935774287
13,11/13/2023,0.974489826240734,2278835.3424366955
13,11/20/2023,1.07013156084186,2502492.644342325
13,11/27/2023,1.01527291420718,2374206.212613455
13,12/4/2023,1.03650453251244,2423856.1535752993
13,12/11/2023,1.01729800102458,2378941.8592132037
13,12/18/2023,1.09079321171793,2550809.721741001
13,12/25/2023,1.14688464613713,2681979.016234795
13,1/1/2024,0.791086413836933,1849877.3606601325
13,1/8/2024,0.961934502226399,2246460.42719935
13,1/15/2024,1.02436878863594,2387771.324884625
13,1/22/2024,0.998492811589446,2323071.7934302217
13,1/29/2024,1.01011206126533,2345668.8598802728
13,2/5/2024,0.993489146180598,2304039.036728701
13,2/12/2024,1.03118322106394,2391364.3545028116
13,2/19/2024,1.02122424788583,2368269.008288962
13,2/26/2024,1.00164469380779,2322863.0641498906
13,3/4/2024,1.00582979676804,2332568.522693601
13,3/11/2024,1.01411940145619,2351792.521607588
13,3/18/2024,1.06908809663966,2479267.6157887313
13,3/25/2024,1.02286595131266,2372076.198687092
13,4/1/2024,0.975994909913803,2263379.9598487774
13,4/8/2024,0.955241074767297,2215250.800652804
13,4/15/2024,1.03882012734976,2409074.714129048
13,4/22/2024,0.969341593681788,2247950.5946111334
13,4/29/2024,0.97154325144424,2253056.346977531
13,5/6/2024,0.969024904274531,2247216.176702726
13,5/13/2024,0.962855103611613,2232908.1067996277
13,5/20/2024,1.03816746191962,2407561.151220118
13,5/27/2024,0.964549789047066,2236838.164823975
13,6/3/2024,1.01109290380656,2344773.92552145
13,6/10/2024,1.03617650220439,2402944.0177489794
13,6/17/2024,0.998295184715768,2315095.3886439176
13,6/24/2024,1.01440908575604,2352464.3137639253
13,7/1/2024,1.00059142545778,2320420.483330923
13,7/8/2024,0.976630807628778,2264854.6381197497
13,7/15/2024,1.06976266131172,2480831.9647898367
13,7/22/2024,1.0184882556242,2361924.1088774414
13,7/29/2024,0.997645820307098,2313589.4815586857
13,8/5/2024,1.01845330436331,2361843.0555173177
13,8/12/2024,1.01055950020537,2343536.937316452
13,8/19/2024,1.06850394334269,2477912.936681181
13,8/26/2024,1.02313065526125,2372690.0610289285
13,9/2/2024,1.03268061271071,2394836.8796745385
13,9/9/2024,1.00357677621701,2327343.6584175895
13,9/16/2024,1.04743965323937,2429063.8167287204
13,9/23/2024,1.02685129831642,2381318.413963715
13,9/30/2024,1.01730846988019,2359188.127682942
13,10/7/2024,0.985174961413434,2284668.9488661843
13,10/14/2024,1.09301179584226,2534747.8452188866
13,10/21/2024,1.02507187345501,2377191.8402119284
13,10/28/2024,0.975414054567719,2262032.9279343374
13,11/4/2024,1.02375606430805,2374140.4142373013
13,11/11/2024,1.00711922245415,2335558.7637900114
13,11/18/2024,1.04441210333066,2422042.779600827
13,11/25/2024,1.07965312476926,2503768.4329601955
13,12/2/2024,1.04771648927529,2429705.812320738
13,12/9/2024,1.08221061293537,2509699.3732142337
13,12/16/2024,1.12845855399927,2616950.6118937386
13,12/23/2024,1.09048453886821,2528887.0124537614
13,12/30/2024,0.872891012390975,2024276.9758591584
14,3/1/2021,0.964059412482656,1076992.2608977968
14,3/8/2021,0.977020635658403,1091471.8011258175
14,3/15/2021,1.00920066913928,1127421.501474319
14,3/22/2021,1.03600288084541,1157363.405666518
14,3/29/2021,0.950452414554376,1061791.2978364874
14,4/5/2021,0.94571762974311,1056501.8659440738
14,4/12/2021,0.94357039584668,1054103.098569
14,4/19/2021,1.05564249213701,1179303.660719037
14,4/26/2021,0.982932252752808,1098075.923023936
14,5/3/2021,0.977922025657247,1092478.7827250895
14,5/10/2021,0.9666681471939,1079906.590737942
14,5/17/2021,0.991907040257389,1108102.0443957634
14,5/24/2021,1.03153984835664,1152377.5600247239
14,5/31/2021,0.987204604169755,1102848.7506267722
14,6/7/2021,1.01952741180039,1138957.9501392224
14,6/14/2021,1.06963464788649,1194934.9000978677
14,6/21/2021,1.00282405822413,1120297.9150024755
14,6/28/2021,0.968366573036425,1081803.9753280925
14,7/5/2021,0.966409884813792,1079618.0747115982
14,7/12/2021,0.980907648089842,1095814.1500280485
14,7/19/2021,1.07712842383508,1203306.5197729669
14,7/26/2021,1.00128530394204,1118578.9064059635
14,8/2/2021,0.982048218412397,1097088.3302398454
14,8/9/2021,0.989983217200973,1105952.8589044642
14,8/16/2021,1.03389208115458,1155005.3405927916
14,8/23/2021,1.02213412022019,1141870.016405624
14,8/30/2021,0.979676977398243,1094439.3148968054
14,9/6/2021,1.02157949085798,1141250.4160819824
14,9/13/2021,0.99731249595078,1114140.7116361868
14,9/20/2021,1.08341193690864,1210326.1026523164
14,9/27/2021,0.970874454055559,1084605.637135156
14,10/4/2021,0.964387431166363,1077358.7046546733
14,10/11/2021,0.970986226589708,1084730.5030208507
14,10/18/2021,0.99112830420288,1107232.084798854
14,10/25/2021,0.977931695211219,1092489.584940425
14,11/1/2021,0.977643380025226,1092167.4956397766
14,11/8/2021,0.957354111011303,1069501.48002988
14,11/15/2021,1.01599504277348,1135011.7887128831
14,11/22/2021,0.996741408855935,1113502.7256468553
14,11/29/2021,0.982726113057122,1097845.635540433
14,12/6/2021,0.998658084768074,1115643.9268330755
14,12/13/2021,0.999881822525019,1117011.0169495516
14,12/20/2021,1.08597223553425,1213186.3224902907
14,12/27/2021,0.962617935103738,1075381.92454623
14,1/3/2022,0.866924771696525,968387.7935464988
14,1/10/2022,0.954034955569058,1064974.0997229412
14,1/17/2022,0.996669673196934,1111710.418757141
14,1/24/2022,1.03741074368998,1156262.7785252377
14,1/31/2022,0.978531301721974,1089796.9706658274
14,2/7/2022,1.00305968398407,1116744.9946992344
14,2/14/2022,1.03567392899733,1153055.6903116687
14,2/21/2022,1.02715779982629,1143574.3555656914
14,2/28/2022,0.977498162277369,1088286.3676585061
14,3/7/2022,0.987395675644102,1099305.6506450179
14,3/14/2022,1.00672430383885,1120824.9571605993
14,3/21/2022,0.983548923947832,1095022.9137691353
14,3/28/2022,0.935672140661349,1041719.8462172162
14,4/4/2022,0.926694468710878,1031724.6581233292
14,4/11/2022,0.938542794669196,1044915.8559445036
14,4/18/2022,0.972782866155238,1083036.646830441
14,4/25/2022,0.974435125510603,1084876.1708426035
14,5/2/2022,0.959048472719721,1067745.6174418377
14,5/9/2022,0.910011443554724,1013150.8034505044
14,5/16/2022,0.971317491609282,1081405.188918816
14,5/23/2022,0.967334226825407,1076970.4667637695
14,5/30/2022,0.97058714748252,1080592.0686752705
14,6/6/2022,0.963892652996303,1073138.830006018
14,6/13/2022,0.973434733087932,1083762.3953919895
14,6/20/2022,1.00790922754322,1122144.1783484926
14,6/27/2022,0.966644446544086,1076202.5076638456
14,7/4/2022,0.938839030201163,1045245.6662609589
14,7/11/2022,0.934600730949558,1040527.0044072545
14,7/18/2022,1.03539657344825,1152746.899587195
14,7/25/2022,0.991771789763703,1104177.7470362885
14,8/1/2022,0.983974278606853,1095496.47743362
14,8/8/2022,0.962626327441973,1071728.9808613085
14,8/15/2022,1.02921014967994,1145859.3156769131
14,8/22/2022,0.967585416340069,1077250.1256209447
14,8/29/2022,0.973246259471858,1083552.5604015572
14,9/5/2022,0.990288293814746,1102526.1138823153
14,9/12/2022,1.00613318880225,1120166.845994542
14,9/19/2022,1.1094271035664,1235167.941287282
14,9/26/2022,1.12972506773639,1257766.446901358
14,10/3/2022,0.889429782207283,990236.446803716
14,10/10/2022,0.946357574630884,1053616.3515503157
14,10/17/2022,0.985543372136229,1097243.4097383695
14,10/24/2022,0.988903977067385,1100984.9006676755
14,10/31/2022,0.959409362564591,1068147.4098727168
14,11/7/2022,0.951238792263021,1059050.799139387
14,11/14/2022,1.01529296071865,1130364.7729403519
14,11/21/2022,0.995920953101331,1108797.1704656887
14,11/28/2022,1.00641696815431,1120482.788460905
14,12/5/2022,1.02260241462374,1138502.6696606914
14,12/12/2022,1.00077891765748,1114205.7296078159
14,12/19/2022,1.09268031281139,1216523.09383575
14,12/26/2022,1.05091618607892,1170025.4823398981
14,1/2/2023,0.846768868424043,942673.8077239747
14,1/9/2023,0.959575732671949,1067275.9707164846
14,1/16/2023,1.02560804438133,1139401.8572810567
14,1/23/2023,0.972163714368916,1078778.582131648
14,1/30/2023,1.01812541493647,1128472.4579906957
14,2/6/2023,1.00290535377348,1110866.3130000462
14,2/13/2023,0.966191479752916,1070200.256428633
14,2/20/2023,1.05023941395111,1163295.7997383855
14,2/27/2023,0.980030401197002,1085528.9129335477
14,3/6/2023,0.987289078355954,1093568.9736518199
14,3/13/2023,0.957194432724831,1060234.6934843129
14,3/20/2023,1.01714389811013,1126637.6110891807
14,3/27/2023,0.978755132646799,1084116.363993153
14,4/3/2023,0.955983835814384,1058893.7779628527
14,4/10/2023,0.972066411731345,1076707.614258589
14,4/17/2023,1.02580653701281,1136232.7674383607
14,4/24/2023,1.01797137679668,1127554.1662810436
14,5/1/2023,0.978686573943142,1084040.424971099
14,5/8/2023,0.946075599903509,1047918.9381776785
14,5/15/2023,1.03331815742718,1144553.000259817
14,5/22/2023,0.995410414878648,1102564.5573555683
14,5/29/2023,0.96040495025811,1063790.8173822216
14,6/5/2023,1.01357388967435,1122683.297597105
14,6/12/2023,1.01010763260931,1118843.904196309
14,6/19/2023,1.05054968993688,1163639.4763338424
14,6/26/2023,0.984728512882181,1090732.767851239
14,7/3/2023,0.986416204044456,1092602.1359436796
14,7/10/2023,1.00254001253567,1110461.6434599005
14,7/17/2023,1.05601751967077,1169695.9081612423
14,7/24/2023,1.02007953651841,1129889.2657118852
14,7/31/2023,1.01258944672995,1121592.881230326
14,8/7/2023,1.00850598872145,1117069.8463106598
14,8/14/2023,1.02419860011412,1134451.739123345
14,8/21/2023,0.987570193759128,1093880.3506389007
14,8/28/2023,1.0009840035588,1108738.1329616776
14,9/4/2023,1.01227091848295,1121240.0639941243
14,9/11/2023,1.00908995792973,1117716.678738985
14,9/18/2023,1.06769752789567,1182633.2482882224
14,9/25/2023,1.0871006771325,1204125.1116599136
14,10/2/2023,0.946036493049049,1047875.6216182534
14,10/9/2023,0.978673659149938,1084026.1199905155
14,10/16/2023,1.04972313162062,1162723.9404891056
14,10/23/2023,0.993072999537887,1099975.5234676653
14,10/30/2023,0.994623841895633,1101693.3112036758
14,11/6/2023,0.966697300465588,1070760.5277697747
14,11/13/2023,0.974489826240734,1079391.9049589094
14,11/20/2023,1.07013156084186,1185329.300448271
14,11/27/2023,1.01527291420718,1124565.2190964664
14,12/4/2023,1.03650453251244,1148082.3829745138
14,12/11/2023,1.01729800102458,1126808.302878286
14,12/18/2023,1.09079321171793,1208215.1409338159
14,12/25/2023,1.14688464613713,1270344.7174709225
14,1/1/2024,0.791086413836933,876223.1247129343
14,1/8/2024,0.961934502226399,1064534.9511438916
14,1/15/2024,1.02436878863594,1132211.6506413787
14,1/22/2024,0.998492811589446,1102229.9575708017
14,1/29/2024,1.01011206126533,1113658.2404731086
14,2/5/2024,0.993489146180598,1094376.8636369964
14,2/12/2024,1.03118322106394,1135869.5865037264
14,2/19/2024,1.02122424788583,1124899.5720958293
14,2/26/2024,1.00164469380779,1103332.289400634
14,3/4/2024,1.00582979676804,1107942.2665979897
14,3/11/2024,1.01411940145619,1117073.4371488958
14,3/18/2024,1.06908809663966,1177622.5886519714
14,3/25/2024,1.02286595131266,1126707.9422470848
14,4/1/2024,0.975994909913803,1075078.5234333596
14,4/8/2024,0.955241074767297,1052217.7459612666
14,4/15/2024,1.03882012734976,1144281.7962069695
14,4/22/2024,0.969341593681788,1067749.75834571
14,4/29/2024,0.97154325144424,1070174.9297673078
14,5/6/2024,0.969024904274531,1067400.9184098495
14,5/13/2024,0.962855103611613,1060604.7557241546
14,5/20/2024,1.03816746191962,1143562.8717320468
14,5/27/2024,0.964549789047066,1062471.486680557
14,6/3/2024,1.01109290380656,1113739.6875482462
14,6/10/2024,1.03617650220439,1141369.7885397589
14,6/17/2024,0.998295184715768,1099642.736018013
14,6/24/2024,1.01440908575604,1117392.5303688317
14,7/1/2024,1.00059142545778,1102172.0925601455
14,7/8/2024,0.976630807628778,1075778.9778262961
14,7/15/2024,1.06976266131172,1178365.6355183276
14,7/22/2024,1.0184882556242,1121885.82010366
14,7/29/2024,0.997645820307098,1098927.4477180855
14,8/5/2024,1.01845330436331,1121847.3205684358
14,8/12/2024,1.01055950020537,1113152.132498534
14,8/19/2024,1.06850394334269,1176979.1317550002
14,8/26/2024,1.02313065526125,1126999.5191200506
14,9/2/2024,1.03268061271071,1137518.994241987
14,9/9/2024,1.00357677621701,1105460.5180706608
14,9/16/2024,1.04743965323937,1153776.3817919374
14,9/23/2024,1.02685129831642,1131097.884199897
14,9/30/2024,1.01730846988019,1120586.2618502416
14,10/7/2024,0.985174961413434,1085190.539509398
14,10/14/2024,1.09301179584226,1203975.0367970828
14,10/21/2024,1.02507187345501,1129137.8110065935
14,10/28/2024,0.975414054567719,1074438.6992949417
14,11/4/2024,1.02375606430805,1127688.420090761
14,11/11/2024,1.00711922245415,1109362.5956491132
14,11/18/2024,1.04441210333066,1150441.4731106914
14,11/25/2024,1.07965312476926,1189260.1850812458
14,12/2/2024,1.04771648927529,1154081.3223815947
14,12/9/2024,1.08221061293537,1192077.3110307613
14,12/16/2024,1.12845855399927,1243020.3719712773
14,12/23/2024,1.09048453886821,1201191.2110639173
14,12/30/2024,0.872891012390975,961507.4537179648
15,3/1/2021,0.964059412482656,1182064.6765787618
15,3/8/2021,0.977020635658403,1197956.854882696
15,3/15/2021,1.00920066913928,1237413.8430852806
15,3/22/2021,1.03600288084541,1270276.908678184
15,3/29/2021,0.950452414554376,1165380.6927802253
15,4/5/2021,0.94571762974311,1159575.2187608476
15,4/12/2021,0.94357039584668,1156942.4252970978
15,4/19/2021,1.05564249213701,1294357.6764379395
15,4/26/2021,0.982932252752808,1205205.2814003124
15,5/3/2021,0.977922025657247,1199062.0786274795
15,5/10/2021,0.9666681471939,1185263.3313068922
15,5/17/2021,0.991907040257389,1216209.5609118496
15,5/24/2021,1.03153984835664,1264804.6390202686
15,5/31/2021,0.987204604169755,1210443.7506383713
15,6/7/2021,1.01952741180039,1250075.7988760995
15,6/14/2021,1.06963464788649,1311513.9146864598
15,6/21/2021,1.00282405822413,1229595.2725166245
15,6/28/2021,0.968366573036425,1187345.826538595
15,7/5/2021,0.966409884813792,1184946.6673330881
15,7/12/2021,0.980907648089842,1202722.847572893
15,7/19/2021,1.07712842383508,1320702.2777955218
15,7/26/2021,1.00128530394204,1227708.555823111
15,8/2/2021,0.982048218412397,1204121.3380929995
15,8/9/2021,0.989983217200973,1213850.6988147644
15,8/16/2021,1.03389208115458,1267688.788458983
15,8/23/2021,1.02213412022019,1253271.969214826
15,8/30/2021,0.979676977398243,1201213.8821796952
15,9/6/2021,1.02157949085798,1252591.9200539992
15,9/13/2021,0.99731249595078,1222837.3663887593
15,9/20/2021,1.08341193690864,1328406.6979816726
15,9/27/2021,0.970874454055559,1190420.8211939647
15,10/4/2021,0.964387431166363,1182466.870909221
15,10/11/2021,0.970986226589708,1190557.8691293683
15,10/18/2021,0.99112830420288,1215254.727192901
15,10/25/2021,0.977931695211219,1199073.934680825
15,11/1/2021,0.977643380025226,1198720.422048478
15,11/8/2021,0.957354111011303,1173843.0878428828
15,11/15/2021,1.01599504277348,1245744.6461476246
15,11/22/2021,0.996741408855935,1222137.1378983571
15,11/29/2021,0.982726113057122,1204952.5268000476
15,12/6/2021,0.998658084768074,1224487.2367539168
15,12/13/2021,0.999881822525019,1225987.7015210537
15,12/20/2021,1.08597223553425,1331545.963704746
15,12/27/2021,0.962617935103738,1180297.2342593712
15,1/3/2022,0.866924771696525,1062911.365242757
15,1/10/2022,0.954034955569058,1169293.8168749416
15,1/17/2022,0.996669673196934,1221047.1608971262
15,1/24/2022,1.03741074368998,1270438.5629108755
15,1/31/2022,0.978531301721974,1197841.3041766924
15,2/7/2022,1.00305968398407,1227650.8398342556
15,2/14/2022,1.03567392899733,1267567.6123761132
15,2/21/2022,1.02715779982629,1257144.6701274952
15,2/28/2022,0.977498162277369,1196365.938072629
15,3/7/2022,0.987395675644102,1208479.564780927
15,3/14/2022,1.00672430383885,1232135.990218186
15,3/21/2022,0.983548923947832,1203771.501993929
15,3/28/2022,0.935672140661349,1145174.8161209547
15,4/4/2022,0.926694468710878,1134186.9888865363
15,4/11/2022,0.938542794669196,1148688.2270057143
15,4/18/2022,0.972782866155238,1190594.8584836393
15,4/25/2022,0.974435125510603,1192617.0687599485
15,5/2/2022,0.959048472719721,1173785.2509673014
15,5/9/2022,0.910011443554724,1113768.5331405709
15,5/16/2022,0.971317491609282,1188801.3777431245
15,5/23/2022,0.967334226825407,1183926.2357978444
15,5/30/2022,0.97058714748252,1187907.5051663588
15,6/6/2022,0.963892652996303,1179714.0726984863
15,6/13/2022,0.973434733087932,1191392.682448444
15,6/20/2022,1.00790922754322,1233586.2255755456
15,6/27/2022,0.966644446544086,1183082.0094379883
15,7/4/2022,0.938839030201163,1149050.7914628524
15,7/11/2022,0.934600730949558,1143863.5112634145
15,7/18/2022,1.03539657344825,1267228.155118964
15,7/25/2022,0.991771789763703,1213835.5173951127
15,8/1/2022,0.983974278606853,1204292.0961285578
15,8/8/2022,0.962626327441973,1178164.2090339975
15,8/15/2022,1.02921014967994,1259656.553495119
15,8/22/2022,0.967585416340069,1184233.6680607896
15,8/29/2022,0.973246259471858,1191162.0083548527
15,9/5/2022,0.990288293814746,1212019.8577120476
15,9/12/2022,1.00613318880225,1231412.5209676335
15,9/19/2022,1.1094271035664,1357834.570693583
15,9/26/2022,1.12972506773639,1382677.3723765735
15,10/3/2022,0.889429782207283,1088578.512886139
15,10/10/2022,0.946357574630884,1158252.7837867807
15,10/17/2022,0.985543372136229,1206212.5193289886
15,10/24/2022,0.988903977067385,1210325.5840764095
15,10/31/2022,0.959409362564591,1174226.9461990502
15,11/7/2022,0.951238792263021,1164226.9355624116
15,11/14/2022,1.01529296071865,1242623.2213911656
15,11/21/2022,0.995920953101331,1218913.7036035946
15,11/28/2022,1.00641696815431,1231759.8401769488
15,12/5/2022,1.02260241462374,1251569.3064224657
15,12/12/2022,1.00077891765748,1224859.39594535
15,12/19/2022,1.09268031281139,1337338.071688234
15,12/26/2022,1.05091618607892,1286222.703323134
15,1/2/2023,0.846768868424043,1036318.0062974743
15,1/9/2023,0.959575732671949,1173676.0669908163
15,1/16/2023,1.02560804438133,1253500.5925027202
15,1/23/2023,0.972163714368916,1187288.8550039069
15,1/30/2023,1.01812541493647,1242486.9832723525
15,2/6/2023,1.00290535377348,1223387.031963089
15,2/13/2023,0.966191479752916,1178601.8713068424
15,2/20/2023,1.05023941395111,1281127.1518318502
15,2/27/2023,0.980030401197002,1195483.182113106
15,3/6/2023,0.987289078355954,1204337.628310008
15,3/13/2023,0.957194432724831,1167626.8868147098
15,3/20/2023,1.01714389811013,1240755.819922455
15,3/27/2023,0.978755132646799,1193927.5547686256
15,4/3/2023,0.955983835814384,1166150.1487216256
15,4/10/2023,0.972066411731345,1185768.3656736398
15,4/17/2023,1.02580653701281,1251322.8789778056
15,4/24/2023,1.01797137679668,1241765.213968728
15,5/1/2023,0.978686573943142,1193843.9239023898
15,5/8/2023,0.946075599903509,1154063.6569130938
15,5/15/2023,1.03331815742718,1260485.8762221383
15,5/22/2023,0.995410414878648,1214244.3834769262
15,5/29/2023,0.96040495025811,1171543.2140200424
15,6/5/2023,1.01357388967435,1236400.9702718286
15,6/12/2023,1.01010763260931,1232172.680992088
15,6/19/2023,1.05054968993688,1281505.639757172
15,6/26/2023,0.984728512882181,1201214.1405230062
15,7/3/2023,0.986416204044456,1203272.8586911643
15,7/10/2023,1.00254001253567,1222941.3729297572
15,7/17/2023,1.05601751967077,1288175.5333653728
15,7/24/2023,1.02007953651841,1244336.8377676199
15,7/31/2023,1.01258944672995,1235200.104518203
15,8/7/2023,1.00850598872145,1230218.9270273568
15,8/14/2023,1.02419860011412,1249361.4484866632
15,8/21/2023,0.987570193759128,1204680.5449658548
15,8/28/2023,1.0009840035588,1221043.28635239
15,9/4/2023,1.01227091848295,1234811.5500080439
15,9/11/2023,1.00908995792973,1230931.277676533
15,9/18/2023,1.06769752789567,1302423.3090931498
15,9/25/2023,1.0871006771325,1326092.1040186908
15,10/2/2023,0.946036493049049,1154015.952644766
15,10/9/2023,0.978673659149938,1193828.1698397591
15,10/16/2023,1.04972313162062,1280497.3684071617
15,10/23/2023,0.993072999537887,1211393.1038093842
15,10/30/2023,0.994623841895633,1213284.887945658
15,11/6/2023,0.966697300465588,1179218.8930900607
15,11/13/2023,0.974489826240734,1188724.550778072
15,11/20/2023,1.07013156084186,1305392.447092522
15,11/27/2023,1.01527291420718,1238473.513396199
15,12/4/2023,1.03650453251244,1264372.753449638
15,12/11/2023,1.01729800102458,1240943.80129785
15,12/18/2023,1.09079321171793,1330596.416408938
15,12/25/2023,1.14688464613713,1399019.1576144358
15,1/1/2024,0.791086413836933,964976.6610347274
15,1/8/2024,0.961934502226399,1172364.9332647186
15,1/15/2024,1.02436878863594,1246900.112360936
15,1/22/2024,0.998492811589446,1213884.617733655
15,1/29/2024,1.01011206126533,1226473.8383509538
15,2/5/2024,0.993489146180598,1205241.4551088081
15,2/12/2024,1.03118322106394,1250937.6188467334
15,2/19/2024,1.02122424788583,1238856.2990843311
15,2/26/2024,1.00164469380779,1215104.166302694
15,3/4/2024,1.00582979676804,1220181.1522333946
15,3/11/2024,1.01411940145619,1230237.3460664891
15,3/18/2024,1.06908809663966,1296920.3634545687
15,3/25/2024,1.02286595131266,1240847.8641872997
15,4/1/2024,0.975994909913803,1183988.183271675
15,4/8/2024,0.955241074767297,1158811.5196034433
15,4/15/2024,1.03882012734976,1260202.0182540193
15,4/22/2024,0.969341593681788,1175916.9855742832
15,4/29/2024,0.97154325144424,1178587.8363349072
15,5/6/2024,0.969024904274531,1175532.8067803897
15,5/13/2024,0.962855103611613,1168048.1662571423
15,5/20/2024,1.03816746191962,1259410.2639537852
15,5/27/2024,0.964549789047066,1170104.0044155535
15,6/3/2024,1.01109290380656,1226565.8746026326
15,6/10/2024,1.03617650220439,1256995.012894208
15,6/17/2024,0.998295184715768,1211040.8467069196
15,6/24/2024,1.01440908575604,1230588.764639496
15,7/1/2024,1.00059142545778,1213826.4369244685
15,7/8/2024,0.976630807628778,1184759.5964253934
15,7/15/2024,1.06976266131172,1297738.6838402085
15,7/22/2024,1.0184882556242,1235537.2421984295
15,7/29/2024,0.997645820307098,1210253.0968909739
15,8/5/2024,1.01845330436331,1235494.8425183292
15,8/12/2024,1.01055950020537,1225918.7978683445
15,8/19/2024,1.06850394334269,1296211.7218066456
15,8/26/2024,1.02313065526125,1241168.9788898963
15,9/2/2024,1.03268061271071,1252754.1179749095
15,9/9/2024,1.00357677621701,1217447.9927531842
15,9/16/2024,1.04743965323937,1270658.4424543774
15,9/23/2024,1.02685129831642,1245682.5243347995
15,9/30/2024,1.01730846988019,1234106.0335125967
15,10/7/2024,0.985174961413434,1195124.5860500904
15,10/14/2024,1.09301179584226,1325942.4175789072
15,10/21/2024,1.02507187345501,1243523.8880980466
15,10/28/2024,0.975414054567719,1183283.5424238665
15,11/4/2024,1.02375606430805,1241927.6682501922
15,11/11/2024,1.00711922245415,1221745.366108316
15,11/18/2024,1.04441210333066,1266985.6945459703
15,11/25/2024,1.07965312476926,1309736.8938872172
15,12/2/2024,1.04771648927529,1270994.2747870982
15,12/9/2024,1.08221061293537,1312839.40572965
15,12/16/2024,1.12845855399927,1368943.1980367717
15,12/23/2024,1.09048453886821,1322876.5795212274
15,12/30/2024,0.872891012390975,1058911.9199834035
16,3/1/2021,0.964059412482656,798550.3592645715
16,3/8/2021,0.977020635658403,809286.4086111856
16,3/15/2021,1.00920066913928,835941.7962007074
16,3/22/2021,1.03600288084541,858142.6227387106
16,3/29/2021,0.950452414554376,787279.4013373456
16,4/5/2021,0.94571762974311,783357.4811098513
16,4/12/2021,0.94357039584668,781578.8828460785
16,4/19/2021,1.05564249213701,874410.519155175
16,4/26/2021,0.982932252752808,814183.1233854399
16,5/3/2021,0.977922025657247,810033.0486140097
16,5/10/2021,0.9666681471939,800711.228217298
16,5/17/2021,0.991907040257389,821617.1255684544
16,5/24/2021,1.03153984835664,854445.8005761739
16,5/31/2021,0.987204604169755,817722.0004442026
16,6/7/2021,1.01952741180039,844495.6508219892
16,6/14/2021,1.06963464788649,886000.5112889145
16,6/21/2021,1.00282405822413,830659.9174720488
16,6/28/2021,0.968366573036425,802118.0695275479
16,7/5/2021,0.966409884813792,800497.304194354
16,7/12/2021,0.980907648089842,812506.101487923
16,7/19/2021,1.07712842383508,892207.7609899831
16,7/26/2021,1.00128530394204,829385.3354546251
16,8/2/2021,0.982048218412397,813450.8594549383
16,8/9/2021,0.989983217200973,820023.5831509219
16,8/16/2021,1.03389208115458,856394.2037268734
16,8/23/2021,1.02213412022019,846654.841411646
16,8/30/2021,0.979676977398243,811486.7115215125
16,9/6/2021,1.02157949085798,846195.4304523246
16,9/13/2021,0.99731249595078,826094.5764218423
16,9/20/2021,1.08341193690864,897412.5248788414
16,9/27/2021,0.970874454055559,804195.3992260955
16,10/4/2021,0.964387431166363,798822.0639245384
16,10/11/2021,0.970986226589708,804287.9827264278
16,10/18/2021,0.99112830420288,820972.082400945
16,10/25/2021,0.977931695211219,810041.0581300538
16,11/1/2021,0.977643380025226,809802.2407115847
16,11/8/2021,0.957354111011303,792996.2193830939
16,11/15/2021,1.01599504277348,841569.7165529904
16,11/22/2021,0.996741408855935,825621.5332030589
16,11/29/2021,0.982726113057122,814012.3737064041
16,12/6/2021,0.998658084768074,827209.1555329285
16,12/13/2021,0.999881822525019,828222.8028176022
16,12/20/2021,1.08597223553425,899533.2732448393
16,12/27/2021,0.962617935103738,797356.353775115
16,1/3/2022,0.866924771696525,717996.0917776739
16,1/10/2022,0.954034955569058,789387.4494592445
16,1/17/2022,0.996669673196934,823766.2897165758
16,1/24/2022,1.03741074368998,856504.752208445
16,1/31/2022,0.978531301721974,807010.9764682445
16,2/7/2022,1.00305968398407,826852.488708957
16,2/14/2022,1.03567392899733,853737.3990007977
16,2/21/2022,1.02715779982629,846717.2956645606
16,2/28/2022,0.977498162277369,805781.3517907358
16,3/7/2022,0.987395675644102,813940.1719290295
16,3/14/2022,1.00672430383885,829873.3457864089
16,3/21/2022,0.983548923947832,810769.1779753753
16,3/28/2022,0.935672140661349,771302.8949315749
16,4/4/2022,0.926694468710878,763902.327944084
16,4/11/2022,0.938542794669196,773669.2620319484
16,4/18/2022,0.972782866155238,801894.3903944468
16,4/25/2022,0.974435125510603,803256.3978576926
16,5/2/2022,0.959048472719721,790572.7137844692
16,5/9/2022,0.910011443554724,750150.0048976957
16,5/16/2022,0.971317491609282,800686.437788513
16,5/23/2022,0.967334226825407,797402.9119388205
16,5/30/2022,0.97058714748252,800084.3929936278
16,6/6/2022,0.963892652996303,794565.9183480649
16,6/13/2022,0.973434733087932,802431.744062349
16,6/20/2022,1.00790922754322,830850.1143497581
16,6/27/2022,0.966644446544086,796834.3050976477
16,7/4/2022,0.938839030201163,773913.4579329995
16,7/11/2022,0.934600730949558,770419.6994427893
16,7/18/2022,1.03539657344825,853508.7663659026
16,7/25/2022,0.991771789763703,817547.5354103079
16,8/1/2022,0.983974278606853,811119.8107092832
16,8/8/2022,0.962626327441973,793522.0477679606
16,8/15/2022,1.02921014967994,848409.1098443784
16,8/22/2022,0.967585416340069,797609.9750387042
16,8/29/2022,0.973246259471858,802276.3795669343
16,9/5/2022,0.990288293814746,816324.6448361992
16,9/12/2022,1.00613318880225,829386.0718468304
16,9/19/2022,1.1094271035664,914534.375431631
16,9/26/2022,1.12972506773639,931266.6022894415
16,10/3/2022,0.889429782207283,733183.9178405089
16,10/10/2022,0.946357574630884,780111.221949088
16,10/17/2022,0.985543372136229,812413.2620891279
16,10/24/2022,0.988903977067385,815183.5105418758
16,10/31/2022,0.959409362564591,790870.2061537593
16,11/7/2022,0.951238792263021,784134.9575052395
16,11/14/2022,1.01529296071865,836936.7493261918
16,11/21/2022,0.995920953101331,820967.8165271347
16,11/28/2022,1.00641696815431,829619.9997705278
16,12/5/2022,1.02260241462374,842962.1537046679
16,12/12/2022,1.00077891765748,824972.3839338575
16,12/19/2022,1.09268031281139,900729.488431656
16,12/26/2022,1.05091618607892,866302.0533727393
16,1/2/2023,0.846768868424043,697947.3775749676
16,1/9/2023,0.959575732671949,789899.0169189228
16,1/16/2023,1.02560804438133,842873.0339198651
16,1/23/2023,0.972163714368916,797640.7650847319
16,1/30/2023,1.01812541493647,833979.1074694382
16,2/6/2023,1.00290535377348,820739.3613545677
16,2/13/2023,0.966191479752916,790694.1318532266
16,2/20/2023,1.05023941395111,859475.7447648346
16,2/27/2023,0.980030401197002,802019.3755497904
16,3/6/2023,0.987289078355954,807959.5991477702
16,3/13/2023,0.957194432724831,783331.2928484469
16,3/20/2023,1.01714389811013,832391.641104789
16,3/27/2023,0.978755132646799,800975.7445429727
16,4/3/2023,0.955983835814384,782340.586646901
16,4/10/2023,0.972066411731345,795501.9513286579
16,4/17/2023,1.02580653701281,839480.8132972799
16,4/24/2023,1.01797137679668,833068.8180404035
16,5/1/2023,0.978686573943142,800919.6387932966
16,5/8/2023,0.946075599903509,774232.0656231284
16,5/15/2023,1.03331815742718,845628.0360018727
16,5/22/2023,0.995410414878648,814605.7901756569
16,5/29/2023,0.96040495025811,785958.6575395667
16,6/5/2023,1.01357388967435,829470.0828283143
16,6/12/2023,1.01010763260931,826633.4307098081
16,6/19/2023,1.05054968993688,859729.6627636586
16,6/26/2023,0.984728512882181,805864.1303858818
16,7/3/2023,0.986416204044456,807245.2722613674
16,7/10/2023,1.00254001253567,820440.3801099372
16,7/17/2023,1.05601751967077,864204.325444489
16,7/24/2023,1.02007953651841,834794.0553627468
16,7/31/2023,1.01258944672995,828664.4525394236
16,8/7/2023,1.00850598872145,825322.7067637865
16,8/14/2023,1.02419860011412,838164.9393527156
16,8/21/2023,0.987570193759128,808189.6532868667
16,8/28/2023,1.0009840035588,819167.0018591697
16,9/4/2023,1.01227091848295,828403.7810687294
16,9/11/2023,1.00908995792973,825800.6046951356
16,9/18/2023,1.06769752789567,873762.7971162758
16,9/25/2023,1.0871006771325,889641.5919276525
16,10/2/2023,0.946036493049049,774200.0620689254
16,10/9/2023,0.978673659149938,800909.0698178818
16,10/16/2023,1.04972313162062,859053.239097894
16,10/23/2023,0.993072999537887,812692.9389434067
16,10/30/2023,0.994623841895633,813962.0889798056
16,11/6/2023,0.966697300465588,791108.076186029
16,11/13/2023,0.974489826240734,797485.1810512322
16,11/20/2023,1.07013156084186,875754.7165170473
16,11/27/2023,1.01527291420718,830860.4994794213
16,12/4/2023,1.03650453251244,848235.643376495
16,12/11/2023,1.01729800102458,832517.753039364
16,12/18/2023,1.09079321171793,892663.4209017347
16,12/25/2023,1.14688464613713,938566.5042889637
16,1/1/2024,0.791086413836933,647387.9677968837
16,1/8/2024,0.961934502226399,786917.5645318582
16,1/15/2024,1.02436878863594,837555.7015747983
16,1/22/2024,0.998492811589446,815972.8916159822
16,1/29/2024,1.01011206126533,825037.2792881939
16,2/5/2024,0.993489146180598,811165.8781082166
16,2/12/2024,1.03118322106394,841933.4247017878
16,2/19/2024,1.02122424788583,833802.1903599986
16,2/26/2024,1.00164469380779,817816.0099152453
16,3/4/2024,1.00582979676804,821233.0341397158
16,3/11/2024,1.01411940145619,828001.273878477
16,3/18/2024,1.06908809663966,872881.7382119308
16,3/25/2024,1.02286595131266,835142.5970763887
16,4/1/2024,0.975994909913803,796873.6497142969
16,4/8/2024,0.955241074767297,779928.7003119368
16,4/15/2024,1.03882012734976,848168.7536021161
16,4/22/2024,0.969341593681788,791441.3955554839
16,4/29/2024,0.97154325144424,793238.9900226
16,5/6/2024,0.969024904274531,791182.8271494168
16,5/13/2024,0.962855103611613,786145.3505103576
16,5/20/2024,1.03816746191962,847635.8698129834
16,5/27/2024,0.964549789047066,787529.0157134744
16,6/3/2024,1.01109290380656,825530.2197810905
16,6/10/2024,1.03617650220439,846010.3046680337
16,6/17/2024,0.998295184715768,815081.2256130996
16,6/24/2024,1.01440908575604,828237.7933384301
16,7/1/2024,1.00059142545778,816956.0445477378
16,7/8/2024,0.976630807628778,797392.8431475215
16,7/15/2024,1.06976266131172,873432.5021492548
16,7/22/2024,1.0184882556242,831568.3260200593
16,7/29/2024,0.997645820307098,814551.0369507916
16,8/5/2024,1.01845330436331,831539.7892368442
16,8/12/2024,1.01055950020537,825094.7100154132
16,8/19/2024,1.06850394334269,872404.7927120834
16,8/26/2024,1.02313065526125,835358.7207602407
16,9/2/2024,1.03268061271071,843156.0047272193
16,9/9/2024,1.00357677621701,819393.5033385474
16,9/16/2024,1.04743965323937,855206.3652199638
16,9/23/2024,1.02685129831642,838396.5259888831
16,9/30/2024,1.01730846988019,830605.0626893855
16,10/7/2024,0.985174961413434,804368.9154335436
16,10/14/2024,1.09301179584226,892414.796557517
16,10/21/2024,1.02507187345501,836943.6733171756
16,10/28/2024,0.975414054567719,796399.3969224739
16,11/4/2024,1.02375606430805,835869.3504384495
16,11/11/2024,1.00711922245415,822285.8155716631
16,11/18/2024,1.04441210333066,852734.45192261
16,11/25/2024,1.07965312476926,881507.8001113252
16,12/2/2024,1.04771648927529,855432.3943621608
16,12/9/2024,1.08221061293537,883595.9205670381
16,12/16/2024,1.12845855399927,921356.1232297493
16,12/23/2024,1.09048453886821,890351.3590485015
16,12/30/2024,0.872891012390975,712692.0845641219
17,3/1/2021,0.964059412482656,2136122.211626048
17,3/8/2021,0.977020635658403,2164841.1434831982
17,3/15/2021,1.00920066913928,2236144.305066497
17,3/22/2021,1.03600288084541,2295531.515822031
17,3/29/2021,0.950452414554376,2105972.3983536884
17,4/5/2021,0.94571762974311,2095481.2616186575
17,4/12/2021,0.94357039584668,2090723.5113371557
17,4/19/2021,1.05564249213701,2339048.138520009
17,4/26/2021,0.982932252752808,2177939.8549338686
17,5/3/2021,0.977922025657247,2166838.4049946126
17,5/10/2021,0.9666681471939,2141902.5354541745
17,5/17/2021,0.991907040257389,2197825.810879784
17,5/24/2021,1.03153984835664,2285642.5165372556
17,5/31/2021,0.987204604169755,2187406.351196327
17,6/7/2021,1.01952741180039,2259025.8658642867
17,6/14/2021,1.06963464788649,2370051.3674290283
17,6/21/2021,1.00282405822413,2222015.2788169277
17,6/28/2021,0.968366573036425,2145665.8354169666
17,7/5/2021,0.966409884813792,2141330.288083677
17,7/12/2021,0.980907648089842,2173453.8209758727
17,7/19/2021,1.07712842383508,2386655.7602567994
17,7/26/2021,1.00128530394204,2218605.772128303
17,8/2/2021,0.982048218412397,2175981.048971642
17,8/9/2021,0.989983217200973,2193563.084879402
17,8/16/2021,1.03389208115458,2290854.4949061773
17,8/23/2021,1.02213412022019,2264801.700702089
17,8/30/2021,0.979676977398243,2170726.953237962
17,9/6/2021,1.02157949085798,2263572.7763783527
17,9/13/2021,0.99731249595078,2209802.9918728624
17,9/20/2021,1.08341193690864,2400578.504016734
17,9/27/2021,0.970874454055559,2151222.6929226643
17,10/4/2021,0.964387431166363,2136849.0210234243
17,10/11/2021,0.970986226589708,2151470.353884112
17,10/18/2021,0.99112830420288,2196100.320584981
17,10/25/2021,0.977931695211219,2166859.8307269206
17,11/1/2021,0.977643380025226,2166220.994200284
17,11/8/2021,0.957354111011303,2121264.8871771237
17,11/15/2021,1.01599504277348,2251198.992151253
17,11/22/2021,0.996741408855935,2208537.6017073086
17,11/29/2021,0.982726113057122,2177483.1000721073
17,12/6/2021,0.998658084768074,2212784.491452439
17,12/13/2021,0.999881822525019,2215495.997878682
17,12/20/2021,1.08597223553425,2406251.5062350756
17,12/27/2021,0.962617935103738,2132928.24656062
17,1/3/2022,0.866924771696525,1920789.7496465696
17,1/10/2022,0.954034955569058,2112961.272825227
17,1/17/2022,0.996669673196934,2206395.348217457
17,1/24/2022,1.03741074368998,2295554.23044357
17,1/31/2022,0.978531301721974,2164293.4787381967
17,2/7/2022,1.00305968398407,2218116.901553542
17,2/14/2022,1.03567392899733,2290238.4404499563
17,2/21/2022,1.02715779982629,2271406.290746554
17,2/28/2022,0.977498162277369,2161591.408142679
17,3/7/2022,0.987395675644102,2183478.2828882346
17,3/14/2022,1.00672430383885,2226220.661628618
17,3/21/2022,0.983548923947832,2174971.7652583905
17,3/28/2022,0.935672140661349,2069099.3990823738
17,4/4/2022,0.926694468710878,2049246.6164846737
17,4/11/2022,0.938542794669196,2075447.4224779774
17,4/18/2022,0.972782866155238,2151164.234363748
17,4/25/2022,0.974435125510603,2154817.9596491903
17,5/2/2022,0.959048472719721,2120792.6717735613
17,5/9/2022,0.910011443554724,2012354.594782532
17,5/16/2022,0.971317491609282,2147923.7772403522
17,5/23/2022,0.967334226825407,2139115.381140558
17,5/30/2022,0.97058714748252,2146308.7299892907
17,6/6/2022,0.963892652996303,2131504.853720399
17,6/13/2022,0.973434733087932,2152605.7406948768
17,6/20/2022,1.00790922754322,2228840.9437765903
17,6/27/2022,0.966644446544086,2137590.0344476216
17,7/4/2022,0.938839030201163,2076102.5028567314
17,7/11/2022,0.934600730949558,2066730.1361946585
17,7/18/2022,1.03539657344825,2289625.109919703
17,7/25/2022,0.991771789763703,2193155.4067908376
17,8/1/2022,0.983974278606853,2175912.3738137
17,8/8/2022,0.962626327441973,2128704.563661784
17,8/15/2022,1.02921014967994,2275944.756897849
17,8/22/2022,0.967585416340069,2139670.84959138
17,8/29/2022,0.973246259471858,2152188.9601595276
17,9/5/2022,0.990288293814746,2189874.877725822
17,9/12/2022,1.00613318880225,2224913.5000010342
17,9/19/2022,1.1094271035664,2453332.5880268984
17,9/26/2022,1.12972506773639,2498218.5086969775
17,10/3/2022,0.889429782207283,1966841.3205247975
17,10/10/2022,0.946357574630884,2092728.643461449
17,10/17/2022,0.985543372136229,2179382.1904922873
17,10/24/2022,0.988903977067385,2186813.666850286
17,10/31/2022,0.959409362564591,2121590.7252420136
17,11/7/2022,0.951238792263021,2103522.727526574
17,11/14/2022,1.01529296071865,2245168.9686538395
17,11/21/2022,0.995920953101331,2202330.663024744
17,11/28/2022,1.00641696815431,2225541.035218929
17,12/5/2022,1.02260241462374,2261332.7364018867
17,12/12/2022,1.00077891765748,2213073.3273123987
17,12/19/2022,1.09268031281139,2416299.557002497
17,12/26/2022,1.05091618607892,2323944.418983982
17,1/2/2023,0.846768868424043,1872420.5111884149
17,1/9/2023,0.959575732671949,2120648.745478851
17,1/16/2023,1.02560804438133,2264945.7250769506
17,1/23/2023,0.972163714368916,2145371.1280361395
17,1/30/2023,1.01812541493647,2245177.559432708
17,2/6/2023,1.00290535377348,2210701.1833976223
17,2/13/2023,0.966191479752916,2129772.9038808877
17,2/20/2023,1.05023941395111,2315039.5063880677
17,2/27/2023,0.980030401197002,2160277.995698897
17,3/6/2023,0.987289078355954,2176278.275418169
17,3/13/2023,0.957194432724831,2109940.7408101414
17,3/20/2023,1.01714389811013,2242087.1628685878
17,3/27/2023,0.978755132646799,2157466.9254480056
17,4/3/2023,0.955983835814384,2107272.225996484
17,4/10/2023,0.972066411731345,2142722.9983442705
17,4/17/2023,1.02580653701281,2261182.1907427744
17,4/24/2023,1.01797137679668,2243911.1709163743
17,5/1/2023,0.978686573943142,2157315.800697577
17,5/8/2023,0.946075599903509,2085431.5310278197
17,5/15/2023,1.03331815742718,2277740.031955423
17,5/22/2023,0.995410414878648,2194180.1118813073
17,5/29/2023,0.96040495025811,2117017.6740999604
17,6/5/2023,1.01357388967435,2234217.803617137
17,6/12/2023,1.01010763260931,2226577.144012833
17,6/19/2023,1.05054968993688,2315723.4466200923
17,6/26/2023,0.984728512882181,2170634.0288855284
17,7/3/2023,0.986416204044456,2174354.201446684
17,7/10/2023,1.00254001253567,2209895.8627479346
17,7/17/2023,1.05601751967077,2327776.166906408
17,7/24/2023,1.02007953651841,2248558.181151028
17,7/31/2023,1.01258944672995,2232047.7991428454
17,8/7/2023,1.00850598872145,2223046.6451237765
17,8/14/2023,1.02419860011412,2257637.8200164167
17,8/21/2023,0.987570193759128,2176897.9366219626
17,8/28/2023,1.0009840035588,2206465.9561807383
17,9/4/2023,1.01227091848295,2231345.667976131
17,9/11/2023,1.00908995792973,2224333.886637941
17,9/18/2023,1.06769752789567,2353522.372868461
17,9/25/2023,1.0871006771325,2396292.6752300016
17,10/2/2023,0.946036493049049,2085345.3288141293
17,10/9/2023,0.978673659149938,2157287.333534253
17,10/16/2023,1.04972313162062,2313901.4668419515
17,10/23/2023,0.993072999537887,2189027.755029447
17,10/30/2023,0.994623841895633,2192446.2719698837
17,11/6/2023,0.966697300465588,2130887.8826922476
17,11/13/2023,0.974489826240734,2148064.9233924616
17,11/20/2023,1.07013156084186,2358887.704621569
17,11/27/2023,1.01527291420718,2237962.958889705
17,12/4/2023,1.03650453251244,2284763.7498460836
17,12/11/2023,1.01729800102458,2242426.8515652986
17,12/18/2023,1.09079321171793,2404432.118144921
17,12/25/2023,1.14688464613713,2528074.2942593703
17,1/1/2024,0.791086413836933,1743756.6013775868
17,1/8/2024,0.961934502226399,2118995.4502830785
17,1/15/2024,1.02436878863594,2254450.071494295
17,1/22/2024,0.998492811589446,2195474.9039897285
17,1/29/2024,1.01011206126533,2218972.0363248955
17,2/5/2024,0.993489146180598,2181055.2706296924
17,2/12/2024,1.03118322106394,2263764.160184918
17,2/19/2024,1.02122424788583,2241901.152619766
17,2/26/2024,1.00164469380779,2198918.0125736324
17,3/4/2024,1.00582979676804,2208105.6000894275
17,3/11/2024,1.01411940145619,2226303.8306755046
17,3/18/2024,1.06908809663966,2346977.014248946
17,3/25/2024,1.02286595131266,2245505.1964172837
17,4/1/2024,0.975994909913803,2142608.8522308897
17,4/8/2024,0.955241074767297,2097047.8043083479
17,4/15/2024,1.03882012734976,2280529.5173311112
17,4/22/2024,0.969341593681788,2128002.7779710554
17,4/29/2024,0.97154325144424,2132836.0936017134
17,5/6/2024,0.969024904274531,2127307.5474033486
17,5/13/2024,0.962855103611613,2113762.938244954
17,5/20/2024,1.03816746191962,2279096.715989621
17,5/27/2024,0.964549789047066,2117483.2935702493
17,6/3/2024,1.01109290380656,2219659.7379714767
17,6/10/2024,1.03617650220439,2274725.9474698
17,6/17/2024,0.998295184715768,2191564.8109479304
17,6/24/2024,1.01440908575604,2226939.77746831
17,7/1/2024,1.00059142545778,2196605.765738227
17,7/8/2024,0.976630807628778,2144004.8439979358
17,7/15/2024,1.06976266131172,2348457.8919334537
17,7/22/2024,1.0184882556242,2235894.809345641
17,7/29/2024,0.997645820307098,2190139.2566637183
17,8/5/2024,1.01845330436331,2235818.0803671726
17,8/12/2024,1.01055950020537,2218488.7534786994
17,8/19/2024,1.06850394334269,2345694.618366086
17,8/26/2024,1.02313065526125,2246086.3029091363
17,9/2/2024,1.03268061271071,2267051.395057497
17,9/9/2024,1.00357677621701,2203159.527467374
17,9/16/2024,1.04743965323937,2299452.026403694
17,9/23/2024,1.02685129831642,2254254.2586341016
17,9/30/2024,1.01730846988019,2233304.8169417465
17,10/7/2024,0.985174961413434,2162761.887869576
17,10/14/2024,1.09301179584226,2399496.8888349966
17,10/21/2024,1.02507187345501,2250347.873981989
17,10/28/2024,0.975414054567719,2141333.6963316128
17,11/4/2024,1.02375606430805,2247459.268128887
17,11/11/2024,1.00711922245415,2210936.2860138286
17,11/18/2024,1.04441210333066,2292805.623527752
17,11/25/2024,1.07965312476926,2370170.498825174
17,12/2/2024,1.04771648927529,2300059.766455956
17,12/9/2024,1.08221061293537,2375784.9714956265
17,12/16/2024,1.12845855399927,2477313.4188979343
17,12/23/2024,1.09048453886821,2393948.782271105
17,12/30/2024,0.872891012390975,1916264.1024692603
18,3/1/2021,0.964059412482656,3791012.7580369217
18,3/8/2021,0.977020635658403,3841980.7397333304
18,3/15/2021,1.00920066913928,3968523.6851033634
18,3/22/2021,1.03600288084541,4073919.1880125445
18,3/29/2021,0.950452414554376,3737505.368587549
18,4/5/2021,0.94571762974311,3718886.568433575
18,4/12/2021,0.94357039584668,3710442.9073078297
18,4/19/2021,1.05564249213701,4151148.8861538596
18,4/26/2021,0.982932252752808,3865227.249472373
18,5/3/2021,0.977922025657247,3845525.3156150444
18,5/10/2021,0.9666681471939,3801271.1995839914
18,5/17/2021,0.991907040257389,3900519.196188887
18,5/24/2021,1.03153984835664,4056369.0109128836
18,5/31/2021,0.987204604169755,3882027.6015738687
18,6/7/2021,1.01952741180039,4009131.9837927623
18,6/14/2021,1.06963464788649,4206170.847754614
18,6/21/2021,1.00282405822413,3943448.660388434
18,6/28/2021,0.968366573036425,3807949.992877173
18,7/5/2021,0.966409884813792,3800255.622840594
18,7/12/2021,0.980907648089842,3857265.8080987306
18,7/19/2021,1.07712842383508,4235638.949762039
18,7/26/2021,1.00128530394204,3937397.750848747
18,8/2/2021,0.982048218412397,3861750.9228769178
18,8/9/2021,0.989983217200973,3892954.0638177632
18,8/16/2021,1.03389208115458,4065618.7993917065
18,8/23/2021,1.02213412022019,4019382.458257042
18,8/30/2021,0.979676977398243,3852426.3889343305
18,9/6/2021,1.02157949085798,4017201.465003067
18,9/13/2021,0.99731249595078,3921775.3050482757
18,9/20/2021,1.08341193690864,4260347.881110904
18,9/27/2021,0.970874454055559,3817811.8422254627
18,10/4/2021,0.964387431166363,3792302.639698822
18,10/11/2021,0.970986226589708,3818251.3700618544
18,10/18/2021,0.99112830420288,3897456.9380569835
18,10/25/2021,0.977931695211219,3845563.338707596
18,11/1/2021,0.977643380025226,3844429.584513219
18,11/8/2021,0.957354111011303,3764645.209623155
18,11/15/2021,1.01599504277348,3995241.4961975347
18,11/22/2021,0.996741408855935,3919529.594221415
18,11/29/2021,0.982726113057122,3864416.6370623265
18,12/6/2021,0.998658084768074,3927066.6224534535
18,12/13/2021,0.999881822525019,3931878.7797407503
18,12/20/2021,1.08597223553425,4270415.855334676
18,12/27/2021,0.962617935103738,3785344.3746265257
18,1/3/2022,0.866924771696525,3408781.704383668
18,1/10/2022,0.954034955569058,3749218.117842488
18,1/17/2022,0.996669673196934,3914284.836508741
18,1/24/2022,1.03741074368998,4071706.583699368
18,1/31/2022,0.978531301721974,3838175.2041230174
18,2/7/2022,1.00305968398407,3933314.2286308194
18,2/14/2022,1.03567392899733,4061204.997161228
18,2/21/2022,1.02715779982629,4027810.5614415254
18,2/28/2022,0.977498162277369,3833079.4181570555
18,3/7/2022,0.987395675644102,3871890.6980491155
18,3/14/2022,1.00672430383885,3947684.361743328
18,3/21/2022,0.983548923947832,3856806.3682698817
18,3/28/2022,0.935672140661349,3669066.360507795
18,4/4/2022,0.926694468710878,3633862.0697637172
18,4/11/2022,0.938542794669196,3680323.102898792
18,4/18/2022,0.972782866155238,3814589.251431327
18,4/25/2022,0.974435125510603,3821068.283022426
18,5/2/2022,0.959048472719721,3760732.3516797284
18,5/9/2022,0.910011443554724,3568442.652816325
18,5/16/2022,0.971317491609282,3808843.0546618053
18,5/23/2022,0.967334226825407,3793223.413731389
18,5/30/2022,0.97058714748252,3805979.144290674
18,6/6/2022,0.963892652996303,3779727.914267627
18,6/13/2022,0.973434733087932,3817145.4277864685
18,6/20/2022,1.00790922754322,3952330.8226557467
18,6/27/2022,0.966644446544086,3790518.566662099
18,7/4/2022,0.938839030201163,3681484.735924968
18,7/11/2022,0.934600730949558,3664865.024316218
18,7/18/2022,1.03539657344825,4060117.398543043
18,7/25/2022,0.991771789763703,3889050.825898542
18,8/1/2022,0.983974278606853,3858474.3188548195
18,8/8/2022,0.962626327441973,3774762.2512163813
18,8/15/2022,1.02921014967994,4035858.474606174
18,8/22/2022,0.967585416340069,3794208.4068646086
18,8/29/2022,0.973246259471858,3816406.362877219
18,9/5/2022,0.990288293814746,3883233.5688527385
18,9/12/2022,1.00613318880225,3945366.412914095
18,9/19/2022,1.1094271035664,4350414.518408768
18,9/26/2022,1.12972506773639,4430009.254980447
18,10/3/2022,0.889429782207283,3487735.4494306343
18,10/10/2022,0.946357574630884,3710967.3263580347
18,10/17/2022,0.985543372136229,3864627.2304720776
18,10/24/2022,0.988903977067385,3877805.225139469
18,10/31/2022,0.959409362564591,3762147.5142702693
18,11/7/2022,0.951238792263021,3730108.1243572063
18,11/14/2022,1.01529296071865,3981284.7755793887
18,11/21/2022,0.995920953101331,3905321.0077055464
18,11/28/2022,1.00641696815431,3946479.2022001287
18,12/5/2022,1.02260241462374,4009947.4564007996
18,12/12/2022,1.00077891765748,3924370.6231646608
18,12/19/2022,1.09268031281139,4284745.056353071
18,12/26/2022,1.05091618607892,4120974.7077593454
18,1/2/2023,0.846768868424043,3320319.7813324747
18,1/9/2023,0.959575732671949,3760757.4264885094
18,1/16/2023,1.02560804438133,4017003.3753624363
18,1/23/2023,0.972163714368916,3805263.179642937
18,1/30/2023,1.01812541493647,3982638.4716924657
18,2/6/2023,1.00290535377348,3921677.9964210344
18,2/13/2023,0.966191479752916,3778115.105469879
18,2/20/2023,1.05023941395111,4106769.183261238
18,2/27/2023,0.980030401197002,3832229.6771584074
18,3/6/2023,0.987289078355954,3860613.406874009
18,3/13/2023,0.957194432724831,3742933.7982165916
18,3/20/2023,1.01714389811013,3977355.2203760026
18,3/27/2023,0.978755132646799,3827242.9727621647
18,4/3/2023,0.955983835814384,3738199.9804651565
18,4/10/2023,0.972066411731345,3801087.9529322432
18,4/17/2023,1.02580653701281,4011228.886238515
18,4/24/2023,1.01797137679668,3980590.925138336
18,5/1/2023,0.978686573943142,3826974.8872968545
18,5/8/2023,0.946075599903509,3699455.636494822
18,5/15/2023,1.03331815742718,4040601.704685283
18,5/22/2023,0.995410414878648,3892370.4091065954
18,5/29/2023,0.96040495025811,3755487.9406661424
18,6/5/2023,1.01357388967435,3963395.355847135
18,6/12/2023,1.01010763260931,3949841.191350304
18,6/19/2023,1.05054968993688,4107982.461308756
18,6/26/2023,0.984728512882181,3850600.7842769707
18,7/3/2023,0.986416204044456,3857200.191884827
18,7/10/2023,1.00254001253567,3920249.396544614
18,7/17/2023,1.05601751967077,4129363.409322198
18,7/24/2023,1.02007953651841,3988834.4976753634
18,7/31/2023,1.01258944672995,3959545.871101736
18,8/7/2023,1.00850598872145,3943578.255237927
18,8/14/2023,1.02419860011412,4004941.3425982725
18,8/21/2023,0.987570193759128,3861712.657384648
18,8/28/2023,1.0009840035588,3914164.9078133795
18,9/4/2023,1.01227091848295,3958300.324755634
18,9/11/2023,1.00908995792973,3945861.7602245505
18,9/18/2023,1.06769752789567,4175035.9457598017
18,9/25/2023,1.0871006771325,4250908.412881128
18,10/2/2023,0.946036493049049,3699302.715772065
18,10/9/2023,0.978673659149938,3826924.385760482
18,10/16/2023,1.04972313162062,4104750.3557640505
18,10/23/2023,0.993072999537887,3883230.373074203
18,10/30/2023,0.994623841895633,3889294.65841046
18,11/6/2023,0.966697300465588,3780093.024707969
18,11/13/2023,0.974489826240734,3810564.2718774984
18,11/20/2023,1.07013156084186,4184553.7862023287
18,11/27/2023,1.01527291420718,3970039.079955158
18,12/4/2023,1.03650453251244,4053061.441022918
18,12/11/2023,1.01729800102458,3977957.8117855377
18,12/18/2023,1.09079321171793,4265347.3940847
18,12/25/2023,1.14688464613713,4484682.691694243
18,1/1/2024,0.791086413836933,3093349.3585223113
18,1/8/2024,0.961934502226399,3759365.9521830566
18,1/15/2024,1.02436878863594,4000231.037482157
18,1/22/2024,0.998492811589446,3896125.415791273
18,1/29/2024,1.01011206126533,3938368.978265971
18,2/5/2024,0.993489146180598,3871444.4654835043
18,2/12/2024,1.03118322106394,4018266.8320320984
18,2/19/2024,1.02122424788583,3979459.1682961863
18,2/26/2024,1.00164469380779,3903162.4722118396
18,3/4/2024,1.00582979676804,3919470.786761132
18,3/11/2024,1.01411940145619,3951773.332818204
18,3/18/2024,1.06908809663966,4165972.788401992
18,3/25/2024,1.02286595131266,3985856.4814889585
18,4/1/2024,0.975994909913803,3803211.5865398133
18,4/8/2024,0.955241074767297,3722339.006614657
18,4/15/2024,1.03882012734976,4048025.972673943
18,4/22/2024,0.969341593681788,3777285.2529911315
18,4/29/2024,0.97154325144424,3785864.570528383
18,5/6/2024,0.969024904274531,3776051.192386627
18,5/13/2024,0.962855103611613,3752009.0001584482
18,5/20/2024,1.03816746191962,4045482.6965345284
18,5/27/2024,0.964549789047066,3758612.771833297
18,6/3/2024,1.01109290380656,3939979.8175604204
18,6/10/2024,1.03617650220439,4037724.4175960855
18,6/17/2024,0.998295184715768,3890110.2608946525
18,6/24/2024,1.01440908575604,3952902.1612931867
18,7/1/2024,1.00059142545778,3899058.145111714
18,7/8/2024,0.976630807628778,3805689.5236646747
18,7/15/2024,1.06976266131172,4168601.4011367215
18,7/22/2024,1.0184882556242,3968797.6811119355
18,7/29/2024,0.997645820307098,3887579.8483203845
18,8/5/2024,1.01845330436331,3968661.4848159435
18,8/12/2024,1.01055950020537,3937901.275679597
18,8/19/2024,1.06850394334269,4163696.4875250976
18,8/26/2024,1.02313065526125,3986887.967998019
18,9/2/2024,1.03268061271071,4024101.79807031
18,9/9/2024,1.00357677621701,3910691.3212127564
18,9/16/2024,1.04743965323937,4081614.141105657
18,9/23/2024,1.02685129831642,4001386.396949989
18,9/30/2024,1.01730846988019,3964200.346855897
18,10/7/2024,0.985174961413434,3838983.9850098337
18,10/14/2024,1.09301179584226,4259197.547476293
18,10/21/2024,1.02507187345501,3994452.416551305
18,10/28/2024,0.975414054567719,3800948.136552141
18,11/4/2024,1.02375606430805,3989325.032341039
18,11/11/2024,1.00711922245415,3924495.3605166622
18,11/18/2024,1.04441210333066,4069816.5248009763
18,11/25/2024,1.07965312476926,4207142.09862793
18,12/2/2024,1.04771648927529,4082692.90231867
18,12/9/2024,1.08221061293537,4217107.999670231
18,12/16/2024,1.12845855399927,4397324.826214268
18,12/23/2024,1.09048453886821,4249349.44970821
18,12/30/2024,0.872891012390975,3401441.1126600048
19,3/1/2021,0.964059412482656,1971158.5186205094
19,3/8/2021,0.977020635658403,1997659.608765138
19,3/15/2021,1.00920066913928,2063456.3285386951
19,3/22/2021,1.03600288084541,2118257.3160250694
19,3/29/2021,0.950452414554376,1943337.0483531728
19,4/5/2021,0.94571762974311,1933656.097866976
19,4/12/2021,0.94357039584668,1929265.7686238014
19,4/19/2021,1.05564249213701,2158413.3342086887
19,4/26/2021,0.982932252752808,2009746.7627069147
19,5/3/2021,0.977922025657247,1999502.6308886986
19,5/10/2021,0.9666681471939,1976492.4529961343
19,5/17/2021,0.991907040257389,2028097.0099216728
19,5/24/2021,1.03153984835664,2109132.002205264
19,5/31/2021,0.987204604169755,2018482.2006143585
19,6/7/2021,1.01952741180039,2084570.842731343
19,6/14/2021,1.06963464788649,2187022.3140343055
19,6/21/2021,1.00282405822413,2050418.4272055863
19,6/28/2021,0.968366573036425,1979965.1288539146
19,7/5/2021,0.966409884813792,1975964.3976417466
19,7/12/2021,0.980907648089842,2005607.16593231
19,7/19/2021,1.07712842383508,2202344.4204139747
19,7/26/2021,1.00128530394204,2047272.2229090629
19,8/2/2021,0.982048218412397,2007939.2271215764
19,8/9/2021,0.989983217200973,2024163.4767320643
19,8/16/2021,1.03389208115458,2113941.4822936375
19,8/23/2021,1.02213412022019,2089900.635325714
19,8/30/2021,0.979676977398243,2003090.8831183838
19,9/6/2021,1.02157949085798,2088766.6155564447
19,9/13/2021,0.99731249595078,2039149.2440331155
19,9/20/2021,1.08341193690864,2215191.9691750077
19,9/27/2021,0.970874454055559,1985092.8535187352
19,10/4/2021,0.964387431166363,1971829.1993832553
19,10/11/2021,0.970986226589708,1985321.3885712374
19,10/18/2021,0.99112830420288,2026504.7716225372
19,10/25/2021,0.977931695211219,1999522.4013639651
19,11/1/2021,0.977643380025226,1998932.8995940262
19,11/8/2021,0.957354111011303,1957448.5628265499
19,11/15/2021,1.01599504277348,2077348.405918603
19,11/22/2021,0.996741408855935,2037981.5744421107
19,11/29/2021,0.982726113057122,2009325.280792847
19,12/6/2021,0.998658084768074,2041900.494932178
19,12/13/2021,0.999881822525019,2044402.6032519932
19,12/20/2021,1.08597223553425,2220426.869794958
19,12/27/2021,0.962617935103738,1968211.210638452
19,1/3/2022,0.866924771696525,1772402.6972649973
19,1/10/2022,0.954034955569058,1949313.7124534864
19,1/17/2022,0.996669673196934,2035017.484248028
19,1/24/2022,1.03741074368998,2116736.7282563313
19,1/31/2022,0.978531301721974,1995215.368611778
19,2/7/2022,1.00305968398407,2044620.629547466
19,2/14/2022,1.03567392899733,2111100.978698051
19,2/21/2022,1.02715779982629,2093741.8386353715
19,2/28/2022,0.977498162277369,1992516.4368509224
19,3/7/2022,0.987395675644102,2012691.367934161
19,3/14/2022,1.00672430383885,2052090.5309852588
19,3/21/2022,0.983548923947832,2004850.211717854
19,3/28/2022,0.935672140661349,1907258.9514567736
19,4/4/2022,0.926694468710878,1888959.0102815079
19,4/11/2022,0.938542794669196,1913110.4461469438
19,4/18/2022,0.972782866155238,1982904.8537641896
19,4/25/2022,0.974435125510603,1986272.7924355
19,5/2/2022,0.959048472719721,1954908.88830167
19,5/9/2022,0.910011443554724,1854952.6015289242
19,5/16/2022,0.971317491609282,1979917.8579018558
19,5/23/2022,0.967334226825407,1971798.4354395994
19,5/30/2022,0.97058714748252,1978429.1362908839
19,6/6/2022,0.963892652996303,1964783.18705904
19,6/13/2022,0.973434733087932,1984233.6087018182
19,6/20/2022,1.00790922754322,2054505.8603494363
19,6/27/2022,0.966644446544086,1970392.3984552424
19,7/4/2022,0.938839030201163,1913714.287688919
19,7/11/2022,0.934600730949558,1905075.0070562095
19,7/18/2022,1.03539657344825,2110535.6213922077
19,7/25/2022,0.991771789763703,2021611.5682093843
19,8/1/2022,0.983974278606853,2005717.2476191511
19,8/8/2022,0.962626327441973,1962201.9293440254
19,8/15/2022,1.02921014967994,2097925.31510578
19,8/22/2022,0.967585416340069,1972310.4557638324
19,8/29/2022,0.973246259471858,1983849.426729897
19,9/5/2022,0.990288293814746,2018587.6337648507
19,9/12/2022,1.00613318880225,2050885.6114669077
19,9/19/2022,1.1094271035664,2261438.2560624466
19,9/26/2022,1.12972506773639,2302813.2979593114
19,10/3/2022,0.889429782207283,1812999.2762786075
19,10/10/2022,0.946357574630884,1929039.9671831422
19,10/17/2022,0.985543372136229,2008915.662699478
19,10/24/2022,0.988903977067385,2015765.8653571156
19,10/31/2022,0.959409362564591,1955644.5203537825
19,11/7/2022,0.951238792263021,1938989.7621233016
19,11/14/2022,1.01529296071865,2069556.7428023356
19,11/21/2022,0.995920953101331,2030069.156089747
19,11/28/2022,1.00641696815431,2051464.0635008994
19,12/5/2022,1.02260241462374,2084456.2157227392
19,12/12/2022,1.00077891765748,2039971.5523598474
19,12/19/2022,1.09268031281139,2227301.8689081306
19,12/26/2022,1.05091618607892,2142170.5484795193
19,1/2/2023,0.846768868424043,1725960.6195704543
19,1/9/2023,0.959575732671949,1954724.8525753235
19,1/16/2023,1.02560804438133,2087667.644589378
19,1/23/2023,0.972163714368916,1977391.386327098
19,1/30/2023,1.01812541493647,2069319.3728189322
19,2/6/2023,1.00290535377348,2037507.5279192606
19,2/13/2023,0.966191479752916,1962919.4379961314
19,2/20/2023,1.05023941395111,2133671.641055111
19,2/27/2023,0.980030401197002,1991034.659918583
19,3/6/2023,0.987289078355954,2005781.4246724318
19,3/13/2023,0.957194432724831,1944640.9921875596
19,3/20/2023,1.01714389811013,2066434.6255514245
19,3/27/2023,0.978755132646799,1988443.8177759114
19,4/3/2023,0.955983835814384,1942181.5373027427
19,4/10/2023,0.972066411731345,1974854.978816792
19,4/17/2023,1.02580653701281,2084033.6857598296
19,4/24/2023,1.01797137679668,2068115.7350381005
19,5/1/2023,0.978686573943142,1988304.5332144178
19,5/8/2023,0.946075599903509,1922051.9154732304
19,5/15/2023,1.03331815742718,2099294.3313189847
19,5/22/2023,0.995410414878648,2022280.7722640457
19,5/29/2023,0.96040495025811,1951163.49554083
19,6/5/2023,1.01357388967435,2059181.7785464628
19,6/12/2023,1.01010763260931,2052139.7132501707
19,6/19/2023,1.05054968993688,2134301.9988452964
19,6/26/2023,0.984728512882181,2000579.3665589744
19,7/3/2023,0.986416204044456,2004008.0882544364
19,7/10/2023,1.00254001253567,2036765.2981861702
19,7/17/2023,1.05601751967077,2145410.468931835
19,7/24/2023,1.02007953651841,2072398.6828820168
19,7/31/2023,1.01258944672995,2057181.779117732
19,8/7/2023,1.00850598872145,2048885.805477511
19,8/14/2023,1.02419860011412,2080766.9932253808
19,8/21/2023,0.987570193759128,2006352.5399033113
19,8/28/2023,1.0009840035588,2033604.1029494067
19,9/4/2023,1.01227091848295,2056534.6557099447
19,9/11/2023,1.00908995792973,2050072.2002536238
19,9/18/2023,1.06769752789567,2169139.6320991637
19,9/25/2023,1.0871006771325,2208559.1669097436
19,10/2/2023,0.946036493049049,1921972.4656573923
19,10/9/2023,0.978673659149938,1988278.2953271777
19,10/16/2023,1.04972313162062,2132622.7585400073
19,10/23/2023,0.993072999537887,2017532.0671640185
19,10/30/2023,0.994623841895633,2020682.7662290502
19,11/6/2023,0.966697300465588,1963947.0651811473
19,11/13/2023,0.974489826240734,1979778.3995915216
19,11/20/2023,1.07013156084186,2174084.6255640597
19,11/27/2023,1.01527291420718,2062633.5250974684
19,12/4/2023,1.03650453251244,2105767.787002927
19,12/11/2023,1.01729800102458,2066747.701587204
19,12/18/2023,1.09079321171793,2216060.9387321873
19,12/25/2023,1.14688464613713,2330016.577033909
19,1/1/2024,0.791086413836933,1607143.5956482235
19,1/8/2024,0.961934502226399,1952929.4807011152
19,1/15/2024,1.02436878863594,2077683.6752355127
19,1/22/2024,0.998492811589446,2023249.8270583749
19,1/29/2024,1.01011206126533,2044819.853245749
19,2/5/2024,0.993489146180598,2009821.6167960546
19,2/12/2024,1.03118322106394,2086035.318608077
19,2/19/2024,1.02122424788583,2065888.7829286738
19,2/26/2024,1.00164469380779,2026280.263053257
19,3/4/2024,1.00582979676804,2034746.5303058936
19,3/11/2024,1.01411940145619,2051516.01187031
19,3/18/2024,1.06908809663966,2162715.1053706887
19,3/25/2024,1.02286595131266,2069209.871896955
19,4/1/2024,0.975994909913803,1974391.9521087888
19,4/8/2024,0.955241074767297,1932407.916512245
19,4/15/2024,1.03882012734976,2101484.4222003464
19,4/22/2024,0.969341593681788,1960932.6055884934
19,4/29/2024,0.97154325144424,1965386.4561813618
19,5/6/2024,0.969024904274531,1960291.9579959412
19,5/13/2024,0.962855103611613,1947810.740486292
19,5/20/2024,1.03816746191962,2100164.111075769
19,5/27/2024,0.964549789047066,1951239.0097234987
19,6/3/2024,1.01109290380656,2045393.549159076
19,6/10/2024,1.03617650220439,2096136.4927667303
19,6/17/2024,0.998295184715768,2019504.3630206329
19,6/24/2024,1.01440908575604,2052102.0293053314
19,7/1/2024,1.00059142545778,2024149.5500693454
19,7/8/2024,0.976630807628778,1975678.343325705
19,7/15/2024,1.06976266131172,2164079.71768002
19,7/22/2024,1.0184882556242,2060353.9985101102
19,7/29/2024,0.997645820307098,2018190.728871755
19,8/5/2024,1.01845330436331,2060283.2937262699
19,8/12/2024,1.01055950020537,2044314.497882474
19,8/19/2024,1.06850394334269,2161533.390075877
19,8/26/2024,1.02313065526125,2069745.3551460812
19,9/2/2024,1.03268061271071,2089064.4713548068
19,9/9/2024,1.00357677621701,2030188.774579569
19,9/16/2024,1.04743965323937,2118921.3189225383
19,9/23/2024,1.02685129831642,2077272.04224923
19,9/30/2024,1.01730846988019,2057967.3478861428
19,10/7/2024,0.985174961413434,1992962.766534281
19,10/14/2024,1.09301179584226,2211111.6275185687
19,10/21/2024,1.02507187345501,2073672.3490802015
19,10/28/2024,0.975414054567719,1973216.9090557515
19,11/4/2024,1.02375606430805,2071010.5285567276
19,11/11/2024,1.00711922245415,2037354.977344049
19,11/18/2024,1.04441210333066,2112796.7272176174
19,11/25/2024,1.07965312476926,2184087.661631192
19,12/2/2024,1.04771648927529,2119481.3450978287
19,12/9/2024,1.08221061293537,2189261.3404582944
19,12/16/2024,1.12845855399927,2282818.7575050364
19,12/23/2024,1.09048453886821,2205999.1051302403
19,12/30/2024,0.872891012390975,1765817.6010134374
20,3/1/2021,0.964059412482656,2921013.155991599
20,3/8/2021,0.977020635658403,2960284.4943991737
20,3/15/2021,1.00920066913928,3057787.0964917485
20,3/22/2021,1.03600288084541,3138995.383167353
20,3/29/2021,0.950452414554376,2879785.1786897746
20,4/5/2021,0.94571762974311,2865439.2073851866
20,4/12/2021,0.94357039584668,2858933.2820652532
20,4/19/2021,1.05564249213701,3198501.6358343186
20,4/26/2021,0.982932252752808,2978196.161736034
20,5/3/2021,0.977922025657247,2963015.625005535
20,5/10/2021,0.9666681471939,2928917.3873715764
20,5/17/2021,0.991907040257389,3005388.959426969
20,5/24/2021,1.03153984835664,3125472.797133428
20,5/31/2021,0.987204604169755,2991141.0020677764
20,6/7/2021,1.01952741180039,3089076.196895631
20,6/14/2021,1.06963464788649,3240896.607457911
20,6/21/2021,1.00282405822413,3038466.5404693396
20,6/28/2021,0.968366573036425,2934063.464980128
20,7/5/2021,0.966409884813792,2928134.875906522
20,7/12/2021,0.980907648089842,2972061.7922598445
20,7/19/2021,1.07712842383508,3263602.0729991435
20,7/26/2021,1.00128530394204,3033804.253220818
20,8/2/2021,0.982048218412397,2975517.6172669977
20,8/9/2021,0.989983217200973,2999559.948607224
20,8/16/2021,1.03389208115458,3132599.850096903
20,8/23/2021,1.02213412022019,3096974.2878709785
20,8/30/2021,0.979676977398243,2968332.970586024
20,9/6/2021,1.02157949085798,3095293.810930207
20,9/13/2021,0.99731249595078,3021767.0030283914
20,9/20/2021,1.08341193690864,3282640.5515875565
20,9/27/2021,0.970874454055559,2941662.118517663
20,10/4/2021,0.964387431166363,2922007.0237561353
20,10/11/2021,0.970986226589708,2942000.7792330664
20,10/18/2021,0.99112830420288,3003029.459455403
20,10/25/2021,0.977931695211219,2963044.9231343786
20,11/1/2021,0.977643380025226,2962171.353988275
20,11/8/2021,0.957354111011303,2900696.696936617
20,11/15/2021,1.01599504277348,3078373.436506221
20,11/22/2021,0.996741408855935,3020036.6605152683
20,11/29/2021,0.982726113057122,2977571.577040075
20,12/6/2021,0.998658084768074,3025844.015866655
20,12/13/2021,0.999881822525019,3029551.8311248515
20,12/20/2021,1.08597223553425,3290398.025769353
20,12/27/2021,0.962617935103738,2916645.6100029517
20,1/3/2022,0.866924771696525,2626501.1879789555
20,1/10/2022,0.954034955569058,2888817.8107468304
20,1/17/2022,0.996669673196934,3016011.908469058
20,1/24/2022,1.03741074368998,3137316.134808303
20,1/31/2022,0.978531301721974,2957384.471135636
20,2/7/2022,1.00305968398407,3030694.3807379156
20,2/14/2022,1.03567392899733,3129236.6814691396
20,2/21/2022,1.02715779982629,3103505.6254825545
20,2/28/2022,0.977498162277369,2953461.5284804525
20,3/7/2022,0.987395675644102,2983366.3673508475
20,3/14/2022,1.00672430383885,3041766.845396447
20,3/21/2022,0.983548923947832,2971743.6009795843
20,3/28/2022,0.935672140661349,2827086.3086755006
20,4/4/2022,0.926694468710878,2799960.7245561653
20,4/11/2022,0.938542794669196,2835759.8452822603
20,4/18/2022,0.972782866155238,2939214.498778629
20,4/25/2022,0.974435125510603,2944206.7170920055
20,5/2/2022,0.959048472719721,2897716.7194470344
20,5/9/2022,0.910011443554724,2749553.802486556
20,5/16/2022,0.971317491609282,2934786.9430845827
20,5/23/2022,0.967334226825407,2922751.7090384276
20,5/30/2022,0.97058714748252,2932580.2453190326
20,6/6/2022,0.963892652996303,2912353.1669521024
20,6/13/2022,0.973434733087932,2941184.0817667954
20,6/20/2022,1.00790922754322,3045347.032458545
20,6/27/2022,0.966644446544086,2920667.572106517
20,7/4/2022,0.938839030201163,2836654.9051126842
20,7/11/2022,0.934600730949558,2823849.0971539044
20,7/18/2022,1.03539657344825,3128398.665186289
20,7/25/2022,0.991771789763703,2996588.5757119334
20,8/1/2022,0.983974278606853,2973028.7880292046
20,8/8/2022,0.962626327441973,2908527.0273913303
20,8/15/2022,1.02921014967994,3109706.697008564
20,8/22/2022,0.967585416340069,2923510.664959386
20,8/29/2022,0.973246259471858,2940614.617690319
20,9/5/2022,0.990288293814746,2992106.267250973
20,9/12/2022,1.00613318880225,3039980.8206290533
20,9/19/2022,1.1094271035664,3352078.1885314262
20,9/26/2022,1.12972506773639,3413407.4664867357
20,10/3/2022,0.889429782207283,2687367.348349423
20,10/10/2022,0.946357574630884,2859371.8095305935
20,10/17/2022,0.985543372136229,2977769.725435498
20,10/24/2022,0.988903977067385,2987923.6239997307
20,10/31/2022,0.959409362564591,2898807.1296949093
20,11/7/2022,0.951238792263021,2874120.162492493
20,11/14/2022,1.01529296071865,3067656.6105919704
20,11/21/2022,0.995920953101331,3009125.0641090902
20,11/28/2022,1.00641696815431,3040838.2457361505
20,12/5/2022,1.02260241462374,3089741.758197867
20,12/12/2022,1.00077891765748,3023803.159921643
20,12/19/2022,1.09268031281139,3301478.602760398
20,12/26/2022,1.05091618607892,3175290.3946696245
20,1/2/2023,0.846768868424043,2558354.9540999364
20,1/9/2023,0.959575732671949,2897491.7558742063
20,1/16/2023,1.02560804438133,3094612.7492952063
20,1/23/2023,0.972163714368916,2931203.542918047
20,1/30/2023,1.01812541493647,3067533.14935928
20,2/6/2023,1.00290535377348,3020409.1008785614
20,2/13/2023,0.966191479752916,2909839.42569449
20,2/20/2023,1.05023941395111,3162963.1570840008
20,2/27/2023,0.980030401197002,2951517.5403297334
20,3/6/2023,0.987289078355954,2973378.201992879
20,3/13/2023,0.957194432724831,2882743.3867753404
20,3/20/2023,1.01714389811013,3063290.7438316625
20,3/27/2023,0.978755132646799,2947676.8665926424
20,4/3/2023,0.955983835814384,2879097.481867111
20,4/10/2023,0.972066411731345,2927532.7189520467
20,4/17/2023,1.02580653701281,3089379.6597133465
20,4/24/2023,1.01797137679668,3065782.8275023475
20,5/1/2023,0.978686573943142,2947470.39078929
20,5/8/2023,0.946075599903509,2849257.251917354
20,5/15/2023,1.03331815742718,3112002.099979094
20,5/22/2023,0.995410414878648,2997836.8997312486
20,5/29/2023,0.96040495025811,2892412.3714031843
20,6/5/2023,1.01357388967435,3052539.0951707126
20,6/12/2023,1.01010763260931,3042099.9103022055
20,6/19/2023,1.05054968993688,3163897.602932209
20,6/26/2023,0.984728512882181,2965666.6517368713
20,7/3/2023,0.986416204044456,2970749.402287213
20,7/10/2023,1.00254001253567,3019308.8179140715
20,7/17/2023,1.05601751967077,3180364.84244152
20,7/24/2023,1.02007953651841,3072131.8860734054
20,7/31/2023,1.01258944672995,3049574.288504594
20,8/7/2023,1.00850598872145,3037276.3047999535
20,8/14/2023,1.02419860011412,3084537.1018031626
20,8/21/2023,0.987570193759128,2974224.8261326384
20,8/28/2023,1.0009840035588,3014622.6494312347
20,9/4/2023,1.01227091848295,3048614.9902582746
20,9/11/2023,1.00908995792973,3039035.021196468
20,9/18/2023,1.06769752789567,3215541.046419917
20,9/25/2023,1.0871006771325,3273976.7186013493
20,10/2/2023,0.946036493049049,2849139.475568484
20,10/9/2023,0.978673659149938,2947431.496058481
20,10/16/2023,1.04972313162062,3161408.291149514
20,10/23/2023,0.993072999537887,2990797.4016887825
20,10/30/2023,0.994623841895633,2995468.0103744618
20,11/6/2023,0.966697300465588,2911362.7859401726
20,11/13/2023,0.974489826240734,2934831.2176132035
20,11/20/2023,1.07013156084186,3222871.524293996
20,11/27/2023,1.01527291420718,3057655.9783028406
20,12/4/2023,1.03650453251244,3121598.3761725444
20,12/11/2023,1.01729800102458,3063754.849527949
20,12/18/2023,1.09079321171793,3285097.374440549
20,12/25/2023,1.14688464613713,3454025.65700645
20,1/1/2024,0.791086413836933,2382434.7984423563
20,1/8/2024,0.961934502226399,2894982.0473494525
20,1/15/2024,1.02436878863594,3079843.097788421
20,1/22/2024,0.998492811589446,2999083.1315035373
20,1/29/2024,1.01011206126533,3030985.4349482097
20,2/5/2024,0.993489146180598,2979059.798138922
20,2/12/2024,1.03118322106394,3092026.136181877
20,2/19/2024,1.02122424788583,3062163.9304173035
20,2/26/2024,1.00164469380779,3003454.1959365066
20,3/4/2024,1.00582979676804,3016003.321412051
20,3/11/2024,1.01411940145619,3040859.888078973
20,3/18/2024,1.06908809663966,3205684.7599806115
20,3/25/2024,1.02286595131266,3067086.61530177
20,4/1/2024,0.975994909913803,2926542.7411028664
20,4/8/2024,0.955241074767297,2864311.898456505
20,4/15/2024,1.03882012734976,3114925.5717334324
20,4/22/2024,0.969341593681788,2906592.62200071
20,4/29/2024,0.97154325144424,2913194.3422789257
20,5/6/2024,0.969024904274531,2905643.0214321646
20,5/13/2024,0.962855103611613,2887142.735064858
20,5/20/2024,1.03816746191962,3112968.539330383
20,5/27/2024,0.964549789047066,2892224.2875768812
20,6/3/2024,1.01109290380656,3031784.8664953294
20,6/10/2024,1.03617650220439,3106998.6019054777
20,6/17/2024,0.998295184715768,2993410.6175324204
20,6/24/2024,1.01440908575604,3041728.5132158273
20,7/1/2024,1.00059142545778,3000295.947425015
20,7/8/2024,0.976630807628778,2928449.4947358365
20,7/15/2024,1.06976266131172,3207707.4576866645
20,7/22/2024,1.0184882556242,3053959.9962848295
20,7/29/2024,0.997645820307098,2991463.484124612
20,8/5/2024,1.01845330436331,3053855.1941672573
20,8/12/2024,1.01055950020537,3030185.4443509094
20,8/19/2024,1.06850394334269,3203933.163360892
20,8/26/2024,1.02313065526125,3067880.3360288776
20,9/2/2024,1.03268061271071,3096516.0986547065
20,9/9/2024,1.00357677621701,3009247.588699942
20,9/16/2024,1.04743965323937,3140771.4142234162
20,9/23/2024,1.02685129831642,3079036.767737034
20,9/30/2024,1.01730846988019,3050422.381438495
20,10/7/2024,0.985174961413434,2954069.331924475
20,10/14/2024,1.09301179584226,3277420.511245808
20,10/21/2024,1.02507187345501,3073701.122460045
20,10/28/2024,0.975414054567719,2924801.0331639634
20,11/4/2024,1.02375606430805,3069755.639363393
20,11/11/2024,1.00711922245415,3019869.693997482
20,11/18/2024,1.04441210333066,3131693.2380724205
20,11/25/2024,1.07965312476926,3237364.235363709
20,12/2/2024,1.04771648927529,3141601.5138155185
20,12/9/2024,1.08221061293537,3245032.921156075
20,12/16/2024,1.12845855399927,3383708.4149279604
20,12/23/2024,1.09048453886821,3269842.4742891937
20,12/30/2024,0.872891012390975,2617383.37947272
21,3/1/2021,0.964059412482656,1395361.6799081967
21,3/8/2021,0.977020635658403,1414121.5135716135
21,3/15/2021,1.00920066913928,1460698.2962534758
21,3/22/2021,1.03600288084541,1499491.3196357496
21,3/29/2021,0.950452414554376,1375667.1645140783
21,4/5/2021,0.94571762974311,1368814.1250842288
21,4/12/2021,0.94357039584668,1365706.2586939316
21,4/19/2021,1.05564249213701,1527917.328537851
21,4/26/2021,0.982932252752808,1422677.879114596
21,5/3/2021,0.977922025657247,1415426.1695407059
21,5/10/2021,0.9666681471939,1399137.5148487114
21,5/17/2021,0.991907040257389,1435667.8195776376
21,5/24/2021,1.03153984835664,1493031.6094691483
21,5/31/2021,0.987204604169755,1428861.6006926983
21,6/7/2021,1.01952741180039,1475645.0317630577
21,6/14/2021,1.06963464788649,1548169.314145245
21,6/21/2021,1.00282405822413,1451468.9080259064
21,6/28/2021,0.968366573036425,1401595.784165161
21,7/5/2021,0.966409884813792,1398763.7100030368
21,7/12/2021,0.980907648089842,1419747.5033728655
21,7/19/2021,1.07712842383508,1559015.6665042217
21,7/26/2021,1.00128530394204,1449241.744217227
21,8/2/2021,0.982048218412397,1421398.3442404727
21,8/9/2021,0.989983217200973,1432883.313972227
21,8/16/2021,1.03389208115458,1496436.1876448237
21,8/23/2021,1.02213412022019,1479417.9333079539
21,8/30/2021,0.979676977398243,1417966.2535373943
21,9/6/2021,1.02157949085798,1478615.172840177
21,9/13/2021,0.99731249595078,1443491.575338218
21,9/20/2021,1.08341193690864,1568110.3063632946
21,9/27/2021,0.970874454055559,1405225.6447808933
21,10/4/2021,0.964387431166363,1395836.4483792796
21,10/11/2021,0.970986226589708,1405387.4221675016
21,10/18/2021,0.99112830420288,1434540.6909354348
21,10/25/2021,0.977931695211219,1415440.1641907902
21,11/1/2021,0.977643380025226,1415022.8620498143
21,11/8/2021,0.957354111011303,1385656.5511107384
21,11/15/2021,1.01599504277348,1470532.3461849096
21,11/22/2021,0.996741408855935,1442664.9942963945
21,11/29/2021,0.982726113057122,1422379.5156623889
21,12/6/2021,0.998658084768074,1445439.1555873293
21,12/13/2021,0.999881822525019,1447210.3710205283
21,12/20/2021,1.08597223553425,1571816.0353099953
21,12/27/2021,0.962617935103738,1393275.3130442225
21,1/3/2022,0.866924771696525,1254531.0637504545
21,1/10/2022,0.954034955569058,1378697.960614014
21,1/17/2022,0.996669673196934,1438059.2890575905
21,1/24/2022,1.03741074368998,1494499.7184295664
21,1/31/2022,0.978531301721974,1407466.9613680316
21,2/7/2022,1.00305968398407,1441775.986048026
21,2/14/2022,1.03567392899733,1488654.986280129
21,2/21/2022,1.02715779982629,1476414.0889216186
21,2/28/2022,0.977498162277369,1405034.415183244
21,3/7/2022,0.987395675644102,1419260.883805075
21,3/14/2022,1.00672430383885,1447043.4300911182
21,3/21/2022,0.983548923947832,1413731.647553505
21,3/28/2022,0.935672140661349,1344914.6096312613
21,4/4/2022,0.926694468710878,1332010.301000779
21,4/11/2022,0.938542794669196,1349040.8248238172
21,4/18/2022,0.972782866155238,1398256.7524664148
21,4/25/2022,0.974435125510603,1400631.6738110434
21,5/2/2022,0.959048472719721,1378515.236613232
21,5/9/2022,0.910011443554724,1308030.4866302342
21,5/16/2022,0.971317491609282,1396150.455331917
21,5/23/2022,0.967334226825407,1390424.9979688174
21,5/30/2022,0.97058714748252,1395100.6748239123
21,6/6/2022,0.963892652996303,1385478.1553502907
21,6/13/2022,0.973434733087932,1399193.7319944396
21,6/20/2022,1.00790922754322,1448746.6141270476
21,6/27/2022,0.966644446544086,1389433.5231414952
21,7/4/2022,0.938839030201163,1349466.6276589609
21,7/11/2022,0.934600730949558,1343374.5892915505
21,7/18/2022,1.03539657344825,1488256.3222484714
21,7/25/2022,0.991771789763703,1425551.015136064
21,8/1/2022,0.983974278606853,1414343.0436476388
21,8/8/2022,0.962626327441973,1383657.9668897346
21,8/15/2022,1.02921014967994,1479364.0923260818
21,8/22/2022,0.967585416340069,1390786.0523661058
21,8/29/2022,0.973246259471858,1398922.824044799
21,9/5/2022,0.990288293814746,1423418.6702793434
21,9/12/2022,1.00613318880225,1446193.7745962502
21,9/19/2022,1.1094271035664,1594666.1815981015
21,9/26/2022,1.12972506773639,1623842.0298456987
21,10/3/2022,0.889429782207283,1278446.8576263352
21,10/10/2022,0.946357574630884,1360273.6177980106
21,10/17/2022,0.985543372136229,1416598.4237369404
21,10/24/2022,0.988903977067385,1421428.8837581477
21,10/31/2022,0.959409362564591,1379033.9720807131
21,11/7/2022,0.951238792263021,1367289.7735502634
21,11/14/2022,1.01529296071865,1459359.830010092
21,11/21/2022,0.995920953101331,1431514.9310327398
21,11/28/2022,1.00641696815431,1446601.6726453358
21,12/5/2022,1.02260241462374,1469866.2782360066
21,12/12/2022,1.00077891765748,1438497.6624786642
21,12/19/2022,1.09268031281139,1570594.7119171494
21,12/26/2022,1.05091618607892,1510563.872369084
21,1/2/2023,0.846768868424043,1217014.112611003
21,1/9/2023,0.959575732671949,1377482.1117264878
21,1/16/2023,1.02560804438133,1470038.7960999967
21,1/23/2023,0.972163714368916,1391317.9575167468
21,1/30/2023,1.01812541493647,1454878.7588629175
21,2/6/2023,1.00290535377348,1431881.3047239056
21,2/13/2023,0.966191479752916,1379463.6868682925
21,2/20/2023,1.05023941395111,1499461.7161193185
21,2/27/2023,0.980030401197002,1399221.9754639298
21,3/6/2023,0.987289078355954,1409585.4301996422
21,3/13/2023,0.957194432724831,1366618.304337172
21,3/20/2023,1.01714389811013,1452210.1484218596
21,3/27/2023,0.978755132646799,1397401.2320206768
21,4/3/2023,0.955983835814384,1364889.8946586256
21,4/10/2023,0.972066411731345,1387851.5228573163
21,4/17/2023,1.02580653701281,1464578.0858649553
21,4/24/2023,1.01797137679668,1453391.5672991117
21,5/1/2023,0.978686573943142,1397303.3486908046
21,5/8/2023,0.946075599903509,1350743.5771176366
21,5/15/2023,1.03331815742718,1475302.6758417333
21,5/22/2023,0.995410414878648,1421180.5317549626
21,5/29/2023,0.96040495025811,1371202.0663363822
21,6/5/2023,1.01357388967435,1447113.1280858528
21,6/12/2023,1.01010763260931,1442164.237715871
21,6/19/2023,1.05054968993688,1499904.7070909163
21,6/26/2023,0.984728512882181,1405929.6251040169
21,7/3/2023,0.986416204044456,1408339.1978970869
21,7/10/2023,1.00254001253567,1431359.695091271
21,7/17/2023,1.05601751967077,1507711.3092612692
21,7/24/2023,1.02007953651841,1456401.4562493921
21,7/31/2023,1.01258944672995,1445707.606051572
21,8/7/2023,1.00850598872145,1439877.5174237571
21,8/14/2023,1.02419860011412,1462282.3804524697
21,8/21/2023,0.987570193759128,1409986.787558353
21,8/28/2023,1.0009840035588,1429138.1298182947
21,9/4/2023,1.01227091848295,1445252.8335135519
21,9/11/2023,1.00908995792973,1440711.27030162
21,9/18/2023,1.06769752789567,1524387.2456420748
21,9/25/2023,1.0871006771325,1552089.7665334742
21,10/2/2023,0.946036493049049,1350687.742541346
21,10/9/2023,0.978673659149938,1397284.9093387737
21,10/16/2023,1.04972313162062,1498724.6026300895
21,10/23/2023,0.993072999537887,1417843.3263976227
21,10/30/2023,0.994623841895633,1420057.515687321
21,11/6/2023,0.966697300465588,1380185.8643818488
21,11/13/2023,0.974489826240734,1391311.512366811
21,11/20/2023,1.07013156084186,1527862.395480294
21,11/27/2023,1.01527291420718,1449538.882386759
21,12/4/2023,1.03650453251244,1479851.969409851
21,12/11/2023,1.01729800102458,1452430.1659602104
21,12/18/2023,1.09079321171793,1557361.7207547252
21,12/25/2023,1.14688464613713,1637445.325735185
21,1/1/2024,0.791086413836933,1129415.0531280164
21,1/8/2024,0.961934502226399,1371457.1429346595
21,1/15/2024,1.02436878863594,1457595.1329651466
21,1/22/2024,0.998492811589446,1417971.0100181291
21,1/29/2024,1.01011206126533,1431633.324078556
21,2/5/2024,0.993489146180598,1406136.0313091066
21,2/12/2024,1.03118322106394,1459427.2214412587
21,2/19/2024,1.02122424788583,1445332.3484676084
21,2/26/2024,1.00164469380779,1417621.5269736983
21,3/4/2024,1.00582979676804,1423544.6773038928
21,3/11/2024,1.01411940145619,1435276.9035314983
21,3/18/2024,1.06908809663966,1513073.757236837
21,3/25/2024,1.02286595131266,1447655.8415237295
21,4/1/2024,0.975994909913803,1381319.5472131937
21,4/8/2024,0.955241074767297,1351946.7730455785
21,4/15/2024,1.03882012734976,1470235.6882890682
21,4/22/2024,0.969341593681788,1371903.1502676392
21,4/29/2024,0.97154325144424,1375019.1429497055
21,5/6/2024,0.969024904274531,1371454.9417833348
21,5/13/2024,0.962855103611613,1362722.8609598987
21,5/20/2024,1.03816746191962,1469311.974738881
21,5/27/2024,0.964549789047066,1365121.3383920104
21,6/3/2024,1.01109290380656,1430993.5201064707
21,6/10/2024,1.03617650220439,1466494.181612306
21,6/17/2024,0.998295184715768,1412880.9879501124
21,6/24/2024,1.01440908575604,1435686.8924297635
21,7/1/2024,1.00059142545778,1416130.8436353542
21,7/8/2024,0.976630807628778,1382219.529631383
21,7/15/2024,1.06976266131172,1514028.4647711671
21,7/22/2024,1.0184882556242,1441460.1159637172
21,7/29/2024,0.997645820307098,1411961.9462299666
21,8/5/2024,1.01845330436331,1441410.6492964989
21,8/12/2024,1.01055950020537,1430238.5971528075
21,8/19/2024,1.06850394334269,1512247.0083393592
21,8/26/2024,1.02313065526125,1448030.4749030883
21,9/2/2024,1.03268061271071,1461546.4704596435
21,9/9/2024,1.00357677621701,1420355.9911762422
21,9/16/2024,1.04743965323937,1482434.849325707
21,9/23/2024,1.02685129831642,1453296.2783675562
21,9/30/2024,1.01730846988019,1439790.3725842661
21,10/7/2024,0.985174961413434,1394312.0172623205
21,10/14/2024,1.09301179584226,1546932.820701674
21,10/21/2024,1.02507187345501,1450777.8695975041
21,10/28/2024,0.975414054567719,1380497.466274063
21,11/4/2024,1.02375606430805,1448915.6130522636
21,11/11/2024,1.00711922245415,1425369.5938833551
21,11/18/2024,1.04441210333066,1478149.9770639634
21,11/25/2024,1.07965312476926,1528026.3762985782
21,12/2/2024,1.04771648927529,1482826.6540063948
21,12/9/2024,1.08221061293537,1531645.9733637723
21,12/16/2024,1.12845855399927,1597100.3976197732
21,12/23/2024,1.09048453886821,1543356.0092552693
21,12/30/2024,0.872891012390975,1235397.2397520558
22,3/1/2021,0.964059412482656,989782.1559073753
22,3/8/2021,0.977020635658403,1003089.2065328499
22,3/15/2021,1.00920066913928,1036127.8579715163
22,3/22/2021,1.03600288084541,1063645.1982104823
22,3/29/2021,0.950452414554376,975812.1000809751
22,4/5/2021,0.94571762974311,970950.9831566209
22,4/12/2021,0.94357039584668,968746.4574274208
22,4/19/2021,1.05564249213701,1083808.827711285
22,4/26/2021,0.982932252752808,1009158.5555995273
22,5/3/2021,0.977922025657247,1004014.6471437954
22,5/10/2021,0.9666681471939,992460.4960614602
22,5/17/2021,0.991907040257389,1018372.8056587904
22,5/24/2021,1.03153984835664,1059063.0844034222
22,5/31/2021,0.987204604169755,1013544.9005403556
22,6/7/2021,1.01952741180039,1046730.1356074506
22,6/14/2021,1.06963464788649,1098174.3179232762
22,6/21/2021,1.00282405822413,1029581.1082207032
22,6/28/2021,0.968366573036425,994204.2387962074
22,7/5/2021,0.966409884813792,992195.3428223492
22,7/12/2021,0.980907648089842,1007079.9310603754
22,7/19/2021,1.07712842383508,1105868.0406170324
22,7/26/2021,1.00128530394204,1028001.2974004812
22,8/2/2021,0.982048218412397,1008250.9337392584
22,8/9/2021,0.989983217200973,1016397.6517913392
22,8/16/2021,1.03389208115458,1061478.0788677759
22,8/23/2021,1.02213412022019,1049406.395568917
22,8/30/2021,0.979676977398243,1005816.4240385696
22,9/6/2021,1.02157949085798,1048836.967758982
22,9/13/2021,0.99731249595078,1023922.4881497641
22,9/20/2021,1.08341193690864,1112319.2084659734
22,9/27/2021,0.970874454055559,996779.0342941514
22,10/4/2021,0.964387431166363,990118.9265867736
22,10/11/2021,0.970986226589708,996893.7891076221
22,10/18/2021,0.99112830420288,1017573.2916057642
22,10/25/2021,0.977931695211219,1004024.574687472
22,11/1/2021,0.977643380025226,1003728.5667885696
22,11/8/2021,0.957354111011303,982897.9456121578
22,11/15/2021,1.01599504277348,1043103.5170967309
22,11/22/2021,0.996741408855935,1023336.1635155629
22,11/29/2021,0.982726113057122,1008946.9158159198
22,12/6/2021,0.998658084768074,1025303.9796088665
22,12/13/2021,0.999881822525019,1026560.3687607694
22,12/20/2021,1.08597223553425,1114947.8202834162
22,12/27/2021,0.962617935103738,988302.2174809657
22,1/3/2022,0.866924771696525,889955.0053344818
22,1/10/2022,0.954034955569058,978584.4326071161
22,1/17/2022,0.996669673196934,1021369.8370801843
22,1/24/2022,1.03741074368998,1062135.3640186177
22,1/31/2022,0.978531301721974,1000923.2248897974
22,2/7/2022,1.00305968398407,1025604.5477086015
22,2/14/2022,1.03567392899733,1058951.833555574
22,2/21/2022,1.02715779982629,1050244.2950626893
22,2/28/2022,0.977498162277369,999468.502831279
22,3/7/2022,0.987395675644102,1009588.4736355406
22,3/14/2022,1.00672430383885,1029351.5338902145
22,3/21/2022,0.983548923947832,1005655.2619794579
22,3/28/2022,0.935672140661349,956702.3956097623
22,4/4/2022,0.926694468710878,947522.9406602312
22,4/11/2022,0.938542794669196,959637.5707148587
22,4/18/2022,0.972782866155238,994647.2252750567
22,4/25/2022,0.974435125510603,996336.6209769653
22,5/2/2022,0.959048472719721,980604.1363403862
22,5/9/2022,0.910011443554724,930464.9462924337
22,5/16/2022,0.971317491609282,993148.9148345055
22,5/23/2022,0.967334226825407,989076.1218063015
22,5/30/2022,0.97058714748252,992402.1554030335
22,6/6/2022,0.963892652996303,985557.1948243
22,6/13/2022,0.973434733087932,995313.7436060945
22,6/20/2022,1.00790922754322,1030563.0900393372
22,6/27/2022,0.966644446544086,988370.8379469663
22,7/4/2022,0.938839030201163,959940.4644541423
22,7/11/2022,0.934600730949558,955606.9047864861
22,7/18/2022,1.03539657344825,1058668.244106545
22,7/25/2022,0.991771789763703,1014062.945680983
22,8/1/2022,0.983974278606853,1006090.1769264074
22,8/8/2022,0.962626327441973,984262.4072009757
22,8/15/2022,1.02921014967994,1052342.7736767568
22,8/22/2022,0.967585416340069,989332.9570370134
22,8/29/2022,0.973246259471858,995121.0338057105
22,9/5/2022,0.990288293814746,1012546.1065148014
22,9/12/2022,1.00613318880225,1028747.1328672789
22,9/19/2022,1.1094271035664,1134362.691382176
22,9/26/2022,1.12972506773639,1155116.874521648
22,10/3/2022,0.889429782207283,909420.6895867253
22,10/10/2022,0.946357574630884,967627.9964193045
22,10/17/2022,0.985543372136229,1007694.5375850268
22,10/24/2022,0.988903977067385,1011130.6757812791
22,10/31/2022,0.959409362564591,980973.1375444337
22,11/7/2022,0.951238792263021,972618.9247408991
22,11/14/2022,1.01529296071865,1038112.7807182577
22,11/21/2022,0.995920953101331,1018305.3660496454
22,11/28/2022,1.00641696815431,1029037.2905360417
22,12/5/2022,1.02260241462374,1045586.5226271093
22,12/12/2022,1.00077891765748,1023272.5186806152
22,12/19/2022,1.09268031281139,1117239.498218055
22,12/26/2022,1.05091618607892,1074536.6770360286
22,1/2/2023,0.846768868424043,865755.0015546182
22,1/9/2023,0.959575732671949,980414.6309297476
22,1/16/2023,1.02560804438133,1046972.3298273588
22,1/23/2023,0.972163714368916,991553.3589352546
22,1/30/2023,1.01812541493647,1037529.605419271
22,2/6/2023,1.00290535377348,1021511.6244759397
22,2/13/2023,0.966191479752916,984116.6211127243
22,2/20/2023,1.05023941395111,1069723.8436589874
22,2/27/2023,0.980030401197002,998212.287369961
22,3/6/2023,0.987289078355954,1005605.6301880005
22,3/13/2023,0.957194432724831,974952.6575464325
22,3/20/2023,1.01714389811013,1036014.3275415302
22,3/27/2023,0.978755132646799,996913.3594928721
22,4/3/2023,0.955983835814384,973719.601128296
22,4/10/2023,0.972066411731345,990100.546936401
22,4/17/2023,1.02580653701281,1044837.6788812784
22,4/24/2023,1.01797137679668,1036857.1578826547
22,5/1/2023,0.978686573943142,996843.5288567661
22,5/8/2023,0.946075599903509,963627.5439845301
22,5/15/2023,1.03331815742718,1052488.6576775326
22,5/22/2023,0.995410414878648,1013877.6366908323
22,5/29/2023,0.96040495025811,978222.7377640386
22,6/5/2023,1.01357388967435,1032378.0869933052
22,6/12/2023,1.01010763260931,1028847.5226387342
22,6/19/2023,1.05054968993688,1070039.8759486412
22,6/26/2023,0.984728512882181,1002997.560089383
22,7/3/2023,0.986416204044456,1004716.5619189955
22,7/10/2023,1.00254001253567,1021139.5052921724
22,7/17/2023,1.05601751967077,1075609.14693641
22,7/24/2023,1.02007953651841,1039004.4290753684
22,7/31/2023,1.01258944672995,1031375.380408024
22,8/7/2023,1.00850598872145,1027216.1645782574
22,8/14/2023,1.02419860011412,1043199.9110728331
22,8/21/2023,0.987570193759128,1005891.9609618908
22,8/28/2023,1.0009840035588,1019554.6286939564
22,9/4/2023,1.01227091848295,1031050.9426130004
22,9/11/2023,1.00908995792973,1027810.9676925306
22,9/18/2023,1.06769752789567,1087505.8469407866
22,9/25/2023,1.0871006771325,1107268.9705599342
22,10/2/2023,0.946036493049049,963587.7116025771
22,10/9/2023,0.978673659149938,996830.3744594797
22,10/16/2023,1.04972313162062,1069197.982985757
22,10/23/2023,0.993072999537887,1011496.8567153475
22,10/30/2023,0.994623841895633,1013076.4708659549
22,11/6/2023,0.966697300465588,984631.825919149
22,11/13/2023,0.974489826240734,992568.9215142808
22,11/20/2023,1.07013156084186,1089985.0369130066
22,11/27/2023,1.01527291420718,1034108.6324017934
22,12/4/2023,1.03650453251244,1055734.147535596
22,12/11/2023,1.01729800102458,1036171.2893766665
22,12/18/2023,1.09079321171793,1111030.0103676338
22,12/25/2023,1.14688464613713,1168162.0737968627
22,1/1/2024,0.791086413836933,805743.2038277404
22,1/8/2024,0.961934502226399,978940.527721442
22,1/15/2024,1.02436878863594,1041225.6729143367
22,1/22/2024,0.998492811589446,1013702.1837633357
22,1/29/2024,1.01011206126533,1024262.0660432444
22,2/5/2024,0.993489146180598,1006562.277874616
22,2/12/2024,1.03118322106394,1044726.5906156423
22,2/19/2024,1.02122424788583,1034636.8180944361
22,2/26/2024,1.00164469380779,1014800.1097457849
22,3/4/2024,1.00582979676804,1019040.1790482779
22,3/11/2024,1.01411940145619,1027438.6578701956
22,3/18/2024,1.06908809663966,1083129.3017198602
22,3/25/2024,1.02286595131266,1036300.0832990399
22,4/1/2024,0.975994909913803,988813.4463246297
22,4/8/2024,0.955241074767297,967787.0341336777
22,4/15/2024,1.03882012734976,1052463.7984861743
22,4/22/2024,0.969341593681788,982072.7466002521
22,4/29/2024,0.97154325144424,984303.3205018691
22,5/6/2024,0.969024904274531,981751.8978216747
22,5/13/2024,0.962855103611613,975501.064161998
22,5/20/2024,1.03816746191962,1051802.561055209
22,5/27/2024,0.964549789047066,977218.0073260415
22,6/3/2024,1.01109290380656,1024372.4107526083
22,6/10/2024,1.03617650220439,1049785.4524753536
22,6/17/2024,0.998295184715768,1011406.6087635221
22,6/24/2024,1.01440908575604,1027732.1467798626
22,7/1/2024,1.00059142545778,1013733.0078759254
22,7/8/2024,0.976630807628778,989457.6957299561
22,7/15/2024,1.06976266131172,1083812.725931299
22,7/22/2024,1.0184882556242,1031864.8917031435
22,7/29/2024,0.997645820307098,1010748.7157065128
22,8/5/2024,1.01845330436331,1031829.4814091765
22,8/12/2024,1.01055950020537,1023832.0014952689
22,8/19/2024,1.06850394334269,1082537.4762216785
22,8/26/2024,1.02313065526125,1036568.2637845312
22,9/2/2024,1.03268061271071,1046243.648610782
22,9/9/2024,1.00357677621701,1016757.5677083405
22,9/16/2024,1.04743965323937,1061196.5316175036
22,9/23/2024,1.02685129831642,1040337.7730395804
22,9/30/2024,1.01730846988019,1030669.6108474496
22,10/7/2024,0.985174961413434,998114.0668398046
22,10/14/2024,1.09301179584226,1107367.2102975023
22,10/21/2024,1.02507187345501,1038534.9775771386
22,10/28/2024,0.975414054567719,988224.9621153397
22,11/4/2024,1.02375606430805,1037201.8868763967
22,11/11/2024,1.00711922245415,1020346.5398237469
22,11/18/2024,1.04441210333066,1058129.2184917978
22,11/25/2024,1.07965312476926,1093833.0889800524
22,12/2/2024,1.04771648927529,1061477.0036293217
22,12/9/2024,1.08221061293537,1096424.166719273
22,12/16/2024,1.12845855399927,1143279.5196733032
22,12/23/2024,1.09048453886821,1104806.7608563693
22,12/30/2024,0.872891012390975,884355.4012955304
23,3/1/2021,0.964059412482656,1388006.6119556301
23,3/8/2021,0.977020635658403,1406667.5608351766
23,3/15/2021,1.00920066913928,1452998.8331222772
23,3/22/2021,1.03600288084541,1491587.37494094
23,3/29/2021,0.950452414554376,1368415.9070786454
23,4/5/2021,0.94571762974311,1361598.9903805705
23,4/12/2021,0.94357039584668,1358507.5057008094
23,4/19/2021,1.05564249213701,1519863.5471747494
23,4/26/2021,0.982932252752808,1415178.8236661328
23,5/3/2021,0.977922025657247,1407965.3383701434
23,5/10/2021,0.9666681471939,1391762.5425812243
23,5/17/2021,0.991907040257389,1428100.2930278673
23,5/24/2021,1.03153984835664,1485161.7135770712
23,5/31/2021,0.987204604169755,1421329.9503900602
23,6/7/2021,1.01952741180039,1467866.7821989614
23,6/14/2021,1.06963464788649,1540008.783219659
23,6/21/2021,1.00282405822413,1443818.0933290524
23,6/28/2021,0.968366573036425,1394207.8551293707
23,7/5/2021,0.966409884813792,1391390.709145556
23,7/12/2021,0.980907648089842,1412263.8949192204
23,7/19/2021,1.07712842383508,1550797.96355594
23,7/26/2021,1.00128530394204,1441602.6685862555
23,8/2/2021,0.982048218412397,1413906.0332754017
23,8/9/2021,0.989983217200973,1425330.4648130164
23,8/16/2021,1.03389208115458,1488548.3460557342
23,8/23/2021,1.02213412022019,1471619.796517193
23,8/30/2021,0.979676977398243,1410492.0338731415
23,9/6/2021,1.02157949085798,1470821.2676484643
23,9/13/2021,0.99731249595078,1435882.8094939848
23,9/20/2021,1.08341193690864,1559844.6645735698
23,9/27/2021,0.970874454055559,1397818.581698896
23,10/4/2021,0.964387431166363,1388478.8765354801
23,10/11/2021,0.970986226589708,1397979.506624958
23,10/18/2021,0.99112830420288,1426979.1063789916
23,10/25/2021,0.977931695211219,1407979.2604347721
23,11/1/2021,0.977643380025226,1407564.1582385283
23,11/8/2021,0.957354111011303,1378352.6396117685
23,11/15/2021,1.01599504277348,1462781.0471789208
23,11/22/2021,0.996741408855935,1435060.5863381731
23,11/29/2021,0.982726113057122,1414882.034066453
23,12/6/2021,0.998658084768074,1437820.1245218068
23,12/13/2021,0.999881822525019,1439582.00344733
23,12/20/2021,1.08597223553425,1563530.8604949906
23,12/27/2021,0.962617935103738,1385931.2411550456
23,1/3/2022,0.866924771696525,1247916.2498956188
23,1/10/2022,0.954034955569058,1371412.0846958812
23,1/17/2022,0.996669673196934,1430440.2035619896
23,1/24/2022,1.03741074368998,1486561.261583854
23,1/31/2022,0.978531301721974,1399971.585128468
23,2/7/2022,1.00305968398407,1434089.4423358352
23,2/14/2022,1.03567392899733,1480718.5165487605
23,2/21/2022,1.02715779982629,1468542.8792187278
23,2/28/2022,0.977498162277369,1397543.7521924728
23,3/7/2022,0.987395675644102,1411694.3751781427
23,3/14/2022,1.00672430383885,1439328.8041783683
23,3/21/2022,0.983548923947832,1406194.6166889186
23,3/28/2022,0.935672140661349,1337744.4630761463
23,4/4/2022,0.926694468710878,1324908.951151911
23,4/11/2022,0.938542794669196,1341848.6802520456
23,4/18/2022,0.972782866155238,1390802.2230778052
23,4/25/2022,0.974435125510603,1393164.4831750488
23,5/2/2022,0.959048472719721,1371165.9555323804
23,5/9/2022,0.910011443554724,1301056.98086928
23,5/16/2022,0.971317491609282,1388707.155117086
23,5/23/2022,0.967334226825407,1383012.2216250827
23,5/30/2022,0.97058714748252,1387662.9707579673
23,6/6/2022,0.963892652996303,1378091.75170151
23,6/13/2022,0.973434733087932,1391734.206472252
23,6/20/2022,1.00790922754322,1441022.9072036857
23,6/27/2022,0.966644446544086,1382026.032287369
23,7/4/2022,0.938839030201163,1342272.212430088
23,7/11/2022,0.934600730949558,1336212.6525092875
23,7/18/2022,1.03539657344825,1480321.9770038622
23,7/25/2022,0.991771789763703,1417950.9708138818
23,8/1/2022,0.983974278606853,1406802.7523585942
23,8/8/2022,0.962626327441973,1376281.2671271996
23,8/15/2022,1.02921014967994,1471477.1543775664
23,8/22/2022,0.967585416340069,1383371.3509219817
23,8/29/2022,0.973246259471858,1391464.743159375
23,9/5/2022,0.990288293814746,1415829.9948038093
23,9/12/2022,1.00613318880225,1438483.6783865185
23,9/19/2022,1.1094271035664,1586164.5343639082
23,9/26/2022,1.12972506773639,1615184.8376157596
23,10/3/2022,0.889429782207283,1271631.0715114176
23,10/10/2022,0.946357574630884,1353021.5882851616
23,10/17/2022,0.985543372136229,1409046.1093554401
23,10/24/2022,0.988903977067385,1413850.8164173546
23,10/31/2022,0.959409362564591,1371681.9245306328
23,11/7/2022,0.951238792263021,1360000.337910972
23,11/14/2022,1.01529296071865,1451579.5413377662
23,11/21/2022,0.995920953101331,1423883.0922393978
23,11/28/2022,1.00641696815431,1438889.402175555
23,12/5/2022,1.02260241462374,1462029.9772718567
23,12/12/2022,1.00077891765748,1430828.5968684177
23,12/19/2022,1.09268031281139,1562221.3967902593
23,12/26/2022,1.05091618607892,1502510.5995620217
23,1/2/2023,0.846768868424043,1210524.8126697692
23,1/9/2023,0.959575732671949,1370122.0038825355
23,1/16/2023,1.02560804438133,1462163.7473291734
23,1/23/2023,0.972163714368916,1383845.2550219852
23,1/30/2023,1.01812541493647,1447044.362204943
23,2/6/2023,1.00290535377348,1424159.295621701
23,2/13/2023,0.966191479752916,1372024.361084091
23,2/20/2023,1.05023941395111,1491375.2512889854
23,2/27/2023,0.980030401197002,1391676.094458803
23,3/6/2023,0.987289078355954,1401983.6598285602
23,3/13/2023,0.957194432724831,1359248.251860586
23,3/20/2023,1.01714389811013,1444378.5066056983
23,3/27/2023,0.978755132646799,1389865.1698371454
23,4/3/2023,0.955983835814384,1357529.163231863
23,4/10/2023,0.972066411731345,1380366.9614031527
23,4/17/2023,1.02580653701281,1456679.7448188146
23,4/24/2023,1.01797137679668,1445553.5541935705
23,5/1/2023,0.978686573943142,1389767.814452585
23,5/8/2023,0.946075599903509,1343459.1357414504
23,5/15/2023,1.03331815742718,1467346.4983451257
23,5/22/2023,0.995410414878648,1413516.2303626332
23,5/29/2023,0.96040495025811,1363807.294543782
23,6/5/2023,1.01357388967435,1439308.9747100128
23,6/12/2023,1.01010763260931,1434386.773192006
23,6/19/2023,1.05054968993688,1491815.853223974
23,6/26/2023,0.984728512882181,1398347.5704906462
23,7/3/2023,0.986416204044456,1400744.148620685
23,7/10/2023,1.00254001253567,1423640.4984415746
23,7/17/2023,1.05601751967077,1499580.3552683664
23,7/24/2023,1.02007953651841,1448547.2119390462
23,7/31/2023,1.01258944672995,1437911.0329034922
23,8/7/2023,1.00850598872145,1432112.3853127924
23,8/14/2023,1.02419860011412,1454396.420561064
23,8/21/2023,0.987570193759128,1402382.8528629115
23,8/28/2023,1.0009840035588,1421430.9132910406
23,9/4/2023,1.01227091848295,1437458.7115727311
23,9/11/2023,1.00908995792973,1432941.6407460654
23,9/18/2023,1.06769752789567,1516166.3590608106
23,9/25/2023,1.0871006771325,1543719.4828647652
23,10/2/2023,0.946036493049049,1343403.602416566
23,10/9/2023,0.978673659149938,1389749.4746930671
23,10/16/2023,1.04972313162062,1490642.1124585355
23,10/23/2023,0.993072999537887,1410197.0216758742
23,10/30/2023,0.994623841895633,1412399.269866245
23,11/6/2023,0.966697300465588,1372742.642823169
23,11/13/2023,0.974489826240734,1383808.291241113
23,11/20/2023,1.07013156084186,1519622.767488477
23,11/27/2023,1.01527291420718,1441721.646318571
23,12/4/2023,1.03650453251244,1471871.2576215481
23,12/11/2023,1.01729800102458,1444597.3377056292
23,12/18/2023,1.09079321171793,1548963.0060165452
23,12/25/2023,1.14688464613713,1628614.7273409048
23,1/1/2024,0.791086413836933,1123331.8972643479
23,1/8/2024,0.961934502226399,1364387.8967543736
23,1/15/2024,1.02436878863594,1450570.0840822328
23,1/22/2024,0.998492811589446,1411613.9103137727
23,1/29/2024,1.01011206126533,1425698.6256051934
23,2/5/2024,0.993489146180598,1400637.8553785258
23,2/12/2024,1.03118322106394,1453730.7851860619
23,2/19/2024,1.02122424788583,1439690.9271407945
23,2/26/2024,1.00164469380779,1412088.266351602
23,3/4/2024,1.00582979676804,1417988.2972832813
23,3/11/2024,1.01411940145619,1429674.7301946392
23,3/18/2024,1.06908809663966,1507167.9271063223
23,3/25/2024,1.02286595131266,1442005.3505475565
23,4/1/2024,0.975994909913803,1375927.9800145442
23,4/8/2024,0.955241074767297,1346669.8535965048
23,4/15/2024,1.03882012734976,1464497.0633895989
23,4/22/2024,0.969341593681788,1366548.3369145792
23,4/29/2024,0.97154325144424,1369652.1671713367
23,5/6/2024,0.969024904274531,1366101.8778184191
23,5/13/2024,0.962855103611613,1357403.8802137724
23,5/20/2024,1.03816746191962,1463576.955461803
23,5/27/2024,0.964549789047066,1359792.9962164878
23,6/3/2024,1.01109290380656,1425408.0657177146
23,6/10/2024,1.03617650220439,1460770.160840942
23,6/17/2024,0.998295184715768,1407366.2299916693
23,6/24/2024,1.01440908575604,1430083.1182174345
23,7/1/2024,1.00059142545778,1410603.4003885468
23,7/8/2024,0.976630807628778,1376824.449181621
23,7/15/2024,1.06976266131172,1508118.9078775842
23,7/22/2024,1.0184882556242,1435833.8081864382
23,7/29/2024,0.997645820307098,1406450.7760059235
23,8/5/2024,1.01845330436331,1435784.535081327
23,8/12/2024,1.01055950020537,1424656.0896770246
23,8/19/2024,1.06850394334269,1506344.40559906
23,8/26/2024,1.02313065526125,1442378.522122872
23,9/2/2024,1.03268061271071,1455841.7620102342
23,9/9/2024,1.00357677621701,1414812.057258028
23,9/16/2024,1.04743965323937,1476648.6089928807
23,9/23/2024,1.02685129831642,1447623.7715236973
23,9/30/2024,1.01730846988019,1434170.5818075894
23,10/7/2024,0.985174961413434,1388869.737588946
23,10/14/2024,1.09301179584226,1540894.831465979
23,10/21/2024,1.02507187345501,1445115.1924959356
23,10/28/2024,0.975414054567719,1375109.1077479594
23,11/4/2024,1.02375606430805,1443260.204825853
23,11/11/2024,1.00711922245415,1419806.0904958798
23,11/18/2024,1.04441210333066,1472380.4612556547
23,11/25/2024,1.07965312476926,1522062.1829011817
23,12/2/2024,1.04771648927529,1477038.884195189
23,12/9/2024,1.08221061293537,1525667.6520274659
23,12/16/2024,1.12845855399927,1590866.5946321303
23,12/23/2024,1.09048453886821,1537331.981475808
23,12/30/2024,0.872891012390975,1230575.2368322504
24,3/1/2021,0.964059412482656,718695.3233302287
24,3/8/2021,0.977020635658403,728357.767739128
24,3/15/2021,1.00920066913928,752347.6165723779
24,3/22/2021,1.03600288084541,772328.360459484
24,3/29/2021,0.950452414554376,708551.4612015636
24,4/5/2021,0.94571762974311,705021.7330042216
24,4/12/2021,0.94357039584668,703420.9945841655
24,4/19/2021,1.05564249213701,786969.4672848013
24,4/26/2021,0.982932252752808,732764.8111073293
24,5/3/2021,0.977922025657247,729029.7438259138
24,5/10/2021,0.9666681471939,720640.1054497649
24,5/17/2021,0.991907040257389,739455.4130432683
24,5/24/2021,1.03153984835664,769001.2205265656
24,5/31/2021,0.987204604169755,735949.8003835975
24,6/7/2021,1.01952741180039,760046.0857088882
24,6/14/2021,1.06963464788649,797400.4601209398
24,6/21/2021,1.00282405822413,747593.9256819595
24,6/28/2021,0.968366573036425,721906.2625273584
24,7/5/2021,0.966409884813792,720447.5737323308
24,7/12/2021,0.980907648089842,731255.4913247584
24,7/19/2021,1.07712842383508,802986.9849076989
24,7/26/2021,1.00128530394204,746446.8019549219
24,8/2/2021,0.982048218412397,732105.773581252
24,8/9/2021,0.989983217200973,738021.2249024294
24,8/16/2021,1.03389208115458,770754.7834081375
24,8/23/2021,1.02213412022019,761989.3573083929
24,8/30/2021,0.979676977398243,730338.0403909113
24,9/6/2021,1.02157949085798,761575.8874166538
24,9/13/2021,0.99731249595078,743485.1187796585
24,9/20/2021,1.08341193690864,807671.2723808162
24,9/27/2021,0.970874454055559,723775.8592853079
24,10/4/2021,0.964387431166363,718939.8575074343
24,10/11/2021,0.970986226589708,723859.1844311581
24,10/18/2021,0.99112830420288,738874.8741407441
24,10/25/2021,0.977931695211219,729036.9523001602
24,11/1/2021,0.977643380025226,728822.016626249
24,11/8/2021,0.957354111011303,713696.5974255612
24,11/15/2021,1.01599504277348,757412.7448677667
24,11/22/2021,0.996741408855935,743059.3798440524
24,11/29/2021,0.982726113057122,732611.136288394
24,12/6/2021,0.998658084768074,744488.2399391037
24,12/13/2021,0.999881822525019,745400.5225254907
24,12/20/2021,1.08597223553425,809579.9459418833
24,12/27/2021,0.962617935103738,717620.7184456792
24,1/3/2022,0.866924771696525,646151.880599366
24,1/10/2022,0.954034955569058,710047.8770834694
24,1/17/2022,0.996669673196934,740552.125464976
24,1/24/2022,1.03741074368998,769546.533501883
24,1/31/2022,0.978531301721974,724665.0754906619
24,2/7/2022,1.00305968398407,742300.5077791982
24,2/14/2022,1.03567392899733,766436.2307170101
24,2/21/2022,1.02715779982629,760133.9865732354
24,2/28/2022,0.977498162277369,723384.0555701304
24,3/7/2022,0.987395675644102,730708.5740609
24,3/14/2022,1.00672430383885,745012.4592331498
24,3/21/2022,0.983548923947832,727861.8384691165
24,3/28/2022,0.935672140661349,692431.2842400199
24,4/4/2022,0.926694468710878,685787.481737044
24,4/11/2022,0.938542794669196,694555.6722020821
24,4/18/2022,0.972782866155238,719894.5656249848
24,4/25/2022,0.974435125510603,721117.2973889277
24,5/2/2022,0.959048472719721,709730.6168336769
24,5/9/2022,0.910011443554724,673441.4385993241
24,5/16/2022,0.971317491609282,718810.1353205136
24,5/23/2022,0.967334226825407,715862.3750625332
24,5/30/2022,0.97058714748252,718269.6542030644
24,6/6/2022,0.963892652996303,713315.48574301
24,6/13/2022,0.973434733087932,720376.9707433969
24,6/20/2022,1.00790922754322,745889.3456933907
24,6/27/2022,0.966644446544086,715351.9127159361
24,7/4/2022,0.938839030201163,694774.8972216317
24,7/11/2022,0.934600730949558,691638.4022136327
24,7/18/2022,1.03539657344825,766230.9775674676
24,7/25/2022,0.991771789763703,733947.0570747448
24,8/1/2022,0.983974278606853,728176.6163027079
24,8/8/2022,0.962626327441973,712378.3589949989
24,8/15/2022,1.02921014967994,761652.7998473244
24,8/22/2022,0.967585416340069,716048.2644764355
24,8/29/2022,0.973246259471858,720237.4935034888
24,9/5/2022,0.990288293814746,732849.216374516
24,9/12/2022,1.00613318880225,744575.0127445671
24,9/19/2022,1.1094271035664,821016.2520995978
24,9/26/2022,1.12972506773639,836037.4810037982
24,10/3/2022,0.889429782207283,658210.2636173251
24,10/10/2022,0.946357574630884,700338.8925430693
24,10/17/2022,0.985543372136229,729337.8024191362
24,10/24/2022,0.988903977067385,731824.7718139262
24,10/31/2022,0.959409362564591,709997.6884569605
24,11/7/2022,0.951238792263021,703951.1704058135
24,11/14/2022,1.01529296071865,751353.5758016998
24,11/21/2022,0.995920953101331,737017.5883072768
24,11/28/2022,1.00641696815431,744785.0197311575
24,12/5/2022,1.02260241462374,756762.836525401
24,12/12/2022,1.00077891765748,740612.658059894
24,12/19/2022,1.09268031281139,808623.0201013132
24,12/26/2022,1.05091618607892,777716.0531440533
24,1/2/2023,0.846768868424043,626552.2065901409
24,1/9/2023,0.959575732671949,708733.5759568373
24,1/16/2023,1.02560804438133,755774.4669318575
24,1/23/2023,0.972163714368916,714751.1885676768
24,1/30/2023,1.01812541493647,746825.3740898193
24,2/6/2023,1.00290535377348,734694.1057311231
24,2/13/2023,0.966191479752916,707798.7793134423
24,2/20/2023,1.05023941395111,769369.4166673414
24,2/27/2023,0.980030401197002,717936.6990554323
24,3/6/2023,0.987289078355954,723254.157275216
24,3/13/2023,0.957194432724831,701207.85084094
24,3/20/2023,1.01714389811013,745124.7754997327
24,3/27/2023,0.978755132646799,717002.4810075407
24,4/3/2023,0.955983835814384,700321.0090266991
24,4/10/2023,0.972066411731345,712102.5532035981
24,4/17/2023,1.02580653701281,751470.728011588
24,4/24/2023,1.01797137679668,745730.9580455463
24,5/1/2023,0.978686573943142,716952.2572525113
24,5/8/2023,0.946075599903509,693062.5748324452
24,5/15/2023,1.03331815742718,756973.4838251258
24,5/22/2023,0.995410414878648,729203.5702504301
24,5/29/2023,0.96040495025811,703559.7660617024
24,6/5/2023,1.01357388967435,742509.509679151
24,6/12/2023,1.01010763260931,739970.2484797182
24,6/19/2023,1.05054968993688,769596.714239703
24,6/26/2023,0.984728512882181,721378.374743952
24,7/3/2023,0.986416204044456,722614.7194628902
24,7/10/2023,1.00254001253567,734426.4692345337
24,7/17/2023,1.05601751967077,773602.2590170742
24,7/24/2023,1.02007953651841,747275.32371364
24,7/31/2023,1.01258944672995,741788.3405513254
24,8/7/2023,1.00850598872145,738796.939105339
24,8/14/2023,1.02419860011412,750292.8086180537
24,8/21/2023,0.987570193759128,723460.0928827754
24,8/28/2023,1.0009840035588,733286.5904129557
24,9/4/2023,1.01227091848295,741554.9976173746
24,9/11/2023,1.00908995792973,739224.7348700288
24,9/18/2023,1.06769752789567,782158.6328955462
24,9/25/2023,1.0871006771325,796372.7153168166
24,10/2/2023,0.946036493049049,693033.9264726493
24,10/9/2023,0.978673659149938,716942.7963208103
24,10/16/2023,1.04972313162062,768991.2059362597
24,10/23/2023,0.993072999537887,727491.2598522421
24,10/30/2023,0.994623841895633,728627.3538568382
24,11/6/2023,0.966697300465588,708169.3262855805
24,11/13/2023,0.974489826240734,713877.8637036971
24,11/20/2023,1.07013156084186,783941.7220643712
24,11/27/2023,1.01527291420718,743754.156810084
24,12/4/2023,1.03650453251244,759307.7130336579
24,12/11/2023,1.01729800102458,745237.6660118606
24,12/18/2023,1.09079321171793,799077.7396318767
24,12/25/2023,1.14688464613713,840168.4029527804
24,1/1/2024,0.791086413836933,579494.416789921
24,1/8/2024,0.961934502226399,703471.8312354818
24,1/15/2024,1.02436878863594,747328.4580758631
24,1/22/2024,0.998492811589446,726693.3742413805
24,1/29/2024,1.01011206126533,733371.4119544306
24,2/5/2024,0.993489146180598,720088.675665795
24,2/12/2024,1.03118322106394,747372.5664008515
24,2/19/2024,1.02122424788583,740154.5830415823
24,2/26/2024,1.00164469380779,725963.8735061487
24,3/4/2024,1.00582979676804,728997.1183114483
24,3/11/2024,1.01411940145619,735005.1903951992
24,3/18/2024,1.06908809663966,774844.9530530376
24,3/25/2024,1.02286595131266,741344.4434627367
24,4/1/2024,0.975994909913803,707373.6322694822
24,4/8/2024,0.955241074767297,692331.836857737
24,4/15/2024,1.03882012734976,752907.581053424
24,4/22/2024,0.969341593681788,702551.4959633363
24,4/29/2024,0.97154325144424,704147.1955166389
24,5/6/2024,0.969024904274531,702321.9683925079
24,5/13/2024,0.962855103611613,697850.2705924339
24,5/20/2024,1.03816746191962,752434.5475428663
24,5/27/2024,0.964549789047066,699078.5309113138
24,6/3/2024,1.01109290380656,732811.6701107075
24,6/10/2024,1.03617650220439,750991.5559920939
24,6/17/2024,0.998295184715768,723536.2435656324
24,6/24/2024,1.01440908575604,735215.1453312603
24,7/1/2024,1.00059142545778,725200.494143162
24,7/8/2024,0.976630807628778,707834.5129381793
24,7/15/2024,1.06976266131172,775333.8584353604
24,7/22/2024,1.0184882556242,738171.6128073409
24,7/29/2024,0.997645820307098,723065.6025104788
24,8/5/2024,1.01845330436331,738146.2811502314
24,8/12/2024,1.01055950020537,732425.0741583848
24,8/19/2024,1.06850394334269,774421.5751775743
24,8/26/2024,1.02313065526125,741536.2934457714
24,9/2/2024,1.03268061271071,748457.8337480039
24,9/9/2024,1.00357677621701,727364.1924362257
24,9/16/2024,1.04743965323937,759154.770747157
24,9/23/2024,1.02685129831642,744232.9107222455
24,9/30/2024,1.01730846988019,737316.5373164364
24,10/7/2024,0.985174961413434,714027.0750754128
24,10/14/2024,1.09301179584226,792184.1766114121
24,10/21/2024,1.02507187345501,742943.2336846143
24,10/28/2024,0.975414054567719,706952.6446526102
24,11/4/2024,1.02375606430805,741989.5722901381
24,11/11/2024,1.00711922245415,729931.6577138115
24,11/18/2024,1.04441210333066,756960.4878187311
24,11/25/2024,1.07965312476926,782502.1879716932
24,12/2/2024,1.04771648927529,759355.4137192741
24,12/9/2024,1.08221061293537,784355.7833974079
24,12/16/2024,1.12845855399927,817874.989011859
24,12/23/2024,1.09048453886821,790352.4919839628
24,12/30/2024,0.872891012390975,632646.830185223
25,3/1/2021,0.964059412482656,1362789.2320206566
25,3/8/2021,0.977020635658403,1381111.1477989056
25,3/15/2021,1.00920066913928,1426600.670952739
25,3/22/2021,1.03600288084541,1464488.1339853527
25,3/29/2021,0.950452414554376,1343554.452037251
25,4/5/2021,0.94571762974311,1336861.3854714655
25,4/12/2021,0.94357039584668,1333826.0672094114
25,4/19/2021,1.05564249213701,1492250.5834955194
25,4/26/2021,0.982932252752808,1389467.7779094407
25,5/3/2021,0.977922025657247,1382385.347759964
25,5/10/2021,0.9666681471939,1366476.925325945
25,5/17/2021,0.991907040257389,1402154.4896273748
25,5/24/2021,1.03153984835664,1458179.2152763468
25,5/31/2021,0.987204604169755,1395507.1510864284
25,6/7/2021,1.01952741180039,1441198.4990569027
25,6/14/2021,1.06963464788649,1512029.8199372678
25,6/21/2021,1.00282405822413,1417586.7273905715
25,6/28/2021,0.968366573036425,1368877.8103800355
25,7/5/2021,0.966409884813792,1366111.8463075657
25,7/12/2021,0.980907648089842,1386605.807131723
25,7/19/2021,1.07712842383508,1522622.9814949494
25,7/26/2021,1.00128530394204,1415411.5528587555
25,8/2/2021,0.982048218412397,1388218.1117641686
25,8/9/2021,0.989983217200973,1399434.9837318247
25,8/16/2021,1.03389208115458,1461504.3191771002
25,8/23/2021,1.02213412022019,1444883.3285341954
25,8/30/2021,0.979676977398243,1384866.1384729631
25,9/6/2021,1.02157949085798,1444099.3075180345
25,9/13/2021,0.99731249595078,1409795.6131392992
25,9/20/2021,1.08341193690864,1531505.3225294296
25,9/27/2021,0.970874454055559,1372422.9382560565
25,10/4/2021,0.964387431166363,1363252.9172794246
25,10/11/2021,0.970986226589708,1372580.9390924473
25,10/18/2021,0.99112830420288,1401053.6722023736
25,10/25/2021,0.977931695211219,1382399.016156958
25,11/1/2021,0.977643380025226,1381991.4552288637
25,11/8/2021,0.957354111011303,1353310.6529659634
25,11/15/2021,1.01599504277348,1436205.1605588715
25,11/22/2021,0.996741408855935,1408988.3265604395
25,11/29/2021,0.982726113057122,1389176.3793212923
25,12/6/2021,0.998658084768074,1411697.7294143438
25,12/13/2021,0.999881822525019,1413427.5987495726
25,12/20/2021,1.08597223553425,1535124.546522662
25,12/27/2021,0.962617935103738,1360751.5670656024
25,1/3/2022,0.866924771696525,1225263.1264108447
25,1/10/2022,0.954034955569058,1346667.7212947262
25,1/17/2022,0.996669673196934,1404810.2938896243
25,1/24/2022,1.03741074368998,1460112.957039691
25,1/31/2022,0.978531301721974,1375240.6840615717
25,2/7/2022,1.00305968398407,1408833.655934812
25,2/14/2022,1.03567392899733,1454641.5444614377
25,2/21/2022,1.02715779982629,1442680.3327443653
25,2/28/2022,0.977498162277369,1372931.57331496
25,3/7/2022,0.987395675644102,1386832.9892462702
25,3/14/2022,1.00672430383885,1413980.747372567
25,3/21/2022,0.983548923947832,1381430.0866871078
25,3/28/2022,0.935672140661349,1314185.41029359
25,4/4/2022,0.926694468710878,1301575.944737606
25,4/11/2022,0.938542794669196,1318217.3478249365
25,4/18/2022,0.972782866155238,1366308.7685367968
25,4/25/2022,0.974435125510603,1368629.4268266824
25,5/2/2022,0.959048472719721,1347018.3158599306
25,5/9/2022,0.910011443554724,1278144.032331732
25,5/16/2022,0.971317491609282,1364250.5972503666
25,5/23/2022,0.967334226825407,1358655.9575629141
25,5/30/2022,0.97058714748252,1363224.802415551
25,6/6/2022,0.963892652996303,1353822.1424024922
25,6/13/2022,0.973434733087932,1367224.3394426256
25,6/20/2022,1.00790922754322,1415645.0154808862
25,6/27/2022,0.966644446544086,1357687.135948044
25,7/4/2022,0.938839030201163,1318633.4215621855
25,7/11/2022,0.934600730949558,1312680.5767077499
25,7/18/2022,1.03539657344825,1454251.9881440871
25,7/25/2022,0.991771789763703,1392979.399373186
25,8/1/2022,0.983974278606853,1382027.5124914995
25,8/8/2022,0.962626327441973,1352043.5420161083
25,8/15/2022,1.02921014967994,1445562.932154898
25,8/22/2022,0.967585416340069,1359008.7624041515
25,8/29/2022,0.973246259471858,1366959.621824445
25,9/5/2022,0.990288293814746,1390895.7764074793
25,9/12/2022,1.00613318880225,1413150.5051452876
25,9/19/2022,1.1094271035664,1558230.5494759912
25,9/26/2022,1.12972506773639,1586739.7751322405
25,10/3/2022,0.889429782207283,1249236.3432202293
25,10/10/2022,0.946357574630884,1329193.4895206771
25,10/17/2022,0.985543372136229,1384231.3613840598
25,10/24/2022,0.988903977067385,1388951.4527309362
25,10/31/2022,0.959409362564591,1347525.1984052882
25,11/7/2022,0.951238792263021,1336049.3365879904
25,11/14/2022,1.01529296071865,1426015.7363408625
25,11/21/2022,0.995920953101331,1398807.050185133
25,11/28/2022,1.00641696815431,1413549.083666891
25,12/5/2022,1.02260241462374,1436282.129500342
25,12/12/2022,1.00077891765748,1405630.2372989075
25,12/19/2022,1.09268031281139,1534709.0750793482
25,12/26/2022,1.05091618607892,1476049.846130924
25,1/2/2023,0.846768868424043,1189189.9537718596
25,1/9/2023,0.959575732671949,1345734.5373419193
25,1/16/2023,1.02560804438133,1435815.5587949152
25,1/23/2023,0.972163714368916,1358602.2451991632
25,1/30/2023,1.01812541493647,1420327.4104564984
25,2/6/2023,1.00290535377348,1397683.8322725128
25,2/13/2023,0.966191479752916,1346518.098412826
25,2/20/2023,1.05023941395111,1463650.2265792282
25,2/27/2023,0.980030401197002,1365804.5007788476
25,3/6/2023,0.987289078355954,1375920.4460051204
25,3/13/2023,0.957194432724831,1333979.4998791881
25,3/20/2023,1.01714389811013,1417527.1630473316
25,3/27/2023,0.978755132646799,1364027.2426352373
25,4/3/2023,0.955983835814384,1332292.3703989931
25,4/10/2023,0.972066411731345,1354705.6082001429
25,4/17/2023,1.02580653701281,1429599.7183355796
25,4/24/2023,1.01797137679668,1418680.365954184
25,5/1/2023,0.978686573943142,1363931.696242385
25,5/8/2023,0.946075599903509,1318483.9071126652
25,5/15/2023,1.03331815742718,1440068.1741256388
25,5/22/2023,0.995410414878648,1387238.6240501713
25,5/29/2023,0.96040495025811,1338453.78956255
25,6/5/2023,1.01357388967435,1412551.8755666763
25,6/12/2023,1.01010763260931,1407721.1789515093
25,6/19/2023,1.05054968993688,1464082.6385970288
25,6/26/2023,0.984728512882181,1372351.953654519
25,7/3/2023,0.986416204044456,1374703.978811522
25,7/10/2023,1.00254001253567,1397174.679981571
25,7/17/2023,1.05601751967077,1471702.7966332538
25,7/24/2023,1.02007953651841,1421618.3716691842
25,7/31/2023,1.01258944672995,1411179.9217394583
25,8/7/2023,1.00850598872145,1405489.0723897247
25,8/14/2023,1.02419860011412,1427358.842069696
25,8/21/2023,0.987570193759128,1376312.2190724253
25,8/28/2023,1.0009840035588,1395006.1714807148
25,9/4/2023,1.01227091848295,1410736.009145851
25,9/11/2023,1.00908995792973,1406302.9117688981
25,9/18/2023,1.06769752789567,1487980.4626197636
25,9/25/2023,1.0871006771325,1515021.3672625953
25,10/2/2023,0.946036493049049,1318429.4071167135
25,10/9/2023,0.978673659149938,1363913.6985229787
25,10/16/2023,1.04972313162062,1462930.717961033
25,10/23/2023,0.993072999537887,1383981.120730448
25,10/30/2023,0.994623841895633,1386142.4286131393
25,11/6/2023,0.966697300465588,1347223.0277924857
25,11/13/2023,0.974489826240734,1358082.9631617917
25,11/20/2023,1.07013156084186,1491372.615727741
25,11/27/2023,1.01527291420718,1414919.6950969566
25,12/4/2023,1.03650453251244,1444508.8178425215
25,12/11/2023,1.01729800102458,1417741.9263708324
25,12/18/2023,1.09079321171793,1520167.4115420154
25,12/25/2023,1.14688464613713,1598338.387902686
25,1/1/2024,0.791086413836933,1102447.7647051208
25,1/8/2024,0.961934502226399,1338975.828881022
25,1/15/2024,1.02436878863594,1423481.530195819
25,1/22/2024,0.998492811589446,1385183.1824037877
25,1/29/2024,1.01011206126533,1398933.5696693128
25,2/5/2024,0.993489146180598,1374294.9912015712
25,2/12/2024,1.03118322106394,1426387.88581632
25,2/19/2024,1.02122424788583,1412612.1002731097
25,2/26/2024,1.00164469380779,1385528.6117321984
25,3/4/2024,1.00582979676804,1391317.6702463867
25,3/11/2024,1.01411940145619,1402784.2956689636
25,3/18/2024,1.06908809663966,1478819.9402899088
25,3/25/2024,1.02286595131266,1414882.9922017406
25,4/1/2024,0.975994909913803,1350048.4562924036
25,4/8/2024,0.955241074767297,1321340.639512834
25,4/15/2024,1.03882012734976,1436951.6635367845
25,4/22/2024,0.969341593681788,1340845.2329328726
25,4/29/2024,0.97154325144424,1343890.6839753068
25,5/6/2024,0.969024904274531,1340407.1712156516
25,5/13/2024,0.962855103611613,1331872.7722395915
25,5/20/2024,1.03816746191962,1436048.8616253324
25,5/27/2024,0.964549789047066,1334216.9517395243
25,6/3/2024,1.01109290380656,1398597.8819351068
25,6/10/2024,1.03617650220439,1433294.8595025095
25,6/17/2024,0.998295184715768,1380895.3915941187
25,6/24/2024,1.01440908575604,1403185.0031994414
25,7/1/2024,1.00059142545778,1384071.6753119938
25,7/8/2024,0.976630807628778,1350928.0648541255
25,7/15/2024,1.06976266131172,1479753.0351690734
25,7/22/2024,1.0184882556242,1408827.5296711433
25,7/29/2024,0.997645820307098,1379997.1562557267
25,8/5/2024,1.01845330436331,1408779.183083114
25,8/12/2024,1.01055950020537,1397860.0501454272
25,8/19/2024,1.06850394334269,1478011.9087179059
25,8/26/2024,1.02313065526125,1415249.145332176
25,9/2/2024,1.03268061271071,1428459.158155993
25,9/9/2024,1.00357677621701,1388201.1720737035
25,9/16/2024,1.04743965323937,1448874.6539668539
25,9/23/2024,1.02685129831642,1420395.738304586
25,9/30/2024,1.01730846988019,1407195.5867367892
25,10/7/2024,0.985174961413434,1362746.7959437557
25,10/14/2024,1.09301179584226,1511912.4834762497
25,10/21/2024,1.02507187345501,1417934.3422303898
25,10/28/2024,0.975414054567719,1349244.9861792254
25,11/4/2024,1.02375606430805,1416114.244267766
25,11/11/2024,1.00711922245415,1393101.2731521593
25,11/18/2024,1.04441210333066,1444686.7842518024
25,11/25/2024,1.07965312476926,1493434.0534317803
25,12/2/2024,1.04771648927529,1449257.5879466399
25,12/9/2024,1.08221061293537,1496971.708053994
25,12/16/2024,1.12845855399927,1560944.3381856224
25,12/23/2024,1.09048453886821,1508416.6456354894
25,12/30/2024,0.872891012390975,1207429.6204455593
26,3/1/2021,0.964059412482656,1815651.343791157
26,3/8/2021,0.977020635658403,1840061.729566779
26,3/15/2021,1.00920066913928,1900667.6632102295
26,3/22/2021,1.03600288084541,1951145.331709188
26,3/29/2021,0.950452414554376,1790024.743854946
26,4/5/2021,0.94571762974311,1781107.5356567316
26,4/12/2021,0.94357039584668,1777063.5650767963
26,4/19/2021,1.05564249213701,1988133.391018453
26,4/26/2021,0.982932252752808,1851195.3124361716
26,5/3/2021,0.977922025657247,1841759.3531206215
26,5/10/2021,0.9666681471939,1820564.4770661462
26,5/17/2021,0.991907040257389,1868097.8855221956
26,5/24/2021,1.03153984835664,1942739.9252644342
26,5/31/2021,0.987204604169755,1859241.6005005965
26,6/7/2021,1.01952741180039,1920116.4265833276
26,6/14/2021,1.06963464788649,2014485.372633077
26,6/21/2021,1.00282405822413,1888658.3384577397
26,6/28/2021,0.968366573036425,1823763.1896108892
26,7/5/2021,0.966409884813792,1820078.0812050542
26,7/12/2021,0.980907648089842,1847382.2941102397
26,7/19/2021,1.07712842383508,2028598.6990123
26,7/26/2021,1.00128530394204,1885760.34209303
26,8/2/2021,0.982048218412397,1849530.3756930223
26,8/9/2021,0.989983217200973,1864474.6736646504
26,8/16/2021,1.03389208115458,1947169.9792255228
26,8/23/2021,1.02213412022019,1925025.7447210932
26,8/30/2021,0.979676977398243,1845064.5228971234
26,9/6/2021,1.02157949085798,1923981.1889467982
26,9/13/2021,0.99731249595078,1878278.1944374149
26,9/20/2021,1.08341193690864,2040432.6876420907
26,9/27/2021,0.970874454055559,1828486.3808603082
26,10/4/2021,0.964387431166363,1816269.113170641
26,10/11/2021,0.970986226589708,1828696.886475857
26,10/18/2021,0.99112830420288,1866631.260503061
26,10/25/2021,0.977931695211219,1841777.5632621536
26,11/1/2021,0.977643380025226,1841234.5679139083
26,11/8/2021,0.957354111011303,1803022.9827472428
26,11/15/2021,1.01599504277348,1913463.7765223605
26,11/22/2021,0.996741408855935,1877202.6440764337
26,11/29/2021,0.982726113057122,1850807.0816482638
26,12/6/2021,0.998658084768074,1880812.3962106907
26,12/13/2021,0.999881822525019,1883117.1099448681
26,12/20/2021,1.08597223553425,2045254.600532859
26,12/27/2021,0.962617935103738,1812936.551929951
26,1/3/2022,0.866924771696525,1632651.5868393003
26,1/10/2022,0.954034955569058,1796212.609792733
26,1/17/2022,0.996669673196934,1875898.925083229
26,1/24/2022,1.03741074368998,1951972.1164197065
26,1/31/2022,0.978531301721974,1840611.8263179364
26,2/7/2022,1.00305968398407,1886497.4440100663
26,2/14/2022,1.03567392899733,1947836.4561128125
26,2/21/2022,1.02715779982629,1931819.8063216
26,2/28/2022,0.977498162277369,1838422.7925657625
26,3/7/2022,0.987395675644102,1857037.4712118122
26,3/14/2022,1.00672430383885,1893389.6525575828
26,3/21/2022,0.983548923947832,1849802.7196946968
26,3/28/2022,0.935672140661349,1759758.7961756168
26,4/4/2022,0.926694468710878,1742874.1026905123
26,4/11/2022,0.938542794669196,1765157.7583744025
26,4/18/2022,0.972782866155238,1829554.5319418507
26,4/25/2022,0.974435125510603,1832662.0071015519
26,5/2/2022,0.959048472719721,1803723.6681159365
26,5/9/2022,0.910011443554724,1711497.620542935
26,5/16/2022,0.971317491609282,1826798.5392025448
26,5/23/2022,0.967334226825407,1819307.0420504848
26,5/30/2022,0.97058714748252,1825424.9497610547
26,6/6/2022,0.963892652996303,1812834.3264055967
26,6/13/2022,0.973434733087932,1830780.5264504969
26,6/20/2022,1.00790922754322,1895618.1894199757
26,6/27/2022,0.966644446544086,1818009.7428770796
26,7/4/2022,0.938839030201163,1765714.9017218403
26,7/11/2022,0.934600730949558,1757743.7502307927
26,7/18/2022,1.03539657344825,1947314.8219673107
26,7/25/2022,0.991771789763703,1865267.8169439535
26,8/1/2022,0.983974278606853,1850602.7026968133
26,8/8/2022,0.962626327441973,1810452.6936777823
26,8/15/2022,1.02921014967994,1935679.7488993981
26,8/22/2022,0.967585416340069,1819779.4651172478
26,8/29/2022,0.973246259471858,1830426.0559544233
26,9/5/2022,0.990288293814746,1862477.742164313
26,9/12/2022,1.00613318880225,1892277.9171047127
26,9/19/2022,1.1094271035664,2086547.220845702
26,9/26/2022,1.12972506773639,2124722.4743558136
26,10/3/2022,0.889429782207283,1672788.8065128564
26,10/10/2022,0.946357574630884,1779855.3516073606
26,10/17/2022,0.985543372136229,1853553.7645213637
26,10/24/2022,0.988903977067385,1859874.198502794
26,10/31/2022,0.959409362564591,1804402.4096540217
26,11/7/2022,0.951238792263021,1789035.6668948927
26,11/14/2022,1.01529296071865,1909505.0934346872
26,11/21/2022,0.995920953101331,1873071.3262081835
26,11/28/2022,1.00641696815431,1892811.632497918
26,12/5/2022,1.02260241462374,1923252.2969653904
26,12/12/2022,1.00077891765748,1882207.9086277883
26,12/19/2022,1.09268031281139,2055050.8110675595
26,12/26/2022,1.05091618607892,1976503.2235891665
26,1/2/2023,0.846768868424043,1592543.6971886456
26,1/9/2023,0.959575732671949,1804542.4503895626
26,1/16/2023,1.02560804438133,1928504.797954302
26,1/23/2023,0.972163714368916,1827806.2625445316
26,1/30/2023,1.01812541493647,1914006.7784046158
26,2/6/2023,1.00290535377348,1885273.6131457468
26,2/13/2023,0.966191479752916,1816258.42900007
26,2/20/2023,1.05023941395111,1974252.7524800994
26,2/27/2023,0.980030401197002,1842273.0014203042
26,3/6/2023,0.987289078355954,1855917.9506115683
26,3/13/2023,0.957194432724831,1799345.6715974198
26,3/20/2023,1.01714389811013,1912039.4015214748
26,3/27/2023,0.978755132646799,1839875.7357400092
26,4/3/2023,0.955983835814384,1797069.9764161257
26,4/10/2023,0.972066411731345,1827302.1971927588
26,4/17/2023,1.02580653701281,1928323.5347433758
26,4/24/2023,1.01797137679668,1913594.9059068228
26,5/1/2023,0.978686573943142,1839746.8584676774
26,5/8/2023,0.946075599903509,1778444.355076725
26,5/15/2023,1.03331815742718,1942443.9698639435
26,5/22/2023,0.995410414878648,1871184.5369368175
26,5/29/2023,0.96040495025811,1805380.8411609954
26,6/5/2023,1.01357388967435,1905328.4565172808
26,6/12/2023,1.01010763260931,1898812.5445380984
26,6/19/2023,1.05054968993688,1974836.013002455
26,6/26/2023,0.984728512882181,1851104.5682764128
26,7/3/2023,0.986416204044456,1854277.1105282628
26,7/10/2023,1.00254001253567,1884586.8408484862
26,7/17/2023,1.05601751967077,1985114.5056836726
26,7/24/2023,1.02007953651841,1917557.8504258955
26,7/31/2023,1.01258944672995,1903477.8891801361
26,8/7/2023,1.00850598872145,1895801.7554067424
26,8/14/2023,1.02419860011412,1925300.9159700118
26,8/21/2023,0.987570193759128,1856446.394561827
26,8/28/2023,1.0009840035588,1881661.8363281668
26,9/4/2023,1.01227091848295,1902879.1154079302
26,9/11/2023,1.00908995792973,1896899.5072821756
26,9/18/2023,1.06769752789567,2007070.72613164
26,9/25/2023,1.0871006771325,2043545.000739551
26,10/2/2023,0.946036493049049,1778370.8414057058
26,10/9/2023,0.978673659149938,1839722.5809094433
26,10/16/2023,1.04972313162062,1973282.2384759565
26,10/23/2023,0.993072999537887,1866790.6349658116
26,10/30/2023,0.994623841895633,1869705.9271080554
26,11/6/2023,0.966697300465588,1817209.2767440875
26,11/13/2023,0.974489826240734,1831857.76095594
26,11/20/2023,1.07013156084186,2011646.2503787358
26,11/27/2023,1.01527291420718,1908522.302984241
26,12/4/2023,1.03650453251244,1948433.7558696335
26,12/11/2023,1.01729800102458,1912329.0857073148
26,12/18/2023,1.09079321171793,2050486.2716491949
26,12/25/2023,1.14688464613713,2155927.628468266
26,1/1/2024,0.791086413836933,1487075.9347033992
26,1/8/2024,0.961934502226399,1807495.3070719899
26,1/15/2024,1.02436878863594,1923676.0512539006
26,1/22/2024,0.998492811589446,1873976.868216769
26,1/29/2024,1.01011206126533,1894664.3347007893
26,2/5/2024,0.993489146180598,1862720.4671215548
26,2/12/2024,1.03118322106394,1933370.8004455748
26,2/19/2024,1.02122424788583,1914698.669869664
26,2/26/2024,1.00164469380779,1877988.8619706233
26,3/4/2024,1.00582979676804,1885835.5334765804
26,3/11/2024,1.01411940145619,1901377.7564955219
26,3/18/2024,1.06908809663966,2004438.849790484
26,3/25/2024,1.02286595131266,1917776.7083021316
26,4/1/2024,0.975994909913803,1829897.948190288
26,4/8/2024,0.955241074767297,1790986.474334883
26,4/15/2024,1.03882012734976,1947689.2759565155
26,4/22/2024,0.969341593681788,1817423.610664301
26,4/29/2024,0.97154325144424,1821551.510217032
26,5/6/2024,0.969024904274531,1816829.8479908828
26,5/13/2024,0.962855103611613,1805262.056682037
26,5/20/2024,1.03816746191962,1946465.5903052925
26,5/27/2024,0.964549789047066,1808439.4315244318
26,6/3/2024,1.01109290380656,1895703.360297688
26,6/10/2024,1.03617650220439,1942732.7295784876
26,6/17/2024,0.998295184715768,1871708.849537334
26,6/24/2024,1.01440908575604,1901920.8863935051
26,7/1/2024,1.00059142545778,1876014.0827683934
26,7/8/2024,0.976630807628778,1831090.1953776018
26,7/15/2024,1.06976266131172,2005703.5936840698
26,7/22/2024,1.0184882556242,1909568.9430612875
26,7/29/2024,0.997645820307098,1870491.3524200816
26,8/5/2024,1.01845330436331,1909503.4128749147
26,8/12/2024,1.01055950020537,1894703.2783627873
26,8/19/2024,1.06850394334269,2003343.6171441528
26,8/26/2024,1.02313065526125,1918273.0027152891
26,9/2/2024,1.03268061271071,1936178.2678279174
26,9/9/2024,1.00357677621701,1881611.3329306603
26,9/16/2024,1.04743965323937,1963850.0698079956
26,9/23/2024,1.02685129831642,1925248.8557009841
26,9/30/2024,1.01730846988019,1907356.9568238636
26,10/7/2024,0.985174961413434,1847109.6742134665
26,10/14/2024,1.09301179584226,2049293.5177194506
26,10/21/2024,1.02507187345501,1921912.6029359202
26,10/28/2024,0.975414054567719,1828808.8993624565
26,11/4/2024,1.02375606430805,1919445.585697415
26,11/11/2024,1.00711922245415,1888253.0841210678
26,11/18/2024,1.04441210333066,1958173.7010260127
26,11/25/2024,1.07965312476926,2024247.2759666909
26,12/2/2024,1.04771648927529,1964369.1114766349
26,12/9/2024,1.08221061293537,2029042.3239394256
26,12/16/2024,1.12845855399927,2115752.8299923744
26,12/23/2024,1.09048453886821,2044555.1509952063
26,12/30/2024,0.872891012390975,1636587.9130791354
27,3/1/2021,0.964059412482656,1170506.7109163099
27,3/8/2021,0.977020635658403,1186243.4990325477
27,3/15/2021,1.00920066913928,1225314.685560799
27,3/22/2021,1.03600288084541,1257856.4233882283
27,3/29/2021,0.950452414554376,1153985.8593625822
27,4/5/2021,0.94571762974311,1148237.1499636055
27,4/12/2021,0.94357039584668,1145630.0993523423
27,4/19/2021,1.05564249213701,1281701.73468422
27,4/26/2021,0.982932252752808,1193421.0519378763
27,5/3/2021,0.977922025657247,1187337.916022425
27,5/10/2021,0.9666681471939,1173674.0897928618
27,5/17/2021,0.991907040257389,1204317.7340491733
27,5/24/2021,1.03153984835664,1252437.6602901774
27,5/31/2021,0.987204604169755,1198608.3006051108
27,6/7/2021,1.01952741180039,1237852.835488322
27,6/14/2021,1.06963464788649,1298690.2230596931
27,6/21/2021,1.00282405822413,1217572.5631750585
27,6/28/2021,0.968366573036425,1175736.2228963827
27,7/5/2021,0.966409884813792,1173360.5221357916
27,7/12/2021,0.980907648089842,1190962.890822119
27,7/19/2021,1.07712842383508,1307788.744376826
27,7/26/2021,1.00128530394204,1215704.2943411642
27,8/2/2021,0.982048218412397,1192347.7071726858
27,8/9/2021,0.989983217200973,1201981.9363668675
27,8/16/2021,1.03389208115458,1255293.6091355588
27,8/23/2021,1.02213412022019,1241017.7543504897
27,8/30/2021,0.979676977398243,1189468.6797276188
27,9/6/2021,1.02157949085798,1240344.3545673564
27,9/13/2021,0.99731249595078,1210880.7343224122
27,9/20/2021,1.08341193690864,1315417.832453524
27,9/27/2021,0.970874454055559,1178781.1509147764
27,10/4/2021,0.964387431166363,1170904.9725960572
27,10/11/2021,0.970986226589708,1178916.8588486328
27,10/18/2021,0.99112830420288,1203372.23653824
27,10/25/2021,0.977931695211219,1187349.6562353875
27,11/1/2021,0.977643380025226,1186999.60018608
27,11/8/2021,0.957354111011303,1162365.511012929
27,11/15/2021,1.01599504277348,1233564.0318344277
27,11/22/2021,0.996741408855935,1210187.3525290731
27,11/29/2021,0.982726113057122,1193170.7687143825
27,12/6/2021,0.998658084768074,1212514.4726056214
27,12/13/2021,0.999881822525019,1214000.2661747567
27,12/20/2021,1.08597223553425,1318526.4031387712
27,12/27/2021,0.962617935103738,1168756.550175302
27,1/3/2022,0.866924771696525,1052516.658366156
27,1/10/2022,0.954034955569058,1157844.5838620816
27,1/17/2022,0.996669673196934,1209074.312679525
27,1/24/2022,1.03741074368998,1257963.8452584993
27,1/31/2022,0.978531301721974,1186062.855857366
27,2/7/2022,1.00305968398407,1215571.9853256068
27,2/14/2022,1.03567392899733,1255096.0168238129
27,2/21/2022,1.02715779982629,1244775.6258988637
27,2/28/2022,0.977498162277369,1184594.895695495
27,3/7/2022,0.987395675644102,1196589.3364770021
27,3/14/2022,1.00672430383885,1220013.0064217667
27,3/21/2022,0.983548923947832,1191927.5963810412
27,3/28/2022,0.935672140661349,1133907.443226627
27,4/4/2022,0.926694468710878,1123027.7252240698
27,4/11/2022,0.938542794669196,1137386.2856623447
27,4/18/2022,0.972782866155238,1178880.5978394232
27,4/25/2022,0.974435125510603,1180882.9115612868
27,5/2/2022,0.959048472719721,1162236.37996049
27,5/9/2022,0.910011443554724,1102810.1664990438
27,5/16/2022,0.971317491609282,1177104.7630629393
27,5/23/2022,0.967334226825407,1172277.587618405
27,5/30/2022,0.97058714748252,1176219.6852721234
27,6/6/2022,0.963892652996303,1168106.8679724543
27,6/13/2022,0.973434733087932,1179670.5719184799
27,6/20/2022,1.00790922754322,1221448.972866025
27,6/27/2022,0.966644446544086,1171441.667639594
27,7/4/2022,0.938839030201163,1137745.282776865
27,7/11/2022,0.934600730949558,1132609.0402450962
27,7/18/2022,1.03539657344825,1254759.8996236161
27,7/25/2022,0.991771789763703,1201892.5919938968
27,8/1/2022,0.983974278606853,1192443.0684597064
27,8/8/2022,0.962626327441973,1166572.2535936495
27,8/15/2022,1.02921014967994,1247262.7950117944
27,8/22/2022,0.967585416340069,1172581.9951890332
27,8/29/2022,0.973246259471858,1179442.167537919
27,9/5/2022,0.990288293814746,1200094.7965333716
27,9/12/2022,1.00613318880225,1219296.6553854477
27,9/19/2022,1.1094271035664,1344474.8387635231
27,9/26/2022,1.12972506773639,1369073.2121366847
27,10/3/2022,0.889429782207283,1077867.990790487
27,10/10/2022,0.946357574630884,1146856.7366685998
27,10/17/2022,0.985543372136229,1194344.5964691062
27,10/24/2022,0.988903977067385,1198417.1927923306
27,10/31/2022,0.959409362564591,1162673.729361541
27,11/7/2022,0.951238792263021,1152772.1088205806
27,11/14/2022,1.01529296071865,1230397.0537396315
27,11/21/2022,0.995920953101331,1206920.8138617093
27,11/28/2022,1.00641696815431,1219640.5573270111
27,12/5/2022,1.02260241462374,1239255.1182706624
27,12/12/2022,1.00077891765748,1212808.0065428074
27,12/19/2022,1.09268031281139,1324180.004783225
27,12/26/2022,1.05091618607892,1273567.5604235965
27,1/2/2023,0.846768868424043,1026094.787529257
27,1/9/2023,0.959575732671949,1161701.6733199945
27,1/16/2023,1.02560804438133,1240179.4610113688
27,1/23/2023,0.972163714368916,1174166.3509056624
27,1/30/2023,1.01812541493647,1228225.0677927672
27,2/6/2023,1.00290535377348,1209046.155965888
27,2/13/2023,0.966191479752916,1164785.9791752733
27,2/20/2023,1.05023941395111,1266109.4304546213
27,2/27/2023,0.980030401197002,1181469.4026879955
27,3/6/2023,0.987289078355954,1190220.0546624472
27,3/13/2023,0.957194432724831,1153939.6464732233
27,3/20/2023,1.01714389811013,1226211.3423091394
27,3/27/2023,0.978755132646799,1179932.0108291067
27,4/3/2023,0.955983835814384,1152480.2190974648
27,4/10/2023,0.972066411731345,1171868.4659643837
27,4/17/2023,1.02580653701281,1236654.5314072433
27,4/24/2023,1.01797137679668,1227208.9039468118
27,5/1/2023,0.978686573943142,1179849.3602906675
27,5/8/2023,0.946075599903509,1140535.408437057
27,5/15/2023,1.03331815742718,1245710.1175297422
27,5/22/2023,0.995410414878648,1200010.6801747263
27,5/29/2023,0.96040495025811,1157810.0654729577
27,6/5/2023,1.01357388967435,1221907.54145379
27,6/12/2023,1.01010763260931,1217728.8173119142
27,6/19/2023,1.05054968993688,1266483.4816792393
27,6/26/2023,0.984728512882181,1187133.1812427468
27,7/3/2023,0.986416204044456,1189167.7665397553
27,7/10/2023,1.00254001253567,1208605.721109963
27,7/17/2023,1.05601751967077,1273075.188969178
27,7/24/2023,1.02007953651841,1229750.382516297
27,7/31/2023,1.01258944672995,1220720.752558865
27,8/7/2023,1.00850598872145,1215797.9657960115
27,8/14/2023,1.02419860011412,1234716.0934099797
27,8/21/2023,0.987570193759128,1190558.9516092965
27,8/28/2023,1.0009840035588,1206729.8844894106
27,9/4/2023,1.01227091848295,1220336.7528081485
27,9/11/2023,1.00908995792973,1216501.9660660697
27,9/18/2023,1.06769752789567,1287155.948401624
27,9/25/2023,1.0871006771325,1310547.291245359
27,10/2/2023,0.946036493049049,1140488.2633611802
27,10/9/2023,0.978673659149938,1179833.7909101718
27,10/16/2023,1.04972313162062,1265487.0295431048
27,10/23/2023,0.993072999537887,1197192.8239673036
27,10/30/2023,0.994623841895633,1199062.4321083333
27,11/6/2023,0.966697300465588,1165395.7681239494
27,11/13/2023,0.974489826240734,1174789.9978940813
27,11/20/2023,1.07013156084186,1290090.281347218
27,11/27/2023,1.01527291420718,1223955.78960435
27,12/4/2023,1.03650453251244,1249551.4317001018
27,12/11/2023,1.01729800102458,1226397.1200862187
27,12/18/2023,1.09079321171793,1314998.8028041231
27,12/25/2023,1.14688464613713,1382619.473978094
27,1/1/2024,0.791086413836933,953664.4228244554
27,1/8/2024,0.961934502226399,1158600.0635045872
27,1/15/2024,1.02436878863594,1232227.1460065048
27,1/22/2024,0.998492811589446,1199567.9737494967
27,1/29/2024,1.01011206126533,1211976.0999974462
27,2/5/2024,0.993489146180598,1190972.4039459527
27,2/12/2024,1.03118322106394,1236126.8819968733
27,2/19/2024,1.02122424788583,1224188.601536668
27,2/26/2024,1.00164469380779,1200717.6870822983
27,3/4/2024,1.00582979676804,1205734.5629774833
27,3/11/2024,1.01411940145619,1215671.6944091632
27,3/18/2024,1.06908809663966,1281565.204307918
27,3/25/2024,1.02286595131266,1226156.5870943714
27,4/1/2024,0.975994909913803,1169970.1082334635
27,4/8/2024,0.955241074767297,1145091.5289287826
27,4/15/2024,1.03882012734976,1245281.593627186
27,4/22/2024,0.969341593681788,1161994.471173578
27,4/29/2024,0.97154325144424,1164633.6998425578
27,5/6/2024,0.969024904274531,1161614.8409466879
27,5/13/2024,0.962855103611613,1154218.8163798589
27,5/20/2024,1.03816746191962,1244499.2134594496
27,5/27/2024,0.964549789047066,1156250.3140015025
27,6/3/2024,1.01109290380656,1212043.6920940005
27,6/10/2024,1.03617650220439,1242112.5582519665
27,6/17/2024,0.998295184715768,1196702.475997057
27,6/24/2024,1.01440908575604,1216018.9522743803
27,7/1/2024,1.00059142545778,1199455.085631655
27,7/8/2024,0.976630807628778,1170732.3880614755
27,7/15/2024,1.06976266131172,1282373.8360190268
27,7/22/2024,1.0184882556242,1220908.8413322961
27,7/29/2024,0.997645820307098,1195924.052949427
27,8/5/2024,1.01845330436331,1220866.9436755565
27,8/12/2024,1.01055950020537,1211404.276607388
27,8/19/2024,1.06850394334269,1280864.9528180084
27,8/26/2024,1.02313065526125,1226473.8999385035
27,9/2/2024,1.03268061271071,1237921.8743579073
27,9/9/2024,1.00357677621701,1203033.763377379
27,9/16/2024,1.04743965323937,1255614.216874803
27,9/23/2024,1.02685129831642,1230934.006356472
27,9/30/2024,1.01730846988019,1219494.5778218624
27,10/7/2024,0.985174961413434,1180974.659327042
27,10/14/2024,1.09301179584226,1310243.6458412874
27,10/21/2024,1.02507187345501,1228800.9277051368
27,10/28/2024,0.975414054567719,1169273.810145939
27,11/4/2024,1.02375606430805,1227223.6065974962
27,11/11/2024,1.00711922245415,1207280.2570299204
27,11/18/2024,1.04441210333066,1251984.9531633756
27,11/25/2024,1.07965312476926,1294229.9907635115
27,12/2/2024,1.04771648927529,1255946.072982465
27,12/9/2024,1.08221061293537,1297295.7697668234
27,12/16/2024,1.12845855399927,1352735.3095196192
27,12/23/2024,1.09048453886821,1307214.106338601
27,12/30/2024,0.872891012390975,1046374.7114409853
28,3/1/2021,0.964059412482656,1114818.3305620784
28,3/8/2021,0.977020635658403,1129806.4205077444
28,3/15/2021,1.00920066913928,1167018.7444895601
28,3/22/2021,1.03600288084541,1198012.266791955
28,3/29/2021,0.950452414554376,1099083.4800586598
28,4/5/2021,0.94571762974311,1093608.2730020592
28,4/12/2021,0.94357039584668,1091125.2562304516
28,4/19/2021,1.05564249213701,1220723.106416591
28,4/26/2021,0.982932252752808,1136642.4920706116
28,5/3/2021,0.977922025657247,1130848.7692749584
28,5/10/2021,0.9666681471939,1117835.0173546048
28,5/17/2021,0.991907040257389,1147020.7503393297
28,5/24/2021,1.03153984835664,1192851.3084458548
28,5/31/2021,0.987204604169755,1141582.9506001133
28,6/7/2021,1.01952741180039,1178960.375652141
28,6/14/2021,1.06963464788649,1236903.3453265012
28,6/21/2021,1.00282405822413,1159644.9636957746
28,6/28/2021,0.968366573036425,1119799.0417621476
28,7/5/2021,0.966409884813792,1117536.3680617288
28,7/12/2021,0.980907648089842,1134301.2811555215
28,7/19/2021,1.07712842383508,1245568.9926787296
28,7/26/2021,1.00128530394204,1157865.5802173757
28,8/2/2021,0.982048218412397,1135620.2130916864
28,8/9/2021,0.989983217200973,1144796.081290444
28,8/16/2021,1.03389208115458,1195571.3818337163
28,8/23/2021,1.02213412022019,1181974.7194160547
28,8/30/2021,0.979676977398243,1132878.1591083352
28,9/6/2021,1.02157949085798,1181333.35749333
28,9/13/2021,0.99731249595078,1153271.5073239966
28,9/20/2021,1.08341193690864,1252835.1169403621
28,9/27/2021,0.970874454055559,1122699.1033641265
28,10/4/2021,0.964387431166363,1115197.6444714395
28,10/11/2021,0.970986226589708,1122828.3547889094
28,10/18/2021,0.99112830420288,1146120.2360338464
28,10/25/2021,0.977931695211219,1130859.9508251846
28,11/1/2021,0.977643380025226,1130526.549129659
28,11/8/2021,0.957354111011303,1107064.4588237638
28,11/15/2021,1.01599504277348,1174875.6173643633
28,11/22/2021,0.996741408855935,1152611.114027858
28,11/29/2021,0.982726113057122,1136404.1163598583
28,12/6/2021,0.998658084768074,1154827.5183645643
28,12/13/2021,0.999881822525019,1156242.6233492298
28,12/20/2021,1.08597223553425,1255795.7932709605
28,12/27/2021,0.962617935103738,1113151.435987094
28,1/3/2022,0.866924771696525,1002380.5976517418
28,1/10/2022,0.954034955569058,1102208.5358569287
28,1/17/2022,0.996669673196934,1150401.617628807
28,1/24/2022,1.03741074368998,1196319.8660651506
28,1/31/2022,0.978531301721974,1127377.0880435768
28,2/7/2022,1.00305968398407,1155177.7132793425
28,2/14/2022,1.03567392899733,1192738.0395064491
28,2/21/2022,1.02715779982629,1182930.405127737
28,2/28/2022,0.977498162277369,1125739.6840986977
28,3/7/2022,0.987395675644102,1137138.1951189367
28,3/14/2022,1.00672430383885,1159398.087422327
28,3/21/2022,0.983548923947832,1132708.0681217397
28,3/28/2022,0.935672140661349,1077570.5784003062
28,4/4/2022,0.926694468710878,1067231.406456412
28,4/11/2022,0.938542794669196,1080876.57861116
28,4/18/2022,0.972782866155238,1120309.2944233825
28,4/25/2022,0.974435125510603,1122212.1255245737
28,5/2/2022,0.959048472719721,1104492.0250276541
28,5/9/2022,0.910011443554724,1048018.3334601764
28,5/16/2022,0.971317491609282,1118621.6899008413
28,5/23/2022,0.967334226825407,1114034.3470175273
28,5/30/2022,0.97058714748252,1117780.5861569464
28,6/6/2022,0.963892652996303,1110070.8447033952
28,6/13/2022,0.973434733087932,1121060.0195726117
28,6/20/2022,1.00790922754322,1160762.7095702412
28,6/27/2022,0.966644446544086,1113239.9588287896
28,7/4/2022,0.938839030201163,1081217.7394414693
28,7/11/2022,0.934600730949558,1076336.6850848729
28,7/18/2022,1.03539657344825,1192418.6218829723
28,7/25/2022,0.991771789763703,1142177.964555034
28,8/1/2022,0.983974278606853,1133197.9295135264
28,8/8/2022,0.962626327441973,1108612.4758303373
28,8/15/2022,1.02921014967994,1185294.0021192688
28,8/22/2022,0.967585416340069,1114323.6304999054
28,8/29/2022,0.973246259471858,1120842.9632387338
28,9/5/2022,0.990288293814746,1140469.4905427694
28,9/12/2022,1.00613318880225,1158717.3275014781
28,9/19/2022,1.1094271035664,1277676.1792816974
28,9/26/2022,1.12972506773639,1301052.4112500842
28,10/3/2022,0.889429782207283,1024315.3806495386
28,10/10/2022,0.946357574630884,1089876.5014007885
28,10/17/2022,0.985543372136229,1135004.9824464873
28,10/24/2022,0.988903977067385,1138875.236589818
28,10/31/2022,0.959409362564591,1104907.6453273273
28,11/7/2022,0.951238792263021,1095497.9752217978
28,11/14/2022,1.01529296071865,1169266.2155680435
28,11/21/2022,0.995920953101331,1146956.3652056095
28,11/28/2022,1.00641696815431,1159044.1430997713
28,12/5/2022,1.02260241462374,1177684.177521755
28,12/12/2022,1.00077891765748,1152551.0595689896
28,12/19/2022,1.09268031281139,1258389.670333673
28,12/26/2022,1.05091618607892,1210291.8460302898
28,1/2/2023,0.846768868424043,975120.3063493202
28,1/9/2023,0.959575732671949,1104076.509762204
28,1/16/2023,1.02560804438133,1178777.1026544727
28,1/23/2023,0.972163714368916,1116142.097662249
28,1/30/2023,1.01812541493647,1167644.446175122
28,2/6/2023,1.00290535377348,1149476.3636964315
28,2/13/2023,0.966191479752916,1107396.8890201424
28,2/20/2023,1.05023941395111,1203728.1264385527
28,2/27/2023,0.980030401197002,1123258.3189914513
28,3/6/2023,0.987289078355954,1131577.82569511
28,3/13/2023,0.957194432724831,1097084.9558755797
28,3/20/2023,1.01714389811013,1165795.8199939276
28,3/27/2023,0.978755132646799,1121796.674563374
28,4/3/2023,0.955983835814384,1095697.4346193788
28,4/10/2023,0.972066411731345,1114130.4211293154
28,4/17/2023,1.02580653701281,1175724.4723753068
28,4/24/2023,1.01797137679668,1166744.231644782
28,5/1/2023,0.978686573943142,1121718.0961391763
28,5/8/2023,0.946075599903509,1084341.1455501441
28,5/15/2023,1.03331815742718,1184333.889031211
28,5/22/2023,0.995410414878648,1140886.066281902
28,5/29/2023,0.96040495025811,1100764.6789389108
28,6/5/2023,1.01357388967435,1161704.0675983483
28,6/12/2023,1.01010763260931,1157731.2295391157
28,6/19/2023,1.05054968993688,1204083.7480734487
28,6/26/2023,0.984728512882181,1128643.0427715299
28,7/3/2023,0.986416204044456,1130577.383936088
28,7/10/2023,1.00254001253567,1149057.6290675325
28,7/17/2023,1.05601751967077,1210350.6815377222
28,7/24/2023,1.02007953651841,1169160.491454697
28,7/31/2023,1.01258944672995,1160575.7520194214
28,8/7/2023,1.00850598872145,1155895.5113135576
28,8/14/2023,1.02419860011412,1173881.5413925443
28,8/21/2023,0.987570193759128,1131900.0251835773
28,8/28/2023,1.0009840035588,1147274.2150136633
28,9/4/2023,1.01227091848295,1160210.6719341555
28,9/11/2023,1.00908995792973,1156564.8254255494
28,9/18/2023,1.06769752789567,1223737.680908242
28,9/25/2023,1.0871006771325,1245976.530596262
28,10/2/2023,0.946036493049049,1084296.3234315445
28,10/9/2023,0.978673659149938,1121703.293951585
28,10/16/2023,1.04972313162062,1203136.3912423623
28,10/23/2023,0.993072999537887,1138207.0461352903
28,10/30/2023,0.994623841895633,1139984.5385225886
28,11/6/2023,0.966697300465588,1107976.6335265967
28,11/13/2023,0.974489826240734,1116908.0089309956
28,11/20/2023,1.07013156084186,1226527.439023883
28,11/27/2023,1.01527291420718,1163651.398538156
28,12/4/2023,1.03650453251244,1187985.9415003865
28,12/11/2023,1.01729800102458,1165972.4445212597
28,12/18/2023,1.09079321171793,1250208.7158812517
28,12/25/2023,1.14688464613713,1314497.7116678157
28,1/1/2024,0.791086413836933,906683.1749097724
28,1/8/2024,0.961934502226399,1101765.518701392
28,1/15/2024,1.02436878863594,1172153.6797741028
28,1/22/2024,0.998492811589446,1141450.6988775278
28,1/29/2024,1.01011206126533,1153626.500300637
28,2/5/2024,0.993489146180598,1133886.1188517632
28,2/12/2024,1.03118322106394,1176883.9346404553
28,2/19/2024,1.02122424788583,1165517.8114217923
28,2/26/2024,1.00164469380779,1143171.7703075754
28,3/4/2024,1.00582979676804,1147948.2060809324
28,3/11/2024,1.01411940145619,1157409.0878810883
28,3/18/2024,1.06908809663966,1220144.5677955484
28,3/25/2024,1.02286595131266,1167391.4787626076
28,4/1/2024,0.975994909913803,1113897.80808969
28,4/8/2024,0.955241074767297,1090211.566230141
28,4/15/2024,1.03882012734976,1185599.8951198468
28,4/22/2024,0.969341593681788,1106304.4135707554
28,4/29/2024,0.97154325144424,1108817.1538731614
28,5/6/2024,0.969024904274531,1105942.977624497
28,5/13/2024,0.962855103611613,1098901.4169125026
28,5/20/2024,1.03816746191962,1184855.0115587004
28,5/27/2024,0.964549789047066,1100835.5524457644
28,6/3/2024,1.01109290380656,1153954.9621956374
28,6/10/2024,1.03617650220439,1182582.7398549498
28,6/17/2024,0.998295184715768,1139348.9933546244
28,6/24/2024,1.01440908575604,1157739.7030459775
28,7/1/2024,1.00059142545778,1141969.6807182285
28,7/8/2024,0.976630807628778,1114623.5548050457
28,7/15/2024,1.06976266131172,1220914.444855007
28,7/22/2024,1.0184882556242,1162395.2378898584
28,7/29/2024,0.997645820307098,1138607.8771139882
28,8/5/2024,1.01845330436331,1162355.3481694008
28,8/12/2024,1.01055950020537,1153346.1914276432
28,8/19/2024,1.06850394334269,1219477.876719727
28,8/26/2024,1.02313065526125,1167693.5839952817
28,9/2/2024,1.03268061271071,1178592.8997469698
28,9/9/2024,1.00357677621701,1145376.8456850857
28,9/16/2024,1.04743965323937,1195437.3142933724
28,9/23/2024,1.02685129831642,1171939.934120692
28,9/30/2024,1.01730846988019,1161048.754675525
28,10/7/2024,0.985174961413434,1124374.952088385
28,10/14/2024,1.09301179584226,1247448.5586061208
28,10/21/2024,1.02507187345501,1169909.0859599719
28,10/28/2024,0.975414054567719,1113234.8809580319
28,11/4/2024,1.02375606430805,1168407.359980996
28,11/11/2024,1.00711922245415,1149419.820716336
28,11/18/2024,1.04441210333066,1191981.9876329955
28,11/25/2024,1.07965312476926,1232202.378268688
28,12/2/2024,1.04771648927529,1195753.2657658842
28,12/9/2024,1.08221061293537,1235121.2259436925
28,12/16/2024,1.12845855399927,1287903.7555146706
28,12/23/2024,1.09048453886821,1244564.2137027478
28,12/30/2024,0.872891012390975,996225.8773736012
29,3/1/2021,0.964059412482656,1655941.2709777679
29,3/8/2021,0.977020635658403,1678204.4469896352
29,3/15/2021,1.00920066913928,1733479.3033972
29,3/22/2021,1.03600288084541,1779516.8068918842
29,3/29/2021,0.950452414554376,1632568.863632528
29,4/5/2021,0.94571762974311,1624436.0396020848
29,4/12/2021,0.94357039584668,1620747.788426904
29,4/19/2021,1.05564249213701,1813251.286807459
29,4/26/2021,0.982932252752808,1688358.6871354762
29,5/3/2021,0.977922025657247,1679752.742586567
29,5/10/2021,0.9666681471939,1660422.2309057263
29,5/17/2021,0.991907040257389,1703774.4602493425
29,5/24/2021,1.03153984835664,1771850.7653699077
29,5/31/2021,0.987204604169755,1695697.2009926764
29,6/7/2021,1.01952741180039,1751217.2971387617
29,6/14/2021,1.06963464788649,1837285.271050185
29,6/21/2021,1.00282405822413,1722526.355520826
29,6/28/2021,0.968366573036425,1663339.576171098
29,7/5/2021,0.966409884813792,1659978.6206915013
29,7/12/2021,0.980907648089842,1684881.0738515486
29,7/19/2021,1.07712842383508,1850157.1465320247
29,7/26/2021,1.00128530394204,1719883.2744374513
29,8/2/2021,0.982048218412397,1686840.2029861817
29,8/9/2021,0.989983217200973,1700469.9563650498
29,8/16/2021,1.03389208115458,1775891.1380619095
29,8/23/2021,1.02213412022019,1755694.7763029796
29,8/30/2021,0.979676977398243,1682767.1807288763
29,9/6/2021,1.02157949085798,1754742.1032032734
29,9/13/2021,0.99731249595078,1713059.2795975853
29,9/20/2021,1.08341193690864,1860950.1832642031
29,9/27/2021,0.970874454055559,1667647.3016539286
29,10/4/2021,0.964387431166363,1656504.7011029897
29,10/11/2021,0.970986226589708,1667839.290664692
29,10/18/2021,0.99112830420288,1702436.8447783438
29,10/25/2021,0.977931695211219,1679769.3523876257
29,11/1/2021,0.977643380025226,1679274.120524678
29,11/8/2021,0.957354111011303,1644423.739472973
29,11/15/2021,1.01599504277348,1745149.833641588
29,11/22/2021,0.996741408855935,1712078.3376520104
29,11/29/2021,0.982726113057122,1688004.6069175012
29,12/6/2021,0.998658084768074,1715370.5649713087
29,12/13/2021,0.999881822525019,1717472.549188119
29,12/20/2021,1.08597223553425,1865347.9456087053
29,12/27/2021,0.962617935103738,1653465.2808732095
29,1/3/2022,0.866924771696525,1488936.9275619288
29,1/10/2022,0.954034955569058,1637297.683994423
29,1/17/2022,0.996669673196934,1708977.9289171067
29,1/24/2022,1.03741074368998,1777286.4186661085
29,1/31/2022,0.978531301721974,1674952.4938520798
29,2/7/2022,1.00305968398407,1716295.4051873488
29,2/14/2022,1.03567392899733,1772100.3383059094
29,2/21/2022,1.02715779982629,1757528.7291819942
29,2/28/2022,0.977498162277369,1672558.1044544429
29,3/7/2022,0.987395675644102,1689493.3446124454
29,3/14/2022,1.00672430383885,1722565.7892149398
29,3/21/2022,0.983548923947832,1682911.3214401708
29,3/28/2022,0.935672140661349,1600991.267863105
29,4/4/2022,0.926694468710878,1585629.9316748923
29,4/11/2022,0.938542794669196,1605903.129609537
29,4/18/2022,0.972782866155238,1664489.9499302218
29,4/25/2022,0.974435125510603,1667317.0651159098
29,5/2/2022,0.959048472719721,1640989.5775283568
29,5/9/2022,0.910011443554724,1557084.2732882746
29,5/16/2022,0.971317491609282,1661982.6059277928
29,5/23/2022,0.967334226825407,1655167.000294114
29,5/30/2022,0.97058714748252,1660732.9428553244
29,6/6/2022,0.963892652996303,1649278.2603684019
29,6/13/2022,0.973434733087932,1665605.332974456
29,6/20/2022,1.00790922754322,1724593.265030029
29,6/27/2022,0.966644446544086,1653986.7447499814
29,7/4/2022,0.938839030201163,1606410.0063163463
29,7/11/2022,0.934600730949558,1599158.021636161
29,7/18/2022,1.03539657344825,1771625.7662150802
29,7/25/2022,0.991771789763703,1696981.1394803
29,8/1/2022,0.983974278606853,1683639.1293166168
29,8/8/2022,0.962626327441973,1647111.5018598589
29,8/15/2022,1.02921014967994,1761040.4235425233
29,8/22/2022,0.967585416340069,1655596.8010594957
29,8/29/2022,0.973246259471858,1665282.8439077542
29,9/5/2022,0.990288293814746,1694442.7889567818
29,9/12/2022,1.00613318880225,1721554.3566345836
29,9/19/2022,1.1094271035664,1898296.4530151002
29,9/26/2022,1.12972506773639,1933027.4897101363
29,10/3/2022,0.889429782207283,1521867.8139466038
29,10/10/2022,0.946357574630884,1619274.6881526886
29,10/17/2022,0.985543372136229,1686323.9426912977
29,10/24/2022,0.988903977067385,1692074.139569775
29,10/31/2022,0.959409362564591,1641607.0813459689
29,11/7/2022,0.951238792263021,1627626.744415238
29,11/14/2022,1.01529296071865,1737227.2763475545
29,11/21/2022,0.995920953101331,1704080.6069846728
29,11/28/2022,1.00641696815431,1722039.919520586
29,12/5/2022,1.02260241462374,1749734.1911741646
29,12/12/2022,1.00077891765748,1712392.876271003
29,12/19/2022,1.09268031281139,1869641.6868079454
29,12/26/2022,1.05091618607892,1798180.7559172728
29,1/2/2023,0.846768868424043,1448787.6910813292
29,1/9/2023,0.959575732671949,1640547.3599931253
29,1/16/2023,1.02560804438133,1751763.5759788004
29,1/23/2023,0.972163714368916,1658890.0537201902
29,1/30/2023,1.01812541493647,1735654.0339285522
29,2/6/2023,1.00290535377348,1708770.5252224312
29,2/13/2023,0.966191479752916,1646216.6802929682
29,2/20/2023,1.05023941395111,1789419.2585871767
29,2/27/2023,0.980030401197002,1669795.715538471
29,3/6/2023,0.987289078355954,1682163.1971556116
29,3/13/2023,0.957194432724831,1630887.3284232363
29,3/20/2023,1.01714389811013,1733030.4460944436
29,3/27/2023,0.978755132646799,1667622.8874165746
29,4/3/2023,0.955983835814384,1628824.6891697908
29,4/10/2023,0.972066411731345,1656226.5088247745
29,4/17/2023,1.02580653701281,1747790.0264156046
29,4/24/2023,1.01797137679668,1734440.3211057866
29,5/1/2023,0.978686573943142,1667506.0754950193
29,5/8/2023,0.946075599903509,1611942.8352267165
29,5/15/2023,1.03331815742718,1760588.4780346695
29,5/22/2023,0.995410414878648,1696000.4960026885
29,5/29/2023,0.96040495025811,1636357.474079135
29,6/5/2023,1.01357388967435,1726947.7937842596
29,6/12/2023,1.01010763260931,1721041.9144615135
29,6/19/2023,1.05054968993688,1789947.913610659
29,6/26/2023,0.984728512882181,1677800.4542745834
29,7/3/2023,0.986416204044456,1680675.9767155412
29,7/10/2023,1.00254001253567,1708148.0494237186
29,7/17/2023,1.05601751967077,1799264.1131080799
29,7/24/2023,1.02007953651841,1738032.2471121103
29,7/31/2023,1.01258944672995,1725270.4800186846
29,8/7/2023,1.00850598872145,1718313.0011763133
29,8/14/2023,1.02419860011412,1745050.3911589913
29,8/21/2023,0.987570193759128,1682642.1677119639
29,8/28/2023,1.0009840035588,1705496.8892236059
29,9/4/2023,1.01227091848295,1724727.764092523
29,9/11/2023,1.00908995792973,1719307.9789640831
29,9/18/2023,1.06769752789567,1819164.7479493222
29,9/25/2023,1.0871006771325,1852224.2281147933
29,10/2/2023,0.946036493049049,1611876.204375843
29,10/9/2023,0.978673659149938,1667484.0712739243
29,10/16/2023,1.04972313162062,1788539.6064182443
29,10/23/2023,0.993072999537887,1692017.9599334607
29,10/30/2023,0.994623841895633,1694660.3165872588
29,11/6/2023,0.966697300465588,1647078.507710864
29,11/13/2023,0.974489826240734,1660355.5715809893
29,11/20/2023,1.07013156084186,1823311.9029136095
29,11/27/2023,1.01527291420718,1729842.6259024602
29,12/4/2023,1.03650453251244,1766017.4887847854
29,12/11/2023,1.01729800102458,1733293.0102154352
29,12/18/2023,1.09079321171793,1858515.6441022542
29,12/25/2023,1.14688464613713,1954085.3702660766
29,1/1/2024,0.791086413836933,1347828.2669726184
29,1/8/2024,0.961934502226399,1637225.0120335585
29,1/15/2024,1.02436878863594,1740896.2518858167
29,1/22/2024,0.998492811589446,1694392.3665132741
29,1/29/2024,1.01011206126533,1711551.1951782226
29,2/5/2024,0.993489146180598,1681638.4806128328
29,2/12/2024,1.03118322106394,1745388.3711329869
29,2/19/2024,1.02122424788583,1728531.7391382707
29,2/26/2024,1.00164469380779,1695391.240533462
29,3/4/2024,1.00582979676804,1702474.9767780064
29,3/11/2024,1.01411940145619,1716506.0231752284
29,3/18/2024,1.06908809663966,1809546.444487342
29,3/25/2024,1.02286595131266,1731310.4983645338
29,4/1/2024,0.975994909913803,1651976.2259357192
29,4/8/2024,0.955241074767297,1616848.1305881515
29,4/15/2024,1.03882012734976,1758314.655112427
29,4/22/2024,0.969341593681788,1640714.7735334805
29,4/29/2024,0.97154325144424,1644441.3158032515
29,5/6/2024,0.969024904274531,1640178.7426982601
29,5/13/2024,0.962855103611613,1629735.6923102303
29,5/20/2024,1.03816746191962,1757209.9487554906
29,5/27/2024,0.964549789047066,1632604.1294342843
29,6/3/2024,1.01109290380656,1711383.3508313713
29,6/10/2024,1.03617650220439,1753840.0358510786
29,6/17/2024,0.998295184715768,1689721.8370878287
29,6/24/2024,1.01440908575604,1716996.3458495615
29,7/1/2024,1.00059142545778,1693608.4717757972
29,7/8/2024,0.976630807628778,1653052.5521510486
29,7/15/2024,1.06976266131172,1810688.2185170823
29,7/22/2024,1.0184882556242,1723900.778721619
29,7/29/2024,0.997645820307098,1688622.7178006642
29,8/5/2024,1.01845330436331,1723841.6195131715
29,8/12/2024,1.01055950020537,1710480.507986043
29,8/19/2024,1.06850394334269,1808557.702326463
29,8/26/2024,1.02313065526125,1731758.5382338746
29,9/2/2024,1.03268061271071,1747922.8670529842
29,9/9/2024,1.00357677621701,1698661.4976935808
29,9/16/2024,1.04743965323937,1772904.1290981034
29,9/23/2024,1.02685129831642,1738056.1270892886
29,9/30/2024,1.01730846988019,1721903.8651644043
29,10/7/2024,0.985174961413434,1667514.450253117
29,10/14/2024,1.09301179584226,1850039.8761203918
29,10/21/2024,1.02507187345501,1735044.259073307
29,10/28/2024,0.975414054567719,1650993.0660961731
29,11/4/2024,1.02375606430805,1732817.1102464157
29,11/11/2024,1.00711922245415,1704657.468269982
29,11/18/2024,1.04441210333066,1767779.6751369385
29,11/25/2024,1.07965312476926,1827428.8894954845
29,12/2/2024,1.04771648927529,1773372.7033035632
29,12/9/2024,1.08221061293537,1831757.7129375536
29,12/16/2024,1.12845855399927,1910037.3211158966
29,12/23/2024,1.09048453886821,1845762.2213524359
29,12/30/2024,0.872891012390975,1477461.8039960614
30,3/1/2021,0.964059412482656,1542463.0622121429
30,3/8/2021,0.977020635658403,1563200.5890836725
30,3/15/2021,1.00920066913928,1614687.574568808
30,3/22/2021,1.03600288084541,1657570.2237074804
30,3/29/2021,0.950452414554376,1520692.3171134312
30,4/5/2021,0.94571762974311,1513116.8185460402
30,4/12/2021,0.94357039584668,1509681.3155307928
30,4/19/2021,1.05564249213701,1688992.9497806388
30,4/26/2021,0.982932252752808,1572658.9800260994
30,5/3/2021,0.977922025657247,1564642.7829370818
30,5/10/2021,0.9666681471939,1546636.9510265696
30,5/17/2021,0.991907040257389,1587018.3423587477
30,5/24/2021,1.03153984835664,1650429.5200130688
30,5/31/2021,0.987204604169755,1579494.600953403
30,6/7/2021,1.01952741180039,1631210.0203182448
30,6/14/2021,1.06963464788649,1711379.9348018712
30,6/21/2021,1.00282405822413,1604485.2086636464
30,6/28/2021,0.968366573036425,1549354.3758771087
30,7/5/2021,0.966409884813792,1546223.7395645736
30,7/12/2021,0.980907648089842,1569419.679632119
30,7/19/2021,1.07712842383508,1723369.727187935
30,7/26/2021,1.00128530394204,1602023.2526924154
30,8/2/2021,0.982048218412397,1571244.554370771
30,8/9/2021,0.989983217200973,1583940.2891302626
30,8/16/2021,1.03389208115458,1654193.0141652431
30,8/23/2021,1.02213412022019,1635380.6670071934
30,8/30/2021,0.979676977398243,1567450.6477520354
30,9/6/2021,1.02157949085798,1634493.2785867713
30,9/13/2021,0.99731249595078,1595666.8922229835
30,9/20/2021,1.08341193690864,1733423.140129625
30,9/27/2021,0.970874454055559,1553366.9027852372
30,10/4/2021,0.964387431166363,1542987.881514075
30,10/11/2021,0.970986226589708,1553545.7351970926
30,10/18/2021,0.99112830420288,1585772.390876597
30,10/25/2021,0.977931695211219,1564658.2545095924
30,11/1/2021,0.977643380025226,1564196.9598035994
30,11/8/2021,0.957354111011303,1531734.8028777142
30,11/15/2021,1.01599504277348,1625558.3475239277
30,11/22/2021,0.996741408855935,1594753.172411139
30,11/29/2021,0.982726113057122,1572329.1644241475
30,12/6/2021,0.998658084768074,1597819.7903509592
30,12/13/2021,0.999881822525019,1599777.729902833
30,12/20/2021,1.08597223553425,1737519.5331075767
30,12/27/2021,0.962617935103738,1540156.7463516782
30,1/3/2022,0.866924771696525,1387220.8801031103
30,1/10/2022,0.954034955569058,1527952.1840492145
30,1/17/2022,0.996669673196934,1597831.0103119705
30,1/24/2022,1.03741074368998,1664807.764512311
30,1/31/2022,0.978531301721974,1571887.4550185688
30,2/7/2022,1.00305968398407,1611978.0260176258
30,2/14/2022,1.03567392899733,1664391.1049259673
30,2/21/2022,1.02715779982629,1650705.1665507455
30,2/28/2022,0.977498162277369,1570899.1034343499
30,3/7/2022,0.987395675644102,1586805.0104044287
30,3/14/2022,1.00672430383885,1617867.2934337482
30,3/21/2022,0.983548923947832,1580623.0458080312
30,3/28/2022,0.935672140661349,1503682.1379437854
30,4/4/2022,0.926694468710878,1489254.4720164123
30,4/11/2022,0.938542794669196,1508295.4535886822
30,4/18/2022,0.972782866155238,1563321.3344780437
30,4/25/2022,0.974435125510603,1565976.6157966987
30,5/2/2022,0.959048472719721,1541249.3271830815
30,5/9/2022,0.910011443554724,1462443.8336493922
30,5/16/2022,0.971317491609282,1560966.3880619805
30,5/23/2022,0.967334226825407,1554565.0388904866
30,5/30/2022,0.97058714748252,1559792.6805988012
30,6/6/2022,0.963892652996303,1549034.2200978266
30,6/13/2022,0.973434733087932,1564368.9241678303
30,6/20/2022,1.00790922754322,1619771.5371679633
30,6/27/2022,0.966644446544086,1553456.5199745442
30,7/4/2022,0.938839030201163,1508771.5218653537
30,7/11/2022,0.934600730949558,1501960.3169576486
30,7/18/2022,1.03539657344825,1663945.3772850123
30,7/25/2022,0.991771789763703,1593837.6922140596
30,8/1/2022,0.983974278606853,1581306.6169367319
30,8/8/2022,0.962626327441973,1546999.1587076453
30,8/15/2022,1.02921014967994,1654003.4176829427
30,8/22/2022,0.967585416340069,1554968.7164238708
30,8/29/2022,0.973246259471858,1564066.036091481
30,9/5/2022,0.990288293814746,1591453.6234868742
30,9/12/2022,1.00613318880225,1616917.3350663658
30,9/19/2022,1.1094271035664,1782916.9494287034
30,9/26/2022,1.12972506773639,1815537.0144913755
30,10/3/2022,0.889429782207283,1429367.8501596353
30,10/10/2022,0.946357574630884,1520854.2809663909
30,10/17/2022,0.985543372136229,1583828.2449708187
30,10/24/2022,0.988903977067385,1589228.9417940073
30,10/31/2022,0.959409362564591,1541829.2992284321
30,11/7/2022,0.951238792263021,1528698.6949261862
30,11/14/2022,1.01529296071865,1631637.6462364153
30,11/21/2022,0.995920953101331,1600505.6497230008
30,11/28/2022,1.00641696815431,1617373.3853981681
30,12/5/2022,1.02260241462374,1643384.3840207043
30,12/12/2022,1.00077891765748,1608312.694835463
30,12/19/2022,1.09268031281139,1756003.8361767638
30,12/26/2022,1.05091618607892,1688886.340040978
30,1/2/2023,0.846768868424043,1360898.8574099992
30,1/9/2023,0.959575732671949,1543519.7519339956
30,1/16/2023,1.02560804438133,1651510.2901213744
30,1/23/2023,0.972163714368916,1567132.5913751973
30,1/30/2023,1.01812541493647,1642985.0999186542
30,2/6/2023,1.00290535377348,1619415.836304995
30,2/13/2023,0.966191479752916,1560133.0449215844
30,2/20/2023,1.05023941395111,1695847.30279934
30,2/27/2023,0.980030401197002,1582479.0905755057
30,3/6/2023,0.987289078355954,1594199.854473357
30,3/13/2023,0.957194432724831,1545605.293214274
30,3/20/2023,1.01714389811013,1642407.1632907107
30,3/27/2023,0.978755132646799,1580419.8836026387
30,4/3/2023,0.955983835814384,1543650.512987645
30,4/10/2023,0.972066411731345,1569619.4422158294
30,4/17/2023,1.02580653701281,1656394.9386754765
30,4/24/2023,1.01797137679668,1643743.3135818928
30,5/1/2023,0.978686573943142,1580309.1802772612
30,5/8/2023,0.946075599903509,1527651.4417790677
30,5/15/2023,1.03331815742718,1668524.136047342
30,5/22/2023,0.995410414878648,1607313.5756998695
30,5/29/2023,0.96040495025811,1550789.3946064352
30,6/5/2023,1.01357388967435,1636642.5832042615
30,6/12/2023,1.01010763260931,1631045.5329852356
30,6/19/2023,1.05054968993688,1696348.3133757727
30,6/26/2023,0.984728512882181,1590065.2467152455
30,7/3/2023,0.986416204044456,1592790.4029295903
30,7/10/2023,1.00254001253567,1618825.9113730865
30,7/17/2023,1.05601751967077,1705177.3518467152
30,7/24/2023,1.02007953651841,1647147.4102859038
30,7/31/2023,1.01258944672995,1635052.9788548409
30,8/7/2023,1.00850598872145,1628459.3191778963
30,8/14/2023,1.02419860011412,1653798.563086331
30,8/21/2023,0.987570193759128,1594653.7782527239
30,8/28/2023,1.0009840035588,1616313.3854189897
30,9/4/2023,1.01227091848295,1634538.6433554331
30,9/11/2023,1.00908995792973,1629402.268485784
30,9/18/2023,1.06769752789567,1724037.347102912
30,9/25/2023,1.0871006771325,1755368.0874229695
30,10/2/2023,0.946036493049049,1527588.2946390489
30,10/9/2023,0.978673659149938,1580288.3261070454
30,10/16/2023,1.04972313162062,1695013.6494327125
30,10/23/2023,0.993072999537887,1603539.2937914114
30,10/30/2023,0.994623841895633,1606043.4769813593
30,11/6/2023,0.966697300465588,1560949.8066255508
30,11/13/2023,0.974489826240734,1573532.588877375
30,11/20/2023,1.07013156084186,1727967.6401586372
30,11/27/2023,1.01527291420718,1639386.0399163535
30,12/4/2023,1.03650453251244,1673669.2539601165
30,12/11/2023,1.01729800102458,1642655.9969384868
30,12/18/2023,1.09079321171793,1761330.513347108
30,12/25/2023,1.14688464613713,1851902.725941244
30,1/1/2024,0.791086413836933,1277404.6873474019
30,1/8/2024,0.961934502226399,1554028.8302550218
30,1/15/2024,1.02436878863594,1656040.7215671293
30,1/22/2024,0.998492811589446,1615327.62273501
30,1/29/2024,1.01011206126533,1635257.4452189764
30,2/5/2024,0.993489146180598,1609120.0024793495
30,2/12/2024,1.03118322106394,1670195.4000294441
30,2/19/2024,1.02122424788583,1654064.9677265743
30,2/26/2024,1.00164469380779,1622352.1930829694
30,3/4/2024,1.00582979676804,1629130.7554358665
30,3/11/2024,1.01411940145619,1642557.331211526
30,3/18/2024,1.06908809663966,1731589.483804389
30,3/25/2024,1.02286595131266,1656724.0157655573
30,4/1/2024,0.975994909913803,1580807.5383468356
30,4/8/2024,0.955241074767297,1547192.7943744257
30,4/15/2024,1.03882012734976,1682564.808172117
30,4/22/2024,0.969341593681788,1570031.2399849675
30,4/29/2024,0.97154325144424,1573597.2393444553
30,5/6/2024,0.969024904274531,1569518.3018845634
30,5/13/2024,0.962855103611613,1559525.1478566737
30,5/20/2024,1.03816746191962,1681507.6935321707
30,5/27/2024,0.964549789047066,1562270.0098959038
30,6/3/2024,1.01109290380656,1637655.3483352754
30,6/10/2024,1.03617650220439,1678282.9591687673
30,6/17/2024,0.998295184715768,1616927.0323229486
30,6/24/2024,1.01440908575604,1643026.529277068
30,7/1/2024,1.00059142545778,1620646.2264796328
30,7/8/2024,0.976630807628778,1581837.493978681
30,7/15/2024,1.06976266131172,1732682.0677446132
30,7/22/2024,1.0184882556242,1649633.5125615073
30,7/29/2024,0.997645820307098,1615875.2637797806
30,8/5/2024,1.01845330436331,1649576.9022391655
30,8/12/2024,1.01055950020537,1636791.4001510318
30,8/19/2024,1.06850394334269,1730643.3369928503
30,8/26/2024,1.02313065526125,1657152.7532583342
30,9/2/2024,1.03268061271071,1672620.7077716645
30,9/9/2024,1.00357677621701,1625481.5642469935
30,9/16/2024,1.04743965323937,1696525.752964512
30,9/23/2024,1.02685129831642,1663179.0352760807
30,9/30/2024,1.01730846988019,1647722.6276242877
30,10/7/2024,0.985174961413434,1595676.3599161669
30,10/14/2024,1.09301179584226,1770338.4192435266
30,10/21/2024,1.02507187345501,1660296.921866419
30,10/28/2024,0.975414054567719,1579866.7336447625
30,11/4/2024,1.02375606430805,1658165.7214089339
30,11/11/2024,1.00711922245415,1631219.2232843437
30,11/18/2024,1.04441210333066,1691622.0661862718
30,11/25/2024,1.07965312476926,1748701.5363593719
30,12/2/2024,1.04771648927529,1696974.1414437408
30,12/9/2024,1.08221061293537,1752843.8699926797
30,12/16/2024,1.12845855399927,1827751.1190834583
30,12/23/2024,1.09048453886821,1766245.0509624605
30,12/30/2024,0.872891012390975,1413811.3615372698
