Fixed random,Geo,Week
0.0347776813382149,1,3/1/2021
0.9229257481143750,1,3/8/2021
0.6908865443012190,1,3/15/2021
0.2451179507953520,1,3/22/2021
0.1554957175802280,1,3/29/2021
0.3738348279073010,1,4/5/2021
0.5496695076390990,1,4/12/2021
0.3683399254838690,1,4/19/2021
0.6868239462471980,1,4/26/2021
0.8648274078789940,1,5/3/2021
0.3259040137453890,1,5/10/2021
0.0297799722234398,1,5/17/2021
0.4707991671472820,1,5/24/2021
0.1279492232128700,1,5/31/2021
0.2944595833035170,1,6/7/2021
0.6315408121053910,1,6/14/2021
0.4912942982203810,1,6/21/2021
0.5803215297173850,1,6/28/2021
0.2206142012716570,1,7/5/2021
0.3178047778530250,1,7/12/2021
0.1618066279261990,1,7/19/2021
0.8631321670581350,1,7/26/2021
0.3892760542542560,1,8/2/2021
0.0542455565559786,1,8/9/2021
0.2550083915203780,1,8/16/2021
0.2418997021997850,1,8/23/2021
0.5354801210787630,1,8/30/2021
0.0849186674964497,1,9/6/2021
0.2334252219920570,1,9/13/2021
0.5308662558878350,1,9/20/2021
0.6089952326125230,1,9/27/2021
0.2743400004939290,1,10/4/2021
0.2253973893118900,1,10/11/2021
0.2519571191410660,1,10/18/2021
0.0654070745916998,1,10/25/2021
0.0458896754200264,1,11/1/2021
0.7101103462370370,1,11/8/2021
0.6521352078622220,1,11/15/2021
0.4316596003307840,1,11/22/2021
0.0524171515736752,1,11/29/2021
0.0556881627573477,1,12/6/2021
0.3133769314572500,1,12/13/2021
0.6289990407588510,1,12/20/2021
0.5681443706072140,1,12/27/2021
0.1924453801294990,1,1/3/2022
0.0799427820138001,1,1/10/2022
0.0190463423958394,1,1/17/2022
0.3220374216383680,1,1/24/2022
0.9836290220638570,1,1/31/2022
0.6612649261637390,1,2/7/2022
0.3511014348211550,1,2/14/2022
0.3561814030315070,1,2/21/2022
0.9156440026252150,1,2/28/2022
0.6448911074667570,1,3/7/2022
0.7850034390236980,1,3/14/2022
0.4069676404357580,1,3/21/2022
0.8704165751588230,1,3/28/2022
0.5581408217991060,1,4/4/2022
0.4127018538484630,1,4/11/2022
0.1119723471620450,1,4/18/2022
0.3476007172006520,1,4/25/2022
0.8599625027734270,1,5/2/2022
0.2012917863284380,1,5/9/2022
0.5539493864882250,1,5/16/2022
0.8043252074646490,1,5/23/2022
0.6261166472247930,1,5/30/2022
0.1526722224434820,1,6/6/2022
0.2569481859069720,1,6/13/2022
0.6213132063313850,1,6/20/2022
0.5092652914574740,1,6/27/2022
0.4335165157530850,1,7/4/2022
0.0163824181294411,1,7/11/2022
0.7051423734085790,1,7/18/2022
0.2826983020412170,1,7/25/2022
0.8118323021399130,1,8/1/2022
0.1649605520859130,1,8/8/2022
0.7590243041467090,1,8/15/2022
0.0435570264552546,1,8/22/2022
0.0904368243222120,1,8/29/2022
0.2978832905856520,1,9/5/2022
0.3006507932295280,1,9/12/2022
0.2440857123773090,1,9/19/2022
0.1646633960491990,1,9/26/2022
0.8555716362079200,1,10/3/2022
0.6752525032227140,1,10/10/2022
0.1948556187884670,1,10/17/2022
0.6071984032559220,1,10/24/2022
0.9979069678024770,1,10/31/2022
0.9607072191296840,1,11/7/2022
0.2920747472416350,1,11/14/2022
0.2037155058217060,1,11/21/2022
0.7927427823058420,1,11/28/2022
0.1863131416023820,1,12/5/2022
0.0348295996117430,1,12/12/2022
0.4667738309171420,1,12/19/2022
0.6190801587247430,1,12/26/2022
0.0403250866344936,1,1/2/2023
0.1897341158730330,1,1/9/2023
0.7915673765490990,1,1/16/2023
0.6716659947257770,1,1/23/2023
0.0426864545572344,1,1/30/2023
0.4826922996282610,1,2/6/2023
0.1717328527849090,1,2/13/2023
0.5599239020891250,1,2/20/2023
0.0779325035855474,1,2/27/2023
0.0777489119491066,1,3/6/2023
0.0444290240542462,1,3/13/2023
0.0316325199738063,1,3/20/2023
0.4921577356570720,1,3/27/2023
0.8667115660851090,1,4/3/2023
0.4547763981043530,1,4/10/2023
0.9111941336733990,1,4/17/2023
0.7245548713628510,1,4/24/2023
0.9816726548034010,1,5/1/2023
0.5870563960184160,1,5/8/2023
0.0285992837125035,1,5/15/2023
0.4860382507880840,1,5/22/2023
0.6331473022125020,1,5/29/2023
0.7505341864424590,1,6/5/2023
0.8259923120655980,1,6/12/2023
0.1636693689855610,1,6/19/2023
0.4946934676340480,1,6/26/2023
0.6987137491123620,1,7/3/2023
0.7785666851045560,1,7/10/2023
0.2554829955748030,1,7/17/2023
0.7947849731844950,1,7/24/2023
0.7480306756605220,1,7/31/2023
0.5206103854488620,1,8/7/2023
0.5731939724074840,1,8/14/2023
0.0428805807237400,1,8/21/2023
0.3693167191885270,1,8/28/2023
0.9901692645764630,1,9/4/2023
0.5913127543709450,1,9/11/2023
0.9979994086256290,1,9/18/2023
0.2452905820212270,1,9/25/2023
0.4610796196007540,1,10/2/2023
0.7244765655779680,1,10/9/2023
0.4097369704930370,1,10/16/2023
0.5382607989888760,1,10/23/2023
0.2912739879731110,1,10/30/2023
0.5103660924236210,1,11/6/2023
0.6325232063669150,1,11/13/2023
0.4197102689932700,1,11/20/2023
0.3905969040115470,1,11/27/2023
0.1860336458913380,1,12/4/2023
0.4201828927081830,1,12/11/2023
0.4559021546054810,1,12/18/2023
0.8051701313173560,1,12/25/2023
0.9743406138844840,1,1/1/2024
0.6541931158071800,1,1/8/2024
0.2044156884959160,1,1/15/2024
0.1101744098054210,1,1/22/2024
0.7910694344774620,1,1/29/2024
0.1702574478457140,1,2/5/2024
0.1497070513437310,1,2/12/2024
0.8383720885608990,1,2/19/2024
0.1757846243947620,1,2/26/2024
0.4474795561912350,1,3/4/2024
0.5344436311375980,1,3/11/2024
0.7927157371355360,1,3/18/2024
0.7457315888270680,1,3/25/2024
0.1332738623912210,1,4/1/2024
0.6336611218442820,1,4/8/2024
0.0070024515739496,1,4/15/2024
0.2115652734588770,1,4/22/2024
0.8645057850134490,1,4/29/2024
0.6065708188876640,1,5/6/2024
0.0616031974246617,1,5/13/2024
0.8008487786870160,1,5/20/2024
0.3172260927482550,1,5/27/2024
0.8498257538846020,1,6/3/2024
0.8149337175764000,1,6/10/2024
0.2686004677270930,1,6/17/2024
0.1485101872880680,1,6/24/2024
0.6645518341848920,1,7/1/2024
0.5916443819487080,1,7/8/2024
0.2512629487614730,1,7/15/2024
0.4080301307014150,1,7/22/2024
0.7891229974000180,1,7/29/2024
0.7975805199713090,1,8/5/2024
0.8157588095949980,1,8/12/2024
0.2340360520424520,1,8/19/2024
0.7349570499724440,1,8/26/2024
0.2091300897873380,1,9/2/2024
0.4141201600245560,1,9/9/2024
0.2477856228411360,1,9/16/2024
0.9602571246516580,1,9/23/2024
0.2764746689068760,1,9/30/2024
0.4933901888877750,1,10/7/2024
0.8727576594718760,1,10/14/2024
0.1730134089580550,1,10/21/2024
0.2911254491825210,1,10/28/2024
0.9943864630195560,1,11/4/2024
0.8036092897621700,1,11/11/2024
0.5080717786791230,1,11/18/2024
0.4543056731950150,1,11/25/2024
0.2478404817377720,1,12/2/2024
0.6660421395595100,1,12/9/2024
0.6275172603327740,1,12/16/2024
0.2340179266535400,1,12/23/2024
0.9188842900514540,1,12/30/2024
0.3589748643577860,2,3/1/2021
0.4054425984922710,2,3/8/2021
0.7526292503733590,2,3/15/2021
0.3138734976726390,2,3/22/2021
0.3529745344495780,2,3/29/2021
0.8943226584494840,2,4/5/2021
0.1299015529444880,2,4/12/2021
0.1754265552204310,2,4/19/2021
0.2827529019486540,2,4/26/2021
0.9381124346936900,2,5/3/2021
0.7295071284954060,2,5/10/2021
0.4810268534037960,2,5/17/2021
0.3904286891024420,2,5/24/2021
0.2257537815027820,2,5/31/2021
0.2215177266140750,2,6/7/2021
0.4851307450472940,2,6/14/2021
0.4371242824328760,2,6/21/2021
0.4161378406588960,2,6/28/2021
0.4555043802273350,2,7/5/2021
0.9422069173638190,2,7/12/2021
0.5225973632393840,2,7/19/2021
0.8053459951260320,2,7/26/2021
0.8038416726785720,2,8/2/2021
0.9490004586335990,2,8/9/2021
0.7000561665817240,2,8/16/2021
0.2632859684848200,2,8/23/2021
0.5748838445140870,2,8/30/2021
0.0828031451012494,2,9/6/2021
0.6837012062194050,2,9/13/2021
0.3400612421291510,2,9/20/2021
0.5548378790805810,2,9/27/2021
0.3818380347135070,2,10/4/2021
0.8624568803274930,2,10/11/2021
0.4325489714944360,2,10/18/2021
0.1175568131941290,2,10/25/2021
0.1613871600450280,2,11/1/2021
0.6198454382532280,2,11/8/2021
0.0954523873100645,2,11/15/2021
0.1627026866310820,2,11/22/2021
0.2143275708339900,2,11/29/2021
0.6149976688508230,2,12/6/2021
0.3776130771003890,2,12/13/2021
0.5554610121882990,2,12/20/2021
0.1018701713846950,2,12/27/2021
0.7883308932100360,2,1/3/2022
0.5918852048016020,2,1/10/2022
0.1557709661088260,2,1/17/2022
0.5352897900648890,2,1/24/2022
0.5626833816214190,2,1/31/2022
0.6099439261168090,2,2/7/2022
0.7605787690560590,2,2/14/2022
0.3811344842525890,2,2/21/2022
0.0149398348922162,2,2/28/2022
0.0513951142365440,2,3/7/2022
0.1433669157894350,2,3/14/2022
0.4512426827623090,2,3/21/2022
0.1157780573205240,2,3/28/2022
0.9443663460616040,2,4/4/2022
0.2485826468479210,2,4/11/2022
0.0486204155546429,2,4/18/2022
0.6036211928478590,2,4/25/2022
0.1504344168672950,2,5/2/2022
0.9740939392938770,2,5/9/2022
0.3722750998700000,2,5/16/2022
0.4877523927635370,2,5/23/2022
0.0602850658012533,2,5/30/2022
0.2211980515275160,2,6/6/2022
0.8325954351593400,2,6/13/2022
0.1106229036388710,2,6/20/2022
0.5692936028223450,2,6/27/2022
0.3859247945188840,2,7/4/2022
0.2679217683050970,2,7/11/2022
0.1087429477655330,2,7/18/2022
0.6271842175699580,2,7/25/2022
0.1034750882023950,2,8/1/2022
0.4311993054770900,2,8/8/2022
0.8397821234863550,2,8/15/2022
0.9085380130537410,2,8/22/2022
0.4587888574358670,2,8/29/2022
0.1450013967637430,2,9/5/2022
0.7644393447139560,2,9/12/2022
0.7930763744740290,2,9/19/2022
0.4981858952614200,2,9/26/2022
0.3314955680081310,2,10/3/2022
0.7225680540540370,2,10/10/2022
0.7652241421678630,2,10/17/2022
0.9323646063848210,2,10/24/2022
0.9860801415478920,2,10/31/2022
0.1480070295222200,2,11/7/2022
0.5796761680048020,2,11/14/2022
0.4435176345562770,2,11/21/2022
0.5128610149424200,2,11/28/2022
0.0351461916588084,2,12/5/2022
0.7421660064965030,2,12/12/2022
0.9120315952888850,2,12/19/2022
0.9194890768367130,2,12/26/2022
0.9678502329155740,2,1/2/2023
0.3306363244299520,2,1/9/2023
0.6706616522556960,2,1/16/2023
0.4074560531422660,2,1/23/2023
0.2502337773539830,2,1/30/2023
0.2560153577601460,2,2/6/2023
0.1047563935470380,2,2/13/2023
0.0607494487251904,2,2/20/2023
0.7221527499400740,2,2/27/2023
0.1945730439737270,2,3/6/2023
0.8089667155647770,2,3/13/2023
0.0681612309616094,2,3/20/2023
0.5408605388595980,2,3/27/2023
0.6848127539607550,2,4/3/2023
0.1562043982602960,2,4/10/2023
0.7418040581853830,2,4/17/2023
0.5802938772381730,2,4/24/2023
0.4818982803002620,2,5/1/2023
0.3294950903031300,2,5/8/2023
0.7538948707195590,2,5/15/2023
0.5769959823631150,2,5/22/2023
0.6407234574802730,2,5/29/2023
0.1221786016211380,2,6/5/2023
0.9095792078018380,2,6/12/2023
0.8184293030565290,2,6/19/2023
0.6368413472184710,2,6/26/2023
0.3974615683937960,2,7/3/2023
0.9195472590282730,2,7/10/2023
0.4783122686838870,2,7/17/2023
0.8966670159164970,2,7/24/2023
0.6035857986630510,2,7/31/2023
0.5724725711427650,2,8/7/2023
0.6703766492095570,2,8/14/2023
0.1194184840389020,2,8/21/2023
0.7731349422653530,2,8/28/2023
0.2063900480961930,2,9/4/2023
0.8490834630355170,2,9/11/2023
0.2683751213018240,2,9/18/2023
0.8693304768187710,2,9/25/2023
0.0729884095647486,2,10/2/2023
0.4144672816667720,2,10/9/2023
0.4462189421007860,2,10/16/2023
0.2541827961799810,2,10/23/2023
0.2811004458891840,2,10/30/2023
0.3756451489955270,2,11/6/2023
0.5618769377284470,2,11/13/2023
0.8674587106001340,2,11/20/2023
0.8996008197956420,2,11/27/2023
0.5891721125167910,2,12/4/2023
0.3077218024029890,2,12/11/2023
0.7983390762668570,2,12/18/2023
0.9940922170970810,2,12/25/2023
0.3343190463547660,2,1/1/2024
0.5746660461164750,2,1/8/2024
0.2321606066344040,2,1/15/2024
0.6233946553435630,2,1/22/2024
0.2118120493797570,2,1/29/2024
0.9677803294476870,2,2/5/2024
0.0889040835848550,2,2/12/2024
0.6490604249509600,2,2/19/2024
0.1329546549769000,2,2/26/2024
0.4652198138268380,2,3/4/2024
0.3436358288915520,2,3/11/2024
0.7496474891157190,2,3/18/2024
0.7154037060237360,2,3/25/2024
0.4900029529541760,2,4/1/2024
0.6133267446193250,2,4/8/2024
0.5465137578130060,2,4/15/2024
0.4247758748722480,2,4/22/2024
0.1560865169015770,2,4/29/2024
0.9232461440417810,2,5/6/2024
0.9807424204264870,2,5/13/2024
0.3631737809306930,2,5/20/2024
0.2202239175199140,2,5/27/2024
0.7923525484688890,2,6/3/2024
0.3095096737132840,2,6/10/2024
0.6948121003109280,2,6/17/2024
0.8358586908509880,2,6/24/2024
0.1626393875986190,2,7/1/2024
0.5652501734438730,2,7/8/2024
0.1731585775408790,2,7/15/2024
0.6427740565745100,2,7/22/2024
0.3587705229641170,2,7/29/2024
0.4568012008304260,2,8/5/2024
0.0058351844130086,2,8/12/2024
0.0436174880971215,2,8/19/2024
0.2766288336188070,2,8/26/2024
0.7973173961717870,2,9/2/2024
0.6139170356930760,2,9/9/2024
0.9176838156163800,2,9/16/2024
0.0069927611318292,2,9/23/2024
0.6647309539778840,2,9/30/2024
0.8626591903132130,2,10/7/2024
0.4186609087253750,2,10/14/2024
0.7267752412306800,2,10/21/2024
0.6536725497566760,2,10/28/2024
0.0881216010480354,2,11/4/2024
0.1684823157536900,2,11/11/2024
0.7613372972621550,2,11/18/2024
0.8446538356930090,2,11/25/2024
0.3730334799372510,2,12/2/2024
0.4930821042361190,2,12/9/2024
0.6949814490988210,2,12/16/2024
0.5374539889020850,2,12/23/2024
0.7079482539524840,2,12/30/2024
0.2650763720418150,3,3/1/2021
0.8953690727102880,3,3/8/2021
0.5126087281609880,3,3/15/2021
0.1833568254893250,3,3/22/2021
0.5548731006989190,3,3/29/2021
0.4502551158833320,3,4/5/2021
0.8521833227393240,3,4/12/2021
0.7699324724411300,3,4/19/2021
0.7265483350327420,3,4/26/2021
0.6396912294659330,3,5/3/2021
0.5130407471184820,3,5/10/2021
0.4927057408466980,3,5/17/2021
0.4997720145064740,3,5/24/2021
0.4576272060723890,3,5/31/2021
0.6882222493771900,3,6/7/2021
0.7363408860013530,3,6/14/2021
0.9019468983635990,3,6/21/2021
0.2821650953874090,3,6/28/2021
0.7512172781585100,3,7/5/2021
0.6627997136116340,3,7/12/2021
0.1339939160631510,3,7/19/2021
0.6066048659684630,3,7/26/2021
0.5889983500724340,3,8/2/2021
0.0570086721690415,3,8/9/2021
0.8501116219349430,3,8/16/2021
0.3619316742787750,3,8/23/2021
0.9027806451073820,3,8/30/2021
0.1918313836534330,3,9/6/2021
0.9666302182990260,3,9/13/2021
0.2433872078713320,3,9/20/2021
0.8110251483765390,3,9/27/2021
0.5962004596188700,3,10/4/2021
0.5704769847885940,3,10/11/2021
0.1475097936435610,3,10/18/2021
0.8499885153123800,3,10/25/2021
0.8500383494716960,3,11/1/2021
0.6807071589878120,3,11/8/2021
0.4374359408729660,3,11/15/2021
0.6332063637090480,3,11/22/2021
0.4072114738736870,3,11/29/2021
0.5973981561770800,3,12/6/2021
0.6019533139962860,3,12/13/2021
0.9573000160739050,3,12/20/2021
0.1628118887072460,3,12/27/2021
0.4389544613529040,3,1/3/2022
0.8181442450930680,3,1/10/2022
0.9782514141955720,3,1/17/2022
0.2291767413317030,3,1/24/2022
0.4271523825850680,3,1/31/2022
0.6322587820394000,3,2/7/2022
0.5116809201313110,3,2/14/2022
0.0283786040025409,3,2/21/2022
0.2334078231388940,3,2/28/2022
0.0855895363325119,3,3/7/2022
0.5400660258009020,3,3/14/2022
0.5021032564106130,3,3/21/2022
0.2657373923614570,3,3/28/2022
0.9959661512421530,3,4/4/2022
0.1731701317456240,3,4/11/2022
0.4315018183358000,3,4/18/2022
0.9098952233307410,3,4/25/2022
0.4444836046282210,3,5/2/2022
0.9769667606402920,3,5/9/2022
0.0009459874374350,3,5/16/2022
0.8504657285165650,3,5/23/2022
0.3234897509464230,3,5/30/2022
0.1660501764762430,3,6/6/2022
0.1784634741143770,3,6/13/2022
0.3373532912243900,3,6/20/2022
0.6919043890121110,3,6/27/2022
0.0913619679256403,3,7/4/2022
0.5348495454445720,3,7/11/2022
0.3327589692729490,3,7/18/2022
0.4245204367644790,3,7/25/2022
0.9578608614581060,3,8/1/2022
0.9698137391666060,3,8/8/2022
0.4858622751516370,3,8/15/2022
0.3441770201790280,3,8/22/2022
0.9741127746780700,3,8/29/2022
0.5358268424395240,3,9/5/2022
0.4715312934365470,3,9/12/2022
0.7295548495516900,3,9/19/2022
0.6476766726289760,3,9/26/2022
0.6602658861329330,3,10/3/2022
0.0804997309792827,3,10/10/2022
0.8661071085643680,3,10/17/2022
0.4990855188087910,3,10/24/2022
0.7031421756363210,3,10/31/2022
0.2928892659416840,3,11/7/2022
0.1609998050180560,3,11/14/2022
0.0147572907849715,3,11/21/2022
0.7400495412363280,3,11/28/2022
0.8295795644889010,3,12/5/2022
0.1282828644464070,3,12/12/2022
0.8258343838975250,3,12/19/2022
0.8262656895646300,3,12/26/2022
0.9168378930987740,3,1/2/2023
0.4000261262441880,3,1/9/2023
0.0411285858003992,3,1/16/2023
0.4135147317770760,3,1/23/2023
0.4388438783130780,3,1/30/2023
0.9519972036130000,3,2/6/2023
0.4722091872330130,3,2/13/2023
0.2949630135671040,3,2/20/2023
0.4521787890901270,3,2/27/2023
0.7201317853437880,3,3/6/2023
0.4440316395432940,3,3/13/2023
0.5512788687101610,3,3/20/2023
0.4375796828879170,3,3/27/2023
0.2062688919220840,3,4/3/2023
0.2448122860317400,3,4/10/2023
0.7514525728796660,3,4/17/2023
0.1290052249916870,3,4/24/2023
0.6545571748498650,3,5/1/2023
0.6205065621766140,3,5/8/2023
0.7756816378690670,3,5/15/2023
0.6544640557945270,3,5/22/2023
0.1102465314706350,3,5/29/2023
0.1383036280794170,3,6/5/2023
0.2826865823745620,3,6/12/2023
0.9982501697301110,3,6/19/2023
0.7864145893748040,3,6/26/2023
0.1490290216703970,3,7/3/2023
0.2065164611527930,3,7/10/2023
0.4339551173962610,3,7/17/2023
0.4297733652277120,3,7/24/2023
0.6986046280952280,3,7/31/2023
0.5944145522194230,3,8/7/2023
0.4229284997384770,3,8/14/2023
0.3759816126307490,3,8/21/2023
0.4477514578119430,3,8/28/2023
0.2732959995534880,3,9/4/2023
0.1515980555379960,3,9/11/2023
0.9984072008419930,3,9/18/2023
0.1807229952181680,3,9/25/2023
0.6678842721108250,3,10/2/2023
0.6674982791974040,3,10/9/2023
0.6845277241100030,3,10/16/2023
0.9794791259926460,3,10/23/2023
0.8239968394863130,3,10/30/2023
0.3402988293047210,3,11/6/2023
0.9122975977021240,3,11/13/2023
0.7413062560497350,3,11/20/2023
0.1911127538911300,3,11/27/2023
0.5503201675252390,3,12/4/2023
0.1632816683540540,3,12/11/2023
0.3119682214210290,3,12/18/2023
0.6312750828103260,3,12/25/2023
0.6512560629425480,3,1/1/2024
0.5037864147385750,3,1/8/2024
0.8212540235757700,3,1/15/2024
0.1711525931422060,3,1/22/2024
0.9665583135364270,3,1/29/2024
0.1024526974043930,3,2/5/2024
0.5236498660471300,3,2/12/2024
0.8651313768643460,3,2/19/2024
0.7387170896070490,3,2/26/2024
0.6694023283554990,3,3/4/2024
0.9491624409385350,3,3/11/2024
0.3212032337779220,3,3/18/2024
0.6173298697451090,3,3/25/2024
0.4888744466981360,3,4/1/2024
0.5811143892165960,3,4/8/2024
0.4738163436371590,3,4/15/2024
0.7412780197104000,3,4/22/2024
0.9085916166338630,3,4/29/2024
0.3581390794805390,3,5/6/2024
0.6696260521939190,3,5/13/2024
0.0552544939691599,3,5/20/2024
0.6551880361973420,3,5/27/2024
0.9680186042604040,3,6/3/2024
0.9255296533183480,3,6/10/2024
0.2620096992111360,3,6/17/2024
0.8697561925740250,3,6/24/2024
0.4795478455750580,3,7/1/2024
0.1196491668587200,3,7/8/2024
0.5254805376640900,3,7/15/2024
0.5361097920752690,3,7/22/2024
0.0901005224970319,3,7/29/2024
0.2873265653205780,3,8/5/2024
0.7119226480824290,3,8/12/2024
0.4718856666090510,3,8/19/2024
0.3629146660717210,3,8/26/2024
0.4029733995034420,3,9/2/2024
0.0277170067197379,3,9/9/2024
0.1840649830233560,3,9/16/2024
0.9174219577399690,3,9/23/2024
0.6535746365239140,3,9/30/2024
0.2389242908347680,3,10/7/2024
0.9626927252414140,3,10/14/2024
0.0642248925557364,3,10/21/2024
0.6897883065215190,3,10/28/2024
0.7476393247515590,3,11/4/2024
0.6441275890566700,3,11/11/2024
0.6280786645979170,3,11/18/2024
0.5533389204064310,3,11/25/2024
0.8143508432943530,3,12/2/2024
0.4429383340978700,3,12/9/2024
0.1391207366050850,3,12/16/2024
0.7387900358264000,3,12/23/2024
0.0475825560214537,3,12/30/2024
0.4058271710339470,4,3/1/2021
0.2703316211502950,4,3/8/2021
0.7359375414665420,4,3/15/2021
0.9711837647792460,4,3/22/2021
0.9338977652781120,4,3/29/2021
0.1344800585633120,4,4/5/2021
0.6428264930054090,4,4/12/2021
0.4262199618721500,4,4/19/2021
0.6154657162899050,4,4/26/2021
0.8163437624572340,4,5/3/2021
0.7256226924832200,4,5/10/2021
0.0792160663784707,4,5/17/2021
0.0816905908487557,4,5/24/2021
0.3288753868916220,4,5/31/2021
0.2053636838003010,4,6/7/2021
0.9020136744373620,4,6/14/2021
0.2412130192682750,4,6/21/2021
0.0097152375249360,4,6/28/2021
0.8241908516736350,4,7/5/2021
0.6195680391836840,4,7/12/2021
0.6998444964640600,4,7/19/2021
0.1859778926407440,4,7/26/2021
0.8387617353906520,4,8/2/2021
0.8769709285053790,4,8/9/2021
0.4562425847512540,4,8/16/2021
0.8237749512904530,4,8/23/2021
0.0678126232370661,4,8/30/2021
0.7938419970263970,4,9/6/2021
0.2847342307978950,4,9/13/2021
0.3939704902080890,4,9/20/2021
0.7238495851271440,4,9/27/2021
0.7138935429864760,4,10/4/2021
0.3115247493842410,4,10/11/2021
0.4376485031304030,4,10/18/2021
0.4605392971253520,4,10/25/2021
0.7063320358782230,4,11/1/2021
0.0200694254818219,4,11/8/2021
0.1378693211162980,4,11/15/2021
0.6875993208648120,4,11/22/2021
0.5545645665511790,4,11/29/2021
0.5228994951024600,4,12/6/2021
0.8960201531593110,4,12/13/2021
0.6240730390103950,4,12/20/2021
0.2542077299032740,4,12/27/2021
0.9855905331358270,4,1/3/2022
0.4320674130896430,4,1/10/2022
0.7445404989734110,4,1/17/2022
0.5201784530534880,4,1/24/2022
0.8900150492718840,4,1/31/2022
0.9173913063451550,4,2/7/2022
0.9861146598047980,4,2/14/2022
0.2464833853765520,4,2/21/2022
0.1509022758261560,4,2/28/2022
0.7605882042976340,4,3/7/2022
0.1991435444603460,4,3/14/2022
0.7517187777207520,4,3/21/2022
0.4137470572158250,4,3/28/2022
0.4563176914139160,4,4/4/2022
0.8249985542964270,4,4/11/2022
0.4585142054843530,4,4/18/2022
0.5731798001575340,4,4/25/2022
0.2615384008747780,4,5/2/2022
0.7666782744599510,4,5/9/2022
0.7791506569985920,4,5/16/2022
0.5561896609532070,4,5/23/2022
0.8801502275515040,4,5/30/2022
0.0348217262990612,4,6/6/2022
0.8793226062550290,4,6/13/2022
0.1878180969794720,4,6/20/2022
0.5067107264056190,4,6/27/2022
0.0043244345973350,4,7/4/2022
0.0632778428416376,4,7/11/2022
0.6535706291730050,4,7/18/2022
0.3454512046720060,4,7/25/2022
0.2326633261767480,4,8/1/2022
0.0165615470436811,4,8/8/2022
0.7215116358470330,4,8/15/2022
0.1638372026201190,4,8/22/2022
0.8865529078849340,4,8/29/2022
0.7184871887205420,4,9/5/2022
0.3965657756962520,4,9/12/2022
0.1935904677980800,4,9/19/2022
0.0122225666102690,4,9/26/2022
0.7664846817099980,4,10/3/2022
0.6007835768828620,4,10/10/2022
0.0763386973095538,4,10/17/2022
0.2697486396401810,4,10/24/2022
0.2234146825582130,4,10/31/2022
0.9172775232193470,4,11/7/2022
0.2266088632983460,4,11/14/2022
0.8897831295018420,4,11/21/2022
0.2699859308289330,4,11/28/2022
0.0667116604262558,4,12/5/2022
0.3751437837877600,4,12/12/2022
0.6019458249297410,4,12/19/2022
0.6560716922886950,4,12/26/2022
0.8396607836192320,4,1/2/2023
0.2691470502741110,4,1/9/2023
0.4477798926308580,4,1/16/2023
0.2989852605594290,4,1/23/2023
0.7904040967153560,4,1/30/2023
0.9443588787890910,4,2/6/2023
0.8806067963249590,4,2/13/2023
0.5711882345984270,4,2/20/2023
0.6481563379826570,4,2/27/2023
0.1690028709457920,4,3/6/2023
0.9284096774205950,4,3/13/2023
0.1461212618407410,4,3/20/2023
0.2073339211994500,4,3/27/2023
0.5977522412099090,4,4/3/2023
0.0772909726435535,4,4/10/2023
0.5883904622417250,4,4/17/2023
0.9307611314370670,4,4/24/2023
0.4517274362432080,4,5/1/2023
0.6552670580096920,4,5/8/2023
0.5117928533525910,4,5/15/2023
0.7008773710955540,4,5/22/2023
0.0407915725430494,4,5/29/2023
0.8669506332764690,4,6/5/2023
0.2242971285669920,4,6/12/2023
0.7002421886130090,4,6/19/2023
0.3793710268885100,4,6/26/2023
0.3377872910827500,4,7/3/2023
0.6602313167959330,4,7/10/2023
0.5236348632504980,4,7/17/2023
0.1557174848222560,4,7/24/2023
0.4056373533548370,4,7/31/2023
0.6566020820718010,4,8/7/2023
0.2681955449063220,4,8/14/2023
0.5939990449633280,4,8/21/2023
0.4770192763485810,4,8/28/2023
0.5640522801179940,4,9/4/2023
0.1523059390164330,4,9/11/2023
0.1361355028316560,4,9/18/2023
0.3547652578468020,4,9/25/2023
0.4773260706405490,4,10/2/2023
0.0506865854404931,4,10/9/2023
0.7122723345479970,4,10/16/2023
0.1084824718805110,4,10/23/2023
0.3478144056474780,4,10/30/2023
0.8342900715643950,4,11/6/2023
0.7739528868699700,4,11/13/2023
0.8678549402943540,4,11/20/2023
0.9992205385979040,4,11/27/2023
0.8139910575597670,4,12/4/2023
0.9160055452137980,4,12/11/2023
0.1124296908704360,4,12/18/2023
0.8249639162500250,4,12/25/2023
0.9035383061592540,4,1/1/2024
0.2925435700560180,4,1/8/2024
0.2352374427987370,4,1/15/2024
0.8641807983981110,4,1/22/2024
0.2892907888532070,4,1/29/2024
0.8541820017948500,4,2/5/2024
0.1014332670298870,4,2/12/2024
0.5976390371319050,4,2/19/2024
0.9807281191528740,4,2/26/2024
0.7205403585974230,4,3/4/2024
0.3053086776347000,4,3/11/2024
0.0946091061164578,4,3/18/2024
0.2766945673141030,4,3/25/2024
0.7415939478925980,4,4/1/2024
0.6266844983222260,4,4/8/2024
0.4042609906359870,4,4/15/2024
0.3671122006613370,4,4/22/2024
0.8692390044665260,4,4/29/2024
0.2876507862366170,4,5/6/2024
0.8299856884826810,4,5/13/2024
0.3879255664292190,4,5/20/2024
0.1324688818251550,4,5/27/2024
0.8252605467524290,4,6/3/2024
0.9627634840003840,4,6/10/2024
0.3745111543213250,4,6/17/2024
0.8091301341727930,4,6/24/2024
0.1796616712788760,4,7/1/2024
0.2641373701860430,4,7/8/2024
0.0822296792988919,4,7/15/2024
0.8383393454484790,4,7/22/2024
0.6077479662180130,4,7/29/2024
0.3463426162962220,4,8/5/2024
0.6383028325649890,4,8/12/2024
0.5918701303216670,4,8/19/2024
0.0531111331602591,4,8/26/2024
0.7451232271337130,4,9/2/2024
0.0217099592165065,4,9/9/2024
0.6226108603638470,4,9/16/2024
0.7048215056367630,4,9/23/2024
0.2088022353751520,4,9/30/2024
0.3222167258488850,4,10/7/2024
0.9072180074412530,4,10/14/2024
0.3815270281438260,4,10/21/2024
0.9580991824348250,4,10/28/2024
0.0744750522751505,4,11/4/2024
0.8277745751555130,4,11/11/2024
0.7946539919425400,4,11/18/2024
0.4350451738349430,4,11/25/2024
0.0938680561855688,4,12/2/2024
0.4999543276475300,4,12/9/2024
0.9830946952023770,4,12/16/2024
0.0658827082759487,4,12/23/2024
0.1249128227996200,4,12/30/2024
0.3635331711921530,5,3/1/2021
0.9145152627050480,5,3/8/2021
0.4152019956609500,5,3/15/2021
0.4594689328268420,5,3/22/2021
0.4191858656047230,5,3/29/2021
0.3804312727051700,5,4/5/2021
0.0864404739984802,5,4/12/2021
0.7825877778130140,5,4/19/2021
0.7234138555661710,5,4/26/2021
0.2837033662910160,5,5/3/2021
0.8591946801218680,5,5/10/2021
0.2099962136293130,5,5/17/2021
0.9439588396024640,5,5/24/2021
0.0845031428126739,5,5/31/2021
0.9468354188614900,5,6/7/2021
0.6666555545848310,5,6/14/2021
0.7834018763270220,5,6/21/2021
0.7717185961250640,5,6/28/2021
0.7978707662980730,5,7/5/2021
0.0530489792256137,5,7/12/2021
0.6236573411533630,5,7/19/2021
0.9292348907832810,5,7/26/2021
0.7259524437769650,5,8/2/2021
0.6186332539096930,5,8/9/2021
0.3690159670045110,5,8/16/2021
0.2051373046319390,5,8/23/2021
0.6196799166851810,5,8/30/2021
0.5584767791569830,5,9/6/2021
0.4426861043538850,5,9/13/2021
0.3127152981288750,5,9/20/2021
0.8242298567352760,5,9/27/2021
0.2216986552460750,5,10/4/2021
0.1927374567828790,5,10/11/2021
0.0600653437707966,5,10/18/2021
0.4630327256618190,5,10/25/2021
0.0660890305846407,5,11/1/2021
0.1521578109680830,5,11/8/2021
0.0872495191581203,5,11/15/2021
0.4547557178669440,5,11/22/2021
0.2833240678763420,5,11/29/2021
0.4806894311878630,5,12/6/2021
0.4968931570578960,5,12/13/2021
0.7630264829032530,5,12/20/2021
0.5887741397375760,5,12/27/2021
0.0549582013049774,5,1/3/2022
0.9873362305720330,5,1/10/2022
0.5932328031346710,5,1/17/2022
0.8306507649700300,5,1/24/2022
0.0309061585963307,5,1/31/2022
0.2735094356876800,5,2/7/2022
0.0135614679011165,5,2/14/2022
0.3357015002930200,5,2/21/2022
0.1087358314652910,5,2/28/2022
0.9709357446188500,5,3/7/2022
0.0061565750354975,5,3/14/2022
0.1417047629745330,5,3/21/2022
0.2551576372800540,5,3/28/2022
0.0523748581802282,5,4/4/2022
0.7979055974506790,5,4/11/2022
0.5810748287587730,5,4/18/2022
0.0876522771338284,5,4/25/2022
0.4960290112132130,5,5/2/2022
0.6239717518708600,5,5/9/2022
0.4542403319087420,5,5/16/2022
0.4309176737962400,5,5/23/2022
0.1448562947968810,5,5/30/2022
0.7823328757890070,5,6/6/2022
0.5328177102442280,5,6/13/2022
0.3537162003152810,5,6/20/2022
0.6966876586284050,5,6/27/2022
0.0855164243517204,5,7/4/2022
0.3568152147147990,5,7/11/2022
0.3129173547993960,5,7/18/2022
0.9098822666202230,5,7/25/2022
0.9606431091206120,5,8/1/2022
0.9915397277734790,5,8/8/2022
0.8564212195961120,5,8/15/2022
0.1884111852287000,5,8/22/2022
0.9155685544074060,5,8/29/2022
0.1481231921206130,5,9/5/2022
0.4124696072131410,5,9/12/2022
0.4068935968342590,5,9/19/2022
0.6615931146527490,5,9/26/2022
0.5337643292598960,5,10/3/2022
0.6010685458111930,5,10/10/2022
0.2980833954852780,5,10/17/2022
0.7015867546374770,5,10/24/2022
0.3465150956864830,5,10/31/2022
0.8859300665999630,5,11/7/2022
0.8822426465928980,5,11/14/2022
0.4921590612764940,5,11/21/2022
0.6674064153444290,5,11/28/2022
0.4292500318275390,5,12/5/2022
0.9043374933479430,5,12/12/2022
0.0317498529165605,5,12/19/2022
0.8896018776619700,5,12/26/2022
0.3777758796634360,5,1/2/2023
0.9717306425604240,5,1/9/2023
0.1741771592019470,5,1/16/2023
0.7803584123551950,5,1/23/2023
0.6183047173990260,5,1/30/2023
0.5109882418050850,5,2/6/2023
0.7126580838985560,5,2/13/2023
0.2785053592542340,5,2/20/2023
0.3342302698079430,5,2/27/2023
0.8441372149647010,5,3/6/2023
0.7279956368752730,5,3/13/2023
0.5660042954889760,5,3/20/2023
0.5869973906414300,5,3/27/2023
0.8975663769986290,5,4/3/2023
0.5339103528541820,5,4/10/2023
0.9061962885326530,5,4/17/2023
0.9893789225658980,5,4/24/2023
0.9396674762564080,5,5/1/2023
0.0989500709482711,5,5/8/2023
0.8108073348860570,5,5/15/2023
0.3330041959844730,5,5/22/2023
0.1025719658560390,5,5/29/2023
0.3056125858638320,5,6/5/2023
0.2494679185707020,5,6/12/2023
0.3415962768456140,5,6/19/2023
0.4621683201686740,5,6/26/2023
0.5825058331192790,5,7/3/2023
0.3161160567558000,5,7/10/2023
0.7331952580831820,5,7/17/2023
0.4041513046203950,5,7/24/2023
0.8008729254920300,5,7/31/2023
0.4614903709383340,5,8/7/2023
0.7946331519307750,5,8/14/2023
0.4341450757459300,5,8/21/2023
0.9895653753678030,5,8/28/2023
0.1986201863790780,5,9/4/2023
0.9917640287936350,5,9/11/2023
0.3961020916868140,5,9/18/2023
0.1000506207757710,5,9/25/2023
0.9870745072299340,5,10/2/2023
0.2911123698597830,5,10/9/2023
0.9688112066860710,5,10/16/2023
0.1561916182491820,5,10/23/2023
0.5049083570423350,5,10/30/2023
0.9952901865540100,5,11/6/2023
0.6254796205194770,5,11/13/2023
0.3141078929604690,5,11/20/2023
0.5338175244056860,5,11/27/2023
0.7934781969464650,5,12/4/2023
0.6752230976056190,5,12/11/2023
0.7968544350568350,5,12/18/2023
0.0551089192676262,5,12/25/2023
0.8798917250694560,5,1/1/2024
0.8632648635985880,5,1/8/2024
0.3158408137293310,5,1/15/2024
0.1908467679162230,5,1/22/2024
0.3034577841292630,5,1/29/2024
0.5399877456252770,5,2/5/2024
0.1208316589014040,5,2/12/2024
0.4682618643160450,5,2/19/2024
0.3665077245347020,5,2/26/2024
0.7463565276190600,5,3/4/2024
0.1540434455168580,5,3/11/2024
0.4033776521217810,5,3/18/2024
0.7517216644903190,5,3/25/2024
0.7089284767917320,5,4/1/2024
0.7388248860059320,5,4/8/2024
0.7662196644953650,5,4/15/2024
0.8334391421801430,5,4/22/2024
0.7185676649771320,5,4/29/2024
0.3843981889515740,5,5/6/2024
0.6195151385243460,5,5/13/2024
0.3032266632307280,5,5/20/2024
0.0428202312821220,5,5/27/2024
0.8423317268705320,5,6/3/2024
0.1732746633143250,5,6/10/2024
0.8090614127980020,5,6/17/2024
0.5773418152314000,5,6/24/2024
0.5959485535108700,5,7/1/2024
0.5364836269097790,5,7/8/2024
0.0767922889773707,5,7/15/2024
0.6197426177338900,5,7/22/2024
0.5359935085335890,5,7/29/2024
0.5762928632724750,5,8/5/2024
0.6315830982992280,5,8/12/2024
0.4137112131205140,5,8/19/2024
0.1127055904104010,5,8/26/2024
0.9583424489216930,5,9/2/2024
0.5881354376302880,5,9/9/2024
0.9937422426778000,5,9/16/2024
0.0957831908860910,5,9/23/2024
0.0586343849225105,5,9/30/2024
0.9707980857598330,5,10/7/2024
0.3213561453137880,5,10/14/2024
0.6468147579968210,5,10/21/2024
0.6623615002962700,5,10/28/2024
0.6497182342602610,5,11/4/2024
0.9589727389070550,5,11/11/2024
0.6326812003740080,5,11/18/2024
0.0193867000885563,5,11/25/2024
0.0242083596948165,5,12/2/2024
0.9245875551574670,5,12/9/2024
0.0424890680611293,5,12/16/2024
0.1236800129938540,5,12/23/2024
0.0430717277803687,5,12/30/2024
0.7379270022002990,6,3/1/2021
0.4907985079635220,6,3/8/2021
0.4286287099785730,6,3/15/2021
0.5679586356611170,6,3/22/2021
0.5613332677770660,6,3/29/2021
0.6147973131813900,6,4/5/2021
0.2690214482717520,6,4/12/2021
0.4548380713531800,6,4/19/2021
0.8287464841626460,6,4/26/2021
0.8554853081768650,6,5/3/2021
0.9044744506585590,6,5/10/2021
0.0275772393694494,6,5/17/2021
0.2224435291860600,6,5/24/2021
0.5028508215286220,6,5/31/2021
0.5617227303658690,6,6/7/2021
0.8426994947113430,6,6/14/2021
0.5592678619880810,6,6/21/2021
0.0226168268860575,6,6/28/2021
0.2482763938179270,6,7/5/2021
0.8398074019256020,6,7/12/2021
0.3450021717375390,6,7/19/2021
0.3858673919556720,6,7/26/2021
0.5207177601970430,6,8/2/2021
0.9163672749854520,6,8/9/2021
0.4499786594179750,6,8/16/2021
0.0822533591659094,6,8/23/2021
0.4196143418352390,6,8/30/2021
0.1701118321156510,6,9/6/2021
0.6745479464372330,6,9/13/2021
0.6838463807370350,6,9/20/2021
0.9881049780219320,6,9/27/2021
0.7356562556089700,6,10/4/2021
0.6964696349037380,6,10/11/2021
0.9567184371557470,6,10/18/2021
0.2173974560904360,6,10/25/2021
0.9505151736685740,6,11/1/2021
0.4020293242724030,6,11/8/2021
0.6714074850674220,6,11/15/2021
0.0440530825751865,6,11/22/2021
0.8282112116813550,6,11/29/2021
0.8383255560489430,6,12/6/2021
0.6949055679164800,6,12/13/2021
0.3342917673215890,6,12/20/2021
0.1896579223883980,6,12/27/2021
0.0075059257658807,6,1/3/2022
0.1309359230689880,6,1/10/2022
0.8106449299222190,6,1/17/2022
0.5152134588078800,6,1/24/2022
0.3909079574787580,6,1/31/2022
0.8061269629195740,6,2/7/2022
0.9527554785773320,6,2/14/2022
0.2542989913536240,6,2/21/2022
0.2381356101797140,6,2/28/2022
0.2566156166466000,6,3/7/2022
0.3898604098951900,6,3/14/2022
0.2593262217939120,6,3/21/2022
0.4687469299607900,6,3/28/2022
0.6934718134130500,6,4/4/2022
0.2589923360673330,6,4/11/2022
0.2026658910734180,6,4/18/2022
0.7844670975612320,6,4/25/2022
0.5119312630988450,6,5/2/2022
0.8464913936702990,6,5/9/2022
0.2606196610893840,6,5/16/2022
0.1031806480060420,6,5/23/2022
0.1799842514871200,6,5/30/2022
0.9617191460920030,6,6/6/2022
0.3829785141598800,6,6/13/2022
0.0158290112118746,6,6/20/2022
0.3539979200294440,6,6/27/2022
0.4214585570700430,6,7/4/2022
0.4865817321529040,6,7/11/2022
0.4733781000184210,6,7/18/2022
0.6844204212602130,6,7/25/2022
0.1213580365263840,6,8/1/2022
0.8037808345667380,6,8/8/2022
0.2869623417621470,6,8/15/2022
0.4189507888225940,6,8/22/2022
0.4558016514567970,6,8/29/2022
0.0400001493099670,6,9/5/2022
0.4288657708465730,6,9/12/2022
0.1488349556096710,6,9/19/2022
0.8557723839850370,6,9/26/2022
0.1843592226678180,6,10/3/2022
0.4331292467662700,6,10/10/2022
0.0201755326956369,6,10/17/2022
0.2866024718916740,6,10/24/2022
0.5235839784484000,6,10/31/2022
0.5654273015230660,6,11/7/2022
0.5437097379664170,6,11/14/2022
0.2884975555895300,6,11/21/2022
0.5908888096037230,6,11/28/2022
0.0604151462541818,6,12/5/2022
0.6782685484428020,6,12/12/2022
0.7688463637791980,6,12/19/2022
0.0508003132645634,6,12/26/2022
0.9464710190695230,6,1/2/2023
0.3271185202457620,6,1/9/2023
0.4931790892614460,6,1/16/2023
0.3983862954630040,6,1/23/2023
0.8268721875909370,6,1/30/2023
0.5079396791460580,6,2/6/2023
0.2570843357935480,6,2/13/2023
0.9840337228198080,6,2/20/2023
0.1842653368708680,6,2/27/2023
0.4755726777607100,6,3/6/2023
0.0821848364023178,6,3/13/2023
0.8664241093381110,6,3/20/2023
0.0152289924420426,6,3/27/2023
0.7509385698254000,6,4/3/2023
0.7955965599276210,6,4/10/2023
0.4202273756023500,6,4/17/2023
0.6591588380484770,6,4/24/2023
0.9403304205885970,6,5/1/2023
0.2143795523284160,6,5/8/2023
0.3358598423584290,6,5/15/2023
0.6881373117979480,6,5/22/2023
0.9771104024350580,6,5/29/2023
0.4469566352207010,6,6/5/2023
0.0688328211817371,6,6/12/2023
0.5896875528446760,6,6/19/2023
0.1375874287276920,6,6/26/2023
0.0460021758591452,6,7/3/2023
0.2719313794328440,6,7/10/2023
0.3534388653603650,6,7/17/2023
0.5719851403355010,6,7/24/2023
0.4437404655432990,6,7/31/2023
0.7255471271336200,6,8/7/2023
0.4594326488115950,6,8/14/2023
0.3603459777506140,6,8/21/2023
0.7068918086314430,6,8/28/2023
0.8242342098829030,6,9/4/2023
0.8523702668971090,6,9/11/2023
0.2084453458102520,6,9/18/2023
0.8475717330513040,6,9/25/2023
0.0078043133374877,6,10/2/2023
0.8801745378866010,6,10/9/2023
0.3998994403626430,6,10/16/2023
0.3057711526399370,6,10/23/2023
0.4337210468185840,6,10/30/2023
0.0764823009062923,6,11/6/2023
0.3331544928203780,6,11/13/2023
0.9384208153085940,6,11/20/2023
0.5154963994698670,6,11/27/2023
0.4129690974191300,6,12/4/2023
0.1992464467781110,6,12/11/2023
0.8859105144652270,6,12/18/2023
0.1484400980372130,6,12/25/2023
0.0479423090934551,6,1/1/2024
0.9882561899611800,6,1/8/2024
0.7723438441472560,6,1/15/2024
0.5727891641194350,6,1/22/2024
0.2420933505555980,6,1/29/2024
0.4459106289006740,6,2/5/2024
0.9463165762499740,6,2/12/2024
0.8463584692537120,6,2/19/2024
0.4877415591603290,6,2/26/2024
0.0471633381407598,6,3/4/2024
0.3325870977939240,6,3/11/2024
0.1365290056598200,6,3/18/2024
0.1638345560666380,6,3/25/2024
0.7173068954013330,6,4/1/2024
0.3169931732356010,6,4/8/2024
0.9725126070447370,6,4/15/2024
0.3335939222559780,6,4/22/2024
0.6352283911193890,6,4/29/2024
0.5036670495529590,6,5/6/2024
0.5815377247354710,6,5/13/2024
0.2644538951433240,6,5/20/2024
0.9814818496338140,6,5/27/2024
0.4893800117984570,6,6/3/2024
0.2335524913729090,6,6/10/2024
0.6425569630670600,6,6/17/2024
0.6300511590134710,6,6/24/2024
0.9070889381448150,6,7/1/2024
0.0487997261142001,6,7/8/2024
0.7115051410915520,6,7/15/2024
0.3654927094108060,6,7/22/2024
0.3740015852144260,6,7/29/2024
0.7748660474152090,6,8/5/2024
0.0332758923679152,6,8/12/2024
0.0711855203653395,6,8/19/2024
0.2720891155054940,6,8/26/2024
0.2932744609107840,6,9/2/2024
0.3298351267891300,6,9/9/2024
0.9582433845274590,6,9/16/2024
0.6839550204614540,6,9/23/2024
0.5185995013799450,6,9/30/2024
0.1400131677731330,6,10/7/2024
0.1440844972642850,6,10/14/2024
0.6282270000651170,6,10/21/2024
0.4080547447800800,6,10/28/2024
0.4408376259101170,6,11/4/2024
0.7721627967491050,6,11/11/2024
0.6374421507362030,6,11/18/2024
0.0856403500208172,6,11/25/2024
0.8078941599271590,6,12/2/2024
0.3545933880419630,6,12/9/2024
0.0956048630056575,6,12/16/2024
0.1537624581665140,6,12/23/2024
0.4305502506108450,6,12/30/2024
0.3704706907482570,7,3/1/2021
0.7827508413306720,7,3/8/2021
0.1373926036770050,7,3/15/2021
0.2223788423652270,7,3/22/2021
0.6952105278791730,7,3/29/2021
0.1665359885656820,7,4/5/2021
0.9015149206293510,7,4/12/2021
0.1078372036569580,7,4/19/2021
0.7528944073946650,7,4/26/2021
0.8089855401834310,7,5/3/2021
0.8810041724602520,7,5/10/2021
0.3837008556915670,7,5/17/2021
0.1621468126819850,7,5/24/2021
0.9708320058770610,7,5/31/2021
0.2261312763021790,7,6/7/2021
0.6777950203389200,7,6/14/2021
0.0891391357119902,7,6/21/2021
0.6581895971800680,7,6/28/2021
0.8988171797439050,7,7/5/2021
0.4217112615417040,7,7/12/2021
0.1995227058127920,7,7/19/2021
0.7571503757845550,7,7/26/2021
0.7336276160973270,7,8/2/2021
0.0193561715631410,7,8/9/2021
0.4394010743117370,7,8/16/2021
0.8514205868677180,7,8/23/2021
0.4952012453081060,7,8/30/2021
0.9456837617607620,7,9/6/2021
0.7796932513723030,7,9/13/2021
0.8397399338468250,7,9/20/2021
0.7042094583608080,7,9/27/2021
0.9854427558745640,7,10/4/2021
0.4810923389606170,7,10/11/2021
0.5026461402986720,7,10/18/2021
0.3852232922358590,7,10/25/2021
0.9498418219486370,7,11/1/2021
0.7518006184209210,7,11/8/2021
0.3642393065615310,7,11/15/2021
0.4776122700521880,7,11/22/2021
0.8014312862768120,7,11/29/2021
0.1646561467574250,7,12/6/2021
0.7641413760463000,7,12/13/2021
0.9585805037965990,7,12/20/2021
0.2026872239686070,7,12/27/2021
0.6235805587255560,7,1/3/2022
0.0606270238873184,7,1/10/2022
0.8176612202896990,7,1/17/2022
0.3568325872077420,7,1/24/2022
0.7000246788318630,7,1/31/2022
0.9482648722368850,7,2/7/2022
0.4733830156283720,7,2/14/2022
0.3164277508629770,7,2/21/2022
0.2507307659493370,7,2/28/2022
0.0501147541430115,7,3/7/2022
0.6654556755716440,7,3/14/2022
0.0518929333276741,7,3/21/2022
0.6000898569019680,7,3/28/2022
0.3318081878261680,7,4/4/2022
0.4713608823937620,7,4/11/2022
0.1866709015559560,7,4/18/2022
0.6102328046841820,7,4/25/2022
0.0702649437558155,7,5/2/2022
0.8315051711051340,7,5/9/2022
0.7433061690996110,7,5/16/2022
0.8113460703795560,7,5/23/2022
0.3505884093081720,7,5/30/2022
0.9918398275357820,7,6/6/2022
0.8739417746073420,7,6/13/2022
0.1595434405306370,7,6/20/2022
0.9594077171562390,7,6/27/2022
0.4775268500566960,7,7/4/2022
0.1434638034069370,7,7/11/2022
0.0901871815572194,7,7/18/2022
0.7456698083441430,7,7/25/2022
0.7065291105236200,7,8/1/2022
0.6751840028803260,7,8/8/2022
0.4178270214062570,7,8/15/2022
0.5985466829695380,7,8/22/2022
0.2897142832082180,7,8/29/2022
0.3831531207687190,7,9/5/2022
0.1921692217170600,7,9/12/2022
0.0095364987900448,7,9/19/2022
0.0244313716441271,7,9/26/2022
0.0289715884969085,7,10/3/2022
0.2259339227792480,7,10/10/2022
0.1241935662907450,7,10/17/2022
0.5753549471145050,7,10/24/2022
0.3530986805914230,7,10/31/2022
0.7135201904038940,7,11/7/2022
0.1765325902662610,7,11/14/2022
0.9422698859262220,7,11/21/2022
0.2756604667290940,7,11/28/2022
0.7291483534589800,7,12/5/2022
0.1490692872807840,7,12/12/2022
0.2039154819806380,7,12/19/2022
0.7818162248236330,7,12/26/2022
0.6566363279238760,7,1/2/2023
0.5643470153442210,7,1/9/2023
0.8541623669465190,7,1/16/2023
0.9865049440789330,7,1/23/2023
0.5254279404794920,7,1/30/2023
0.9402448094374270,7,2/6/2023
0.2955157311104680,7,2/13/2023
0.7963263659842000,7,2/20/2023
0.5835550404955860,7,2/27/2023
0.2132009231958280,7,3/6/2023
0.8852755860277970,7,3/13/2023
0.2672063555944240,7,3/20/2023
0.2856014338651990,7,3/27/2023
0.2479839193707580,7,4/3/2023
0.3679648666731190,7,4/10/2023
0.1887913086079580,7,4/17/2023
0.2104572750203650,7,4/24/2023
0.6978016264345950,7,5/1/2023
0.2787197925756120,7,5/8/2023
0.9345398150610560,7,5/15/2023
0.5005520423092230,7,5/22/2023
0.2543008703247780,7,5/29/2023
0.8289956400934700,7,6/5/2023
0.4784773881438340,7,6/12/2023
0.3484336370887350,7,6/19/2023
0.6936179286027710,7,6/26/2023
0.5355894405171810,7,7/3/2023
0.0843847102712833,7,7/10/2023
0.7764388630244950,7,7/17/2023
0.6967190602585400,7,7/24/2023
0.0977027823529012,7,7/31/2023
0.5088921905388280,7,8/7/2023
0.9923763215963060,7,8/14/2023
0.8601369509447790,7,8/21/2023
0.8547079069940150,7,8/28/2023
0.7980887679334370,7,9/4/2023
0.5012898178156370,7,9/11/2023
0.3090620107661550,7,9/18/2023
0.0661361732684265,7,9/25/2023
0.9969052266846120,7,10/2/2023
0.3818802637571580,7,10/9/2023
0.3952633049988150,7,10/16/2023
0.7071165931264350,7,10/23/2023
0.9931277192115370,7,10/30/2023
0.2426774804359650,7,11/6/2023
0.1291739772672750,7,11/13/2023
0.9385554789934300,7,11/20/2023
0.8699603176398760,7,11/27/2023
0.2239055735785160,7,12/4/2023
0.4525868732707690,7,12/11/2023
0.5114478365800680,7,12/18/2023
0.8892910301611290,7,12/25/2023
0.2680865561105650,7,1/1/2024
0.0376090908066398,7,1/8/2024
0.1805521108700380,7,1/15/2024
0.9672717430911700,7,1/22/2024
0.4160398992452080,7,1/29/2024
0.9878494419101750,7,2/5/2024
0.4835300692949740,7,2/12/2024
0.2319399532558810,7,2/19/2024
0.3674634678944370,7,2/26/2024
0.9610832505006980,7,3/4/2024
0.7630499004482890,7,3/11/2024
0.5890722034781140,7,3/18/2024
0.9004003832987090,7,3/25/2024
0.2812015669199370,7,4/1/2024
0.2043918905103910,7,4/8/2024
0.7978257572612620,7,4/15/2024
0.8414092441584570,7,4/22/2024
0.3345836763849560,7,4/29/2024
0.4550366035042780,7,5/6/2024
0.0540413981794915,7,5/13/2024
0.0570303037504509,7,5/20/2024
0.7176913061229550,7,5/27/2024
0.7902902827637830,7,6/3/2024
0.6140194148181240,7,6/10/2024
0.0278265986213725,7,6/17/2024
0.4978005949171970,7,6/24/2024
0.3518829482772340,7,7/1/2024
0.3877186298180740,7,7/8/2024
0.2410098267503860,7,7/15/2024
0.8613159750626090,7,7/22/2024
0.3833155763156720,7,7/29/2024
0.3719060751009000,7,8/5/2024
0.8876907735402520,7,8/12/2024
0.8869425810805510,7,8/19/2024
0.9900389277905320,7,8/26/2024
0.0786502704777375,7,9/2/2024
0.6857591588528740,7,9/9/2024
0.7681941105594260,7,9/16/2024
0.2692953961147120,7,9/23/2024
0.2865487402040630,7,9/30/2024
0.1113693440173600,7,10/7/2024
0.3088783755097100,7,10/14/2024
0.1309325902537030,7,10/21/2024
0.1932397702568180,7,10/28/2024
0.9771037446920160,7,11/4/2024
0.8579455988632330,7,11/11/2024
0.8379719895298490,7,11/18/2024
0.6359716876353950,7,11/25/2024
0.0494661342188298,7,12/2/2024
0.0555428891675457,7,12/9/2024
0.0810203972531739,7,12/16/2024
0.5674768462194890,7,12/23/2024
0.7991422082778890,7,12/30/2024
0.8266091595852180,8,3/1/2021
0.3670997730085000,8,3/8/2021
0.0644894056085229,8,3/15/2021
0.5172349732137210,8,3/22/2021
0.7507656960630680,8,3/29/2021
0.5454178285354240,8,4/5/2021
0.1616217741459230,8,4/12/2021
0.4201497582609820,8,4/19/2021
0.5040457694264480,8,4/26/2021
0.1377324046980310,8,5/3/2021
0.4733481631793090,8,5/10/2021
0.1445923727609230,8,5/17/2021
0.6604583255204390,8,5/24/2021
0.8584132265440380,8,5/31/2021
0.8924246660051760,8,6/7/2021
0.4984540091067470,8,6/14/2021
0.1225297246545650,8,6/21/2021
0.1645370106967920,8,6/28/2021
0.7237594829411620,8,7/5/2021
0.4975634307937050,8,7/12/2021
0.4548011888927970,8,7/19/2021
0.7380880987403960,8,7/26/2021
0.5175483531958840,8,8/2/2021
0.5913586513925220,8,8/9/2021
0.4908149577327010,8,8/16/2021
0.6046376232904770,8,8/23/2021
0.8783922141723110,8,8/30/2021
0.3936444483821640,8,9/6/2021
0.6298587280477910,8,9/13/2021
0.2576063534129060,8,9/20/2021
0.2462884981224740,8,9/27/2021
0.9636086239213480,8,10/4/2021
0.1728428310554680,8,10/11/2021
0.3148940306888630,8,10/18/2021
0.3590551468137400,8,10/25/2021
0.7820172365943620,8,11/1/2021
0.6071515706642330,8,11/8/2021
0.1375911456981470,8,11/15/2021
0.2191817503175490,8,11/22/2021
0.4698616192159190,8,11/29/2021
0.7687254811927690,8,12/6/2021
0.8840256599728870,8,12/13/2021
0.1050579871912180,8,12/20/2021
0.8103306330992250,8,12/27/2021
0.9818102161956010,8,1/3/2022
0.5383281926821640,8,1/10/2022
0.6631622070694490,8,1/17/2022
0.3314081662432190,8,1/24/2022
0.8355450931030750,8,1/31/2022
0.9968131342800570,8,2/7/2022
0.4060687794804710,8,2/14/2022
0.3090244951519860,8,2/21/2022
0.5152093594007910,8,2/28/2022
0.4989958410149590,8,3/7/2022
0.5293471436700510,8,3/14/2022
0.7352214254875740,8,3/21/2022
0.7734215591351040,8,3/28/2022
0.6029687789842310,8,4/4/2022
0.0178597847422902,8,4/11/2022
0.4040493393262310,8,4/18/2022
0.3418695096144030,8,4/25/2022
0.2031855166225500,8,5/2/2022
0.4461540183590640,8,5/9/2022
0.3785840797896210,8,5/16/2022
0.5593651682980390,8,5/23/2022
0.8420533668230270,8,5/30/2022
0.6275076338742910,8,6/6/2022
0.3624470402526640,8,6/13/2022
0.3562800921052050,8,6/20/2022
0.7310054089384220,8,6/27/2022
0.8320777159543870,8,7/4/2022
0.5447070309473770,8,7/11/2022
0.3867832308499120,8,7/18/2022
0.0167254220172320,8,7/25/2022
0.6377216832937150,8,8/1/2022
0.2706061106105120,8,8/8/2022
0.6186302506482800,8,8/15/2022
0.9971708367335840,8,8/22/2022
0.2803279115073530,8,8/29/2022
0.9755257116103770,8,9/5/2022
0.3120603456556020,8,9/12/2022
0.5420944887151710,8,9/19/2022
0.4318251877881730,8,9/26/2022
0.2331510538220530,8,10/3/2022
0.4030492997323020,8,10/10/2022
0.0866850125298356,8,10/17/2022
0.8134731439994810,8,10/24/2022
0.4521846548214070,8,10/31/2022
0.5268254492557890,8,11/7/2022
0.3475836745311980,8,11/14/2022
0.1806067948561020,8,11/21/2022
0.1090043994049620,8,11/28/2022
0.1057341447445660,8,12/5/2022
0.9063321583419180,8,12/12/2022
0.7417979308108740,8,12/19/2022
0.3676543356777830,8,12/26/2022
0.0365576722011406,8,1/2/2023
0.2209483612064550,8,1/9/2023
0.1969486591476530,8,1/16/2023
0.6043051396590270,8,1/23/2023
0.4904430843384040,8,1/30/2023
0.1018476455045070,8,2/6/2023
0.6876859469687500,8,2/13/2023
0.1168624112338320,8,2/20/2023
0.9604422777654170,8,2/27/2023
0.2183055469534130,8,3/6/2023
0.7343466602716350,8,3/13/2023
0.3551197877742050,8,3/20/2023
0.8135589771454990,8,3/27/2023
0.8862050477461500,8,4/3/2023
0.0096139977053241,8,4/10/2023
0.5997385958811460,8,4/17/2023
0.5481102941346370,8,4/24/2023
0.8881828384290450,8,5/1/2023
0.6600837325792560,8,5/8/2023
0.4427732362036730,8,5/15/2023
0.9964287414987050,8,5/22/2023
0.6031745582503710,8,5/29/2023
0.5948535164831020,8,6/5/2023
0.8374482179633290,8,6/12/2023
0.9313092426391630,8,6/19/2023
0.4520503421488260,8,6/26/2023
0.3532950266278450,8,7/3/2023
0.6164449745894670,8,7/10/2023
0.1158211141736920,8,7/17/2023
0.1698592237925040,8,7/24/2023
0.4139938439285900,8,7/31/2023
0.9283790171904440,8,8/7/2023
0.3139543508860340,8,8/14/2023
0.4218318193922680,8,8/21/2023
0.2701047342500720,8,8/28/2023
0.4960024955872210,8,9/4/2023
0.2468741489075690,8,9/11/2023
0.7660036901618610,8,9/18/2023
0.0743810808930837,8,9/25/2023
0.5520942569625460,8,10/2/2023
0.1532156081902550,8,10/9/2023
0.4610693918179800,8,10/16/2023
0.5218745133272950,8,10/23/2023
0.1486661611912130,8,10/30/2023
0.6476403198698460,8,11/6/2023
0.6522232250494100,8,11/13/2023
0.7765427173471820,8,11/20/2023
0.1765559602568970,8,11/27/2023
0.5808071901308490,8,12/4/2023
0.5359336240027660,8,12/11/2023
0.7359228488472870,8,12/18/2023
0.6918466492906120,8,12/25/2023
0.1413808804868570,8,1/1/2024
0.2402961284841890,8,1/8/2024
0.4079039123044860,8,1/15/2024
0.4691255686548660,8,1/22/2024
0.7259753639462760,8,1/29/2024
0.2861806360471580,8,2/5/2024
0.6095196980958810,8,2/12/2024
0.9103542600685590,8,2/19/2024
0.9565692706923570,8,2/26/2024
0.6583895789754870,8,3/4/2024
0.7394875381082480,8,3/11/2024
0.9725838476948330,8,3/18/2024
0.8562400393008190,8,3/25/2024
0.8072417366361050,8,4/1/2024
0.0372890197763273,8,4/8/2024
0.6044956340846310,8,4/15/2024
0.1173705719276530,8,4/22/2024
0.6570039208127110,8,4/29/2024
0.4192749368141470,8,5/6/2024
0.4449237616654670,8,5/13/2024
0.4332363589442780,8,5/20/2024
0.6789700418711000,8,5/27/2024
0.7502462250755120,8,6/3/2024
0.9935905025538860,8,6/10/2024
0.8205181535852980,8,6/17/2024
0.4779506123915360,8,6/24/2024
0.9284184732409710,8,7/1/2024
0.4220578420725060,8,7/8/2024
0.5270522347269820,8,7/15/2024
0.8367572032433030,8,7/22/2024
0.8110922235905390,8,7/29/2024
0.6692409267581580,8,8/5/2024
0.9460799506237450,8,8/12/2024
0.2139745489404490,8,8/19/2024
0.6389659621017800,8,8/26/2024
0.7010777300341580,8,9/2/2024
0.0371471205524158,8,9/9/2024
0.9706605227152420,8,9/16/2024
0.4379633849783910,8,9/23/2024
0.7889064693716670,8,9/30/2024
0.9891485509426310,8,10/7/2024
0.4528719418231340,8,10/14/2024
0.3545963936057560,8,10/21/2024
0.6065814037784520,8,10/28/2024
0.5927652023396980,8,11/4/2024
0.3817795142684820,8,11/11/2024
0.3071941003304990,8,11/18/2024
0.2267259487042160,8,11/25/2024
0.9494938984014160,8,12/2/2024
0.3711757080066360,8,12/9/2024
0.4607676776329750,8,12/16/2024
0.4339175718309250,8,12/23/2024
0.6692139556626660,8,12/30/2024
0.2036210379897250,9,3/1/2021
0.1598554586994710,9,3/8/2021
0.7924500579961010,9,3/15/2021
0.1136976203792870,9,3/22/2021
0.0895450181334283,9,3/29/2021
0.2811554203667370,9,4/5/2021
0.3321555947171530,9,4/12/2021
0.3991036892986770,9,4/19/2021
0.0596035026346954,9,4/26/2021
0.8275717864692950,9,5/3/2021
0.7007137792982520,9,5/10/2021
0.8643168773314690,9,5/17/2021
0.4721419049921120,9,5/24/2021
0.6382453559955490,9,5/31/2021
0.3157147023555050,9,6/7/2021
0.3440447213197620,9,6/14/2021
0.3813072435244070,9,6/21/2021
0.2140906800248810,9,6/28/2021
0.7449756137223900,9,7/5/2021
0.8451146703576930,9,7/12/2021
0.1958848540985810,9,7/19/2021
0.3602558822106630,9,7/26/2021
0.6743655146872160,9,8/2/2021
0.6040430873100770,9,8/9/2021
0.9932044386030450,9,8/16/2021
0.0528455727036437,9,8/23/2021
0.9004890534844080,9,8/30/2021
0.1941312166591760,9,9/6/2021
0.3273416636091660,9,9/13/2021
0.1139448203746040,9,9/20/2021
0.0251833028310524,9,9/27/2021
0.9844876215347620,9,10/4/2021
0.8966776537358800,9,10/11/2021
0.3581088238868710,9,10/18/2021
0.4902387203305520,9,10/25/2021
0.9707046334658840,9,11/1/2021
0.4129312399169460,9,11/8/2021
0.5929551206136310,9,11/15/2021
0.4398107777274580,9,11/22/2021
0.7984085630707930,9,11/29/2021
0.8237436192264270,9,12/6/2021
0.5286978830847730,9,12/13/2021
0.0976455232305388,9,12/20/2021
0.6216944704510510,9,12/27/2021
0.5314764884729840,9,1/3/2022
0.2819483309654460,9,1/10/2022
0.8064155484285580,9,1/17/2022
0.7941111679856840,9,1/24/2022
0.3928574751711100,9,1/31/2022
0.8104439061878300,9,2/7/2022
0.2320237612441270,9,2/14/2022
0.3920142173620980,9,2/21/2022
0.7499250971209400,9,2/28/2022
0.0593241886757110,9,3/7/2022
0.1043928988938120,9,3/14/2022
0.9695860353176170,9,3/21/2022
0.7494258237819650,9,3/28/2022
0.4573227456290020,9,4/4/2022
0.8320767474102060,9,4/11/2022
0.6765793590649060,9,4/18/2022
0.5654924108565580,9,4/25/2022
0.7214912413367950,9,5/2/2022
0.3479919043418100,9,5/9/2022
0.5677104069243560,9,5/16/2022
0.2585783622686980,9,5/23/2022
0.6995189326818580,9,5/30/2022
0.3852107350888770,9,6/6/2022
0.7563199859040780,9,6/13/2022
0.7836088299747930,9,6/20/2022
0.2099230427520660,9,6/27/2022
0.6865016724023740,9,7/4/2022
0.9421401298105340,9,7/11/2022
0.0245256625679018,9,7/18/2022
0.0967380760114234,9,7/25/2022
0.0372231621133045,9,8/1/2022
0.6646059531524730,9,8/8/2022
0.4966426677784690,9,8/15/2022
0.3553523455322680,9,8/22/2022
0.7082749442525570,9,8/29/2022
0.3082847092438300,9,9/5/2022
0.8998451338556370,9,9/12/2022
0.6168390093631940,9,9/19/2022
0.5987280881108320,9,9/26/2022
0.9152517658029830,9,10/3/2022
0.7655915386643930,9,10/10/2022
0.0051079718349146,9,10/17/2022
0.9843729603414860,9,10/24/2022
0.4994591820372790,9,10/31/2022
0.4455494869198490,9,11/7/2022
0.4746765638247680,9,11/14/2022
0.1343465488203960,9,11/21/2022
0.8694997341529450,9,11/28/2022
0.7912834033360360,9,12/5/2022
0.7444355862800220,9,12/12/2022
0.5232898729015270,9,12/19/2022
0.4731746188267580,9,12/26/2022
0.8681519856527560,9,1/2/2023
0.4811026652937260,9,1/9/2023
0.6915426127984730,9,1/16/2023
0.3578272196112300,9,1/23/2023
0.3076927638986980,9,1/30/2023
0.0805480928013382,9,2/6/2023
0.2411425851126360,9,2/13/2023
0.4897983144404360,9,2/20/2023
0.1278876692998050,9,2/27/2023
0.9102238325855780,9,3/6/2023
0.7706175311439440,9,3/13/2023
0.2074012394874470,9,3/20/2023
0.3389559526540480,9,3/27/2023
0.8172910228732020,9,4/3/2023
0.3718927189110550,9,4/10/2023
0.1844838778928170,9,4/17/2023
0.8667480569580940,9,4/24/2023
0.2327447370483350,9,5/1/2023
0.7279608903697290,9,5/8/2023
0.4825028618009970,9,5/15/2023
0.9201321717904150,9,5/22/2023
0.5992861722042590,9,5/29/2023
0.4013544544918460,9,6/5/2023
0.2391113568847100,9,6/12/2023
0.6661896633786570,9,6/19/2023
0.2862843300839490,9,6/26/2023
0.1771970291793570,9,7/3/2023
0.3706379286649120,9,7/10/2023
0.7081111985204430,9,7/17/2023
0.3115224721527020,9,7/24/2023
0.8660976135938630,9,7/31/2023
0.7878881800277100,9,8/7/2023
0.1727404623958670,9,8/14/2023
0.5925740824331110,9,8/21/2023
0.9707892773125050,9,8/28/2023
0.7813486839933360,9,9/4/2023
0.1000510501557850,9,9/11/2023
0.8645124714330160,9,9/18/2023
0.7435907598619030,9,9/25/2023
0.8643336307106580,9,10/2/2023
0.2557586603645500,9,10/9/2023
0.3305064676182570,9,10/16/2023
0.6808964480377160,9,10/23/2023
0.0292196226099016,9,10/30/2023
0.9471029666757820,9,11/6/2023
0.3019781818771060,9,11/13/2023
0.6705412958911940,9,11/20/2023
0.9393841950957460,9,11/27/2023
0.7432962976367920,9,12/4/2023
0.9556610394188420,9,12/11/2023
0.7615413699333690,9,12/18/2023
0.3479054239616860,9,12/25/2023
0.7478892499872120,9,1/1/2024
0.5841022913951350,9,1/8/2024
0.9019344170185120,9,1/15/2024
0.5587358865583820,9,1/22/2024
0.9795682922138280,9,1/29/2024
0.7719474795375950,9,2/5/2024
0.2491661352047000,9,2/12/2024
0.8884882944817710,9,2/19/2024
0.2467957783717270,9,2/26/2024
0.0840944816901148,9,3/4/2024
0.2738463257282340,9,3/11/2024
0.5684804031741660,9,3/18/2024
0.4917128029750920,9,3/25/2024
0.1411357341688600,9,4/1/2024
0.3210854230987990,9,4/8/2024
0.6889290044304810,9,4/15/2024
0.4445167103676360,9,4/22/2024
0.5179248372219160,9,4/29/2024
0.0970761595285897,9,5/6/2024
0.6091173537546120,9,5/13/2024
0.0208795520645155,9,5/20/2024
0.5698533464910060,9,5/27/2024
0.0635707206715530,9,6/3/2024
0.8637561979665540,9,6/10/2024
0.8158764785109770,9,6/17/2024
0.6537055710542760,9,6/24/2024
0.4200576179940450,9,7/1/2024
0.4054846641078450,9,7/8/2024
0.6552083177820460,9,7/15/2024
0.9539421607312650,9,7/22/2024
0.0422128732720467,9,7/29/2024
0.5998029204700760,9,8/5/2024
0.5819536061069380,9,8/12/2024
0.4218677797293120,9,8/19/2024
0.7924491479258360,9,8/26/2024
0.7080223113738010,9,9/2/2024
0.6575366075698970,9,9/9/2024
0.9294752004101150,9,9/16/2024
0.3941787544744010,9,9/23/2024
0.3375860719524300,9,9/30/2024
0.0178788500940431,9,10/7/2024
0.6675198430766790,9,10/14/2024
0.7050601794520730,9,10/21/2024
0.3296161632988110,9,10/28/2024
0.1896017264107030,9,11/4/2024
0.6279061957880710,9,11/11/2024
0.3282347469034020,9,11/18/2024
0.9696642329944660,9,11/25/2024
0.1299092969161360,9,12/2/2024
0.7353084144353960,9,12/9/2024
0.9066922022057290,9,12/16/2024
0.9391384465232100,9,12/23/2024
0.1903001261003530,9,12/30/2024
0.0418029965105023,10,3/1/2021
0.7624594030970270,10,3/8/2021
0.6084649019044750,10,3/15/2021
0.3447486974720120,10,3/22/2021
0.0625445049721910,10,3/29/2021
0.8624182082194860,10,4/5/2021
0.7667331643809420,10,4/12/2021
0.4089765656639360,10,4/19/2021
0.8469565678789110,10,4/26/2021
0.4691921301558150,10,5/3/2021
0.3419722091811290,10,5/10/2021
0.6266575401416530,10,5/17/2021
0.0811264025709526,10,5/24/2021
0.1878642368048490,10,5/31/2021
0.3406924479349760,10,6/7/2021
0.4450850620209010,10,6/14/2021
0.0989719821266590,10,6/21/2021
0.1844382054792300,10,6/28/2021
0.8397162075644770,10,7/5/2021
0.5136692909067170,10,7/12/2021
0.3333000231447300,10,7/19/2021
0.3808165840057690,10,7/26/2021
0.6491917157896550,10,8/2/2021
0.1836419782684530,10,8/9/2021
0.5639618715456190,10,8/16/2021
0.1828193299278480,10,8/23/2021
0.0856650341189940,10,8/30/2021
0.3674613513760030,10,9/6/2021
0.8864212681921370,10,9/13/2021
0.6103222337127270,10,9/20/2021
0.4842431457181360,10,9/27/2021
0.2777236662542940,10,10/4/2021
0.3976814583350910,10,10/11/2021
0.2359453390663840,10,10/18/2021
0.3422412449333160,10,10/25/2021
0.1494468286042110,10,11/1/2021
0.2400178089474940,10,11/8/2021
0.0600570965365268,10,11/15/2021
0.0025688344942424,10,11/22/2021
0.8603910536746240,10,11/29/2021
0.9356511734683560,10,12/6/2021
0.0777007881619549,10,12/13/2021
0.1102366812499520,10,12/20/2021
0.3694160137662220,10,12/27/2021
0.8326715893649150,10,1/3/2022
0.6652409037981970,10,1/10/2022
0.9280716716344350,10,1/17/2022
0.8649392067379430,10,1/24/2022
0.5404890539306240,10,1/31/2022
0.0331983258976707,10,2/7/2022
0.5611748787123740,10,2/14/2022
0.1048503050503030,10,2/21/2022
0.1627091866555500,10,2/28/2022
0.7310797689893820,10,3/7/2022
0.4727039124567470,10,3/14/2022
0.6763700418529150,10,3/21/2022
0.8260184190533200,10,3/28/2022
0.3241244741753490,10,4/4/2022
0.9015393773168740,10,4/11/2022
0.5777704948064350,10,4/18/2022
0.1967299094195470,10,4/25/2022
0.9990451987595100,10,5/2/2022
0.7621055398250850,10,5/9/2022
0.6370667539217250,10,5/16/2022
0.9275478430613730,10,5/23/2022
0.0264777947415600,10,5/30/2022
0.5081424179716810,10,6/6/2022
0.5978121416329400,10,6/13/2022
0.6440364476435980,10,6/20/2022
0.0933538837397483,10,6/27/2022
0.1885696673625390,10,7/4/2022
0.2151292639634020,10,7/11/2022
0.2553006273293690,10,7/18/2022
0.8237954136596050,10,7/25/2022
0.0314362376009819,10,8/1/2022
0.6172411374005010,10,8/8/2022
0.3110576326170710,10,8/15/2022
0.1840493496534400,10,8/22/2022
0.7585748175365520,10,8/29/2022
0.8277104544940490,10,9/5/2022
0.0973801527292272,10,9/12/2022
0.1311067577260870,10,9/19/2022
0.9432262885634530,10,9/26/2022
0.4596934412845840,10,10/3/2022
0.1035875281964350,10,10/10/2022
0.7046833237028600,10,10/17/2022
0.4375754479855470,10,10/24/2022
0.2394169496801820,10,10/31/2022
0.1157737107947780,10,11/7/2022
0.6970049419837280,10,11/14/2022
0.7772876344150650,10,11/21/2022
0.7553257998074490,10,11/28/2022
0.4184077948193330,10,12/5/2022
0.8618490985232120,10,12/12/2022
0.3448744323598290,10,12/19/2022
0.8086314619162670,10,12/26/2022
0.6356509700893020,10,1/2/2023
0.8889566104145030,10,1/9/2023
0.8202972218887560,10,1/16/2023
0.9500645602416510,10,1/23/2023
0.2194722411865440,10,1/30/2023
0.6915363462488200,10,2/6/2023
0.4714193536894080,10,2/13/2023
0.2029725282272890,10,2/20/2023
0.2491092624263320,10,2/27/2023
0.4237520075160920,10,3/6/2023
0.5365363433964340,10,3/13/2023
0.2684180333936390,10,3/20/2023
0.5464845827492870,10,3/27/2023
0.4767117955230990,10,4/3/2023
0.2700078858128660,10,4/10/2023
0.2980100582652240,10,4/17/2023
0.8886920087491560,10,4/24/2023
0.8185306207279010,10,5/1/2023
0.1335750167804000,10,5/8/2023
0.7488173843135190,10,5/15/2023
0.0216121424452796,10,5/22/2023
0.7048805445023980,10,5/29/2023
0.7656020248847180,10,6/5/2023
0.2335431505286960,10,6/12/2023
0.4134879013112960,10,6/19/2023
0.2403961627845930,10,6/26/2023
0.3610660572534020,10,7/3/2023
0.6365870314184060,10,7/10/2023
0.8529666853246270,10,7/17/2023
0.1682316068219240,10,7/24/2023
0.8260306261947480,10,7/31/2023
0.3073798707327450,10,8/7/2023
0.4748771286335680,10,8/14/2023
0.7354370323965460,10,8/21/2023
0.6536927628179510,10,8/28/2023
0.6335148311241040,10,9/4/2023
0.4691104995552800,10,9/11/2023
0.0920947422993299,10,9/18/2023
0.5388390509791330,10,9/25/2023
0.4249020419813810,10,10/2/2023
0.6208321999288500,10,10/9/2023
0.9882703739640960,10,10/16/2023
0.0418198756762870,10,10/23/2023
0.6484987022013130,10,10/30/2023
0.0413658861569096,10,11/6/2023
0.6534159512103770,10,11/13/2023
0.6446746476540790,10,11/20/2023
0.9313444840983800,10,11/27/2023
0.2461097125717370,10,12/4/2023
0.9860312049323420,10,12/11/2023
0.6677234535831390,10,12/18/2023
0.5372752385569710,10,12/25/2023
0.1236607655394660,10,1/1/2024
0.9901778280136010,10,1/8/2024
0.7525366516085740,10,1/15/2024
0.8646734812277440,10,1/22/2024
0.9286705390059460,10,1/29/2024
0.7322801096743030,10,2/5/2024
0.5149899350437720,10,2/12/2024
0.5610099972723800,10,2/19/2024
0.3697675185846750,10,2/26/2024
0.0863182281874101,10,3/4/2024
0.8469632223716630,10,3/11/2024
0.5196312036825220,10,3/18/2024
0.1514000757670330,10,3/25/2024
0.0427920231166059,10,4/1/2024
0.0816390843979206,10,4/8/2024
0.2753242914770950,10,4/15/2024
0.6219958497758590,10,4/22/2024
0.1087544407420710,10,4/29/2024
0.4692554507220270,10,5/6/2024
0.5682623026736970,10,5/13/2024
0.6220057295001590,10,5/20/2024
0.6323785943115170,10,5/27/2024
0.6674430041829000,10,6/3/2024
0.6749755957837910,10,6/10/2024
0.2206563648632860,10,6/17/2024
0.0863600608407603,10,6/24/2024
0.0355653946099188,10,7/1/2024
0.2119483316627780,10,7/8/2024
0.7091095187586610,10,7/15/2024
0.9945807825258530,10,7/22/2024
0.0434539812645534,10,7/29/2024
0.4891184487020090,10,8/5/2024
0.4466818804499330,10,8/12/2024
0.2318259201322800,10,8/19/2024
0.9611590882694880,10,8/26/2024
0.1086708361290750,10,9/2/2024
0.8171713371776380,10,9/9/2024
0.9502625124127460,10,9/16/2024
0.0057423589808164,10,9/23/2024
0.3531646730468130,10,9/30/2024
0.1752030112150860,10,10/7/2024
0.9133627007707880,10,10/14/2024
0.3820219246958510,10,10/21/2024
0.3289220432824210,10,10/28/2024
0.8292296262383900,10,11/4/2024
0.9700505146070730,10,11/11/2024
0.4842661469852230,10,11/18/2024
0.4048755008985300,10,11/25/2024
0.0917710890397876,10,12/2/2024
0.4119691953454370,10,12/9/2024
0.1524816303535840,10,12/16/2024
0.4811626407747590,10,12/23/2024
0.3859537398027510,10,12/30/2024
0.4449254247304460,11,3/1/2021
0.9733307338608800,11,3/8/2021
0.1698022134836740,11,3/15/2021
0.1720316156029910,11,3/22/2021
0.1115980064381230,11,3/29/2021
0.6088888335410240,11,4/5/2021
0.4926784447690630,11,4/12/2021
0.0192294942596993,11,4/19/2021
0.0796205107211299,11,4/26/2021
0.2271250152582180,11,5/3/2021
0.0069459005787239,11,5/10/2021
0.8495501589688490,11,5/17/2021
0.8594722526292160,11,5/24/2021
0.9154339094333590,11,5/31/2021
0.8036949215361070,11,6/7/2021
0.4040162879819080,11,6/14/2021
0.3423265301022290,11,6/21/2021
0.2719118429099960,11,6/28/2021
0.2057827048297650,11,7/5/2021
0.6814919122095320,11,7/12/2021
0.5221333667553710,11,7/19/2021
0.9446767988936770,11,7/26/2021
0.9702806320600160,11,8/2/2021
0.9100744711015720,11,8/9/2021
0.2336157785392060,11,8/16/2021
0.2452587742578100,11,8/23/2021
0.4355337476275520,11,8/30/2021
0.9657105362656840,11,9/6/2021
0.1670201188709720,11,9/13/2021
0.7728520143260120,11,9/20/2021
0.1200009415338780,11,9/27/2021
0.7855578918347320,11,10/4/2021
0.1703858688008400,11,10/11/2021
0.5243280950176760,11,10/18/2021
0.3824270441117830,11,10/25/2021
0.7374844820942870,11,11/1/2021
0.7424735207294120,11,11/8/2021
0.2090438307224750,11,11/15/2021
0.5811898887309570,11,11/22/2021
0.3680812251339080,11,11/29/2021
0.6024063521827890,11,12/6/2021
0.9034382633763370,11,12/13/2021
0.6217121452642030,11,12/20/2021
0.2654578815730030,11,12/27/2021
0.9802132838479730,11,1/3/2022
0.8322744007793940,11,1/10/2022
0.1789993041438160,11,1/17/2022
0.0668309478404744,11,1/24/2022
0.3101758445797030,11,1/31/2022
0.4364340520522740,11,2/7/2022
0.5600594861851460,11,2/14/2022
0.4090952942627400,11,2/21/2022
0.8441580289510800,11,2/28/2022
0.7230383402649200,11,3/7/2022
0.2752970493055520,11,3/14/2022
0.9013896142478800,11,3/21/2022
0.4147380046801710,11,3/28/2022
0.8951611730487550,11,4/4/2022
0.2438138984187340,11,4/11/2022
0.8591445380373970,11,4/18/2022
0.8405549247646200,11,4/25/2022
0.0167310688672014,11,5/2/2022
0.9857626983846990,11,5/9/2022
0.3645661302698190,11,5/16/2022
0.4138403685753320,11,5/23/2022
0.8782386747210560,11,5/30/2022
0.1576240798090590,11,6/6/2022
0.4916500194520960,11,6/13/2022
0.2890626899924390,11,6/20/2022
0.7729639980600330,11,6/27/2022
0.7470712507613040,11,7/4/2022
0.3436270340060060,11,7/11/2022
0.3318238604497770,11,7/18/2022
0.4874635232592430,11,7/25/2022
0.4171703795822320,11,8/1/2022
0.2463456978707090,11,8/8/2022
0.3169268192247150,11,8/15/2022
0.1990548760209630,11,8/22/2022
0.4460987824247030,11,8/29/2022
0.6247278144491710,11,9/5/2022
0.5102617334278020,11,9/12/2022
0.5757535513774780,11,9/19/2022
0.5231843758514690,11,9/26/2022
0.2230948654478250,11,10/3/2022
0.3085095921561260,11,10/10/2022
0.2197189854932180,11,10/17/2022
0.3089327938104730,11,10/24/2022
0.9241797990057460,11,10/31/2022
0.0220369441656154,11,11/7/2022
0.2404556770557850,11,11/14/2022
0.6917539545206960,11,11/21/2022
0.1427710305883370,11,11/28/2022
0.7317010088751830,11,12/5/2022
0.6978420164864810,11,12/12/2022
0.4326255806106410,11,12/19/2022
0.2973107686242170,11,12/26/2022
0.2924628325900450,11,1/2/2023
0.6964852860835210,11,1/9/2023
0.6763556667133640,11,1/16/2023
0.0618864402836921,11,1/23/2023
0.2605817535887130,11,1/30/2023
0.8533725872766400,11,2/6/2023
0.9386899436250070,11,2/13/2023
0.8653819779600300,11,2/20/2023
0.6059549417592510,11,2/27/2023
0.5579037149624140,11,3/6/2023
0.6378233696011040,11,3/13/2023
0.6390904611904960,11,3/20/2023
0.3528676964886510,11,3/27/2023
0.6644132511234050,11,4/3/2023
0.1298157666405710,11,4/10/2023
0.6177078860837750,11,4/17/2023
0.5548664967452310,11,4/24/2023
0.8455165965583740,11,5/1/2023
0.7024175451460060,11,5/8/2023
0.1393775809616530,11,5/15/2023
0.5387069084361150,11,5/22/2023
0.4467468461574190,11,5/29/2023
0.4418201693815060,11,6/5/2023
0.0304441418743018,11,6/12/2023
0.5304013409630730,11,6/19/2023
0.5707515423255920,11,6/26/2023
0.4377968963620770,11,7/3/2023
0.8224013505589180,11,7/10/2023
0.3247341370253390,11,7/17/2023
0.8048744902862620,11,7/24/2023
0.6652213055786010,11,7/31/2023
0.7856663730477380,11,8/7/2023
0.4831216267938300,11,8/14/2023
0.2760028894153530,11,8/21/2023
0.3676456450491170,11,8/28/2023
0.5849156104086140,11,9/4/2023
0.6548262179548700,11,9/11/2023
0.3600477477565190,11,9/18/2023
0.0555213741589098,11,9/25/2023
0.1044886087491120,11,10/2/2023
0.6792437850315430,11,10/9/2023
0.0351879069181091,11,10/16/2023
0.0660376416373141,11,10/23/2023
0.0974915506071448,11,10/30/2023
0.0497660927452616,11,11/6/2023
0.9632767592065080,11,11/13/2023
0.7412511642441940,11,11/20/2023
0.1049904883649440,11,11/27/2023
0.2564730476473320,11,12/4/2023
0.0518705408466534,11,12/11/2023
0.7739971118866280,11,12/18/2023
0.0038443203199852,11,12/25/2023
0.1099657277313650,11,1/1/2024
0.3735246100568140,11,1/8/2024
0.0482096784785677,11,1/15/2024
0.0373961937034073,11,1/22/2024
0.2538301862169230,11,1/29/2024
0.0459396022480568,11,2/5/2024
0.9301613578410580,11,2/12/2024
0.1836338152700970,11,2/19/2024
0.9492858082320310,11,2/26/2024
0.1069454651208780,11,3/4/2024
0.8694931433750000,11,3/11/2024
0.2524238834574340,11,3/18/2024
0.4326779791124670,11,3/25/2024
0.7770173351409230,11,4/1/2024
0.0206283261471723,11,4/8/2024
0.7153133075413540,11,4/15/2024
0.8275291675870800,11,4/22/2024
0.5286935841271470,11,4/29/2024
0.2090284456156520,11,5/6/2024
0.6230948820684080,11,5/13/2024
0.9024145210283350,11,5/20/2024
0.4281459818560140,11,5/27/2024
0.8044011179328360,11,6/3/2024
0.3747732969378490,11,6/10/2024
0.2462110209198950,11,6/17/2024
0.4436512477106180,11,6/24/2024
0.5163601787992950,11,7/1/2024
0.2951767402978130,11,7/8/2024
0.7957415452911770,11,7/15/2024
0.0267703857995585,11,7/22/2024
0.8140291367833080,11,7/29/2024
0.4886563210843280,11,8/5/2024
0.0135963839609817,11,8/12/2024
0.6260206249164770,11,8/19/2024
0.8821882499234160,11,8/26/2024
0.2037406875099290,11,9/2/2024
0.7706212814792130,11,9/9/2024
0.2258985377155000,11,9/16/2024
0.5870416393058330,11,9/23/2024
0.5866580643048030,11,9/30/2024
0.1177856709330540,11,10/7/2024
0.5221019806087200,11,10/14/2024
0.8014938489047010,11,10/21/2024
0.5825430855845620,11,10/28/2024
0.1603328181678300,11,11/4/2024
0.2123317588545810,11,11/11/2024
0.6186769234482700,11,11/18/2024
0.9468641245224670,11,11/25/2024
0.4272187523124210,11,12/2/2024
0.0057312900534468,11,12/9/2024
0.9161216209919290,11,12/16/2024
0.7110559785296650,11,12/23/2024
0.2364847325997180,11,12/30/2024
0.5384519836495500,12,3/1/2021
0.7593179364574850,12,3/8/2021
0.0507919602497923,12,3/15/2021
0.0104959480563197,12,3/22/2021
0.0879889408425576,12,3/29/2021
0.6719487792243580,12,4/5/2021
0.5621863204550080,12,4/12/2021
0.6692025729326530,12,4/19/2021
0.8241190141686460,12,4/26/2021
0.3780288764622610,12,5/3/2021
0.2242567668287320,12,5/10/2021
0.3905174759624910,12,5/17/2021
0.7953932478985730,12,5/24/2021
0.3051576744201470,12,5/31/2021
0.3386529757899190,12,6/7/2021
0.1705802514842030,12,6/14/2021
0.7047016242416180,12,6/21/2021
0.4090506639178490,12,6/28/2021
0.7122147051822380,12,7/5/2021
0.0871722205262300,12,7/12/2021
0.1312930696181420,12,7/19/2021
0.7130141191191940,12,7/26/2021
0.4321679805553240,12,8/2/2021
0.0430529738819393,12,8/9/2021
0.0741753427306916,12,8/16/2021
0.9915112387747960,12,8/23/2021
0.5090571729393360,12,8/30/2021
0.6032116832209670,12,9/6/2021
0.2971106880297450,12,9/13/2021
0.6033791586437240,12,9/20/2021
0.2086941035553850,12,9/27/2021
0.8877440863921060,12,10/4/2021
0.3954173018340520,12,10/11/2021
0.6052843692508460,12,10/18/2021
0.1584296276741920,12,10/25/2021
0.6191220877398770,12,11/1/2021
0.1144263689351720,12,11/8/2021
0.0050704358929984,12,11/15/2021
0.6011286918156850,12,11/22/2021
0.9074491789501590,12,11/29/2021
0.5761442379371110,12,12/6/2021
0.2912028533347890,12,12/13/2021
0.4648485663580590,12,12/20/2021
0.8376862576060160,12,12/27/2021
0.1102289552546390,12,1/3/2022
0.1567793231881150,12,1/10/2022
0.1366079443126050,12,1/17/2022
0.2256520359649780,12,1/24/2022
0.4746091490670540,12,1/31/2022
0.0819104864324164,12,2/7/2022
0.9226562958047240,12,2/14/2022
0.0542967501424653,12,2/21/2022
0.2207461551552770,12,2/28/2022
0.1178733132649840,12,3/7/2022
0.2024490338891460,12,3/14/2022
0.4020716144050650,12,3/21/2022
0.7190273611353790,12,3/28/2022
0.6235440706946980,12,4/4/2022
0.6407048534578570,12,4/11/2022
0.2226008771435920,12,4/18/2022
0.5053352961391290,12,4/25/2022
0.2973000525452360,12,5/2/2022
0.2064317441734720,12,5/9/2022
0.2957497052123870,12,5/16/2022
0.6667604546059180,12,5/23/2022
0.7148881196656490,12,5/30/2022
0.5600379143909590,12,6/6/2022
0.2755031008088000,12,6/13/2022
0.1866525270599710,12,6/20/2022
0.6852714492855630,12,6/27/2022
0.2368012481919270,12,7/4/2022
0.8540673676993010,12,7/11/2022
0.7907020366186860,12,7/18/2022
0.7556998918791180,12,7/25/2022
0.0843912301634999,12,8/1/2022
0.0543089802326079,12,8/8/2022
0.9158274431075320,12,8/15/2022
0.4077943666416410,12,8/22/2022
0.2691618539491360,12,8/29/2022
0.4549616086830750,12,9/5/2022
0.4124253907369270,12,9/12/2022
0.1978959088068060,12,9/19/2022
0.9353199651413280,12,9/26/2022
0.9410120787093110,12,10/3/2022
0.5014194252300110,12,10/10/2022
0.9998909970131960,12,10/17/2022
0.5405898958200880,12,10/24/2022
0.7237332354781300,12,10/31/2022
0.5306785419975390,12,11/7/2022
0.7206741235257620,12,11/14/2022
0.1556594875513670,12,11/21/2022
0.7005206124309670,12,11/28/2022
0.4203887685620550,12,12/5/2022
0.8302214211360930,12,12/12/2022
0.6894713693156240,12,12/19/2022
0.7155475540659070,12,12/26/2022
0.6392358732861410,12,1/2/2023
0.0927252889927722,12,1/9/2023
0.3550594160858180,12,1/16/2023
0.8589189260360690,12,1/23/2023
0.2450950154001370,12,1/30/2023
0.1275770595723240,12,2/6/2023
0.3505107451145170,12,2/13/2023
0.0748269955216434,12,2/20/2023
0.0369341706551752,12,2/27/2023
0.5805505548568540,12,3/6/2023
0.2280092844042010,12,3/13/2023
0.9760665703827960,12,3/20/2023
0.9207078744679550,12,3/27/2023
0.0055125604685926,12,4/3/2023
0.0454082813309830,12,4/10/2023
0.7654569703530270,12,4/17/2023
0.2272062774945780,12,4/24/2023
0.3400196145597780,12,5/1/2023
0.5423531025125990,12,5/8/2023
0.7659256633475250,12,5/15/2023
0.5738522946346310,12,5/22/2023
0.6309446155267040,12,5/29/2023
0.0671867229755367,12,6/5/2023
0.3969972595565390,12,6/12/2023
0.3942301137213220,12,6/19/2023
0.2720593003084750,12,6/26/2023
0.3709996581999460,12,7/3/2023
0.7062434720514610,12,7/10/2023
0.9423556272368710,12,7/17/2023
0.0375406402452477,12,7/24/2023
0.1211045058345800,12,7/31/2023
0.1380822333374460,12,8/7/2023
0.4737356088824350,12,8/14/2023
0.1552578384552550,12,8/21/2023
0.6143129801458240,12,8/28/2023
0.8234240285593010,12,9/4/2023
0.1891140440222890,12,9/11/2023
0.4732130014562290,12,9/18/2023
0.9843410819238230,12,9/25/2023
0.6489120251185250,12,10/2/2023
0.1531111552882800,12,10/9/2023
0.4131449879691450,12,10/16/2023
0.3217874840628340,12,10/23/2023
0.7300271119162510,12,10/30/2023
0.6006394394821180,12,11/6/2023
0.4305885665643880,12,11/13/2023
0.4469702272869110,12,11/20/2023
0.6444555335061290,12,11/27/2023
0.6598737442241350,12,12/4/2023
0.8239668515229490,12,12/11/2023
0.3933583366880790,12,12/18/2023
0.9367999244820150,12,12/25/2023
0.1365157807083410,12,1/1/2024
0.7259285641433830,12,1/8/2024
0.3738322643388620,12,1/15/2024
0.4167640203635740,12,1/22/2024
0.3771950895856200,12,1/29/2024
0.4106199451833110,12,2/5/2024
0.7737578899620830,12,2/12/2024
0.0770165325920573,12,2/19/2024
0.0774141405267830,12,2/26/2024
0.4612723612576120,12,3/4/2024
0.4014857454006300,12,3/11/2024
0.0443582743096945,12,3/18/2024
0.0044742908671680,12,3/25/2024
0.1806525858026280,12,4/1/2024
0.7673343525991720,12,4/8/2024
0.4424438702132380,12,4/15/2024
0.1814392546622760,12,4/22/2024
0.6358072059723160,12,4/29/2024
0.5473649252534940,12,5/6/2024
0.7436528568432710,12,5/13/2024
0.3588570147108490,12,5/20/2024
0.9147413198325570,12,5/27/2024
0.9256942060955830,12,6/3/2024
0.5758058040826440,12,6/10/2024
0.7988845077184690,12,6/17/2024
0.3804450394063490,12,6/24/2024
0.1032666856690970,12,7/1/2024
0.6154990851734610,12,7/8/2024
0.3640209387466900,12,7/15/2024
0.9599457954845620,12,7/22/2024
0.3514922936124750,12,7/29/2024
0.2360395493195970,12,8/5/2024
0.8800212615200180,12,8/12/2024
0.9879277247299840,12,8/19/2024
0.1895857885672580,12,8/26/2024
0.7341201612681740,12,9/2/2024
0.3249093906366710,12,9/9/2024
0.8650753152140460,12,9/16/2024
0.5895114861958480,12,9/23/2024
0.8815102266955700,12,9/30/2024
0.7080182046494210,12,10/7/2024
0.1133748782264320,12,10/14/2024
0.2918733388938390,12,10/21/2024
0.2850454965961040,12,10/28/2024
0.8903827444204190,12,11/4/2024
0.9739195221086970,12,11/11/2024
0.8390566300835470,12,11/18/2024
0.1076239096723000,12,11/25/2024
0.9523776431183270,12,12/2/2024
0.2690964241193960,12,12/9/2024
0.6947218706008920,12,12/16/2024
0.7143137448912590,12,12/23/2024
0.7459204290821920,12,12/30/2024
0.2257855466871330,13,3/1/2021
0.4196341197401430,13,3/8/2021
0.9274943198941370,13,3/15/2021
0.7694865859851120,13,3/22/2021
0.7895430736936380,13,3/29/2021
0.0963222220121227,13,4/5/2021
0.5049550064430580,13,4/12/2021
0.3529207829337210,13,4/19/2021
0.0947719619827097,13,4/26/2021
0.4831787840727170,13,5/3/2021
0.8139923878319120,13,5/10/2021
0.4908990042904720,13,5/17/2021
0.6272074195369060,13,5/24/2021
0.9909099396782100,13,5/31/2021
0.1679683316241090,13,6/7/2021
0.2488301540382820,13,6/14/2021
0.6099927848143640,13,6/21/2021
0.8131507108175490,13,6/28/2021
0.0347317430551745,13,7/5/2021
0.1885903598201130,13,7/12/2021
0.4762066013580430,13,7/19/2021
0.7591385622817390,13,7/26/2021
0.6569528635437730,13,8/2/2021
0.1455676848472070,13,8/9/2021
0.5079275848931360,13,8/16/2021
0.1069852105100760,13,8/23/2021
0.7441442684256390,13,8/30/2021
0.2713218433860920,13,9/6/2021
0.4783785240852290,13,9/13/2021
0.7357213157414810,13,9/20/2021
0.5659174104608990,13,9/27/2021
0.9641153943453360,13,10/4/2021
0.9656160968251330,13,10/11/2021
0.6575571203634650,13,10/18/2021
0.6850147029509160,13,10/25/2021
0.2378365964764020,13,11/1/2021
0.0877216130706843,13,11/8/2021
0.6107402134170230,13,11/15/2021
0.1390783161183290,13,11/22/2021
0.9212027092453670,13,11/29/2021
0.4650709920542630,13,12/6/2021
0.7697807150795580,13,12/13/2021
0.2960635911438770,13,12/20/2021
0.4844592535557700,13,12/27/2021
0.0298762502221668,13,1/3/2022
0.9892767162342810,13,1/10/2022
0.5519620484716750,13,1/17/2022
0.1926181147905760,13,1/24/2022
0.8993618685850780,13,1/31/2022
0.9345527151982230,13,2/7/2022
0.0235437115171441,13,2/14/2022
0.2039259288144660,13,2/21/2022
0.3395934318865960,13,2/28/2022
0.9873982772140530,13,3/7/2022
0.7364828141554080,13,3/14/2022
0.6614674137417680,13,3/21/2022
0.6528001683248660,13,3/28/2022
0.1614990219076440,13,4/4/2022
0.5155314874012780,13,4/11/2022
0.3544323572832360,13,4/18/2022
0.5038120227513360,13,4/25/2022
0.9546475860618240,13,5/2/2022
0.8210900698913520,13,5/9/2022
0.9528003100774060,13,5/16/2022
0.9141938054334770,13,5/23/2022
0.9683562952012550,13,5/30/2022
0.5562013511778690,13,6/6/2022
0.9045290428592800,13,6/13/2022
0.4920627034819500,13,6/20/2022
0.1395872973448930,13,6/27/2022
0.3064540707528600,13,7/4/2022
0.4095055577876620,13,7/11/2022
0.6057355649101750,13,7/18/2022
0.6227123571940820,13,7/25/2022
0.2461123106621310,13,8/1/2022
0.7329041274055120,13,8/8/2022
0.3988284802397440,13,8/15/2022
0.1815383813538430,13,8/22/2022
0.1079315092895300,13,8/29/2022
0.7393617688929890,13,9/5/2022
0.0460856773827409,13,9/12/2022
0.3911010661203610,13,9/19/2022
0.3220412353362410,13,9/26/2022
0.6303963443659940,13,10/3/2022
0.7058471422714840,13,10/10/2022
0.8353178743546530,13,10/17/2022
0.6154846114358220,13,10/24/2022
0.8840180564854000,13,10/31/2022
0.2504965925698370,13,11/7/2022
0.8067545314361070,13,11/14/2022
0.2861814385147330,13,11/21/2022
0.4024313986930120,13,11/28/2022
0.9560710395767030,13,12/5/2022
0.8942643463307460,13,12/12/2022
0.1197761502170590,13,12/19/2022
0.8794830439380380,13,12/26/2022
0.5845591490931580,13,1/2/2023
0.8424875220555180,13,1/9/2023
0.8492822426270380,13,1/16/2023
0.7481424478505090,13,1/23/2023
0.1172458933189800,13,1/30/2023
0.2028149768193840,13,2/6/2023
0.3522991886990810,13,2/13/2023
0.8215954938673570,13,2/20/2023
0.5773513995690790,13,2/27/2023
0.5832308408384920,13,3/6/2023
0.0797344132591097,13,3/13/2023
0.7161525730319560,13,3/20/2023
0.7532728302783190,13,3/27/2023
0.5742596097521820,13,4/3/2023
0.7740514548903200,13,4/10/2023
0.3433154198987520,13,4/17/2023
0.0210642020478529,13,4/24/2023
0.3623607698233200,13,5/1/2023
0.2934446830746790,13,5/8/2023
0.2518671850438420,13,5/15/2023
0.1247860570942110,13,5/22/2023
0.7861372740847250,13,5/29/2023
0.6798473617736130,13,6/5/2023
0.3453184440880510,13,6/12/2023
0.2690880918325910,13,6/19/2023
0.9839137303261190,13,6/26/2023
0.6324159284418990,13,7/3/2023
0.2155447180600230,13,7/10/2023
0.9989398209217680,13,7/17/2023
0.1294731864971200,13,7/24/2023
0.8200771185418800,13,7/31/2023
0.5846950842092860,13,8/7/2023
0.2181368133373490,13,8/14/2023
0.6832155467994360,13,8/21/2023
0.0414346563425478,13,8/28/2023
0.6688621042427340,13,9/4/2023
0.6242887434590350,13,9/11/2023
0.8892912137725520,13,9/18/2023
0.2781639971138940,13,9/25/2023
0.5398223325242900,13,10/2/2023
0.0600985040546914,13,10/9/2023
0.0576341213934777,13,10/16/2023
0.0226276806762934,13,10/23/2023
0.1406557243808470,13,10/30/2023
0.9322802046066100,13,11/6/2023
0.0693389901657957,13,11/13/2023
0.7993390870035720,13,11/20/2023
0.3724926515712230,13,11/27/2023
0.9410356355737180,13,12/4/2023
0.1364182306885530,13,12/11/2023
0.8986051836440380,13,12/18/2023
0.3553820112229200,13,12/25/2023
0.6946534199820150,13,1/1/2024
0.6059925834940620,13,1/8/2024
0.8949533776425360,13,1/15/2024
0.1433036046506430,13,1/22/2024
0.1536385831234240,13,1/29/2024
0.6170796087493170,13,2/5/2024
0.7492154142993520,13,2/12/2024
0.8189804693683100,13,2/19/2024
0.2902693458298400,13,2/26/2024
0.6639141385381090,13,3/4/2024
0.1267503469118750,13,3/11/2024
0.9588506082621240,13,3/18/2024
0.4616251557919900,13,3/25/2024
0.1875886385135660,13,4/1/2024
0.1793999144723620,13,4/8/2024
0.0050591604502074,13,4/15/2024
0.5638462751524710,13,4/22/2024
0.3812390700764720,13,4/29/2024
0.9225040256783300,13,5/6/2024
0.0746697486492568,13,5/13/2024
0.7701091078174830,13,5/20/2024
0.9374364941789530,13,5/27/2024
0.7873385353486450,13,6/3/2024
0.4996364015734440,13,6/10/2024
0.7548313968521330,13,6/17/2024
0.2292368704681590,13,6/24/2024
0.4284015567542310,13,7/1/2024
0.1365647094158010,13,7/8/2024
0.0026567521206583,13,7/15/2024
0.0415685186726162,13,7/22/2024
0.0676789835095190,13,7/29/2024
0.2740254833535090,13,8/5/2024
0.3581911575119910,13,8/12/2024
0.7823877202699790,13,8/19/2024
0.6924914130669840,13,8/26/2024
0.0095977732080624,13,9/2/2024
0.8687297021512940,13,9/9/2024
0.7725398242198080,13,9/16/2024
0.5325943649300570,13,9/23/2024
0.0438560756497332,13,9/30/2024
0.9639008368141360,13,10/7/2024
0.4471213754401780,13,10/14/2024
0.0386535647226020,13,10/21/2024
0.3331284584455250,13,10/28/2024
0.7506818493883090,13,11/4/2024
0.5214308236700590,13,11/11/2024
0.2296752072088030,13,11/18/2024
0.9222336841503500,13,11/25/2024
0.3342021369450540,13,12/2/2024
0.8017351862291870,13,12/9/2024
0.9598181800985510,13,12/16/2024
0.7307968973440300,13,12/23/2024
0.2742335744798010,13,12/30/2024
0.0901430086504405,14,3/1/2021
0.4031357790653920,14,3/8/2021
0.9626764525481040,14,3/15/2021
0.1070813095574850,14,3/22/2021
0.0325332083620962,14,3/29/2021
0.2997644353270730,14,4/5/2021
0.0326067580664691,14,4/12/2021
0.7112092681365650,14,4/19/2021
0.3092891008761600,14,4/26/2021
0.0750328524717017,14,5/3/2021
0.1393080205027310,14,5/10/2021
0.1606509646213810,14,5/17/2021
0.4285840433969840,14,5/24/2021
0.9881755432945850,14,5/31/2021
0.6275931187071140,14,6/7/2021
0.6200957946464690,14,6/14/2021
0.7939240319107320,14,6/21/2021
0.2975025293850760,14,6/28/2021
0.2359845524814390,14,7/5/2021
0.0075524390491338,14,7/12/2021
0.2166939842262530,14,7/19/2021
0.8536311463241350,14,7/26/2021
0.9734904752747220,14,8/2/2021
0.2789121295647340,14,8/9/2021
0.6456099551407890,14,8/16/2021
0.6253498080411960,14,8/23/2021
0.9676198064745580,14,8/30/2021
0.9136310560028590,14,9/6/2021
0.4746693450112120,14,9/13/2021
0.7544055443824190,14,9/20/2021
0.3887183644480210,14,9/27/2021
0.2916333099183220,14,10/4/2021
0.7933480481756610,14,10/11/2021
0.2313583989519450,14,10/18/2021
0.5290870387686310,14,10/25/2021
0.0184828968490637,14,11/1/2021
0.2400896236898850,14,11/8/2021
0.3284854551184930,14,11/15/2021
0.6337221809291170,14,11/22/2021
0.1083477384020000,14,11/29/2021
0.1217738957981290,14,12/6/2021
0.3657320079250370,14,12/13/2021
0.9507368544659360,14,12/20/2021
0.3295426365562710,14,12/27/2021
0.2268990596961900,14,1/3/2022
0.7401347556777940,14,1/10/2022
0.9854272517664590,14,1/17/2022
0.8515763144519400,14,1/24/2022
0.4456740420659300,14,1/31/2022
0.6163737723149410,14,2/7/2022
0.8335413749169560,14,2/14/2022
0.3123908894278030,14,2/21/2022
0.1702614621099790,14,2/28/2022
0.3477688274153420,14,3/7/2022
0.2594320392524090,14,3/14/2022
0.4084626300316530,14,3/21/2022
0.5528454761161220,14,3/28/2022
0.3775188690234570,14,4/4/2022
0.6540860376575500,14,4/11/2022
0.0642326566538833,14,4/18/2022
0.3993086145417800,14,4/25/2022
0.0641645859376644,14,5/2/2022
0.2825586670272760,14,5/9/2022
0.7983855433710430,14,5/16/2022
0.4023388993147330,14,5/23/2022
0.5008462303909870,14,5/30/2022
0.7249883213853870,14,6/6/2022
0.7730840554489210,14,6/13/2022
0.0561404452621347,14,6/20/2022
0.9724444063275430,14,6/27/2022
0.4712562943478140,14,7/4/2022
0.7048655444641190,14,7/11/2022
0.5854100628471900,14,7/18/2022
0.9950913388755290,14,7/25/2022
0.9066604478481640,14,8/1/2022
0.8388252975264350,14,8/8/2022
0.3887535632639800,14,8/15/2022
0.5794312545466120,14,8/22/2022
0.4428965592797880,14,8/29/2022
0.1494151071902400,14,9/5/2022
0.8703523995464420,14,9/12/2022
0.3791232001196010,14,9/19/2022
0.6388083674030090,14,9/26/2022
0.2908892806842730,14,10/3/2022
0.5025059163371130,14,10/10/2022
0.5596707152510230,14,10/17/2022
0.4213664191332120,14,10/24/2022
0.0927689280192187,14,10/31/2022
0.8523405213871670,14,11/7/2022
0.9305528220135810,14,11/14/2022
0.0850092524163791,14,11/21/2022
0.4543550489463980,14,11/28/2022
0.8602230086671710,14,12/5/2022
0.5463612974158510,14,12/12/2022
0.4331121752966240,14,12/19/2022
0.0942492462244713,14,12/26/2022
0.2351844658087320,14,1/2/2023
0.7935592020780340,14,1/9/2023
0.1484954054923060,14,1/16/2023
0.8497845122047990,14,1/23/2023
0.6595875740887500,14,1/30/2023
0.2323046849605560,14,2/6/2023
0.4072257562139560,14,2/13/2023
0.1331656906931080,14,2/20/2023
0.7135939516591130,14,2/27/2023
0.5041882818465370,14,3/6/2023
0.6081566064263070,14,3/13/2023
0.4219861672215940,14,3/20/2023
0.8344341292418620,14,3/27/2023
0.8603916241080470,14,4/3/2023
0.3974485921394520,14,4/10/2023
0.6190672767833010,14,4/17/2023
0.4859845990594650,14,4/24/2023
0.1127224156591730,14,5/1/2023
0.7497365975209210,14,5/8/2023
0.4882353289255160,14,5/15/2023
0.9933736889720410,14,5/22/2023
0.6884045515912440,14,5/29/2023
0.9513412770902890,14,6/5/2023
0.0536896593091388,14,6/12/2023
0.5318377780829930,14,6/19/2023
0.4500509999348770,14,6/26/2023
0.7325874654434830,14,7/3/2023
0.9737855801780260,14,7/10/2023
0.7764467487646980,14,7/17/2023
0.5241402402639440,14,7/24/2023
0.9141097109109790,14,7/31/2023
0.0533893618802410,14,8/7/2023
0.5103658470509860,14,8/14/2023
0.9147692275698630,14,8/21/2023
0.9693175422504430,14,8/28/2023
0.2182882363821800,14,9/4/2023
0.5542464776986360,14,9/11/2023
0.3454209146336140,14,9/18/2023
0.6229624926894830,14,9/25/2023
0.3761765875568240,14,10/2/2023
0.6179316392681920,14,10/9/2023
0.8915895934299480,14,10/16/2023
0.8978815642509390,14,10/23/2023
0.3066714563121810,14,10/30/2023
0.5095788484583950,14,11/6/2023
0.0216176067977735,14,11/13/2023
0.6358807514250710,14,11/20/2023
0.0551719061383558,14,11/27/2023
0.9274660050030470,14,12/4/2023
0.6936280544038430,14,12/11/2023
0.9420785689180540,14,12/18/2023
0.7967750565795290,14,12/25/2023
0.8086915755003100,14,1/1/2024
0.9957819665089890,14,1/8/2024
0.4473261166212100,14,1/15/2024
0.4131628587974740,14,1/22/2024
0.6709822656158660,14,1/29/2024
0.3096157218545700,14,2/5/2024
0.3376243940513050,14,2/12/2024
0.9983521018465640,14,2/19/2024
0.1349967654442760,14,2/26/2024
0.7351079443821200,14,3/4/2024
0.2247667098285160,14,3/11/2024
0.7657672227512930,14,3/18/2024
0.9740364811301270,14,3/25/2024
0.1242818272327770,14,4/1/2024
0.9771635627948330,14,4/8/2024
0.5467598297424160,14,4/15/2024
0.2883385348062160,14,4/22/2024
0.5824574859131130,14,4/29/2024
0.2352466767567690,14,5/6/2024
0.0060360346570327,14,5/13/2024
0.0215863884827862,14,5/20/2024
0.5667224795353460,14,5/27/2024
0.7282460294461680,14,6/3/2024
0.7052483180338150,14,6/10/2024
0.2678195058528360,14,6/17/2024
0.5516055882018480,14,6/24/2024
0.0664050019763587,14,7/1/2024
0.3934492007256970,14,7/8/2024
0.2368253216004520,14,7/15/2024
0.0207590407522561,14,7/22/2024
0.3111159917270320,14,7/29/2024
0.8395684295670200,14,8/5/2024
0.4303724702003870,14,8/12/2024
0.6953871753166150,14,8/19/2024
0.8520185783005080,14,8/26/2024
0.0370836504367047,14,9/2/2024
0.5853625991175930,14,9/9/2024
0.1624511648194300,14,9/16/2024
0.8102164704778030,14,9/23/2024
0.2144811598349500,14,9/30/2024
0.9530433706248130,14,10/7/2024
0.6258260117836120,14,10/14/2024
0.8496318362263450,14,10/21/2024
0.3161302561216450,14,10/28/2024
0.4022437491892250,14,11/4/2024
0.0785970168686984,14,11/11/2024
0.5658726001293040,14,11/18/2024
0.3255836477862630,14,11/25/2024
0.1469253570148400,14,12/2/2024
0.5208359131429180,14,12/9/2024
0.2128798995139230,14,12/16/2024
0.8649128689812010,14,12/23/2024
0.6717073005621260,14,12/30/2024
0.0646072363430645,15,3/1/2021
0.6036999642576270,15,3/8/2021
0.9220642376557320,15,3/15/2021
0.7197115224407410,15,3/22/2021
0.2887497493590580,15,3/29/2021
0.5560421808169000,15,4/5/2021
0.1423491453701180,15,4/12/2021
0.4290078983739810,15,4/19/2021
0.0361237076865852,15,4/26/2021
0.5357061820670420,15,5/3/2021
0.9397635533079930,15,5/10/2021
0.6579150409069220,15,5/17/2021
0.3817582250242160,15,5/24/2021
0.4971976415589620,15,5/31/2021
0.5212239371692650,15,6/7/2021
0.1864748326461320,15,6/14/2021
0.5758770389665030,15,6/21/2021
0.3946217766458850,15,6/28/2021
0.9210444995325640,15,7/5/2021
0.4863162478495120,15,7/12/2021
0.0041124897406740,15,7/19/2021
0.3959567359441130,15,7/26/2021
0.8974213792139930,15,8/2/2021
0.4201662195342050,15,8/9/2021
0.8212330721582820,15,8/16/2021
0.6643909381031680,15,8/23/2021
0.2674566610732870,15,8/30/2021
0.1062283459496240,15,9/6/2021
0.5361917512838040,15,9/13/2021
0.2980268910523610,15,9/20/2021
0.9684822775091010,15,9/27/2021
0.9019925173538900,15,10/4/2021
0.0752508863914311,15,10/11/2021
0.5424503804602910,15,10/18/2021
0.1768861022466100,15,10/25/2021
0.1848635687167270,15,11/1/2021
0.6380202786581270,15,11/8/2021
0.2563244616102050,15,11/15/2021
0.7060385041207160,15,11/22/2021
0.3879124414775530,15,11/29/2021
0.5598898490523730,15,12/6/2021
0.7044406487714490,15,12/13/2021
0.7842421707479640,15,12/20/2021
0.8374286170225540,15,12/27/2021
0.8862418286743940,15,1/3/2022
0.8285039481362210,15,1/10/2022
0.5269402442597660,15,1/17/2022
0.6238329864019320,15,1/24/2022
0.4260915275601310,15,1/31/2022
0.5961311006631710,15,2/7/2022
0.7792613973713530,15,2/14/2022
0.5075229531405130,15,2/21/2022
0.9145885008039350,15,2/28/2022
0.3301463791485170,15,3/7/2022
0.1648046404905630,15,3/14/2022
0.2185346181896690,15,3/21/2022
0.2645125728160840,15,3/28/2022
0.6154272083054410,15,4/4/2022
0.2398419594765350,15,4/11/2022
0.6901978545559650,15,4/18/2022
0.4349066238930530,15,4/25/2022
0.9429250326901220,15,5/2/2022
0.1125528005813370,15,5/9/2022
0.0660176896100366,15,5/16/2022
0.0617708457265798,15,5/23/2022
0.3827751673500190,15,5/30/2022
0.3687503690423940,15,6/6/2022
0.5965360068271190,15,6/13/2022
0.6644973846749120,15,6/20/2022
0.6295752906075440,15,6/27/2022
0.1818869390884130,15,7/4/2022
0.5602654704568820,15,7/11/2022
0.6783617020591450,15,7/18/2022
0.8727723976689400,15,7/25/2022
0.4651251980159530,15,8/1/2022
0.2593699144806590,15,8/8/2022
0.6429978213277390,15,8/15/2022
0.5099079877712020,15,8/22/2022
0.3967469244056710,15,8/29/2022
0.8050081747690940,15,9/5/2022
0.3265887916624530,15,9/12/2022
0.2937638851183380,15,9/19/2022
0.0792922734892393,15,9/26/2022
0.3408018067779870,15,10/3/2022
0.1612979506314720,15,10/10/2022
0.4521088912092780,15,10/17/2022
0.3733006696177170,15,10/24/2022
0.6978064212337300,15,10/31/2022
0.4225445766515730,15,11/7/2022
0.3126367492472460,15,11/14/2022
0.4464355449787050,15,11/21/2022
0.0876097935445404,15,11/28/2022
0.0281544608691715,15,12/5/2022
0.8480900156778490,15,12/12/2022
0.8773634654020840,15,12/19/2022
0.8671742413235100,15,12/26/2022
0.0556365318815085,15,1/2/2023
0.3570635207940410,15,1/9/2023
0.7626617972479730,15,1/16/2023
0.4464341761019900,15,1/23/2023
0.2775559038059240,15,1/30/2023
0.4943963345916520,15,2/6/2023
0.3570225525739410,15,2/13/2023
0.8173837178441280,15,2/20/2023
0.9725400589500860,15,2/27/2023
0.7100539327562970,15,3/6/2023
0.9599141404668850,15,3/13/2023
0.5446139176436020,15,3/20/2023
0.2428247528146020,15,3/27/2023
0.9430996831716670,15,4/3/2023
0.3993723421343480,15,4/10/2023
0.8811191910590190,15,4/17/2023
0.2607270471353580,15,4/24/2023
0.5279198789175490,15,5/1/2023
0.4586404255946480,15,5/8/2023
0.1585413053559030,15,5/15/2023
0.9701996330022810,15,5/22/2023
0.4503922149129840,15,5/29/2023
0.0714318351437144,15,6/5/2023
0.4357652757428290,15,6/12/2023
0.6291061796089450,15,6/19/2023
0.1039927085807670,15,6/26/2023
0.9640651823787400,15,7/3/2023
0.8688619570187680,15,7/10/2023
0.9428388382690930,15,7/17/2023
0.1660781962396390,15,7/24/2023
0.1880340728329720,15,7/31/2023
0.5778288315993060,15,8/7/2023
0.1374462107795420,15,8/14/2023
0.4288782298499400,15,8/21/2023
0.8910579966941960,15,8/28/2023
0.8407295808930510,15,9/4/2023
0.8514163821550140,15,9/11/2023
0.1192266307803650,15,9/18/2023
0.4209519949844480,15,9/25/2023
0.2121150028926050,15,10/2/2023
0.8638718522075780,15,10/9/2023
0.1506061413573960,15,10/16/2023
0.8406011342174820,15,10/23/2023
0.5167743514143320,15,10/30/2023
0.4669258206467100,15,11/6/2023
0.6841459683404640,15,11/13/2023
0.9640990909862520,15,11/20/2023
0.2084551441805340,15,11/27/2023
0.1261183057433370,15,12/4/2023
0.8830698168844210,15,12/11/2023
0.0315020849007431,15,12/18/2023
0.1908441114602790,15,12/25/2023
0.1028983275171740,15,1/1/2024
0.2681061259861390,15,1/8/2024
0.1422308165409620,15,1/15/2024
0.1083188726234090,15,1/22/2024
0.9169415322244470,15,1/29/2024
0.9977862115759810,15,2/5/2024
0.0915849651211985,15,2/12/2024
0.9751897716815570,15,2/19/2024
0.9512387395825150,15,2/26/2024
0.2444255254289430,15,3/4/2024
0.5261648963069360,15,3/11/2024
0.5535625754372720,15,3/18/2024
0.7273822853194370,15,3/25/2024
0.9682469287333000,15,4/1/2024
0.7398408947571980,15,4/8/2024
0.9616107809098330,15,4/15/2024
0.2407558395842410,15,4/22/2024
0.4730738190964900,15,4/29/2024
0.2272877070789850,15,5/6/2024
0.1089581965955040,15,5/13/2024
0.7158405415750910,15,5/20/2024
0.7371524977601920,15,5/27/2024
0.5334586803040960,15,6/3/2024
0.1657574628276730,15,6/10/2024
0.5024911550267210,15,6/17/2024
0.3522427145874650,15,6/24/2024
0.2125391462059610,15,7/1/2024
0.6696709729762850,15,7/8/2024
0.6093481359797830,15,7/15/2024
0.3913952697770440,15,7/22/2024
0.2963607208872980,15,7/29/2024
0.0910670617125765,15,8/5/2024
0.8461677729075710,15,8/12/2024
0.3703135853720330,15,8/19/2024
0.6643871176540880,15,8/26/2024
0.9643526929950300,15,9/2/2024
0.4399088138223780,15,9/9/2024
0.1711205170007840,15,9/16/2024
0.7541622986983570,15,9/23/2024
0.9941630197456960,15,9/30/2024
0.1439783990234510,15,10/7/2024
0.4293276905446880,15,10/14/2024
0.3194421684288880,15,10/21/2024
0.3818275416938910,15,10/28/2024
0.4920334130284940,15,11/4/2024
0.9542436875492500,15,11/11/2024
0.4581461416107380,15,11/18/2024
0.7272857729860150,15,11/25/2024
0.6220350195206880,15,12/2/2024
0.5744628697229040,15,12/9/2024
0.9133412513088820,15,12/16/2024
0.4222587193655020,15,12/23/2024
0.6222949166480770,15,12/30/2024
0.3160424126109110,16,3/1/2021
0.5959905244939980,16,3/8/2021
0.6113319030956980,16,3/15/2021
0.9516367838952970,16,3/22/2021
0.2159872712762990,16,3/29/2021
0.6495678717746170,16,4/5/2021
0.5662997591070210,16,4/12/2021
0.5520475853298640,16,4/19/2021
0.2667029956844640,16,4/26/2021
0.4316698473262760,16,5/3/2021
0.1106295028935820,16,5/10/2021
0.5672954850329310,16,5/17/2021
0.3471951410733800,16,5/24/2021
0.6761690793105330,16,5/31/2021
0.3162436097000390,16,6/7/2021
0.5056183549720260,16,6/14/2021
0.8780381473801000,16,6/21/2021
0.9707048747704160,16,6/28/2021
0.8369300832808400,16,7/5/2021
0.9161387515157780,16,7/12/2021
0.6174455724218280,16,7/19/2021
0.1970170425206870,16,7/26/2021
0.3969526022049110,16,8/2/2021
0.3830075857572310,16,8/9/2021
0.8564560715318360,16,8/16/2021
0.0619792216614917,16,8/23/2021
0.4669714543389820,16,8/30/2021
0.9466973706240260,16,9/6/2021
0.4820373093733610,16,9/13/2021
0.4608325461321670,16,9/20/2021
0.5451771850951700,16,9/27/2021
0.8080596411778810,16,10/4/2021
0.7937738485749800,16,10/11/2021
0.1947815906324100,16,10/18/2021
0.8078739345901360,16,10/25/2021
0.9156961012965540,16,11/1/2021
0.9420733231608650,16,11/8/2021
0.4354843822939450,16,11/15/2021
0.9192284505166750,16,11/22/2021
0.3135037815113760,16,11/29/2021
0.5121502472381090,16,12/6/2021
0.5627007473951660,16,12/13/2021
0.6044400088913380,16,12/20/2021
0.4029517477387990,16,12/27/2021
0.9518323463867360,16,1/3/2022
0.3525546798129230,16,1/10/2022
0.9767558295316430,16,1/17/2022
0.2508985858297530,16,1/24/2022
0.8831685536257680,16,1/31/2022
0.3664685066149130,16,2/7/2022
0.6619955127739490,16,2/14/2022
0.3097588715316170,16,2/21/2022
0.9896264559349250,16,2/28/2022
0.2388669422429060,16,3/7/2022
0.4496234595014590,16,3/14/2022
0.6448737918237530,16,3/21/2022
0.5903835125133320,16,3/28/2022
0.1883040019075690,16,4/4/2022
0.8132534042765750,16,4/11/2022
0.3683277329128020,16,4/18/2022
0.6270090809592420,16,4/25/2022
0.7550962786377970,16,5/2/2022
0.9059281761724260,16,5/9/2022
0.4296001547912700,16,5/16/2022
0.6409221743643180,16,5/23/2022
0.1635028475102090,16,5/30/2022
0.3646434825809550,16,6/6/2022
0.9403923019893740,16,6/13/2022
0.3793395475032770,16,6/20/2022
0.5083518724248050,16,6/27/2022
0.4453626304848940,16,7/4/2022
0.3586170750554930,16,7/11/2022
0.0798972954590740,16,7/18/2022
0.9239856279332140,16,7/25/2022
0.6170157422217900,16,8/1/2022
0.0434781980572879,16,8/8/2022
0.8170612141191820,16,8/15/2022
0.5755039060413940,16,8/22/2022
0.7170180669669520,16,8/29/2022
0.1620733915354780,16,9/5/2022
0.0600381101536837,16,9/12/2022
0.6815611355587730,16,9/19/2022
0.1731201332865660,16,9/26/2022
0.3428275777711360,16,10/3/2022
0.8310675374913420,16,10/10/2022
0.0348722759714916,16,10/17/2022
0.6238377501256800,16,10/24/2022
0.0671636441141271,16,10/31/2022
0.0632052953355341,16,11/7/2022
0.3203020591904530,16,11/14/2022
0.0746652792588215,16,11/21/2022
0.0630414546763646,16,11/28/2022
0.0268239207723046,16,12/5/2022
0.5817423171390540,16,12/12/2022
0.0716652970769832,16,12/19/2022
0.4914853092573240,16,12/26/2022
0.9849056343918600,16,1/2/2023
0.3971305176350900,16,1/9/2023
0.0749594348399765,16,1/16/2023
0.0938519380306341,16,1/23/2023
0.0663038383048803,16,1/30/2023
0.0259953415610216,16,2/6/2023
0.2013272980458550,16,2/13/2023
0.7413004394422600,16,2/20/2023
0.1017849335770370,16,2/27/2023
0.8477136883392370,16,3/6/2023
0.7213717838642930,16,3/13/2023
0.4361490988532190,16,3/20/2023
0.1558525507881640,16,3/27/2023
0.3416940231175730,16,4/3/2023
0.7959053059877360,16,4/10/2023
0.5394687414157540,16,4/17/2023
0.3140606370859850,16,4/24/2023
0.4962382561075620,16,5/1/2023
0.8480955818201630,16,5/8/2023
0.2940097879443720,16,5/15/2023
0.7615560897432980,16,5/22/2023
0.0343639555086354,16,5/29/2023
0.7040758015001230,16,6/5/2023
0.7366230614206650,16,6/12/2023
0.2777583776414240,16,6/19/2023
0.6832998966215270,16,6/26/2023
0.2469471905865490,16,7/3/2023
0.5303372109903180,16,7/10/2023
0.0675242118234496,16,7/17/2023
0.3289419706432830,16,7/24/2023
0.9578113246514520,16,7/31/2023
0.1836005704866250,16,8/7/2023
0.0429781309344878,16,8/14/2023
0.9669265192114220,16,8/21/2023
0.8883802637897710,16,8/28/2023
0.8681217800576370,16,9/4/2023
0.3669762099198570,16,9/11/2023
0.0984348973779314,16,9/18/2023
0.0746962190543176,16,9/25/2023
0.8909662580752870,16,10/2/2023
0.0058400095895008,16,10/9/2023
0.8810851156968380,16,10/16/2023
0.8956897670742380,16,10/23/2023
0.7369427622298180,16,10/30/2023
0.8977508678038180,16,11/6/2023
0.9605726069932890,16,11/13/2023
0.9392113485770480,16,11/20/2023
0.7177209160019680,16,11/27/2023
0.2035459969139120,16,12/4/2023
0.3581298197160250,16,12/11/2023
0.0499156427858257,16,12/18/2023
0.8071966397154570,16,12/25/2023
0.7713216075741610,16,1/1/2024
0.7953285428257010,16,1/8/2024
0.1677755614777700,16,1/15/2024
0.2946007627609990,16,1/22/2024
0.5845895890157210,16,1/29/2024
0.1045090488634950,16,2/5/2024
0.4576186581478920,16,2/12/2024
0.3500918478309870,16,2/19/2024
0.3256611025355540,16,2/26/2024
0.4051208154682290,16,3/4/2024
0.2469013560784220,16,3/11/2024
0.3075490093665570,16,3/18/2024
0.5371678430298390,16,3/25/2024
0.6263158119240930,16,4/1/2024
0.2109313456869180,16,4/8/2024
0.7576881296908280,16,4/15/2024
0.1237312856468300,16,4/22/2024
0.7518649133824070,16,4/29/2024
0.0480868101212248,16,5/6/2024
0.6622097895767150,16,5/13/2024
0.6146667281748510,16,5/20/2024
0.6425589171292530,16,5/27/2024
0.9828505387883440,16,6/3/2024
0.5806452832051300,16,6/10/2024
0.0812104970560018,16,6/17/2024
0.1826433310550010,16,6/24/2024
0.5209303491091420,16,7/1/2024
0.1777280907348890,16,7/8/2024
0.9990251587092520,16,7/15/2024
0.6031171667629420,16,7/22/2024
0.1632697640792140,16,7/29/2024
0.8544106610225790,16,8/5/2024
0.6633941015090970,16,8/12/2024
0.4805670098883000,16,8/19/2024
0.3112024188252040,16,8/26/2024
0.2705329614768350,16,9/2/2024
0.0614644090559358,16,9/9/2024
0.7941730150138830,16,9/16/2024
0.2071626868361750,16,9/23/2024
0.8055419388282020,16,9/30/2024
0.7697774621595310,16,10/7/2024
0.1301733580137630,16,10/14/2024
0.2541697601590940,16,10/21/2024
0.5684025347105460,16,10/28/2024
0.3644722399522430,16,11/4/2024
0.2514735999959780,16,11/11/2024
0.6120883456605680,16,11/18/2024
0.8269571578603590,16,11/25/2024
0.0477206848955083,16,12/2/2024
0.5389088159226460,16,12/9/2024
0.6038096049455440,16,12/16/2024
0.0842753461392812,16,12/23/2024
0.5877708224611360,16,12/30/2024
0.6557119241783310,17,3/1/2021
0.5963266279419720,17,3/8/2021
0.6933228200435010,17,3/15/2021
0.2052412884051110,17,3/22/2021
0.5132683184181830,17,3/29/2021
0.8378290320159680,17,4/5/2021
0.9011777896639550,17,4/12/2021
0.9524360341175810,17,4/19/2021
0.8088925202445830,17,4/26/2021
0.9543230111539830,17,5/3/2021
0.2311464890368480,17,5/10/2021
0.3145267967055890,17,5/17/2021
0.5366630051419820,17,5/24/2021
0.4998617210827890,17,5/31/2021
0.6230293466824790,17,6/7/2021
0.9393054867778030,17,6/14/2021
0.4078013870757420,17,6/21/2021
0.1445457308615720,17,6/28/2021
0.4600230764445150,17,7/5/2021
0.4164279807610910,17,7/12/2021
0.5245011914807370,17,7/19/2021
0.9473965992998870,17,7/26/2021
0.9687272319065900,17,8/2/2021
0.1001619932514690,17,8/9/2021
0.3500712377936690,17,8/16/2021
0.3372066365964980,17,8/23/2021
0.0561494553888244,17,8/30/2021
0.6760980054261020,17,9/6/2021
0.6825820308502450,17,9/13/2021
0.3682356880100400,17,9/20/2021
0.7822735444589740,17,9/27/2021
0.0078047549278310,17,10/4/2021
0.6799695823525180,17,10/11/2021
0.3354067445458600,17,10/18/2021
0.4797603787720320,17,10/25/2021
0.7089475486082380,17,11/1/2021
0.9090915406514700,17,11/8/2021
0.9937348027618050,17,11/15/2021
0.8489904798968390,17,11/22/2021
0.0648621056175770,17,11/29/2021
0.2447832026839910,17,12/6/2021
0.1026122576534230,17,12/13/2021
0.9985147389271950,17,12/20/2021
0.6962349005453600,17,12/27/2021
0.8831114324454890,17,1/3/2022
0.5270519855851590,17,1/10/2022
0.4563725576161240,17,1/17/2022
0.6399370033085720,17,1/24/2022
0.9027697432184900,17,1/31/2022
0.9982392537212530,17,2/7/2022
0.8782164034629460,17,2/14/2022
0.7952013561223480,17,2/21/2022
0.1647391421225250,17,2/28/2022
0.5026634927409170,17,3/7/2022
0.3405986475511510,17,3/14/2022
0.7046267527688400,17,3/21/2022
0.7510628707665360,17,3/28/2022
0.5684481498235000,17,4/4/2022
0.8387401984731130,17,4/11/2022
0.6033693282762230,17,4/18/2022
0.6846539052640620,17,4/25/2022
0.0841596930703253,17,5/2/2022
0.9215298308169030,17,5/9/2022
0.1383369555346920,17,5/16/2022
0.5058241920699470,17,5/23/2022
0.4841057829806140,17,5/30/2022
0.6470276172270000,17,6/6/2022
0.6248343966313150,17,6/13/2022
0.2395258416474510,17,6/20/2022
0.5681833732261690,17,6/27/2022
0.6596479892534890,17,7/4/2022
0.0255416402288881,17,7/11/2022
0.9007365260223770,17,7/18/2022
0.8544159423632760,17,7/25/2022
0.0612863031182145,17,8/1/2022
0.5023467594162380,17,8/8/2022
0.1008149893652260,17,8/15/2022
0.3936982422123420,17,8/22/2022
0.3738998919233600,17,8/29/2022
0.0078121897163279,17,9/5/2022
0.7806487637856420,17,9/12/2022
0.2499758136519310,17,9/19/2022
0.6908674979057510,17,9/26/2022
0.2804865883949620,17,10/3/2022
0.6375852812672970,17,10/10/2022
0.5529928576744560,17,10/17/2022
0.0635419788862688,17,10/24/2022
0.6975698875940850,17,10/31/2022
0.4732508767256530,17,11/7/2022
0.6594465755577500,17,11/14/2022
0.8395101115650890,17,11/21/2022
0.1338195195328220,17,11/28/2022
0.4184659587637830,17,12/5/2022
0.1925524631197230,17,12/12/2022
0.1371671105602070,17,12/19/2022
0.3098685322031360,17,12/26/2022
0.3926688234809020,17,1/2/2023
0.5417581437997620,17,1/9/2023
0.4428627310755150,17,1/16/2023
0.9176771941070690,17,1/23/2023
0.8811496899501510,17,1/30/2023
0.5465103793815720,17,2/6/2023
0.2093991195478160,17,2/13/2023
0.4617330766097740,17,2/20/2023
0.2066640078236180,17,2/27/2023
0.6712175949347050,17,3/6/2023
0.5322865045164930,17,3/13/2023
0.6764164674249720,17,3/20/2023
0.9527960010405630,17,3/27/2023
0.0235607540319466,17,4/3/2023
0.6447133735094590,17,4/10/2023
0.2703467342457830,17,4/17/2023
0.5266062529446530,17,4/24/2023
0.0139802070313797,17,5/1/2023
0.7745865775463780,17,5/8/2023
0.6162863432553220,17,5/15/2023
0.4745216197833240,17,5/22/2023
0.0312477195201529,17,5/29/2023
0.4931333853518020,17,6/5/2023
0.4274195982737890,17,6/12/2023
0.1466669822513210,17,6/19/2023
0.7702588404188310,17,6/26/2023
0.5320621967139430,17,7/3/2023
0.9525488618380010,17,7/10/2023
0.9882352568462880,17,7/17/2023
0.9857161217283210,17,7/24/2023
0.3316127491914280,17,7/31/2023
0.9564850490092200,17,8/7/2023
0.0601110915632674,17,8/14/2023
0.8903530211458090,17,8/21/2023
0.3046483729768060,17,8/28/2023
0.3012434944595440,17,9/4/2023
0.9256707997161180,17,9/11/2023
0.6762930039998280,17,9/18/2023
0.8511178663322560,17,9/25/2023
0.6255404815592160,17,10/2/2023
0.5858258649592960,17,10/9/2023
0.4592007057673610,17,10/16/2023
0.7936702570827980,17,10/23/2023
0.8597809341085930,17,10/30/2023
0.4711931792171780,17,11/6/2023
0.6389864623553380,17,11/13/2023
0.3082875581338780,17,11/20/2023
0.2861940231946390,17,11/27/2023
0.1388240875326500,17,12/4/2023
0.4136140961782900,17,12/11/2023
0.6093304954650670,17,12/18/2023
0.7230969708752160,17,12/25/2023
0.3417621428400630,17,1/1/2024
0.2621075956798220,17,1/8/2024
0.9264517800194790,17,1/15/2024
0.8661018645561050,17,1/22/2024
0.9340384658590140,17,1/29/2024
0.2190080165182980,17,2/5/2024
0.9763781326026980,17,2/12/2024
0.8155020411883650,17,2/19/2024
0.3686953462155320,17,2/26/2024
0.8636212866865210,17,3/4/2024
0.6198203592795540,17,3/11/2024
0.6238188124836910,17,3/18/2024
0.0054969044824466,17,3/25/2024
0.4837650491985860,17,4/1/2024
0.6580500095343500,17,4/8/2024
0.8652554199390970,17,4/15/2024
0.7185759730635840,17,4/22/2024
0.3727203726255120,17,4/29/2024
0.6872107508872060,17,5/6/2024
0.9476707062367750,17,5/13/2024
0.3903602840591220,17,5/20/2024
0.6353054342378900,17,5/27/2024
0.4833429949464920,17,6/3/2024
0.4442011066486880,17,6/10/2024
0.7564343207813690,17,6/17/2024
0.5680710674750620,17,6/24/2024
0.5860417040751490,17,7/1/2024
0.0195240132183047,17,7/8/2024
0.1055782940777530,17,7/15/2024
0.5724008392392550,17,7/22/2024
0.1068751496161710,17,7/29/2024
0.2448192840164310,17,8/5/2024
0.4991625565036180,17,8/12/2024
0.3062019318501030,17,8/19/2024
0.3202279927695660,17,8/26/2024
0.5000248687547930,17,9/2/2024
0.5680084035349490,17,9/9/2024
0.3638584029359080,17,9/16/2024
0.7389084112579210,17,9/23/2024
0.7247867899386380,17,9/30/2024
0.2823542925612030,17,10/7/2024
0.2890930340710000,17,10/14/2024
0.0150927504888112,17,10/21/2024
0.7160709031652430,17,10/28/2024
0.8005854576449540,17,11/4/2024
0.0676908804225274,17,11/11/2024
0.9199426253643980,17,11/18/2024
0.7548740189539600,17,11/25/2024
0.2656802387510580,17,12/2/2024
0.5752711115659430,17,12/9/2024
0.0771581635154882,17,12/16/2024
0.1094441122346600,17,12/23/2024
0.6032216249447880,17,12/30/2024
0.1152230838504630,18,3/1/2021
0.3002048673646200,18,3/8/2021
0.2874434953471780,18,3/15/2021
0.3803903432129480,18,3/22/2021
0.8143111587359820,18,3/29/2021
0.5274551760852960,18,4/5/2021
0.5017498775148410,18,4/12/2021
0.4754464536956060,18,4/19/2021
0.6823542489793010,18,4/26/2021
0.3531422264679220,18,5/3/2021
0.7294662123768460,18,5/10/2021
0.1183465658857610,18,5/17/2021
0.3970576745974170,18,5/24/2021
0.3987864409212590,18,5/31/2021
0.4662446253092140,18,6/7/2021
0.7308557419342280,18,6/14/2021
0.0644982339080321,18,6/21/2021
0.5850109274065560,18,6/28/2021
0.8102189185085120,18,7/5/2021
0.9958459275944680,18,7/12/2021
0.0884968819101615,18,7/19/2021
0.4336679362281410,18,7/26/2021
0.8814391798523600,18,8/2/2021
0.7873383644981700,18,8/9/2021
0.4163505039975100,18,8/16/2021
0.4082074834389320,18,8/23/2021
0.9368117808557680,18,8/30/2021
0.2821047465373850,18,9/6/2021
0.5456652960262160,18,9/13/2021
0.6960877376749350,18,9/20/2021
0.0965244714786340,18,9/27/2021
0.9653501666560520,18,10/4/2021
0.5245400785236730,18,10/11/2021
0.3809143925318190,18,10/18/2021
0.6769911622839260,18,10/25/2021
0.8329887315878070,18,11/1/2021
0.2190782552558880,18,11/8/2021
0.2368343149943700,18,11/15/2021
0.3668718253879470,18,11/22/2021
0.3255042445722760,18,11/29/2021
0.4656889034529110,18,12/6/2021
0.5076498134154020,18,12/13/2021
0.9904266633189670,18,12/20/2021
0.7793859099403860,18,12/27/2021
0.0357392709092493,18,1/3/2022
0.1167512348862740,18,1/10/2022
0.8905526660574860,18,1/17/2022
0.0177603157324029,18,1/24/2022
0.5900674321198420,18,1/31/2022
0.4647104271943300,18,2/7/2022
0.0517300908163840,18,2/14/2022
0.5410529777926430,18,2/21/2022
0.9841292852320300,18,2/28/2022
0.8181402494917820,18,3/7/2022
0.8904663619862930,18,3/14/2022
0.0870194056980830,18,3/21/2022
0.9325031435728910,18,3/28/2022
0.0529403887897123,18,4/4/2022
0.3758800243811510,18,4/11/2022
0.0752827205774749,18,4/18/2022
0.0618910852233400,18,4/25/2022
0.4501694461666310,18,5/2/2022
0.0557429232949365,18,5/9/2022
0.3668422134406480,18,5/16/2022
0.3133678746467480,18,5/23/2022
0.2055493864203500,18,5/30/2022
0.1096635286401590,18,6/6/2022
0.1677625418592050,18,6/13/2022
0.8840521076761780,18,6/20/2022
0.6297700637445870,18,6/27/2022
0.7366063750381210,18,7/4/2022
0.0808885563896706,18,7/11/2022
0.3089843773049250,18,7/18/2022
0.6508403141653520,18,7/25/2022
0.9768812328404150,18,8/1/2022
0.0059939706890978,18,8/8/2022
0.6531411588412690,18,8/15/2022
0.7589929299479710,18,8/22/2022
0.3559669267541530,18,8/29/2022
0.7593746342208100,18,9/5/2022
0.8979050747535750,18,9/12/2022
0.3998723184873800,18,9/19/2022
0.8245247843807350,18,9/26/2022
0.3665517849550340,18,10/3/2022
0.4071837733333850,18,10/10/2022
0.5084893711532250,18,10/17/2022
0.2964931800795250,18,10/24/2022
0.9154034355163090,18,10/31/2022
0.8204190987850170,18,11/7/2022
0.6108431428039270,18,11/14/2022
0.9603442354149930,18,11/21/2022
0.5768864528267160,18,11/28/2022
0.8096093359476340,18,12/5/2022
0.0640765410804133,18,12/12/2022
0.9223904099889680,18,12/19/2022
0.8867567701425820,18,12/26/2022
0.9067454614282710,18,1/2/2023
0.0358383977858944,18,1/9/2023
0.3706941311478900,18,1/16/2023
0.9791368349143270,18,1/23/2023
0.0032205607404070,18,1/30/2023
0.0926721838052065,18,2/6/2023
0.9262101938098690,18,2/13/2023
0.3940828658294950,18,2/20/2023
0.2582762061959020,18,2/27/2023
0.7565906477117100,18,3/6/2023
0.2986893175233270,18,3/13/2023
0.0381306505258759,18,3/20/2023
0.7104042217856090,18,3/27/2023
0.3826396660848830,18,4/3/2023
0.6581821956325460,18,4/10/2023
0.1577121628712760,18,4/17/2023
0.2306629543871980,18,4/24/2023
0.8648821307157240,18,5/1/2023
0.3773201459028640,18,5/8/2023
0.8380529635954330,18,5/15/2023
0.0106320843059710,18,5/22/2023
0.4654734147825320,18,5/29/2023
0.8597552000508340,18,6/5/2023
0.3059585197915100,18,6/12/2023
0.2823940304322570,18,6/19/2023
0.1043001932119990,18,6/26/2023
0.7952957544387710,18,7/3/2023
0.6569121336986310,18,7/10/2023
0.6418222605184460,18,7/17/2023
0.0918458311926789,18,7/24/2023
0.7802212433277970,18,7/31/2023
0.6184409754051730,18,8/7/2023
0.5083727758486400,18,8/14/2023
0.4227435943532290,18,8/21/2023
0.5670530331727060,18,8/28/2023
0.1649094064759990,18,9/4/2023
0.8565656092010820,18,9/11/2023
0.7116978867276090,18,9/18/2023
0.7194771943667810,18,9/25/2023
0.3404287817969100,18,10/2/2023
0.9026164844240840,18,10/9/2023
0.9486566238027970,18,10/16/2023
0.3576792195749510,18,10/23/2023
0.9056558288701620,18,10/30/2023
0.8356015912596420,18,11/6/2023
0.0050500035517674,18,11/13/2023
0.8920495722225950,18,11/20/2023
0.4008576346054710,18,11/27/2023
0.9181170715611980,18,12/4/2023
0.7074891242162170,18,12/11/2023
0.2484335949123940,18,12/18/2023
0.2440208543448150,18,12/25/2023
0.1198621061160860,18,1/1/2024
0.2398134565436030,18,1/8/2024
0.5454565852487630,18,1/15/2024
0.0749622922015706,18,1/22/2024
0.0960220175132005,18,1/29/2024
0.3432535545844810,18,2/5/2024
0.3243251530949000,18,2/12/2024
0.3355550002978340,18,2/19/2024
0.8309777889101360,18,2/26/2024
0.4073898255223110,18,3/4/2024
0.4506322018465700,18,3/11/2024
0.4929883204028470,18,3/18/2024
0.1324187144364560,18,3/25/2024
0.4357558931221460,18,4/1/2024
0.2276536883298240,18,4/8/2024
0.9622870742081520,18,4/15/2024
0.4631206156336940,18,4/22/2024
0.1216711867303000,18,4/29/2024
0.7249477113109660,18,5/6/2024
0.4473191328568860,18,5/13/2024
0.6027296055545050,18,5/20/2024
0.7194679057906070,18,5/27/2024
0.9061843781228100,18,6/3/2024
0.1733860124573660,18,6/10/2024
0.4111843261830390,18,6/17/2024
0.0488367147507138,18,6/24/2024
0.4619221871625940,18,7/1/2024
0.2820771668360760,18,7/8/2024
0.3950619304154060,18,7/15/2024
0.1820471798650390,18,7/22/2024
0.5803858324384160,18,7/29/2024
0.1628375244414290,18,8/5/2024
0.8102214546782180,18,8/12/2024
0.9481029102701860,18,8/19/2024
0.8784861129523220,18,8/26/2024
0.4615234260153220,18,9/2/2024
0.1890248502518880,18,9/9/2024
0.3573090320973090,18,9/16/2024
0.4729504570119490,18,9/23/2024
0.1437872159098580,18,9/30/2024
0.1954878813776780,18,10/7/2024
0.5711091658950950,18,10/14/2024
0.8871772441738500,18,10/21/2024
0.7194240627487510,18,10/28/2024
0.3145786013519650,18,11/4/2024
0.7043105800070600,18,11/11/2024
0.8436667820058580,18,11/18/2024
0.4793663104931490,18,11/25/2024
0.3000187588732910,18,12/2/2024
0.3101855168556290,18,12/9/2024
0.3748152300513620,18,12/16/2024
0.2490510651313560,18,12/23/2024
0.0135329378131998,18,12/30/2024
0.4100373246663340,19,3/1/2021
0.1307316149847500,19,3/8/2021
0.8360331805291830,19,3/15/2021
0.6619198473949470,19,3/22/2021
0.9825361801887240,19,3/29/2021
0.5704348041653050,19,4/5/2021
0.2090561917975550,19,4/12/2021
0.7515945506622820,19,4/19/2021
0.5041978810392470,19,4/26/2021
0.5441265994084930,19,5/3/2021
0.9507245212186430,19,5/10/2021
0.1977136063004970,19,5/17/2021
0.8210842172801070,19,5/24/2021
0.3060829533585720,19,5/31/2021
0.8166002567582920,19,6/7/2021
0.1458675322599780,19,6/14/2021
0.3205991531727040,19,6/21/2021
0.1790345232915150,19,6/28/2021
0.0642380607851131,19,7/5/2021
0.8208638330190610,19,7/12/2021
0.0412945340381775,19,7/19/2021
0.7244530066426640,19,7/26/2021
0.3437000024913800,19,8/2/2021
0.3635669196336320,19,8/9/2021
0.9962113518335570,19,8/16/2021
0.5998505420592810,19,8/23/2021
0.2376174284362160,19,8/30/2021
0.7969527005367570,19,9/6/2021
0.9428168186233560,19,9/13/2021
0.2051783349777290,19,9/20/2021
0.3276196051429330,19,9/27/2021
0.9629774463038280,19,10/4/2021
0.8986927443321860,19,10/11/2021
0.3392478405431160,19,10/18/2021
0.3083092608875820,19,10/25/2021
0.0753375254009225,19,11/1/2021
0.0174817270414018,19,11/8/2021
0.7968852357054140,19,11/15/2021
0.2744776438723790,19,11/22/2021
0.9885122448366690,19,11/29/2021
0.0065719716258835,19,12/6/2021
0.6673604786613650,19,12/13/2021
0.0389092579862483,19,12/20/2021
0.3141885072908480,19,12/27/2021
0.9843983657343550,19,1/3/2022
0.0101409199635569,19,1/10/2022
0.1372339119354540,19,1/17/2022
0.8671404118360520,19,1/24/2022
0.8492091258540810,19,1/31/2022
0.1336911283209290,19,2/7/2022
0.9230063782490400,19,2/14/2022
0.8672313464955730,19,2/21/2022
0.1684386918770830,19,2/28/2022
0.3556106381324710,19,3/7/2022
0.4420983148807940,19,3/14/2022
0.5785888620801170,19,3/21/2022
0.8717967552263220,19,3/28/2022
0.0986051015867342,19,4/4/2022
0.9160763643207390,19,4/11/2022
0.6801683907868830,19,4/18/2022
0.9445872845052940,19,4/25/2022
0.9265138732811200,19,5/2/2022
0.2461104353029690,19,5/9/2022
0.0611409090675579,19,5/16/2022
0.5520508071060070,19,5/23/2022
0.2333922131331870,19,5/30/2022
0.4725707526077690,19,6/6/2022
0.8917812724557560,19,6/13/2022
0.9865879652681290,19,6/20/2022
0.8477244281942220,19,6/27/2022
0.9763826378421110,19,7/4/2022
0.5038044640385610,19,7/11/2022
0.9838194874139900,19,7/18/2022
0.8233547320547670,19,7/25/2022
0.6409823651142240,19,8/1/2022
0.0186397454438100,19,8/8/2022
0.0462254275010339,19,8/15/2022
0.6262429823301000,19,8/22/2022
0.6570683050267380,19,8/29/2022
0.0418939690863174,19,9/5/2022
0.2152941173929680,19,9/12/2022
0.6648051906491700,19,9/19/2022
0.7287995023820480,19,9/26/2022
0.5365866098186960,19,10/3/2022
0.3922442614100110,19,10/10/2022
0.3738719850975730,19,10/17/2022
0.0980415425884215,19,10/24/2022
0.7052750166192460,19,10/31/2022
0.5395651755498920,19,11/7/2022
0.0741013253900648,19,11/14/2022
0.2570384751088050,19,11/21/2022
0.7126445993615010,19,11/28/2022
0.0932504321639016,19,12/5/2022
0.0785073017978709,19,12/12/2022
0.0750615864049690,19,12/19/2022
0.4114851329740430,19,12/26/2022
0.0261017101725962,19,1/2/2023
0.8356820613368380,19,1/9/2023
0.7387435402884420,19,1/16/2023
0.4132806730630260,19,1/23/2023
0.5558143082862230,19,1/30/2023
0.3675481897259710,19,2/6/2023
0.7351399807342700,19,2/13/2023
0.5590531267954850,19,2/20/2023
0.4371254270139220,19,2/27/2023
0.5024910937083300,19,3/6/2023
0.4188267094327680,19,3/13/2023
0.3389732500304540,19,3/20/2023
0.9392631717978550,19,3/27/2023
0.1952176721460790,19,4/3/2023
0.9750541609833090,19,4/10/2023
0.7706148955264930,19,4/17/2023
0.3838044257965520,19,4/24/2023
0.9210326285868550,19,5/1/2023
0.1368007985377490,19,5/8/2023
0.5632577489419350,19,5/15/2023
0.8509977437850940,19,5/22/2023
0.4181894803807180,19,5/29/2023
0.6584335082078690,19,6/5/2023
0.9151930651235250,19,6/12/2023
0.1384746477213440,19,6/19/2023
0.6551254263794310,19,6/26/2023
0.8069345445448390,19,7/3/2023
0.5775545926421050,19,7/10/2023
0.8231786670526620,19,7/17/2023
0.2375045275421550,19,7/24/2023
0.6363191390218820,19,7/31/2023
0.9831543408839560,19,8/7/2023
0.3908886591495360,19,8/14/2023
0.6660230800787220,19,8/21/2023
0.3190385237225510,19,8/28/2023
0.4977833149045240,19,9/4/2023
0.7490507776124520,19,9/11/2023
0.7906209648769260,19,9/18/2023
0.7394722816962690,19,9/25/2023
0.3565085754427870,19,10/2/2023
0.7525540329070410,19,10/9/2023
0.8056029739054710,19,10/16/2023
0.9006659935509370,19,10/23/2023
0.2565275269159830,19,10/30/2023
0.9532760845502060,19,11/6/2023
0.4519151125762180,19,11/13/2023
0.7980866532605150,19,11/20/2023
0.2127636700289520,19,11/27/2023
0.6295696157447510,19,12/4/2023
0.5647901114248130,19,12/11/2023
0.6622604903761360,19,12/18/2023
0.0734183909031936,19,12/25/2023
0.6832296995784270,19,1/1/2024
0.5036503251642350,19,1/8/2024
0.0166396949538732,19,1/15/2024
0.1899384516067080,19,1/22/2024
0.9168423297311000,19,1/29/2024
0.0748044661418709,19,2/5/2024
0.6011404084595750,19,2/12/2024
0.3889052948936210,19,2/19/2024
0.7481456047453900,19,2/26/2024
0.8427188113899280,19,3/4/2024
0.6747898272967940,19,3/11/2024
0.7832789356772840,19,3/18/2024
0.3440423341752220,19,3/25/2024
0.8152753951116550,19,4/1/2024
0.1730861544019240,19,4/8/2024
0.8141802683280470,19,4/15/2024
0.3855244009569510,19,4/22/2024
0.5121930864049890,19,4/29/2024
0.1416613860600140,19,5/6/2024
0.2780493048710170,19,5/13/2024
0.4333865500489540,19,5/20/2024
0.9310028101383290,19,5/27/2024
0.8233919005951970,19,6/3/2024
0.6838448192080920,19,6/10/2024
0.7435514912220810,19,6/17/2024
0.2219019893256890,19,6/24/2024
0.4534746216505110,19,7/1/2024
0.9286344150586530,19,7/8/2024
0.7900126516840900,19,7/15/2024
0.2618643988928160,19,7/22/2024
0.4432028909250960,19,7/29/2024
0.7199672652663740,19,8/5/2024
0.6318859042044310,19,8/12/2024
0.6479119840345500,19,8/19/2024
0.2623193345269210,19,8/26/2024
0.9848855125665660,19,9/2/2024
0.8282819357466390,19,9/9/2024
0.4276914220183750,19,9/16/2024
0.7657771149306560,19,9/23/2024
0.9043690784877360,19,9/30/2024
0.6769048308056660,19,10/7/2024
0.1376169685846160,19,10/14/2024
0.8187093765064480,19,10/21/2024
0.7296148770222560,19,10/28/2024
0.9232214761957690,19,11/4/2024
0.2076913299242270,19,11/11/2024
0.1115612627081350,19,11/18/2024
0.6874601731215260,19,11/25/2024
0.9257160694779490,19,12/2/2024
0.9848061591528000,19,12/9/2024
0.2353444687420080,19,12/16/2024
0.0535607417750276,19,12/23/2024
0.5695213045625790,19,12/30/2024
0.8878847958897740,20,3/1/2021
0.4064479637590370,20,3/8/2021
0.9310540997619900,20,3/15/2021
0.4288215026083130,20,3/22/2021
0.3720444100016430,20,3/29/2021
0.8704249938810010,20,4/5/2021
0.1374741218726500,20,4/12/2021
0.0229029365357848,20,4/19/2021
0.1317006071086260,20,4/26/2021
0.5205429101238690,20,5/3/2021
0.7449132043361690,20,5/10/2021
0.5556305281958710,20,5/17/2021
0.3045807385459490,20,5/24/2021
0.8168755179423400,20,5/31/2021
0.8956567375799190,20,6/7/2021
0.0205671008112436,20,6/14/2021
0.6697931876832320,20,6/21/2021
0.7248025202699300,20,6/28/2021
0.5271501947150600,20,7/5/2021
0.7672825264352370,20,7/12/2021
0.6089166770088220,20,7/19/2021
0.9700056211548300,20,7/26/2021
0.4411036500682310,20,8/2/2021
0.5242598257674110,20,8/9/2021
0.6386963426648730,20,8/16/2021
0.9931852523200510,20,8/23/2021
0.5343525814253590,20,8/30/2021
0.3759771582500720,20,9/6/2021
0.5576204666504700,20,9/13/2021
0.4527139794703570,20,9/20/2021
0.8096459342159170,20,9/27/2021
0.1337150234183290,20,10/4/2021
0.4244131342490820,20,10/11/2021
0.5796651636174890,20,10/18/2021
0.7478461495616710,20,10/25/2021
0.6209579546599040,20,11/1/2021
0.2898862742844250,20,11/8/2021
0.9690637042824180,20,11/15/2021
0.2486195990240780,20,11/22/2021
0.5425215945774100,20,11/29/2021
0.0919737323130075,20,12/6/2021
0.7925034050228370,20,12/13/2021
0.5318619512248860,20,12/20/2021
0.8322991618649220,20,12/27/2021
0.5464770426712110,20,1/3/2022
0.7674895246442160,20,1/10/2022
0.6883278430085300,20,1/17/2022
0.2339092809055970,20,1/24/2022
0.1684753140394660,20,1/31/2022
0.4345559594629920,20,2/7/2022
0.7318091604348000,20,2/14/2022
0.3672501502948570,20,2/21/2022
0.7964459739705960,20,2/28/2022
0.6241954243754150,20,3/7/2022
0.9995457268383180,20,3/14/2022
0.9815475144269400,20,3/21/2022
0.1186346058451000,20,3/28/2022
0.7041863013183840,20,4/4/2022
0.1464312400699290,20,4/11/2022
0.9535110828954720,20,4/18/2022
0.5922065761716060,20,4/25/2022
0.1202349516835890,20,5/2/2022
0.4922574288357800,20,5/9/2022
0.9209817994436800,20,5/16/2022
0.2367176727456990,20,5/23/2022
0.1494890472295340,20,5/30/2022
0.6300776515404480,20,6/6/2022
0.8164761908124950,20,6/13/2022
0.7049769437982050,20,6/20/2022
0.2555496774699400,20,6/27/2022
0.9365289342995850,20,7/4/2022
0.9629161925931800,20,7/11/2022
0.8836693818935080,20,7/18/2022
0.0022541133850529,20,7/25/2022
0.7813389011203530,20,8/1/2022
0.6530606785480080,20,8/8/2022
0.8744432346528740,20,8/15/2022
0.6457418045819110,20,8/22/2022
0.6224449838948690,20,8/29/2022
0.5678997545545850,20,9/5/2022
0.0339616354908680,20,9/12/2022
0.6856292804740830,20,9/19/2022
0.7602714453690840,20,9/26/2022
0.6335442123006920,20,10/3/2022
0.9973354538841650,20,10/10/2022
0.9642826220993290,20,10/17/2022
0.3472416461494930,20,10/24/2022
0.5086993776934570,20,10/31/2022
0.0254923276834234,20,11/7/2022
0.3381076609716420,20,11/14/2022
0.3125790873710370,20,11/21/2022
0.5163527308736720,20,11/28/2022
0.0535065088586181,20,12/5/2022
0.4183386709961740,20,12/12/2022
0.8841140871534380,20,12/19/2022
0.4085366841829940,20,12/26/2022
0.4370396648619760,20,1/2/2023
0.2970947559837160,20,1/9/2023
0.6176780478015600,20,1/16/2023
0.5683461764204660,20,1/23/2023
0.6874799371972090,20,1/30/2023
0.3302080334509980,20,2/6/2023
0.1443067183425490,20,2/13/2023
0.4997899659624130,20,2/20/2023
0.2354688989683720,20,2/27/2023
0.1109523913602240,20,3/6/2023
0.9944221649987320,20,3/13/2023
0.1766409994599750,20,3/20/2023
0.7789115734901520,20,3/27/2023
0.8745500468918940,20,4/3/2023
0.3610465358163660,20,4/10/2023
0.8484480595438910,20,4/17/2023
0.7666237473657970,20,4/24/2023
0.1358233567430580,20,5/1/2023
0.2272068913025480,20,5/8/2023
0.4792798141725270,20,5/15/2023
0.4687724072638210,20,5/22/2023
0.4351219756624700,20,5/29/2023
0.9176080029729410,20,6/5/2023
0.8620242778691590,20,6/12/2023
0.6097760200194510,20,6/19/2023
0.5914428502670740,20,6/26/2023
0.1919571303708520,20,7/3/2023
0.1069952886779720,20,7/10/2023
0.7599170390178250,20,7/17/2023
0.0096206713081883,20,7/24/2023
0.9348820861966700,20,7/31/2023
0.8308330142358310,20,8/7/2023
0.7357309008947220,20,8/14/2023
0.9782046422984090,20,8/21/2023
0.2097849310227150,20,8/28/2023
0.7941189565304820,20,9/4/2023
0.5511505953519740,20,9/11/2023
0.4382578439366060,20,9/18/2023
0.9224815665469570,20,9/25/2023
0.6135987012808110,20,10/2/2023
0.8497275628338080,20,10/9/2023
0.6848528785639200,20,10/16/2023
0.9958796718131390,20,10/23/2023
0.5823514301594360,20,10/30/2023
0.7445404711136090,20,11/6/2023
0.0905652459452364,20,11/13/2023
0.5466916359093620,20,11/20/2023
0.1579995400205340,20,11/27/2023
0.3729046294386690,20,12/4/2023
0.4691823292094260,20,12/11/2023
0.0807239068603300,20,12/18/2023
0.6369369324005000,20,12/25/2023
0.0521540544466401,20,1/1/2024
0.7474778974847420,20,1/8/2024
0.8294727609450130,20,1/15/2024
0.1170483609097710,20,1/22/2024
0.6086208279934560,20,1/29/2024
0.8610229339197440,20,2/5/2024
0.3483458467323950,20,2/12/2024
0.9547403012149060,20,2/19/2024
0.4467897027460060,20,2/26/2024
0.3853132251818910,20,3/4/2024
0.3812759030023540,20,3/11/2024
0.5615544896466220,20,3/18/2024
0.7725332816702000,20,3/25/2024
0.4747377964289360,20,4/1/2024
0.5517343327976120,20,4/8/2024
0.2785720782843220,20,4/15/2024
0.4369551906070670,20,4/22/2024
0.1786827169224180,20,4/29/2024
0.6745198118344820,20,5/6/2024
0.3468453085240540,20,5/13/2024
0.5659130350450420,20,5/20/2024
0.0206692825315866,20,5/27/2024
0.6227803190774310,20,6/3/2024
0.0197812710886547,20,6/10/2024
0.0625646668657868,20,6/17/2024
0.1415396889063930,20,6/24/2024
0.8771022022001480,20,7/1/2024
0.0250833508854190,20,7/8/2024
0.3883344787831310,20,7/15/2024
0.7775467034750400,20,7/22/2024
0.6842411381362070,20,7/29/2024
0.0520242889123896,20,8/5/2024
0.8891660003836540,20,8/12/2024
0.7048770931116510,20,8/19/2024
0.8977262485096660,20,8/26/2024
0.1005113770265110,20,9/2/2024
0.1023538105425300,20,9/9/2024
0.2469370976071960,20,9/16/2024
0.2636367253599300,20,9/23/2024
0.6196834179704400,20,9/30/2024
0.7059053061355150,20,10/7/2024
0.8982917823794040,20,10/14/2024
0.2323731583755520,20,10/21/2024
0.0904879899019012,20,10/28/2024
0.6957509833563110,20,11/4/2024
0.6562688691894300,20,11/11/2024
0.8686144993971830,20,11/18/2024
0.3488489219859190,20,11/25/2024
0.2467890828020630,20,12/2/2024
0.6905085781609440,20,12/9/2024
0.7247930681707440,20,12/16/2024
0.0666145010828727,20,12/23/2024
0.1868832839641800,20,12/30/2024
0.1437303144821750,21,3/1/2021
0.2342401583536300,21,3/8/2021
0.9921665121982340,21,3/15/2021
0.0876612950639115,21,3/22/2021
0.7444950549382550,21,3/29/2021
0.7196253164404700,21,4/5/2021
0.5132843685014300,21,4/12/2021
0.6553779782027000,21,4/19/2021
0.4213799320954410,21,4/26/2021
0.1202094260607190,21,5/3/2021
0.5338788294421400,21,5/10/2021
0.7355696681191720,21,5/17/2021
0.4981950164552750,21,5/24/2021
0.2139728674745010,21,5/31/2021
0.2688130964100560,21,6/7/2021
0.0635093501460993,21,6/14/2021
0.4284259809323940,21,6/21/2021
0.6843275524357230,21,6/28/2021
0.1960644425178920,21,7/5/2021
0.7193731963289120,21,7/12/2021
0.9835985937253610,21,7/19/2021
0.0882359575952975,21,7/26/2021
0.8591932011064490,21,8/2/2021
0.2061074284227140,21,8/9/2021
0.0187898653546146,21,8/16/2021
0.5342802234938780,21,8/23/2021
0.3117117050810320,21,8/30/2021
0.0830145309650004,21,9/6/2021
0.4340609092812790,21,9/13/2021
0.4180165040741170,21,9/20/2021
0.1443395180746160,21,9/27/2021
0.0282927471877551,21,10/4/2021
0.1956716958745050,21,10/11/2021
0.3683783197105190,21,10/18/2021
0.7209861059929360,21,10/25/2021
0.0269303375858244,21,11/1/2021
0.9703450427398810,21,11/8/2021
0.6217500976174500,21,11/15/2021
0.5354925192559480,21,11/22/2021
0.8009859229129560,21,11/29/2021
0.5783094628101800,21,12/6/2021
0.1450578684639510,21,12/13/2021
0.2964406513924270,21,12/20/2021
0.1085665313377330,21,12/27/2021
0.3729938917764190,21,1/3/2022
0.4580651925350000,21,1/10/2022
0.0367442715775348,21,1/17/2022
0.7370939997807300,21,1/24/2022
0.0910825188773242,21,1/31/2022
0.2853426870949740,21,2/7/2022
0.2315370026477270,21,2/14/2022
0.4172983407073740,21,2/21/2022
0.7166727506575150,21,2/28/2022
0.4750535178284910,21,3/7/2022
0.8650069027822650,21,3/14/2022
0.4190753265275940,21,3/21/2022
0.3703209010973880,21,3/28/2022
0.9493693460345450,21,4/4/2022
0.9331290957384990,21,4/11/2022
0.0768794133969725,21,4/18/2022
0.8376783782585950,21,4/25/2022
0.0784583419606404,21,5/2/2022
0.8751079854192200,21,5/9/2022
0.2289597405637670,21,5/16/2022
0.6632125714242480,21,5/23/2022
0.7737666706865520,21,5/30/2022
0.4660369617032900,21,6/6/2022
0.6515287697883010,21,6/13/2022
0.5486687970572550,21,6/20/2022
0.7712568602554050,21,6/27/2022
0.2817683880433060,21,7/4/2022
0.6655924520673860,21,7/11/2022
0.1556219769977760,21,7/18/2022
0.9735097845250430,21,7/25/2022
0.6053460000326960,21,8/1/2022
0.7063686621312290,21,8/8/2022
0.2617394778545200,21,8/15/2022
0.1819203282503770,21,8/22/2022
0.3815980289500980,21,8/29/2022
0.6227567332931000,21,9/5/2022
0.5597856324929330,21,9/12/2022
0.4183188887864150,21,9/19/2022
0.1881549145173210,21,9/26/2022
0.4553374828987640,21,10/3/2022
0.9912631892810590,21,10/10/2022
0.4345165968105050,21,10/17/2022
0.7026702034097420,21,10/24/2022
0.2885949732100880,21,10/31/2022
0.3109325100707300,21,11/7/2022
0.8730497300678580,21,11/14/2022
0.2761968548504980,21,11/21/2022
0.7754714169064770,21,11/28/2022
0.0074949811201137,21,12/5/2022
0.2631807647998740,21,12/12/2022
0.4506138030920960,21,12/19/2022
0.6163587658497670,21,12/26/2022
0.6047942220352480,21,1/2/2023
0.7922292824289420,21,1/9/2023
0.4725946425020780,21,1/16/2023
0.8857287034880480,21,1/23/2023
0.8336127027691070,21,1/30/2023
0.6947761827472930,21,2/6/2023
0.8618766512642600,21,2/13/2023
0.5226446919436690,21,2/20/2023
0.8266894322766740,21,2/27/2023
0.2828523938771880,21,3/6/2023
0.3220504450015870,21,3/13/2023
0.5748550134720380,21,3/20/2023
0.7067811356025730,21,3/27/2023
0.8445221771579570,21,4/3/2023
0.1102636821310360,21,4/10/2023
0.5329125904964520,21,4/17/2023
0.7517706392104560,21,4/24/2023
0.7088496047206860,21,5/1/2023
0.8485363239271380,21,5/8/2023
0.4236979760883930,21,5/15/2023
0.6487097935752370,21,5/22/2023
0.7929901422684110,21,5/29/2023
0.8196808233247240,21,6/5/2023
0.6372167583089090,21,6/12/2023
0.8058962775239790,21,6/19/2023
0.0144313557723171,21,6/26/2023
0.2715353752459510,21,7/3/2023
0.9919829436542030,21,7/10/2023
0.2696736825242310,21,7/17/2023
0.1038138646606030,21,7/24/2023
0.0624791797930072,21,7/31/2023
0.2754001152479240,21,8/7/2023
0.3946652940164070,21,8/14/2023
0.3394548959548680,21,8/21/2023
0.0117780660075800,21,8/28/2023
0.5369338289249520,21,9/4/2023
0.3883064058671010,21,9/11/2023
0.8737789301019400,21,9/18/2023
0.3308826671962720,21,9/25/2023
0.6773525374594020,21,10/2/2023
0.5560920874059280,21,10/9/2023
0.7543318000026590,21,10/16/2023
0.7902032507969860,21,10/23/2023
0.2982278541685250,21,10/30/2023
0.0076618053387735,21,11/6/2023
0.1789267332792090,21,11/13/2023
0.4059031749321440,21,11/20/2023
0.3043086491132850,21,11/27/2023
0.6133912071577790,21,12/4/2023
0.1954505860031780,21,12/11/2023
0.3105851311258210,21,12/18/2023
0.0204401330936564,21,12/25/2023
0.7332002147827130,21,1/1/2024
0.3351599671720580,21,1/8/2024
0.6342387339876400,21,1/15/2024
0.6426460607440870,21,1/22/2024
0.4356193773290820,21,1/29/2024
0.7487238688770400,21,2/5/2024
0.2597529033616620,21,2/12/2024
0.3557918331326150,21,2/19/2024
0.6554248348923000,21,2/26/2024
0.3836812544625180,21,3/4/2024
0.1698465430352620,21,3/11/2024
0.6264488231629540,21,3/18/2024
0.7559730363149900,21,3/25/2024
0.7101690568689950,21,4/1/2024
0.9881504104658130,21,4/8/2024
0.4447469116321960,21,4/15/2024
0.0186947478302852,21,4/22/2024
0.3380229934875320,21,4/29/2024
0.2647219481938240,21,5/6/2024
0.8432390970557770,21,5/13/2024
0.8315853770529780,21,5/20/2024
0.7247956966244860,21,5/27/2024
0.9574715931198690,21,6/3/2024
0.2470590919422860,21,6/10/2024
0.4824029093501730,21,6/17/2024
0.0666907407151554,21,6/24/2024
0.1783648218934980,21,7/1/2024
0.6556782255738480,21,7/8/2024
0.1119841142963680,21,7/15/2024
0.5262974244306020,21,7/22/2024
0.2923774685344160,21,7/29/2024
0.0572979633400375,21,8/5/2024
0.8188612178113150,21,8/12/2024
0.4092044776674880,21,8/19/2024
0.3203920272746580,21,8/26/2024
0.0635631775346668,21,9/2/2024
0.0567949852893116,21,9/9/2024
0.6436936685793030,21,9/16/2024
0.8172441826042960,21,9/23/2024
0.0906867853283262,21,9/30/2024
0.2339767050715940,21,10/7/2024
0.2983164849034230,21,10/14/2024
0.9211679620181880,21,10/21/2024
0.2341367034924360,21,10/28/2024
0.6457049960249080,21,11/4/2024
0.6962512030546510,21,11/11/2024
0.3028300762215440,21,11/18/2024
0.1579363549869730,21,11/25/2024
0.2959306094471560,21,12/2/2024
0.0184849129727942,21,12/9/2024
0.6351074808240460,21,12/16/2024
0.7408503865475760,21,12/23/2024
0.6205904236473170,21,12/30/2024
0.9287866047753770,22,3/1/2021
0.8777379189520720,22,3/8/2021
0.5099300512746150,22,3/15/2021
0.1583502855774170,22,3/22/2021
0.5148998605095940,22,3/29/2021
0.7202385894242030,22,4/5/2021
0.1271770231078050,22,4/12/2021
0.5515928003896540,22,4/19/2021
0.9993963366495930,22,4/26/2021
0.6802491229332270,22,5/3/2021
0.0136149720559118,22,5/10/2021
0.1912953123315330,22,5/17/2021
0.8607975962245030,22,5/24/2021
0.6792830073743840,22,5/31/2021
0.6378099250329680,22,6/7/2021
0.7975934322497760,22,6/14/2021
0.6446510375017960,22,6/21/2021
0.3632868715295740,22,6/28/2021
0.3432956318189650,22,7/5/2021
0.4751012255595010,22,7/12/2021
0.1953095488631790,22,7/19/2021
0.0245658474908204,22,7/26/2021
0.8146667062308020,22,8/2/2021
0.6982439495409150,22,8/9/2021
0.1970826414072770,22,8/16/2021
0.0330278559282159,22,8/23/2021
0.1136444453957170,22,8/30/2021
0.9614060427166600,22,9/6/2021
0.7651365682671730,22,9/13/2021
0.4862484679944320,22,9/20/2021
0.5041195190835010,22,9/27/2021
0.5791849573703810,22,10/4/2021
0.8458682268335900,22,10/11/2021
0.9408495586205190,22,10/18/2021
0.3650056934964920,22,10/25/2021
0.2060075115987680,22,11/1/2021
0.5762599658967110,22,11/8/2021
0.9119529878653880,22,11/15/2021
0.6829844093301560,22,11/22/2021
0.5907762181875340,22,11/29/2021
0.6502550102734180,22,12/6/2021
0.6081042548658800,22,12/13/2021
0.3880940021722650,22,12/20/2021
0.1965760372704650,22,12/27/2021
0.3695924390519540,22,1/3/2022
0.7199476906786980,22,1/10/2022
0.1784923614689970,22,1/17/2022
0.1351671537098580,22,1/24/2022
0.5682581638270360,22,1/31/2022
0.6594211441504670,22,2/7/2022
0.6321373353576530,22,2/14/2022
0.4881981011578390,22,2/21/2022
0.2012952273390710,22,2/28/2022
0.3669484808234960,22,3/7/2022
0.0461853901578337,22,3/14/2022
0.9242623696413600,22,3/21/2022
0.2481597666907900,22,3/28/2022
0.2031797533527710,22,4/4/2022
0.2747667451628890,22,4/11/2022
0.8526402242714410,22,4/18/2022
0.7039093352280510,22,4/25/2022
0.3114931146491990,22,5/2/2022
0.8525173706620160,22,5/9/2022
0.3347986349924300,22,5/16/2022
0.2895344342448640,22,5/23/2022
0.0764712909792398,22,5/30/2022
0.2744564020012030,22,6/6/2022
0.8357932662765780,22,6/13/2022
0.9514625019883680,22,6/20/2022
0.2249934182628370,22,6/27/2022
0.8972256884960850,22,7/4/2022
0.9019623017238580,22,7/11/2022
0.2477408218683060,22,7/18/2022
0.8937676278412480,22,7/25/2022
0.6817025426019300,22,8/1/2022
0.1914627049244210,22,8/8/2022
0.0412942774994604,22,8/15/2022
0.8786984929279120,22,8/22/2022
0.0770685776825396,22,8/29/2022
0.6355382895472240,22,9/5/2022
0.4319536696392590,22,9/12/2022
0.8822758042197090,22,9/19/2022
0.1403165386604380,22,9/26/2022
0.8820190681870020,22,10/3/2022
0.3127425896295790,22,10/10/2022
0.3097406200093630,22,10/17/2022
0.3244456613942170,22,10/24/2022
0.2710202344811550,22,10/31/2022
0.6431582102690650,22,11/7/2022
0.7465692528622250,22,11/14/2022
0.3860864502556070,22,11/21/2022
0.1865345724532080,22,11/28/2022
0.9391906741669350,22,12/5/2022
0.3044334761177160,22,12/12/2022
0.9885988499953700,22,12/19/2022
0.2461178407325530,22,12/26/2022
0.5437258564100170,22,1/2/2023
0.6872665031802520,22,1/9/2023
0.7114654063772570,22,1/16/2023
0.5036160744871330,22,1/23/2023
0.5398367447136160,22,1/30/2023
0.3301600676900030,22,2/6/2023
0.1776317499099320,22,2/13/2023
0.2482505597996460,22,2/20/2023
0.8758381068438290,22,2/27/2023
0.7277449527848460,22,3/6/2023
0.5220900135748830,22,3/13/2023
0.6287725706865730,22,3/20/2023
0.8245389252435760,22,3/27/2023
0.4854696098781100,22,4/3/2023
0.7570796079026030,22,4/10/2023
0.1984231032944230,22,4/17/2023
0.5452238215472750,22,4/24/2023
0.8683449058570660,22,5/1/2023
0.9810760117995060,22,5/8/2023
0.2939147502942070,22,5/15/2023
0.9691586643989420,22,5/22/2023
0.2221300389937100,22,5/29/2023
0.1764406215686020,22,6/5/2023
0.8879701092451950,22,6/12/2023
0.5154889165024460,22,6/19/2023
0.9069436003961480,22,6/26/2023
0.7352092397000480,22,7/3/2023
0.6553132862137870,22,7/10/2023
0.2840409973859000,22,7/17/2023
0.1153930386685310,22,7/24/2023
0.2383461620291500,22,7/31/2023
0.5972903908661210,22,8/7/2023
0.9801395322460970,22,8/14/2023
0.7338402350183120,22,8/21/2023
0.2191213609030120,22,8/28/2023
0.4482767646628840,22,9/4/2023
0.2712850242839010,22,9/11/2023
0.6338584745010030,22,9/18/2023
0.5240956128440120,22,9/25/2023
0.4580083072387750,22,10/2/2023
0.1068075886868660,22,10/9/2023
0.2564486144645190,22,10/16/2023
0.2597686073673710,22,10/23/2023
0.5989020493048750,22,10/30/2023
0.3173832622264270,22,11/6/2023
0.2055929886065980,22,11/13/2023
0.7568959349840210,22,11/20/2023
0.5331970231688020,22,11/27/2023
0.3096753058546100,22,12/4/2023
0.6468285417679260,22,12/11/2023
0.6826651986559360,22,12/18/2023
0.4301732759400070,22,12/25/2023
0.6495986031010120,22,1/1/2024
0.2427964137935810,22,1/8/2024
0.1530572665749960,22,1/15/2024
0.1052577799624010,22,1/22/2024
0.7970829541617490,22,1/29/2024
0.0279876885689569,22,2/5/2024
0.0639633144398307,22,2/12/2024
0.0478833235059571,22,2/19/2024
0.1817259001227420,22,2/26/2024
0.4141380403350630,22,3/4/2024
0.1514567870311430,22,3/11/2024
0.4346142614777860,22,3/18/2024
0.2831384155522230,22,3/25/2024
0.6090298898861900,22,4/1/2024
0.3992053258820650,22,4/8/2024
0.4087959264628920,22,4/15/2024
0.7630130669323380,22,4/22/2024
0.1083718877885870,22,4/29/2024
0.0481304935352568,22,5/6/2024
0.5455087539432060,22,5/13/2024
0.7591849399968100,22,5/20/2024
0.0024116376492503,22,5/27/2024
0.9833357761786490,22,6/3/2024
0.0233076751107905,22,6/10/2024
0.1458688384593700,22,6/17/2024
0.8686966049593310,22,6/24/2024
0.7766952066216420,22,7/1/2024
0.8635036434257630,22,7/8/2024
0.3720060318992000,22,7/15/2024
0.0482503316010832,22,7/22/2024
0.0512676276025934,22,7/29/2024
0.8753497979507690,22,8/5/2024
0.5565460252341410,22,8/12/2024
0.2247532938853460,22,8/19/2024
0.4328890449226460,22,8/26/2024
0.2550152306568940,22,9/2/2024
0.9592735396039670,22,9/9/2024
0.8258180821544460,22,9/16/2024
0.6270042178961220,22,9/23/2024
0.9931685569794160,22,9/30/2024
0.2271553440174330,22,10/7/2024
0.4104520319780750,22,10/14/2024
0.2346548817199460,22,10/21/2024
0.6059126354405410,22,10/28/2024
0.4854151116279310,22,11/4/2024
0.8704886435610750,22,11/11/2024
0.7232823519857520,22,11/18/2024
0.0859588012057027,22,11/25/2024
0.0077499597735100,22,12/2/2024
0.8716955427458030,22,12/9/2024
0.4154014463158980,22,12/16/2024
0.4074444243176510,22,12/23/2024
0.9310241850597350,22,12/30/2024
0.4865861878188330,23,3/1/2021
0.3400873551563030,23,3/8/2021
0.7165952182320420,23,3/15/2021
0.5270563535714300,23,3/22/2021
0.0296633832585554,23,3/29/2021
0.5155318639473220,23,4/5/2021
0.9775814152497040,23,4/12/2021
0.9115812918236260,23,4/19/2021
0.2120166594912030,23,4/26/2021
0.0649992993058864,23,5/3/2021
0.2896879116343950,23,5/10/2021
0.9745133373680170,23,5/17/2021
0.5620788467722220,23,5/24/2021
0.3168717184480410,23,5/31/2021
0.1259175543943010,23,6/7/2021
0.2841188953599330,23,6/14/2021
0.8673889238952270,23,6/21/2021
0.0157354102598811,23,6/28/2021
0.1606688651770070,23,7/5/2021
0.0473818360904177,23,7/12/2021
0.3907443214772200,23,7/19/2021
0.1500745958490750,23,7/26/2021
0.0604830602792352,23,8/2/2021
0.0376878591790020,23,8/9/2021
0.9808989925240160,23,8/16/2021
0.6336835993993550,23,8/23/2021
0.0144975527233172,23,8/30/2021
0.2146698532663770,23,9/6/2021
0.1985419877322480,23,9/13/2021
0.1804550845126230,23,9/20/2021
0.8228047229564360,23,9/27/2021
0.5564211248554990,23,10/4/2021
0.6209635613496360,23,10/11/2021
0.4941599096742260,23,10/18/2021
0.5071852693785310,23,10/25/2021
0.4235880338412670,23,11/1/2021
0.2365187264635480,23,11/8/2021
0.5477338153305210,23,11/15/2021
0.0805542856644173,23,11/22/2021
0.9441422734582260,23,11/29/2021
0.9905038524383980,23,12/6/2021
0.0189213313012309,23,12/13/2021
0.3422331136401630,23,12/20/2021
0.5734054010099780,23,12/27/2021
0.7554498237279970,23,1/3/2022
0.9075704776639700,23,1/10/2022
0.1861259814778050,23,1/17/2022
0.0987725781712308,23,1/24/2022
0.9085722089334300,23,1/31/2022
0.7829162902201380,23,2/7/2022
0.0433395565184227,23,2/14/2022
0.6735359636647800,23,2/21/2022
0.5661796413600550,23,2/28/2022
0.9364655808872390,23,3/7/2022
0.6304110414845360,23,3/14/2022
0.6461368693024140,23,3/21/2022
0.8791365169446340,23,3/28/2022
0.0568615308845555,23,4/4/2022
0.4122663080228870,23,4/11/2022
0.6563747264748050,23,4/18/2022
0.0400749401172237,23,4/25/2022
0.4899574816418840,23,5/2/2022
0.9977605328235690,23,5/9/2022
0.6520898207013810,23,5/16/2022
0.5520796886115530,23,5/23/2022
0.9143049661821800,23,5/30/2022
0.4840513838129470,23,6/6/2022
0.2555035637421900,23,6/13/2022
0.3442368207974210,23,6/20/2022
0.6840875506066200,23,6/27/2022
0.2649639163466600,23,7/4/2022
0.0292842811936773,23,7/11/2022
0.6061864328593600,23,7/18/2022
0.9537957881420170,23,7/25/2022
0.5105262960555310,23,8/1/2022
0.6721974716043300,23,8/8/2022
0.6191678767545280,23,8/15/2022
0.3941443786211690,23,8/22/2022
0.7917599078128230,23,8/29/2022
0.0899843692435527,23,9/5/2022
0.4883162090608720,23,9/12/2022
0.7794149307496400,23,9/19/2022
0.9340544464185350,23,9/26/2022
0.3562936296559320,23,10/3/2022
0.5238319287712670,23,10/10/2022
0.4607517331834760,23,10/17/2022
0.0380425081297686,23,10/24/2022
0.8641461015611530,23,10/31/2022
0.3617125065693730,23,11/7/2022
0.5332479348762370,23,11/14/2022
0.4020233703482070,23,11/21/2022
0.4785257180815360,23,11/28/2022
0.6877195694945460,23,12/5/2022
0.9737780456998950,23,12/12/2022
0.9850991878783020,23,12/19/2022
0.1621822424019370,23,12/26/2022
0.9871433439189070,23,1/2/2023
0.8811571837624340,23,1/9/2023
0.9667404569031300,23,1/16/2023
0.1174287112343390,23,1/23/2023
0.9631082014882250,23,1/30/2023
0.3485028004580050,23,2/6/2023
0.1993063725604920,23,2/13/2023
0.3210081407710420,23,2/20/2023
0.5291822772469420,23,2/27/2023
0.3971990659655110,23,3/6/2023
0.4943049948006360,23,3/13/2023
0.4419997843986230,23,3/20/2023
0.9547101568493730,23,3/27/2023
0.7243283171121790,23,4/3/2023
0.4937978295123330,23,4/10/2023
0.7241388989249540,23,4/17/2023
0.2873690942806710,23,4/24/2023
0.5914642545253000,23,5/1/2023
0.8740722875395610,23,5/8/2023
0.2081266097112460,23,5/15/2023
0.9793113007598330,23,5/22/2023
0.2254444454273320,23,5/29/2023
0.9524337712878280,23,6/5/2023
0.3151289799904530,23,6/12/2023
0.2313914355050850,23,6/19/2023
0.8096252942521750,23,6/26/2023
0.9751817006485380,23,7/3/2023
0.8248036546219660,23,7/10/2023
0.2413400989527490,23,7/17/2023
0.0228763092564924,23,7/24/2023
0.4347383697421690,23,7/31/2023
0.6678681736529280,23,8/7/2023
0.7119444592072190,23,8/14/2023
0.0909444729180777,23,8/21/2023
0.6283140364935410,23,8/28/2023
0.6073809479228410,23,9/4/2023
0.1916481550007940,23,9/11/2023
0.5722343944299730,23,9/18/2023
0.0464213961815048,23,9/25/2023
0.3402737541310090,23,10/2/2023
0.5032412420261260,23,10/9/2023
0.5904989294794660,23,10/16/2023
0.7122313187546870,23,10/23/2023
0.4078264324597070,23,10/30/2023
0.1646974287144490,23,11/6/2023
0.4532288901708750,23,11/13/2023
0.8624006110588550,23,11/20/2023
0.1315420326690330,23,11/27/2023
0.8545766910430070,23,12/4/2023
0.6084814893325840,23,12/11/2023
0.7864445974625380,23,12/18/2023
0.2259229775727480,23,12/25/2023
0.5463410807099300,23,1/1/2024
0.3860633547970250,23,1/8/2024
0.5360305536282670,23,1/15/2024
0.8745717752446870,23,1/22/2024
0.8716047443641350,23,1/29/2024
0.5514066241911400,23,2/5/2024
0.2790362653126970,23,2/12/2024
0.0279177729520871,23,2/19/2024
0.3054217830300520,23,2/26/2024
0.3857983115363250,23,3/4/2024
0.9097771335830390,23,3/11/2024
0.0561170886484733,23,3/18/2024
0.2362149946124030,23,3/25/2024
0.0198592240324430,23,4/1/2024
0.0562066276391917,23,4/8/2024
0.4669356105793030,23,4/15/2024
0.4597277431826880,23,4/22/2024
0.5253406151662670,23,4/29/2024
0.0368181556153403,23,5/6/2024
0.8610404804271110,23,5/13/2024
0.8209070528864190,23,5/20/2024
0.5347439843757820,23,5/27/2024
0.3121635674590570,23,6/3/2024
0.4743202790378570,23,6/10/2024
0.2920054366770050,23,6/17/2024
0.0837512655648094,23,6/24/2024
0.1325919090262040,23,7/1/2024
0.7815313387665630,23,7/8/2024
0.7323423963601010,23,7/15/2024
0.7943350400540930,23,7/22/2024
0.5714301176052660,23,7/29/2024
0.6134224594938510,23,8/5/2024
0.9079886857343200,23,8/12/2024
0.3677866448443180,23,8/19/2024
0.4870468815366770,23,8/26/2024
0.6071827359815220,23,9/2/2024
0.2971984174507530,23,9/9/2024
0.0200958148323306,23,9/16/2024
0.4345171849408490,23,9/23/2024
0.2937186655280600,23,9/30/2024
0.7840471035448320,23,10/7/2024
0.5475756909510870,23,10/14/2024
0.7706998917381850,23,10/21/2024
0.8376109057929400,23,10/28/2024
0.1888840547239010,23,11/4/2024
0.4215795935850860,23,11/11/2024
0.8741749783851670,23,11/18/2024
0.2757475608799250,23,11/25/2024
0.0377439588046861,23,12/2/2024
0.1800640100319210,23,12/9/2024
0.0153965516735345,23,12/16/2024
0.5513591546776450,23,12/23/2024
0.6389838054767680,23,12/30/2024
0.2073113377087080,24,3/1/2021
0.6960556417060300,24,3/8/2021
0.1665537211219000,24,3/15/2021
0.2193395160040220,24,3/22/2021
0.3668674424018420,24,3/29/2021
0.1575554051978110,24,4/5/2021
0.2152634693472210,24,4/12/2021
0.4439229796170310,24,4/19/2021
0.4207789679905650,24,4/26/2021
0.0555643580203699,24,5/3/2021
0.6566217959574060,24,5/10/2021
0.4235758771794020,24,5/17/2021
0.3161028688423770,24,5/24/2021
0.7462210031323540,24,5/31/2021
0.3642596499601440,24,6/7/2021
0.8515343147625390,24,6/14/2021
0.8049936492602930,24,6/21/2021
0.7880510317380290,24,6/28/2021
0.3066634159858090,24,7/5/2021
0.7286352938731540,24,7/12/2021
0.9653711631664280,24,7/19/2021
0.9004399839514880,24,7/26/2021
0.6358164744837310,24,8/2/2021
0.2465311146123480,24,8/9/2021
0.0844465090682445,24,8/16/2021
0.3840333585930160,24,8/23/2021
0.2327229496018020,24,8/30/2021
0.0779376100209155,24,9/6/2021
0.3242954359255980,24,9/13/2021
0.2668385734438010,24,9/20/2021
0.4766089787665490,24,9/27/2021
0.6366127341403430,24,10/4/2021
0.0149960612624704,24,10/11/2021
0.1414465050595160,24,10/18/2021
0.9207165015128080,24,10/25/2021
0.4796297765371920,24,11/1/2021
0.4884251413519180,24,11/8/2021
0.1668249955962420,24,11/15/2021
0.7100551166052570,24,11/22/2021
0.1751579075406580,24,11/29/2021
0.5739872220823390,24,12/6/2021
0.0481629860986058,24,12/13/2021
0.6570611530974960,24,12/20/2021
0.5103634490646430,24,12/27/2021
0.3250141298874210,24,1/3/2022
0.2312819536322360,24,1/10/2022
0.5961738939505660,24,1/17/2022
0.2437210822850480,24,1/24/2022
0.9241313155206650,24,1/31/2022
0.5693371353091230,24,2/7/2022
0.9910853310095760,24,2/14/2022
0.9581657063078330,24,2/21/2022
0.2262031106186460,24,2/28/2022
0.5829813643387300,24,3/7/2022
0.0681893132801927,24,3/14/2022
0.4548037727417340,24,3/21/2022
0.5010617643876680,24,3/28/2022
0.7062961082944780,24,4/4/2022
0.1857027668134270,24,4/11/2022
0.1525406332238350,24,4/18/2022
0.0352458675873473,24,4/25/2022
0.7900122078267430,24,5/2/2022
0.5498747663337720,24,5/9/2022
0.8482698167670880,24,5/16/2022
0.7718796596079230,24,5/23/2022
0.7624738673562340,24,5/30/2022
0.0473138465333328,24,6/6/2022
0.4663443791153060,24,6/13/2022
0.1155436878860930,24,6/20/2022
0.1940911080197260,24,6/27/2022
0.0059065035845914,24,7/4/2022
0.7293231230202010,24,7/11/2022
0.9458054397548910,24,7/18/2022
0.4794119117123610,24,7/25/2022
0.8011056778130160,24,8/1/2022
0.3809054756458890,24,8/8/2022
0.6129337804080080,24,8/15/2022
0.4993709016508620,24,8/22/2022
0.1035458366452070,24,8/29/2022
0.2138189046973780,24,9/5/2022
0.5506832241610980,24,9/12/2022
0.5734897403855280,24,9/19/2022
0.8817881848962700,24,9/26/2022
0.4197667980985930,24,10/3/2022
0.9959463919181950,24,10/10/2022
0.8440843225136020,24,10/17/2022
0.4548923479095850,24,10/24/2022
0.7174231332733970,24,10/31/2022
0.0379584534179649,24,11/7/2022
0.8149712979635160,24,11/14/2022
0.7425012683437270,24,11/21/2022
0.4070436736761810,24,11/28/2022
0.7595953171302220,24,12/5/2022
0.9717542855874280,24,12/12/2022
0.2418088510886810,24,12/19/2022
0.8571041975915990,24,12/26/2022
0.6076884669679590,24,1/2/2023
0.3863720299624790,24,1/9/2023
0.3144651084395330,24,1/16/2023
0.4067157004169210,24,1/23/2023
0.6290930610806600,24,1/30/2023
0.8324377133049420,24,2/6/2023
0.7048464421633670,24,2/13/2023
0.7816618014299430,24,2/20/2023
0.6034549139970590,24,2/27/2023
0.7954707628689210,24,3/6/2023
0.7154227887011040,24,3/13/2023
0.9510551493218480,24,3/20/2023
0.8825240119586540,24,3/27/2023
0.8914188847641410,24,4/3/2023
0.1200871480906220,24,4/10/2023
0.4049274420358380,24,4/17/2023
0.1447290349899990,24,4/24/2023
0.3135399945846040,24,5/1/2023
0.8909668906450900,24,5/8/2023
0.7720516116322570,24,5/15/2023
0.1945804658912220,24,5/22/2023
0.5728250697941660,24,5/29/2023
0.9798468799511870,24,6/5/2023
0.5129042959696600,24,6/12/2023
0.0510440056807887,24,6/19/2023
0.3556206365199400,24,6/26/2023
0.8152648996354140,24,7/3/2023
0.6110729100846740,24,7/10/2023
0.2065725003789300,24,7/17/2023
0.3971186176942080,24,7/24/2023
0.8242653380297870,24,7/31/2023
0.3768338459379900,24,8/7/2023
0.9815641815541080,24,8/14/2023
0.9057334183109400,24,8/21/2023
0.3954020036235510,24,8/28/2023
0.4043385357032960,24,9/4/2023
0.3756321698084940,24,9/11/2023
0.1771711059784650,24,9/18/2023
0.5238717016154160,24,9/25/2023
0.3575224864056780,24,10/2/2023
0.4488720238577510,24,10/9/2023
0.5847660157700500,24,10/16/2023
0.0727949737316065,24,10/23/2023
0.8734780909816160,24,10/30/2023
0.0379257075535162,24,11/6/2023
0.1455971317207100,24,11/13/2023
0.8333567264815320,24,11/20/2023
0.9585282262272400,24,11/27/2023
0.8687234370366080,24,12/4/2023
0.4611054804437860,24,12/11/2023
0.3687079664263110,24,12/18/2023
0.3958284538399550,24,12/25/2023
0.1161779586015980,24,1/1/2024
0.2928484371509530,24,1/8/2024
0.0573364244078517,24,1/15/2024
0.6103127384952510,24,1/22/2024
0.2820588301593130,24,1/29/2024
0.2351098186657690,24,2/5/2024
0.7067929634669660,24,2/12/2024
0.2453760257871090,24,2/19/2024
0.5195931133203030,24,2/26/2024
0.1722524295426890,24,3/4/2024
0.3853826821381640,24,3/11/2024
0.9328598229151350,24,3/18/2024
0.3009925482336010,24,3/25/2024
0.6305925718465300,24,4/1/2024
0.2889067418273230,24,4/8/2024
0.0982549420887076,24,4/15/2024
0.3016300252784200,24,4/22/2024
0.5946875613157570,24,4/29/2024
0.8554587452694260,24,5/6/2024
0.3049160770749210,24,5/13/2024
0.0947823078202792,24,5/20/2024
0.2634365619212730,24,5/27/2024
0.1502031889505040,24,6/3/2024
0.9746625372200610,24,6/10/2024
0.0675137556164276,24,6/17/2024
0.8398147966192270,24,6/24/2024
0.0763898701699488,24,7/1/2024
0.2124974734062870,24,7/8/2024
0.0842558056931974,24,7/15/2024
0.2659766105606880,24,7/22/2024
0.7028537042244200,24,7/29/2024
0.4836425344178790,24,8/5/2024
0.7824717911313460,24,8/12/2024
0.7248265113401620,24,8/19/2024
0.3898087499847370,24,8/26/2024
0.2716922732223600,24,9/2/2024
0.4100172789738420,24,9/9/2024
0.7391271686493590,24,9/16/2024
0.2373349311351930,24,9/23/2024
0.6280638602685140,24,9/30/2024
0.3205798512032130,24,10/7/2024
0.9285797648818020,24,10/14/2024
0.2683077034767180,24,10/21/2024
0.7273905448824330,24,10/28/2024
0.7887690462237000,24,11/4/2024
0.4388601896257480,24,11/11/2024
0.9610177738590070,24,11/18/2024
0.3991120889091240,24,11/25/2024
0.7372720062671450,24,12/2/2024
0.0721247149362265,24,12/9/2024
0.7306788034805320,24,12/16/2024
0.5365856076599670,24,12/23/2024
0.6889975877760110,24,12/30/2024
0.5781954498663320,25,3/1/2021
0.6474359698336150,25,3/8/2021
0.0688168214182177,25,3/15/2021
0.8845478969285560,25,3/22/2021
0.1066615474458460,25,3/29/2021
0.7001127835718960,25,4/5/2021
0.7857404960265790,25,4/12/2021
0.1193543902269880,25,4/19/2021
0.9541887134717040,25,4/26/2021
0.6818974999307040,25,5/3/2021
0.6190721978946710,25,5/10/2021
0.0401572385530556,25,5/17/2021
0.8176655639748740,25,5/24/2021
0.6890466462595060,25,5/31/2021
0.7787102158989160,25,6/7/2021
0.2435241580271640,25,6/14/2021
0.4935559995280010,25,6/21/2021
0.9809145016373560,25,6/28/2021
0.8981108041800390,25,7/5/2021
0.5910761690655670,25,7/12/2021
0.6750306815858970,25,7/19/2021
0.4625869828055770,25,7/26/2021
0.8882151515557010,25,8/2/2021
0.0146789629527526,25,8/9/2021
0.3480051682462110,25,8/16/2021
0.0591336027042110,25,8/23/2021
0.1437697258566580,25,8/30/2021
0.7129035650504360,25,9/6/2021
0.4380523948323400,25,9/13/2021
0.4133911191207470,25,9/20/2021
0.6028172087192530,25,9/27/2021
0.1879080427531060,25,10/4/2021
0.3226728340638390,25,10/11/2021
0.1616036180891970,25,10/18/2021
0.6756305613071740,25,10/25/2021
0.0492034217344906,25,11/1/2021
0.4457605966532850,25,11/8/2021
0.8604957749539610,25,11/15/2021
0.2467347216035640,25,11/22/2021
0.2472825726554490,25,11/29/2021
0.3791612260689040,25,12/6/2021
0.2961381755713540,25,12/13/2021
0.1624902347601370,25,12/20/2021
0.1568894219638780,25,12/27/2021
0.4473149608058140,25,1/3/2022
0.8490767983245750,25,1/10/2022
0.2220368568542540,25,1/17/2022
0.9595321984333620,25,1/24/2022
0.1355692270036300,25,1/31/2022
0.9506574903852080,25,2/7/2022
0.1369218031940510,25,2/14/2022
0.4030619036087670,25,2/21/2022
0.7282393561331920,25,2/28/2022
0.5515571766352810,25,3/7/2022
0.5157946167444020,25,3/14/2022
0.7890532254186710,25,3/21/2022
0.5489057975188020,25,3/28/2022
0.0480735205336837,25,4/4/2022
0.1175900178551310,25,4/11/2022
0.1842804901544240,25,4/18/2022
0.0900099588628967,25,4/25/2022
0.2229439781191880,25,5/2/2022
0.4611021691567590,25,5/9/2022
0.7440551684321530,25,5/16/2022
0.6318392946902890,25,5/23/2022
0.2322531908900730,25,5/30/2022
0.9484305894400310,25,6/6/2022
0.8828133205360220,25,6/13/2022
0.8212878330663480,25,6/20/2022
0.9055481195596780,25,6/27/2022
0.7100758012484520,25,7/4/2022
0.8121735354144100,25,7/11/2022
0.4358387652379860,25,7/18/2022
0.0566361863191723,25,7/25/2022
0.7219298228065460,25,8/1/2022
0.6604858664877180,25,8/8/2022
0.1408852553568390,25,8/15/2022
0.3055871870119020,25,8/22/2022
0.4612811797240560,25,8/29/2022
0.3142067961464300,25,9/5/2022
0.8921506098752390,25,9/12/2022
0.2443768493848510,25,9/19/2022
0.3264872045359120,25,9/26/2022
0.7902803966552230,25,10/3/2022
0.6471953374661530,25,10/10/2022
0.5114787166972050,25,10/17/2022
0.2454434027294670,25,10/24/2022
0.3024516409745770,25,10/31/2022
0.1185928991029570,25,11/7/2022
0.4955996034012520,25,11/14/2022
0.3705927414076180,25,11/21/2022
0.7967418301949460,25,11/28/2022
0.3889783940313000,25,12/5/2022
0.3103349477440830,25,12/12/2022
0.3472758725389820,25,12/19/2022
0.1277645794114130,25,12/26/2022
0.3108650380675870,25,1/2/2023
0.5673424199472290,25,1/9/2023
0.4858627879801530,25,1/16/2023
0.8174733743533550,25,1/23/2023
0.0442424307475113,25,1/30/2023
0.4362931838027010,25,2/6/2023
0.2819170825200440,25,2/13/2023
0.8929040566761690,25,2/20/2023
0.7463847159773990,25,2/27/2023
0.7882800684531890,25,3/6/2023
0.0123011687367125,25,3/13/2023
0.9887243793548570,25,3/20/2023
0.2994344868616290,25,3/27/2023
0.5471327953544430,25,4/3/2023
0.4442525854111670,25,4/10/2023
0.5817714743253270,25,4/17/2023
0.6229008025844940,25,4/24/2023
0.8256716913214920,25,5/1/2023
0.2166469923784100,25,5/8/2023
0.6759596664824600,25,5/15/2023
0.9143141439477870,25,5/22/2023
0.3833534873219930,25,5/29/2023
0.4166887333469030,25,6/5/2023
0.0942733551055208,25,6/12/2023
0.8879802711031950,25,6/19/2023
0.6116255649001820,25,6/26/2023
0.3462791961766090,25,7/3/2023
0.2871022788087170,25,7/10/2023
0.5234113008789800,25,7/17/2023
0.1770137041685990,25,7/24/2023
0.9850310832503460,25,7/31/2023
0.1886393575763130,25,8/7/2023
0.4408584161295620,25,8/14/2023
0.2893600472504050,25,8/21/2023
0.2667336321866520,25,8/28/2023
0.7301000176596620,25,9/4/2023
0.7882431970823530,25,9/11/2023
0.3643875388409710,25,9/18/2023
0.3451958831323610,25,9/25/2023
0.5458322653235930,25,10/2/2023
0.9873203177476900,25,10/9/2023
0.1623282281153590,25,10/16/2023
0.8726122679425150,25,10/23/2023
0.5603434935034520,25,10/30/2023
0.5091474195206530,25,11/6/2023
0.5209499250606840,25,11/13/2023
0.6014720247895990,25,11/20/2023
0.0606666022259668,25,11/27/2023
0.0062824153013587,25,12/4/2023
0.6047241543002510,25,12/11/2023
0.6410729869104950,25,12/18/2023
0.1564380489634410,25,12/25/2023
0.4288581033825770,25,1/1/2024
0.3470034686499940,25,1/8/2024
0.4504738130178890,25,1/15/2024
0.6351225503968180,25,1/22/2024
0.7472141835732750,25,1/29/2024
0.5463460918995140,25,2/5/2024
0.7076578807628400,25,2/12/2024
0.4903378962810530,25,2/19/2024
0.5399312071164650,25,2/26/2024
0.9582235437136920,25,3/4/2024
0.6369193995512970,25,3/11/2024
0.5493266137227730,25,3/18/2024
0.8193708865663270,25,3/25/2024
0.4899800005686310,25,4/1/2024
0.3166644230417360,25,4/8/2024
0.6618673262529100,25,4/15/2024
0.8346813165630250,25,4/22/2024
0.8290399178607980,25,4/29/2024
0.5870704278259810,25,5/6/2024
0.7765307127087760,25,5/13/2024
0.8171146283442330,25,5/20/2024
0.0120619129920271,25,5/27/2024
0.2950380916895110,25,6/3/2024
0.2502618356062850,25,6/10/2024
0.2879507243387130,25,6/17/2024
0.8256966386555730,25,6/24/2024
0.6160830262727540,25,7/1/2024
0.4722134565962300,25,7/8/2024
0.2643236148731880,25,7/15/2024
0.1407987683481790,25,7/22/2024
0.1854397566039700,25,7/29/2024
0.6052505620446780,25,8/5/2024
0.7878477610069300,25,8/12/2024
0.0806692430699549,25,8/19/2024
0.9338364603925700,25,8/26/2024
0.6738738743432850,25,9/2/2024
0.2754938330160400,25,9/9/2024
0.4079049609106950,25,9/16/2024
0.0365139756437427,25,9/23/2024
0.4609138733179340,25,9/30/2024
0.1276225142769140,25,10/7/2024
0.9227901639282740,25,10/14/2024
0.9105330356676290,25,10/21/2024
0.0963404054708588,25,10/28/2024
0.4543445144929730,25,11/4/2024
0.5786445922804380,25,11/11/2024
0.6554766951456240,25,11/18/2024
0.2867293540491910,25,11/25/2024
0.6467655228261210,25,12/2/2024
0.1833940674943850,25,12/9/2024
0.2463826721894530,25,12/16/2024
0.2783240188777340,25,12/23/2024
0.6731837845521140,25,12/30/2024
0.6592241986075120,26,3/1/2021
0.9240116588147340,26,3/8/2021
0.0567854364953073,26,3/15/2021
0.7128838504692750,26,3/22/2021
0.5709167792684650,26,3/29/2021
0.1064924443194770,26,4/5/2021
0.2031386856962500,26,4/12/2021
0.4186934996516470,26,4/19/2021
0.0239438711245586,26,4/26/2021
0.6797766465622730,26,5/3/2021
0.7504784788387400,26,5/10/2021
0.7927293223242020,26,5/17/2021
0.0314299143493682,26,5/24/2021
0.0481446879844220,26,5/31/2021
0.7583566154366600,26,6/7/2021
0.8559519735527710,26,6/14/2021
0.7083183739712370,26,6/21/2021
0.0078994459200072,26,6/28/2021
0.0924277234054858,26,7/5/2021
0.1696922656897880,26,7/12/2021
0.8024027496447240,26,7/19/2021
0.3889976946702470,26,7/26/2021
0.9161492170276630,26,8/2/2021
0.2971596457043500,26,8/9/2021
0.6161519188846500,26,8/16/2021
0.8428236993983950,26,8/23/2021
0.3085894054929370,26,8/30/2021
0.3183628651671800,26,9/6/2021
0.9330641887242370,26,9/13/2021
0.1929100729710850,26,9/20/2021
0.0843852930276461,26,9/27/2021
0.6214870879994520,26,10/4/2021
0.4680308103675780,26,10/11/2021
0.6408208430369160,26,10/18/2021
0.4586627469480150,26,10/25/2021
0.4560812847857360,26,11/1/2021
0.4258559738610470,26,11/8/2021
0.5128828347289500,26,11/15/2021
0.7253103281998370,26,11/22/2021
0.6173124596049560,26,11/29/2021
0.8256349442107160,26,12/6/2021
0.0425627191109654,26,12/13/2021
0.7540700509504080,26,12/20/2021
0.0772356732149242,26,12/27/2021
0.6485650124282970,26,1/3/2022
0.8552971540096060,26,1/10/2022
0.1221367906961790,26,1/17/2022
0.6208187135439820,26,1/24/2022
0.8822295487126850,26,1/31/2022
0.5766945027881720,26,2/7/2022
0.8844896959095100,26,2/14/2022
0.6774362398800260,26,2/21/2022
0.4673883526701870,26,2/28/2022
0.3126991152644680,26,3/7/2022
0.3433523224500490,26,3/14/2022
0.9143756569314650,26,3/21/2022
0.1857929637727620,26,3/28/2022
0.0885077540309279,26,4/4/2022
0.8005504937050940,26,4/11/2022
0.4165529866311390,26,4/18/2022
0.2864099249595100,26,4/25/2022
0.1994205738850030,26,5/2/2022
0.5240493583927330,26,5/9/2022
0.0675050578309466,26,5/16/2022
0.3160918183697260,26,5/23/2022
0.8640053391771850,26,5/30/2022
0.4703450334970310,26,6/6/2022
0.9366433250443950,26,6/13/2022
0.6267507714855460,26,6/20/2022
0.7813921883054490,26,6/27/2022
0.1807547884849630,26,7/4/2022
0.1590578563029120,26,7/11/2022
0.0234830914392971,26,7/18/2022
0.4445151886005220,26,7/25/2022
0.0173578718727559,26,8/1/2022
0.1922861217548020,26,8/8/2022
0.5630849486865530,26,8/15/2022
0.9871011817435830,26,8/22/2022
0.5318616970170040,26,8/29/2022
0.8604952664750880,26,9/5/2022
0.2377711506825800,26,9/12/2022
0.8020682736159940,26,9/19/2022
0.1095738883459530,26,9/26/2022
0.4879527110934850,26,10/3/2022
0.7737730277166290,26,10/10/2022
0.5697646959007130,26,10/17/2022
0.4258671917706350,26,10/24/2022
0.0740709668422359,26,10/31/2022
0.4571523873152370,26,11/7/2022
0.9408221458929010,26,11/14/2022
0.0131682328481655,26,11/21/2022
0.2266656942505700,26,11/28/2022
0.8363008830167290,26,12/5/2022
0.6103031544685850,26,12/12/2022
0.9265318984274010,26,12/19/2022
0.8886166765235070,26,12/26/2022
0.9530388401066840,26,1/2/2023
0.1863818603630610,26,1/9/2023
0.4923766730138020,26,1/16/2023
0.8138875558936420,26,1/23/2023
0.9370761790335840,26,1/30/2023
0.2331269362361910,26,2/6/2023
0.3126907651902720,26,2/13/2023
0.4752644741643570,26,2/20/2023
0.0270208494628916,26,2/27/2023
0.8364792798032350,26,3/6/2023
0.3753552107638840,26,3/13/2023
0.3757775116103580,26,3/20/2023
0.2637160290758850,26,3/27/2023
0.0569434272940527,26,4/3/2023
0.8030301702867630,26,4/10/2023
0.0977020259440238,26,4/17/2023
0.2989710641760650,26,4/24/2023
0.8002730787498960,26,5/1/2023
0.5776332889347300,26,5/8/2023
0.1560517102008560,26,5/15/2023
0.2534486303894260,26,5/22/2023
0.5116500757686630,26,5/29/2023
0.3352166511441540,26,6/5/2023
0.4437999931548880,26,6/12/2023
0.7474618805100880,26,6/19/2023
0.9598114909668060,26,6/26/2023
0.2859750669635230,26,7/3/2023
0.9149768087746690,26,7/10/2023
0.0969797151848443,26,7/17/2023
0.8342903356217020,26,7/24/2023
0.1736461012363570,26,7/31/2023
0.6592397199459760,26,8/7/2023
0.2704170445792600,26,8/14/2023
0.9753199437308660,26,8/21/2023
0.7433437832189790,26,8/28/2023
0.3231675410809940,26,9/4/2023
0.2631098957791050,26,9/11/2023
0.2869244449763920,26,9/18/2023
0.0174117720506769,26,9/25/2023
0.2290468345273800,26,10/2/2023
0.7226137893055360,26,10/9/2023
0.7414954875926580,26,10/16/2023
0.2069178654107710,26,10/23/2023
0.9032469442192240,26,10/30/2023
0.0829897404398892,26,11/6/2023
0.4985335848726690,26,11/13/2023
0.0364735251032130,26,11/20/2023
0.2166096529524900,26,11/27/2023
0.0790556811854339,26,12/4/2023
0.1410972742128670,26,12/11/2023
0.6871845720970460,26,12/18/2023
0.0385330226007397,26,12/25/2023
0.3603132513848280,26,1/1/2024
0.2293533631685420,26,1/8/2024
0.8507243625003390,26,1/15/2024
0.9311227913907120,26,1/22/2024
0.2549747980651620,26,1/29/2024
0.9251077470112650,26,2/5/2024
0.5628291857686960,26,2/12/2024
0.9277936336549210,26,2/19/2024
0.3142052153075830,26,2/26/2024
0.1814997817683980,26,3/4/2024
0.8057253399692050,26,3/11/2024
0.3657472201859010,26,3/18/2024
0.2303091749909770,26,3/25/2024
0.6584796388217610,26,4/1/2024
0.4267676950064400,26,4/8/2024
0.7212827968615580,26,4/15/2024
0.3941244143970600,26,4/22/2024
0.0509409044437300,26,4/29/2024
0.6232302664974390,26,5/6/2024
0.6074730569321300,26,5/13/2024
0.7998474873790960,26,5/20/2024
0.0369823414377840,26,5/27/2024
0.7788280176372360,26,6/3/2024
0.6982053864135210,26,6/10/2024
0.6394695129187190,26,6/17/2024
0.1907092842693630,26,6/24/2024
0.9786062666472090,26,7/1/2024
0.3546905265400770,26,7/8/2024
0.1403363202787220,26,7/15/2024
0.0532783496411526,26,7/22/2024
0.8497480865392150,26,7/29/2024
0.0122291803161785,26,8/5/2024
0.6356668825759550,26,8/12/2024
0.9248252100649450,26,8/19/2024
0.0579371786708247,26,8/26/2024
0.1024235351189420,26,9/2/2024
0.7441675502347870,26,9/9/2024
0.4363875703741400,26,9/16/2024
0.5491030998509790,26,9/23/2024
0.0011879291051826,26,9/30/2024
0.9266487163995600,26,10/7/2024
0.9150043796957670,26,10/14/2024
0.5750060391890060,26,10/21/2024
0.1967302278153170,26,10/28/2024
0.9519241890452160,26,11/4/2024
0.5280464733253460,26,11/11/2024
0.9803443905314150,26,11/18/2024
0.6657983207065480,26,11/25/2024
0.4897289374655500,26,12/2/2024
0.1233656529468720,26,12/9/2024
0.7983155235264200,26,12/16/2024
0.2167399702782860,26,12/23/2024
0.8235252289434000,26,12/30/2024
0.2091985856819590,27,3/1/2021
0.2779821211706600,27,3/8/2021
0.7037963889489990,27,3/15/2021
0.3592643498907820,27,3/22/2021
0.0755359966473259,27,3/29/2021
0.7497090977864660,27,4/5/2021
0.1919972475224090,27,4/12/2021
0.8381667403206280,27,4/19/2021
0.4084726757120190,27,4/26/2021
0.8931285326845870,27,5/3/2021
0.0809399991824023,27,5/10/2021
0.7557414463600120,27,5/17/2021
0.7293571363463950,27,5/24/2021
0.9095748578472090,27,5/31/2021
0.1713720051449150,27,6/7/2021
0.2554105965983760,27,6/14/2021
0.8645172471266910,27,6/21/2021
0.1246326132685250,27,6/28/2021
0.4654860349696130,27,7/5/2021
0.1958096074103530,27,7/12/2021
0.2412033714364310,27,7/19/2021
0.8018391902287440,27,7/26/2021
0.3829589944208480,27,8/2/2021
0.8009646152929840,27,8/9/2021
0.9086806364368240,27,8/16/2021
0.4174450471968820,27,8/23/2021
0.9595344716488760,27,8/30/2021
0.6398256834282380,27,9/6/2021
0.8407006816227930,27,9/13/2021
0.8220248304745980,27,9/20/2021
0.8920782292554550,27,9/27/2021
0.3992237397022050,27,10/4/2021
0.6333783541978360,27,10/11/2021
0.0099982913209284,27,10/18/2021
0.7325935503601800,27,10/25/2021
0.1130912560193860,27,11/1/2021
0.0682391891499337,27,11/8/2021
0.9856935208668060,27,11/15/2021
0.1264976683823100,27,11/22/2021
0.8477989044743290,27,11/29/2021
0.7296733424229730,27,12/6/2021
0.3552218894116200,27,12/13/2021
0.8648816434845760,27,12/20/2021
0.1175110754518680,27,12/27/2021
0.1077108768872530,27,1/3/2022
0.9970282037833710,27,1/10/2022
0.3746751645960280,27,1/17/2022
0.6598499341991530,27,1/24/2022
0.5175896251309000,27,1/31/2022
0.7338325145640250,27,2/7/2022
0.3322401183353020,27,2/14/2022
0.9620135955579300,27,2/21/2022
0.5857490127356380,27,2/28/2022
0.4513261613806810,27,3/7/2022
0.9036362183485960,27,3/14/2022
0.2424536794498550,27,3/21/2022
0.3917835352328320,27,3/28/2022
0.9836840425795950,27,4/4/2022
0.1858746167331510,27,4/11/2022
0.1026442947787220,27,4/18/2022
0.4844070815483820,27,4/25/2022
0.8206474456445800,27,5/2/2022
0.3492798006850430,27,5/9/2022
0.2859756110980530,27,5/16/2022
0.8957903966923230,27,5/23/2022
0.6047400875748890,27,5/30/2022
0.3585872513610340,27,6/6/2022
0.0738685582973782,27,6/13/2022
0.1840308256578400,27,6/20/2022
0.3555615371984020,27,6/27/2022
0.0738818144263760,27,7/4/2022
0.0917925045323360,27,7/11/2022
0.5047385236495270,27,7/18/2022
0.6483587681026450,27,7/25/2022
0.4257987300462150,27,8/1/2022
0.1988580348188440,27,8/8/2022
0.7989539672237850,27,8/15/2022
0.9245027547936680,27,8/22/2022
0.0414228816182598,27,8/29/2022
0.5520990478082470,27,9/5/2022
0.0294926862927164,27,9/12/2022
0.0046104786879853,27,9/19/2022
0.5379579918697030,27,9/26/2022
0.9184255935951960,27,10/3/2022
0.6689801467767200,27,10/10/2022
0.7196743898190700,27,10/17/2022
0.1009637380095340,27,10/24/2022
0.3917307823919830,27,10/31/2022
0.2688487004801110,27,11/7/2022
0.6338281611383420,27,11/14/2022
0.5746611812871780,27,11/21/2022
0.6784708423425070,27,11/28/2022
0.5292343721781710,27,12/5/2022
0.8368088352143180,27,12/12/2022
0.2358389604604180,27,12/19/2022
0.7563664768035700,27,12/26/2022
0.7184890145408840,27,1/2/2023
0.1120252706606930,27,1/9/2023
0.5597063655492920,27,1/16/2023
0.0913518095874529,27,1/23/2023
0.2111188697648220,27,1/30/2023
0.3744086536335070,27,2/6/2023
0.7276503338613960,27,2/13/2023
0.5968837619645460,27,2/20/2023
0.4887980589569550,27,2/27/2023
0.2763453906966750,27,3/6/2023
0.7667123446056910,27,3/13/2023
0.6635367917718450,27,3/20/2023
0.8154045937544290,27,3/27/2023
0.7008148218207150,27,4/3/2023
0.8572680516749690,27,4/10/2023
0.2329759327209140,27,4/17/2023
0.2793442710758190,27,4/24/2023
0.6406879776304000,27,5/1/2023
0.1837948580789460,27,5/8/2023
0.8112357959273630,27,5/15/2023
0.2949384189336410,27,5/22/2023
0.2152102419025350,27,5/29/2023
0.2445444213468650,27,6/5/2023
0.6200073532573170,27,6/12/2023
0.6858252047153090,27,6/19/2023
0.5822292784507680,27,6/26/2023
0.0539734746378103,27,7/3/2023
0.7468695430863350,27,7/10/2023
0.2899559388255770,27,7/17/2023
0.0539436047705483,27,7/24/2023
0.7835696166510990,27,7/31/2023
0.5639562299117940,27,8/7/2023
0.4299396184891890,27,8/14/2023
0.7076540102936220,27,8/21/2023
0.1938139166781210,27,8/28/2023
0.0248056858256770,27,9/4/2023
0.8582370799718970,27,9/11/2023
0.8521575205194460,27,9/18/2023
0.7346055840776130,27,9/25/2023
0.8625073049888740,27,10/2/2023
0.0717604269071921,27,10/9/2023
0.2744682888131800,27,10/16/2023
0.2395969347451370,27,10/23/2023
0.2403803364423790,27,10/30/2023
0.9791102343611990,27,11/6/2023
0.3979930103266450,27,11/13/2023
0.3331994727050880,27,11/20/2023
0.9881722271979790,27,11/27/2023
0.2987943203410880,27,12/4/2023
0.1524102814285740,27,12/11/2023
0.4085328735723310,27,12/18/2023
0.5624794505032690,27,12/25/2023
0.7981924189085740,27,1/1/2024
0.6328379612902900,27,1/8/2024
0.4444445895344390,27,1/15/2024
0.2444699169469470,27,1/22/2024
0.5645217285315510,27,1/29/2024
0.6402292728753790,27,2/5/2024
0.4666395382257270,27,2/12/2024
0.5545083044339290,27,2/19/2024
0.3725923741662650,27,2/26/2024
0.2585054244536440,27,3/4/2024
0.7799239907129460,27,3/11/2024
0.1651125769867520,27,3/18/2024
0.2609738472171620,27,3/25/2024
0.8689119432150620,27,4/1/2024
0.2020089478089240,27,4/8/2024
0.3842712292788140,27,4/15/2024
0.5230902039959930,27,4/22/2024
0.6062706542243180,27,4/29/2024
0.1557105264751260,27,5/6/2024
0.4017268319445540,27,5/13/2024
0.9472900822573090,27,5/20/2024
0.6370597613412160,27,5/27/2024
0.6230618860758740,27,6/3/2024
0.8141220033729580,27,6/10/2024
0.5077210874899130,27,6/17/2024
0.2875359204876580,27,6/24/2024
0.8718631433277230,27,7/1/2024
0.0816338422785165,27,7/8/2024
0.8238555881663400,27,7/15/2024
0.9280348122815410,27,7/22/2024
0.5721131192437010,27,7/29/2024
0.0550772431990050,27,8/5/2024
0.0252359353284031,27,8/12/2024
0.8298808311565840,27,8/19/2024
0.6680134495650150,27,8/26/2024
0.5203315819049100,27,9/2/2024
0.2734730991024770,27,9/9/2024
0.9983442698048480,27,9/16/2024
0.6880868757349870,27,9/23/2024
0.4701696833285740,27,9/30/2024
0.6934671074254150,27,10/7/2024
0.5888625546029490,27,10/14/2024
0.9482040815870540,27,10/21/2024
0.2969037499085520,27,10/28/2024
0.8106714017709120,27,11/4/2024
0.6259269200219450,27,11/11/2024
0.2065319558109850,27,11/18/2024
0.5568449624942810,27,11/25/2024
0.4020110890695330,27,12/2/2024
0.9774687512679740,27,12/9/2024
0.1248558532203170,27,12/16/2024
0.6149273316337540,27,12/23/2024
0.0483716764943741,27,12/30/2024
0.6461699327819710,28,3/1/2021
0.1269238822181160,28,3/8/2021
0.9163117464068640,28,3/15/2021
0.8754552369404080,28,3/22/2021
0.4623880790055140,28,3/29/2021
0.4751842186550030,28,4/5/2021
0.3767539319936020,28,4/12/2021
0.7218881027791080,28,4/19/2021
0.3265316995087480,28,4/26/2021
0.3355058214438850,28,5/3/2021
0.8761573028601190,28,5/10/2021
0.5491866637568470,28,5/17/2021
0.8381264341343260,28,5/24/2021
0.9251272737330360,28,5/31/2021
0.2257510018691220,28,6/7/2021
0.8645825515930080,28,6/14/2021
0.4434372036368380,28,6/21/2021
0.4219900017396080,28,6/28/2021
0.9503952565320330,28,7/5/2021
0.5464641107444640,28,7/12/2021
0.1225845606484160,28,7/19/2021
0.6933781731853370,28,7/26/2021
0.2834555482532180,28,8/2/2021
0.9215200846006520,28,8/9/2021
0.1874243834886840,28,8/16/2021
0.4441217598560210,28,8/23/2021
0.4893183637073920,28,8/30/2021
0.6313644798583790,28,9/6/2021
0.5208907954745100,28,9/13/2021
0.6012071652923930,28,9/20/2021
0.4723432172604790,28,9/27/2021
0.7495975828627260,28,10/4/2021
0.9513758333829900,28,10/11/2021
0.8404093820037390,28,10/18/2021
0.2290222757476210,28,10/25/2021
0.6149120379703500,28,11/1/2021
0.4470111590970080,28,11/8/2021
0.2823939909521940,28,11/15/2021
0.1640285158509390,28,11/22/2021
0.0124143987869659,28,11/29/2021
0.4777996998361400,28,12/6/2021
0.6191822231438010,28,12/13/2021
0.7825354259160530,28,12/20/2021
0.3086550885932060,28,12/27/2021
0.3049081952826310,28,1/3/2022
0.9973164984332220,28,1/10/2022
0.5315143696579420,28,1/17/2022
0.7067615240947650,28,1/24/2022
0.6000586143397280,28,1/31/2022
0.9245596613770070,28,2/7/2022
0.7050270565278610,28,2/14/2022
0.1294744574075840,28,2/21/2022
0.0333749932176668,28,2/28/2022
0.7720667726498960,28,3/7/2022
0.7388436812170540,28,3/14/2022
0.0854583947386758,28,3/21/2022
0.7668267457942880,28,3/28/2022
0.0427592247908634,28,4/4/2022
0.0530973974539749,28,4/11/2022
0.3275853495732600,28,4/18/2022
0.6748925354112100,28,4/25/2022
0.3167277970641610,28,5/2/2022
0.3701373034350360,28,5/9/2022
0.3433751968241590,28,5/16/2022
0.3601230362527960,28,5/23/2022
0.8367054748623150,28,5/30/2022
0.0080698283150937,28,6/6/2022
0.3967033261645610,28,6/13/2022
0.3177868542274220,28,6/20/2022
0.4214443108143530,28,6/27/2022
0.0242569996268035,28,7/4/2022
0.8056060592286950,28,7/11/2022
0.1561102836220420,28,7/18/2022
0.0631276833833673,28,7/25/2022
0.8963535149027700,28,8/1/2022
0.3452292782943750,28,8/8/2022
0.1607576080793340,28,8/15/2022
0.3510378060508330,28,8/22/2022
0.4904447978975510,28,8/29/2022
0.7706326225783160,28,9/5/2022
0.7436836808654010,28,9/12/2022
0.5539029246189090,28,9/19/2022
0.3510033428701190,28,9/26/2022
0.9846794010468090,28,10/3/2022
0.2227566533363340,28,10/10/2022
0.3606341119107870,28,10/17/2022
0.7528775459634140,28,10/24/2022
0.8064598633190590,28,10/31/2022
0.3840615037900060,28,11/7/2022
0.8923106148662040,28,11/14/2022
0.8417320549127600,28,11/21/2022
0.2470675333355310,28,11/28/2022
0.6591075236776600,28,12/5/2022
0.0415127001047073,28,12/12/2022
0.7096713393138890,28,12/19/2022
0.3599174279308860,28,12/26/2022
0.5586761925782610,28,1/2/2023
0.7516261654243780,28,1/9/2023
0.0274824953092414,28,1/16/2023
0.9835318016584020,28,1/23/2023
0.3390380049382180,28,1/30/2023
0.2405069347952240,28,2/6/2023
0.3063640289843450,28,2/13/2023
0.9717175732293060,28,2/20/2023
0.7344731380446770,28,2/27/2023
0.0130674926221315,28,3/6/2023
0.2638863338252630,28,3/13/2023
0.0360851502035815,28,3/20/2023
0.7924134546242960,28,3/27/2023
0.1200859277264060,28,4/3/2023
0.1942503588268520,28,4/10/2023
0.2867852567927300,28,4/17/2023
0.4425204690054370,28,4/24/2023
0.2186492858613540,28,5/1/2023
0.5146320781315920,28,5/8/2023
0.9718430419669450,28,5/15/2023
0.7372613663217200,28,5/22/2023
0.6329077513231430,28,5/29/2023
0.3717346599928750,28,6/5/2023
0.3043300016871490,28,6/12/2023
0.1973207140921110,28,6/19/2023
0.0701630218537923,28,6/26/2023
0.8539889572438420,28,7/3/2023
0.8410558152845460,28,7/10/2023
0.7724871862509490,28,7/17/2023
0.4717042798277020,28,7/24/2023
0.6397803649100050,28,7/31/2023
0.2698148420686770,28,8/7/2023
0.3348200159021670,28,8/14/2023
0.8059106490620850,28,8/21/2023
0.0976573111555380,28,8/28/2023
0.3223629944446570,28,9/4/2023
0.3783979802650340,28,9/11/2023
0.1056807070085410,28,9/18/2023
0.9630508322971160,28,9/25/2023
0.3842019256177870,28,10/2/2023
0.2185830672952370,28,10/9/2023
0.3178315756259730,28,10/16/2023
0.9537565000488930,28,10/23/2023
0.9657637759552490,28,10/30/2023
0.0270233737808486,28,11/6/2023
0.9097087515441030,28,11/13/2023
0.1929692658873000,28,11/20/2023
0.9717974668718530,28,11/27/2023
0.2223643826110860,28,12/4/2023
0.8315674044495960,28,12/11/2023
0.0904261756331009,28,12/18/2023
0.6948100838403730,28,12/25/2023
0.2704747209494820,28,1/1/2024
0.3922932891674300,28,1/8/2024
0.9906381906243670,28,1/15/2024
0.3195763851846470,28,1/22/2024
0.0541289010912170,28,1/29/2024
0.0565908862512432,28,2/5/2024
0.8239860335607240,28,2/12/2024
0.3510734249259350,28,2/19/2024
0.8802291247247230,28,2/26/2024
0.5684545865625000,28,3/4/2024
0.7972374298438750,28,3/11/2024
0.5551952947359550,28,3/18/2024
0.7156323690606240,28,3/25/2024
0.5463447104115240,28,4/1/2024
0.2973895275401080,28,4/8/2024
0.6437376059984830,28,4/15/2024
0.2040856427617560,28,4/22/2024
0.1710362441186490,28,4/29/2024
0.3937832308834010,28,5/6/2024
0.1614565721270360,28,5/13/2024
0.5453603321278990,28,5/20/2024
0.4317686918156470,28,5/27/2024
0.7480760123644430,28,6/3/2024
0.7803067224341650,28,6/10/2024
0.7091640715624420,28,6/17/2024
0.1804028216184320,28,6/24/2024
0.6891820295082390,28,7/1/2024
0.2095258717851220,28,7/8/2024
0.2744901029560600,28,7/15/2024
0.0563926549369379,28,7/22/2024
0.3252062401763290,28,7/29/2024
0.9935642156494570,28,8/5/2024
0.2146855201178000,28,8/12/2024
0.7468971053839360,28,8/19/2024
0.8634431898638700,28,8/26/2024
0.1343213545688930,28,9/2/2024
0.7257765248588640,28,9/9/2024
0.6963525655946480,28,9/16/2024
0.1644830453660360,28,9/23/2024
0.2612890301370530,28,9/30/2024
0.3333154638271320,28,10/7/2024
0.0579735009030717,28,10/14/2024
0.5809477229242400,28,10/21/2024
0.0473810370974275,28,10/28/2024
0.3176440851173060,28,11/4/2024
0.9600055609657430,28,11/11/2024
0.3227960820925260,28,11/18/2024
0.4339209620755490,28,11/25/2024
0.2304864872106140,28,12/2/2024
0.7774080428276600,28,12/9/2024
0.0268600772292239,28,12/16/2024
0.8918883609042770,28,12/23/2024
0.2352417666075450,28,12/30/2024
0.9401980477278380,29,3/1/2021
0.6038403114780850,29,3/8/2021
0.7568861273019710,29,3/15/2021
0.9259812119575350,29,3/22/2021
0.7938585400756590,29,3/29/2021
0.0374323824141464,29,4/5/2021
0.7736463278040930,29,4/12/2021
0.9621014873177420,29,4/19/2021
0.8502176190789040,29,4/26/2021
0.2029868786378020,29,5/3/2021
0.7055639108482420,29,5/10/2021
0.7060018187151820,29,5/17/2021
0.4161879066377510,29,5/24/2021
0.5218271605775170,29,5/31/2021
0.7113690317629260,29,6/7/2021
0.3684242127738120,29,6/14/2021
0.4059787773668710,29,6/21/2021
0.6368142316106740,29,6/28/2021
0.0526758594315607,29,7/5/2021
0.4200584159413130,29,7/12/2021
0.9669624002021730,29,7/19/2021
0.7570516717150510,29,7/26/2021
0.1428825833687220,29,8/2/2021
0.0743534662715925,29,8/9/2021
0.5894523772124560,29,8/16/2021
0.1861890979484570,29,8/23/2021
0.6006926273715740,29,8/30/2021
0.4439766331281030,29,9/6/2021
0.9216078513383350,29,9/13/2021
0.8135749668527900,29,9/20/2021
0.9072963392742820,29,9/27/2021
0.9417845450641840,29,10/4/2021
0.0356360959250958,29,10/11/2021
0.1859196666736030,29,10/18/2021
0.2099258761715920,29,10/25/2021
0.7317283571882460,29,11/1/2021
0.3161034147582070,29,11/8/2021
0.2528144426513760,29,11/15/2021
0.7580395134469930,29,11/22/2021
0.7844259963121660,29,11/29/2021
0.2194082803658900,29,12/6/2021
0.0603294426375670,29,12/13/2021
0.5750200630749610,29,12/20/2021
0.3342364690323340,29,12/27/2021
0.8733043486641800,29,1/3/2022
0.6768038822242130,29,1/10/2022
0.6264197825166010,29,1/17/2022
0.4351913528885010,29,1/24/2022
0.1025269488118850,29,1/31/2022
0.5334636123194090,29,2/7/2022
0.1584820397936960,29,2/14/2022
0.1460560818581410,29,2/21/2022
0.3505239196018730,29,2/28/2022
0.3760481349683960,29,3/7/2022
0.7934260219029900,29,3/14/2022
0.2817922664991530,29,3/21/2022
0.7524954334023130,29,3/28/2022
0.4246114014527900,29,4/4/2022
0.8620242772242160,29,4/11/2022
0.3327150921812760,29,4/18/2022
0.6624953764572440,29,4/25/2022
0.1847545775351910,29,5/2/2022
0.5941245566821120,29,5/9/2022
0.1115550368999100,29,5/16/2022
0.1148366628122260,29,5/23/2022
0.3158274873132720,29,5/30/2022
0.1271021132044640,29,6/6/2022
0.0999158681079626,29,6/13/2022
0.0529831770633336,29,6/20/2022
0.6778863409394420,29,6/27/2022
0.5593207600034790,29,7/4/2022
0.4474617153032270,29,7/11/2022
0.1556217437554070,29,7/18/2022
0.3044032491251850,29,7/25/2022
0.2496772286116360,29,8/1/2022
0.8772878261894170,29,8/8/2022
0.5204464416483130,29,8/15/2022
0.3475886860548090,29,8/22/2022
0.3702027102432620,29,8/29/2022
0.7526303142044860,29,9/5/2022
0.8092920463852190,29,9/12/2022
0.2926551098100660,29,9/19/2022
0.3706199434841700,29,9/26/2022
0.6447518611204430,29,10/3/2022
0.3790112829263660,29,10/10/2022
0.6621566617196370,29,10/17/2022
0.9289970933801820,29,10/24/2022
0.8402318695380900,29,10/31/2022
0.4104430282328210,29,11/7/2022
0.4261713698454780,29,11/14/2022
0.8524803486542930,29,11/21/2022
0.4070029942135050,29,11/28/2022
0.7497176662716060,29,12/5/2022
0.7763116923288510,29,12/12/2022
0.0958311145012545,29,12/19/2022
0.0729423550873064,29,12/26/2022
0.0290750721686365,29,1/2/2023
0.5567146135431950,29,1/9/2023
0.2525463308231460,29,1/16/2023
0.9940267014797960,29,1/23/2023
0.4788206800302830,29,1/30/2023
0.7767802749473160,29,2/6/2023
0.5584056338540200,29,2/13/2023
0.1251182364454200,29,2/20/2023
0.3796212534681410,29,2/27/2023
0.9546092807101410,29,3/6/2023
0.8942236097286960,29,3/13/2023
0.2344502833539750,29,3/20/2023
0.9323673980931070,29,3/27/2023
0.5857440219465250,29,4/3/2023
0.9188717843278140,29,4/10/2023
0.8216142577173880,29,4/17/2023
0.0569474678600988,29,4/24/2023
0.0781103095736127,29,5/1/2023
0.6917215679811220,29,5/8/2023
0.6189389479367490,29,5/15/2023
0.4132911881193520,29,5/22/2023
0.2642802002953000,29,5/29/2023
0.9328398293869120,29,6/5/2023
0.0218653523690321,29,6/12/2023
0.9720087068484330,29,6/19/2023
0.4342271216327710,29,6/26/2023
0.5252213196116180,29,7/3/2023
0.5011028592655460,29,7/10/2023
0.8476939446990890,29,7/17/2023
0.6157505671667610,29,7/24/2023
0.3607635852283380,29,7/31/2023
0.8156627513806890,29,8/7/2023
0.6952418520454420,29,8/14/2023
0.6659441716273130,29,8/21/2023
0.2807131673825030,29,8/28/2023
0.8480102371534890,29,9/4/2023
0.0851964935495274,29,9/11/2023
0.7689216055664340,29,9/18/2023
0.3447543462977010,29,9/25/2023
0.4494787597403400,29,10/2/2023
0.4214526796907400,29,10/9/2023
0.1598104905995410,29,10/16/2023
0.4373673098401900,29,10/23/2023
0.3666125680716980,29,10/30/2023
0.6060302692936080,29,11/6/2023
0.5151640209185610,29,11/13/2023
0.5040562252901420,29,11/20/2023
0.8592229486377850,29,11/27/2023
0.9498042079552730,29,12/4/2023
0.1499515512576520,29,12/11/2023
0.6506189100372710,29,12/18/2023
0.6195264924639960,29,12/25/2023
0.1646096730667830,29,1/1/2024
0.2896856266062990,29,1/8/2024
0.9032944087634530,29,1/15/2024
0.8137278914570840,29,1/22/2024
0.7426441935994850,29,1/29/2024
0.1473060411678760,29,2/5/2024
0.1981509150371460,29,2/12/2024
0.9624306691402730,29,2/19/2024
0.2260285449905730,29,2/26/2024
0.4185969663037420,29,3/4/2024
0.1157519224350660,29,3/11/2024
0.8358161661172780,29,3/18/2024
0.2936651113904000,29,3/25/2024
0.5765166941817760,29,4/1/2024
0.3997661282166620,29,4/8/2024
0.0701055897089172,29,4/15/2024
0.4301559000058130,29,4/22/2024
0.6573351219327100,29,4/29/2024
0.0216337425880935,29,5/6/2024
0.2153971842121000,29,5/13/2024
0.1302109946100840,29,5/20/2024
0.0751175437885094,29,5/27/2024
0.3391883319015490,29,6/3/2024
0.4855987741083060,29,6/10/2024
0.6810364320335170,29,6/17/2024
0.6584767881758250,29,6/24/2024
0.1793819016392210,29,7/1/2024
0.4566540242887960,29,7/8/2024
0.8647464561872470,29,7/15/2024
0.7381132207809740,29,7/22/2024
0.2497653200432950,29,7/29/2024
0.4427998744735500,29,8/5/2024
0.9526728188117620,29,8/12/2024
0.2581916652461040,29,8/19/2024
0.0664938500767304,29,8/26/2024
0.8918705216809660,29,9/2/2024
0.0365536856135162,29,9/9/2024
0.9978270148445760,29,9/16/2024
0.3793957004773360,29,9/23/2024
0.4082016885499050,29,9/30/2024
0.6024610978282900,29,10/7/2024
0.9402425560501270,29,10/14/2024
0.9107921277072500,29,10/21/2024
0.9217891927115860,29,10/28/2024
0.3983336885845030,29,11/4/2024
0.6389592873566340,29,11/11/2024
0.2768385323000610,29,11/18/2024
0.5219591146959380,29,11/25/2024
0.0813460156806973,29,12/2/2024
0.3236539284892270,29,12/9/2024
0.5827496223416030,29,12/16/2024
0.0237951667889503,29,12/23/2024
0.0754985202426967,29,12/30/2024
0.5905881180673670,30,3/1/2021
0.1620937092993700,30,3/8/2021
0.2005064353202530,30,3/15/2021
0.0408718430786222,30,3/22/2021
0.3218039163797790,30,3/29/2021
0.8252994767634750,30,4/5/2021
0.1883015248129840,30,4/12/2021
0.0495142479237182,30,4/19/2021
0.4008732294320030,30,4/26/2021
0.6906642069191360,30,5/3/2021
0.7128939763321050,30,5/10/2021
0.7554227709588840,30,5/17/2021
0.7283975841783710,30,5/24/2021
0.9716628541215240,30,5/31/2021
0.0856730970163668,30,6/7/2021
0.1603256214158980,30,6/14/2021
0.3528568373017290,30,6/21/2021
0.3758129924756940,30,6/28/2021
0.7561683971502100,30,7/5/2021
0.1356541429349470,30,7/12/2021
0.3600735890797020,30,7/19/2021
0.7398987995824900,30,7/26/2021
0.6853402117598890,30,8/2/2021
0.8893916129352760,30,8/9/2021
0.6030414804928750,30,8/16/2021
0.6636819468158960,30,8/23/2021
0.3797435529417390,30,8/30/2021
0.2954869563772410,30,9/6/2021
0.1682244170159360,30,9/13/2021
0.9181685087106210,30,9/20/2021
0.3907289784458380,30,9/27/2021
0.5361820654856890,30,10/4/2021
0.2962115671442990,30,10/11/2021
0.5647132915557730,30,10/18/2021
0.9148706513580500,30,10/25/2021
0.5651542861557000,30,11/1/2021
0.7423313680920670,30,11/8/2021
0.6186417630302960,30,11/15/2021
0.2982343446347530,30,11/22/2021
0.6374782557649720,30,11/29/2021
0.0212509303711287,30,12/6/2021
0.1374545491989840,30,12/13/2021
0.5167955902147000,30,12/20/2021
0.0428165447180463,30,12/27/2021
0.3293301463510070,30,1/3/2022
0.3394389626701290,30,1/10/2022
0.7327435984592960,30,1/17/2022
0.9256110442627010,30,1/24/2022
0.8692772741972660,30,1/31/2022
0.6380515973768110,30,2/7/2022
0.0947667878650909,30,2/14/2022
0.7892051630429860,30,2/21/2022
0.5200895198160490,30,2/28/2022
0.1413273611030630,30,3/7/2022
0.3320543196217370,30,3/14/2022
0.0483633498541662,30,3/21/2022
0.1989000123829230,30,3/28/2022
0.4795387529448500,30,4/4/2022
0.5249337957030330,30,4/11/2022
0.4284061414985730,30,4/18/2022
0.7244337473454280,30,4/25/2022
0.7223933050837030,30,5/2/2022
0.8955517721869450,30,5/9/2022
0.5535611482854180,30,5/16/2022
0.2641088369052960,30,5/23/2022
0.0371663677382976,30,5/30/2022
0.1605884711480640,30,6/6/2022
0.1428519867959500,30,6/13/2022
0.3092087179252250,30,6/20/2022
0.1325113653629080,30,6/27/2022
0.7254367896316080,30,7/4/2022
0.8328377057482820,30,7/11/2022
0.4457792613832090,30,7/18/2022
0.1085399763938540,30,7/25/2022
0.5733961299722200,30,8/1/2022
0.6909253225698750,30,8/8/2022
0.6353546709859010,30,8/15/2022
0.3418986765507530,30,8/22/2022
0.2238078472174940,30,8/29/2022
0.2312084890801120,30,9/5/2022
0.0683769724797734,30,9/12/2022
0.0003607574628570,30,9/19/2022
0.2257546371732670,30,9/26/2022
0.9433547416121560,30,10/3/2022
0.1072690936786100,30,10/10/2022
0.4746303437708850,30,10/17/2022
0.4861684648738230,30,10/24/2022
0.2260021502960060,30,10/31/2022
0.2691122797541770,30,11/7/2022
0.0079211366906656,30,11/14/2022
0.7072885091922120,30,11/21/2022
0.7673362028362750,30,11/28/2022
0.9419931525576800,30,12/5/2022
0.5190759791637620,30,12/12/2022
0.1053152202974840,30,12/19/2022
0.0924406007024093,30,12/26/2022
0.7186133740639500,30,1/2/2023
0.8672910197428710,30,1/9/2023
0.5762389412730390,30,1/16/2023
0.7364858644740580,30,1/23/2023
0.8776504274618190,30,1/30/2023
0.1334102347567690,30,2/6/2023
0.4032253662664750,30,2/13/2023
0.9852497629916220,30,2/20/2023
0.4742035343522190,30,2/27/2023
0.0839284538878569,30,3/6/2023
0.9821013809071670,30,3/13/2023
0.3758655705932440,30,3/20/2023
0.8777347572858830,30,3/27/2023
0.5666922792834180,30,4/3/2023
0.8630208344471050,30,4/10/2023
0.7590026134690580,30,4/17/2023
0.6413400450796310,30,4/24/2023
0.5143914069382460,30,5/1/2023
0.4377380014884390,30,5/8/2023
0.1989234837405600,30,5/15/2023
0.4932250037360260,30,5/22/2023
0.1927875462577160,30,5/29/2023
0.6579492343321640,30,6/5/2023
0.7622416918422890,30,6/12/2023
0.8547556908349930,30,6/19/2023
0.2160122508589540,30,6/26/2023
0.1204024656593940,30,7/3/2023
0.4336052031193270,30,7/10/2023
0.3666555030741670,30,7/17/2023
0.6197209478618950,30,7/24/2023
0.7725243231096400,30,7/31/2023
0.4939885901678790,30,8/7/2023
0.8717127551174950,30,8/14/2023
0.9915494731629940,30,8/21/2023
0.3780219627499990,30,8/28/2023
0.4560944470912800,30,9/4/2023
0.7757020953526400,30,9/11/2023
0.2460810377554460,30,9/18/2023
0.0169803892498119,30,9/25/2023
0.8521703060055920,30,10/2/2023
0.5246550006813930,30,10/9/2023
0.9011815029905590,30,10/16/2023
0.7697779507570920,30,10/23/2023
0.3127341862696210,30,10/30/2023
0.2195876326968730,30,11/6/2023
0.8767402911460470,30,11/13/2023
0.3691636462765320,30,11/20/2023
0.3529070414012080,30,11/27/2023
0.2437321436406220,30,12/4/2023
0.0387092140372285,30,12/11/2023
0.6660208271564130,30,12/18/2023
0.8569160867465960,30,12/25/2023
0.8881220849400940,30,1/1/2024
0.7393013703012290,30,1/8/2024
0.1586505772973500,30,1/15/2024
0.1612673751339960,30,1/22/2024
0.4772829458904990,30,1/29/2024
0.9366867808835820,30,2/5/2024
0.1742732524470540,30,2/12/2024
0.6071420902827270,30,2/19/2024
0.5153508635160450,30,2/26/2024
0.1262861147422930,30,3/4/2024
0.4134654101230010,30,3/11/2024
0.9094016901532170,30,3/18/2024
0.9196547506122130,30,3/25/2024
0.5460092066841850,30,4/1/2024
0.7072186081227960,30,4/8/2024
0.0052397214074790,30,4/15/2024
0.3435240538459040,30,4/22/2024
0.1838780441944650,30,4/29/2024
0.9529267789305870,30,5/6/2024
0.6308231398918210,30,5/13/2024
0.1335756367709630,30,5/20/2024
0.9194014185131810,30,5/27/2024
0.0729880231452336,30,6/3/2024
0.9092968598221710,30,6/10/2024
0.7926686948250410,30,6/17/2024
0.4773427268685450,30,6/24/2024
0.8332224080898930,30,7/1/2024
0.1271057844282880,30,7/8/2024
0.8785959908973780,30,7/15/2024
0.0296736075240036,30,7/22/2024
0.3397686109823750,30,7/29/2024
0.0742885040020305,30,8/5/2024
0.0250047589680550,30,8/12/2024
0.1884786473241750,30,8/19/2024
0.1790147189802260,30,8/26/2024
0.2505477652272420,30,9/2/2024
0.1048195950300130,30,9/9/2024
0.3124111363503620,30,9/16/2024
0.8603542469136240,30,9/23/2024
0.6146398346466280,30,9/30/2024
0.9581606843672290,30,10/7/2024
0.4888564201393860,30,10/14/2024
0.0251355437102875,30,10/21/2024
0.0784383739657608,30,10/28/2024
0.0291179379792337,30,11/4/2024
0.4626663161804880,30,11/11/2024
0.0156555770301120,30,11/18/2024
0.2594078345036590,30,11/25/2024
0.0918381849618064,30,12/2/2024
0.0196478735885475,30,12/9/2024
0.5056387591913630,30,12/16/2024
0.4937204824532860,30,12/23/2024
0.4403724689076460,30,12/30/2024