geo,week,Population,Pop_Young,Pop_Middle,Pop_Elder
1,3/1/2021,36227.4212892445000,9404.7439390849200,14895.1005847004000,11927.5767709677000
1,3/8/2021,36222.9773467741000,9403.5849532580600,14891.2617345161000,11928.1306638709000
1,3/15/2021,36215.7930322580000,9398.7954094193500,14888.0687048387000,11928.9289212903000
1,3/22/2021,36208.6087177419000,9394.0058655806400,14884.8756751612000,11929.7271787096000
1,3/29/2021,36201.4244032258000,9389.2163217419300,14881.6826454838000,11930.5254361290000
1,4/5/2021,36194.6717986636000,9385.1354349354800,14878.4570338709000,11931.0793290322000
1,4/12/2021,36188.8689560000000,9382.6135936000000,14875.1597420000000,11931.0956199999000
1,4/19/2021,36183.0948940000000,9380.1389960666600,14871.8602780000000,11931.0956199999000
1,4/26/2021,36177.3208320000000,9377.6643985333300,14868.5608140000000,11931.0956199999000
1,5/3/2021,36171.7650692442000,9375.1018297723500,14865.6653660000000,11930.9978741935000
1,5/10/2021,36167.5554851612000,9371.9967717741900,14865.2613500000000,11930.2973625806000
1,5/17/2021,36163.5642003225000,9368.8037425483800,14865.2613500000000,11929.4991051612000
1,5/24/2021,36159.5729154838000,9365.6107133225800,14865.2613500000000,11928.7008477419000
1,5/31/2021,36155.5816306451000,9362.4176840967700,14865.2613500000000,11927.9025903225000
1,6/7/2021,36160.4700066666000,9365.7627622000000,14865.7327020000000,11928.9745360000000
1,6/14/2021,36172.0181283333000,9374.0114208000000,14866.5575680000000,11931.4491339999000
1,6/21/2021,36183.5662499999000,9382.2600794000000,14867.3824340000000,11933.9237320000000
1,6/28/2021,36195.1143716666000,9390.5087380000000,14868.2073000000000,11936.3983300000000
1,7/5/2021,36200.9280734024000,9393.7886522820300,14869.0240205161000,11938.1153980000000
1,7/12/2021,36194.1260512903000,9386.1373290645100,14869.8228209677000,11938.1659000000000
1,7/19/2021,36186.9417345161000,9378.1547562258000,14870.6210783870000,11938.1659000000000
1,7/26/2021,36179.7574177419000,9370.1721833870900,14871.4193358064000,11938.1659000000000
1,8/2/2021,36172.9152112903000,9362.3362292304100,14872.3642119354000,11938.2147729032000
1,8/9/2021,36170.1783287096000,9356.2596992580600,14875.0685125806000,11938.8501206451000
1,8/16/2021,36168.5818138709000,9350.6718982258000,14878.2615422580000,11939.6483780645000
1,8/23/2021,36166.9852990322000,9345.0840971935400,14881.4545719354000,11940.4466354838000
1,8/30/2021,36165.3887841935000,9339.4962961612900,14884.6476016129000,11941.2448929032000
1,9/6/2021,36163.4159490000000,9334.1821833000000,14886.8257040000000,11942.4080670000000
1,9/13/2021,36160.9413533333000,9329.2329880000000,14887.6505700000000,11944.0577966666000
1,9/20/2021,36158.4667576666000,9324.2837927000000,14888.4754359999000,11945.7075263333000
1,9/27/2021,36155.9921619999000,9319.3345974000000,14889.3003020000000,11947.3572560000000
1,10/4/2021,36152.5563987603000,9314.4179840769600,14889.4680989677000,11948.6703061428000
1,10/11/2021,36145.6604322580000,9309.6186658709600,14887.2704474193000,11948.7713100000000
1,10/18/2021,36138.4761154838000,9304.8291222580600,14884.8756751612000,11948.7713100000000
1,10/25/2021,36131.2917987096000,9300.0395786451600,14882.4809029032000,11948.7713100000000
1,11/1/2021,36124.2035986451000,9295.3141128250300,14880.1350035483000,11948.7544760476000
1,11/8/2021,36120.2872500000000,9292.7032141666600,14879.4019100000000,11948.1821216666000
1,11/15/2021,36117.8126520000000,9291.0534824000000,14879.4019100000000,11947.3572580000000
1,11/22/2021,36115.3380540000000,9289.4037506333300,14879.4019100000000,11946.5323943333000
1,11/29/2021,36112.8634560000000,9287.7540188666600,14879.4019100000000,11945.7075306666000
1,12/6/2021,36126.1601419354000,9295.7061819354800,14888.9809980645000,11941.4729664516000
1,12/13/2021,36160.4852064516000,9316.4608714516100,14911.3322035483000,11932.6921348387000
1,12/20/2021,36194.8102709677000,9337.2155609677400,14933.6834090322000,11923.9113032258000
1,12/27/2021,36229.1353354838000,9357.9702504838700,14956.0346145161000,11915.1304716129000
1,1/3/2022,36262.7504587096000,9376.9668637695800,14977.3114436866000,11908.4721516129000
1,1/10/2022,36291.9876106451000,9385.1220069677400,14991.9629522580000,11914.9026532258000
1,1/17/2022,36320.5148212903000,9391.5190739354800,15005.5400845161000,11923.4556664516000
1,1/24/2022,36349.0420319354000,9397.9161409032200,15019.1172167741000,11932.0086796774000
1,1/31/2022,36377.5692425806000,9404.3132078709700,15032.6943490322000,11940.5616929032000
1,2/7/2022,36386.2466971428000,9406.0409528571400,15035.4715542857000,11944.7341971428000
1,2/14/2022,36380.0368346428000,9404.2667063571400,15030.1488142857000,11945.6213196428000
1,2/21/2022,36373.8269721428000,9402.4924598571400,15024.8260742857000,11946.5084421428000
1,2/28/2022,36367.6171096428000,9400.7182133571400,15019.5033342857000,11947.3955646428000
1,3/7/2022,36362.2085193548000,9398.5842118064500,15016.3064193548000,11947.3178903225000
1,3/14/2022,36357.4008832258000,9396.1803939677400,15014.7038732258000,11946.5166183870000
1,3/21/2022,36352.5932470967000,9393.7765761290300,15013.1013270967000,11945.7153464516000
1,3/28/2022,36347.7856109677000,9391.3727582903200,15011.4987809677000,11944.9140745161000
1,4/4/2022,36342.2693664977000,9388.6146362350200,15009.8853336405000,11943.7693998463000
1,4/11/2022,36334.2021320000000,9384.5810190000000,15008.2326420000000,11941.3884753333000
1,4/18/2022,36325.9223149999000,9380.4411105000000,15006.5766800000000,11938.9045300000000
1,4/25/2022,36317.6424980000000,9376.3012020000000,15004.9207180000000,11936.4205846666000
1,5/2/2022,36309.4771485714000,9372.0222972442400,15003.3170839631000,11934.1377750844000
1,5/9/2022,36302.6854100000000,9366.0754374193500,15002.3413854838000,11934.2685945161000
1,5/16/2022,36296.2752300000000,9359.6652567419300,15001.5401135483000,11935.0698664516000
1,5/23/2022,36289.8650500000000,9353.2550760645100,15000.7388416129000,11935.8711383870000
1,5/30/2022,36283.4548700000000,9346.8448953870900,14999.9375696774000,11936.6724103225000
1,6/6/2022,36276.9531160000000,9340.6979899000000,14999.4797000000000,11936.7754310000000
1,6/13/2022,36270.3292633333000,9334.9021180000000,14999.4797000000000,11935.9474499999000
1,6/20/2022,36263.7054106666000,9329.1062461000000,14999.4797000000000,11935.1194690000000
1,6/27/2022,36257.0815580000000,9323.3103742000000,14999.4797000000000,11934.2914880000000
1,7/4/2022,36250.9918866543000,9317.5526581387100,14999.8067497695000,11933.6324827142000
1,7/11/2022,36246.8252680645000,9311.9323030967700,15001.3111787096000,11933.5817900000000
1,7/18/2022,36242.8189038709000,9306.3233948064500,15002.9137225806000,11933.5817900000000
1,7/25/2022,36238.8125396774000,9300.7144865161300,15004.5162664516000,11933.5817900000000
1,8/1/2022,36234.8552330414000,9295.1709882350200,15006.1188103686000,11933.5654374654000
1,8/8/2022,36232.5168258064000,9291.7860202580600,15007.7213558064000,11933.0094512903000
1,8/15/2022,36230.9142819354000,9289.3822024193500,15009.3239019354000,11932.2081770967000
1,8/22/2022,36229.3117380645000,9286.9783845806400,15010.9264480645000,11931.4069029032000
1,8/29/2022,36227.7091941935000,9284.5745667419300,15012.5289941935000,11930.6056287096000
1,9/5/2022,36226.3437606912000,9282.1462202211900,15014.1478921198000,11930.0496425345000
1,9/12/2022,36225.4999700000000,9279.6639106000000,15015.8027640000000,11930.0332900000000
1,9/19/2022,36224.6719866666000,9277.1799657333300,15017.4587259999000,11930.0332900000000
1,9/26/2022,36223.8440033333000,9274.6960208666600,15019.1146880000000,11930.0332900000000
1,10/3/2022,36223.9023259907000,9273.2030375834100,15020.7641092811000,11929.9351750691000
1,10/10/2022,36229.4262022580000,9277.8209840645100,15022.3731961290000,11929.2320180645000
1,10/17/2022,36235.8363845161000,9283.4298921290300,15023.9757422580000,11928.4307461290000
1,10/24/2022,36242.2465667741000,9289.0388001935400,15025.5782883870000,11927.6294741935000
1,10/31/2022,36248.6567490322000,9294.6477082580600,15027.1808345161000,11926.8282022580000
1,11/7/2022,36253.2964993333000,9298.9440555999900,15029.2870373333000,11925.0654026666000
1,11/14/2022,36256.6084256666000,9302.2559824000000,15031.7709826666000,11922.5814573333000
1,11/21/2022,36259.9203520000000,9305.5679092000000,15034.2549280000000,11920.0975119999000
1,11/28/2022,36263.2322783333000,9308.8798360000000,15036.7388733333000,11917.6135666666000
1,12/5/2022,36264.7944869938000,9311.4231951917000,15038.4624272380000,11914.9088627619000
1,12/12/2022,36262.5073167741000,9312.2757056451600,15038.5131200000000,11911.7184900000000
1,12/19/2022,36260.1034987096000,9313.0769782580600,15038.5131200000000,11908.5134000000000
1,12/26/2022,36257.6996806451000,9313.8782508709600,15038.5131200000000,11905.3083100000000
1,1/2/2023,36257.5756232718000,9315.0065974746500,15039.4878701843000,11903.0811565437000
1,1/9/2023,36284.8086941935000,9320.0598319677400,15052.1596225806000,11912.5892416129000
1,1/16/2023,36319.6409674193000,9326.2033130967700,15068.0805422580000,11925.3571151612000
1,1/23/2023,36354.4732406451000,9332.3467942258000,15084.0014619354000,11938.1249887096000
1,1/30/2023,36389.3055138709000,9338.4902753548300,15099.9223816129000,11950.8928622580000
1,2/6/2023,36403.8632371428000,9339.7095075714200,15106.7287217857000,11957.4250135714000
1,2/13/2023,36391.3882271428000,9334.3630745714200,15101.3822892857000,11955.6428685714000
1,2/20/2023,36378.9132171428000,9329.0166415714200,15096.0358567857000,11953.8607235714000
1,2/27/2023,36366.4382071428000,9323.6702085714300,15090.6894242857000,11952.0785785714000
1,3/6/2023,36355.8603180645000,9319.5803105161200,15086.2545948387000,11950.0254161290000
1,3/13/2023,36347.8119235483000,9317.1657923870900,15083.0352361290000,11947.6108970967000
1,3/20/2023,36339.7635290322000,9314.7512742580600,15079.8158774193000,11945.1963780645000
1,3/27/2023,36331.7151345161000,9312.3367561290300,15076.5965187096000,11942.7818590322000
1,4/3/2023,36324.5504208387000,9310.4215669096700,15073.7713671889000,11940.3574851059000
1,4/10/2023,36322.8350723333000,9311.5855726333300,15073.3771600000000,11937.8723393333000
1,4/17/2023,36322.0034046666000,9313.2489072666600,15073.3771600000000,11935.3773386666000
1,4/24/2023,36321.1717370000000,9314.9122419000000,15073.3771600000000,11932.8823380000000
1,5/1/2023,36320.4555938940000,9316.6237573986100,15073.3607347004000,11930.4711062672000
1,5/8/2023,36323.5517612903000,9319.9252414516100,15072.8022745161000,11930.8242493548000
1,5/15/2023,36328.3807970967000,9323.9494384838700,15071.9974348387000,11932.4339264516000
1,5/22/2023,36333.2098329032000,9327.9736355161300,15071.1925951612000,11934.0436035483000
1,5/29/2023,36338.0388687096000,9331.9978325483800,15070.3877554838000,11935.6532806451000
1,6/5/2023,36342.1534046774000,9335.0447246013800,15070.0838874423000,11937.0247915898000
1,6/12/2023,36344.6960410000000,9335.9415457000000,15070.8821570000000,11937.8723369999000
1,6/19/2023,36347.1910440000000,9336.7732131333300,15071.7138246666000,11938.7040046666000
1,6/26/2023,36349.6860470000000,9337.6048805666600,15072.5454923333000,11939.5356723333000
1,7/3/2023,36352.3682981382000,9338.5318146829400,15073.5709785345000,11940.2655031428000
1,7/10/2023,36356.2052461290000,9340.0462266774200,15075.7916790322000,11940.3673400000000
1,7/17/2023,36360.2294422580000,9341.6559053548300,15078.2061980645000,11940.3673400000000
1,7/24/2023,36364.2536383871000,9343.2655840322500,15080.6207170967000,11940.3673400000000
1,7/31/2023,36368.2778345161000,9344.8752627096700,15083.0352361290000,11940.3673400000000
1,8/7/2023,36370.4623983871000,9345.1052167419300,15084.5299383870000,11940.8272483870000
1,8/14/2023,36371.2672380645000,9344.3003772903200,15085.3347780645000,11941.6320880645000
1,8/21/2023,36372.0720777419000,9343.4955378387100,15086.1396177419000,11942.4369277419000
1,8/28/2023,36372.8769174193000,9342.6906983870900,15086.9444574193000,11943.2417674193000
1,9/4/2023,36372.4991360061000,9341.7106558371700,15087.2455879109000,11943.5428979109000
1,9/11/2023,36367.8639186666000,9340.0998821333300,15085.7333653333000,11942.0306753333000
1,9/18/2023,36362.8739150000000,9338.4365475000000,15084.0700300000000,11940.3673399999000
1,9/25/2023,36357.8839113333000,9336.7732128666600,15082.4066946666000,11938.7040046666000
1,10/2/2023,36352.9530387404000,9334.8667838817200,15080.8451961904000,11937.2410579877000
1,10/9/2023,36348.7317390322000,9330.0432226774200,15080.5057400000000,11938.1827751612000
1,10/16/2023,36344.7075429032000,9324.4093469677400,15080.5057400000000,11939.7924545161000
1,10/23/2023,36340.6833467741000,9318.7754712580600,15080.5057400000000,11941.4021338709000
1,10/30/2023,36336.6591506451000,9313.1415955483800,15080.5057400000000,11943.0118132258000
1,11/6/2023,36333.2903230000000,9309.2093802000000,15080.8621690000000,11943.2187719999000
1,11/13/2023,36330.7953200000000,9307.5460453333300,15081.6938366666000,11941.5554366666000
1,11/20/2023,36328.3003170000000,9305.8827104666600,15082.5255043333000,11939.8921013333000
1,11/27/2023,36325.8053140000000,9304.2193756000000,15083.3571720000000,11938.2287660000000
1,12/4/2023,36322.8339777741000,9302.5669909299500,15083.6906055806000,11936.5763813271000
1,12/11/2023,36318.1478419354000,9300.9540269677400,15082.2303964516000,11934.9634190322000
1,12/18/2023,36313.3188061290000,9299.3443480645100,15080.6207170967000,11933.3537419354000
1,12/25/2023,36308.4897703225000,9297.7346691612900,15079.0110377419000,11931.7440648387000
1,1/1/2024,36304.5030858986000,9296.2665446866300,15077.7979806912000,11930.4385623963000
1,1/8/2024,36328.3139970967000,9299.4697163548300,15089.6734596774000,11939.1708235483000
1,1/15/2024,36364.7601790322000,9304.7962044516100,15107.4982732258000,11952.4657045161000
1,1/22/2024,36401.2063609677000,9310.1226925483800,15125.3230867741000,11965.7605854838000
1,1/29/2024,36437.6525429032000,9315.4491806451600,15143.1479003225000,11979.0554664516000
1,2/5/2024,36460.0294803686000,9318.3508610874000,15153.9276375560000,11987.7509858986000
1,2/12/2024,36451.4540800000000,9315.9179646896500,15149.2082068965000,11986.3279100000000
1,2/19/2024,36441.9407300000000,9313.3234144482700,15144.0191044827000,11984.5982100000000
1,2/26/2024,36432.4273800000000,9310.7288642068900,15138.8300020689000,11982.8685100000000
1,3/4/2024,36425.1857558064000,9309.1591527705300,15134.3696743413000,11981.6569229032000
1,3/11/2024,36426.1223445161000,9311.2788610322500,15132.5329354838000,11982.3105422580000
1,3/18/2024,36427.7404509677000,9313.7060209354800,15130.9148290322000,11983.1195954838000
1,3/25/2024,36429.3585574193000,9316.1331808387100,15129.2967225806000,11983.9286487096000
1,4/1/2024,36430.9777646236000,9318.5961152044500,15127.6604537096000,11984.7211906451000
1,4/8/2024,36432.6332966666000,9322.2396068333300,15125.4248250000000,11984.9688600000000
1,4/15/2024,36434.3053400000000,9326.4197154000000,15122.9167600000000,11984.9688600000000
1,4/22/2024,36435.9773833333000,9330.5998239666600,15120.4086950000000,11984.9688600000000
1,4/29/2024,36437.6494266666000,9334.7799325333300,15117.9006300000000,11984.9688600000000
1,5/6/2024,36437.2179316129000,9336.1283546129000,15115.7739758064000,11985.3155970967000
1,5/13/2024,36433.9817187096000,9333.7011947096700,15114.1558693548000,11986.1246503225000
1,5/20/2024,36430.7455058064000,9331.2740348064500,15112.5377629032000,11986.9337035483000
1,5/27/2024,36427.5092929032000,9328.8468749032200,15110.9196564516000,11987.7427567741000
1,6/3/2024,36424.4646109677000,9326.7169182534500,15109.3973154838000,11988.3503722580000
1,6/10/2024,36422.6010366666000,9326.4197150000000,15108.4655283333000,11987.7157883333000
1,6/17/2024,36420.9289933333000,9326.4197150000000,15107.6295066666000,11986.8797666666000
1,6/24/2024,36419.2569499999000,9326.4197150000000,15106.7934850000000,11986.0437450000000
1,7/1/2024,36417.7511203225000,9326.5187827511500,15106.0240588709000,11985.2082737096000
1,7/8/2024,36421.7303412903000,9329.8870862903200,15107.4522854838000,11984.3909648387000
1,7/15/2024,36428.2027670967000,9334.7414060967700,15109.8794451612000,11983.5819116129000
1,7/22/2024,36434.6751929032000,9339.5957259032200,15112.3066048387000,11982.7728583870000
1,7/29/2024,36441.1476187096000,9344.4500457096700,15114.7337645161000,11981.9638051612000
1,8/5/2024,36443.9050041935000,9345.8369942718900,15116.6655854838000,11981.4024212903000
1,8/12/2024,36438.4893009677000,9339.5957260967700,15117.5076612903000,11981.3859100000000
1,8/19/2024,36432.8259283871000,9333.1232998387100,15118.3167145161000,11981.3859100000000
1,8/26/2024,36427.1625558064000,9326.6508735806400,15119.1257677419000,11981.3859100000000
1,9/2/2024,36421.6923653225000,9320.3699782894000,15119.9364720967000,11981.3859100000000
1,9/9/2024,36418.5403600000000,9316.3874545999900,15120.7669900000000,11981.3859100000000
1,9/16/2024,36416.0322950000000,9313.0433674666600,15121.6030116666000,11981.3859100000000
1,9/23/2024,36413.5242299999000,9309.6992803333300,15122.4390333333000,11981.3859100000000
1,9/30/2024,36411.0161650000000,9306.3551932000000,15123.2750550000000,11981.3859100000000
1,10/7/2024,36412.7151767741000,9307.6959100322500,15124.0956661290000,11980.9235938709000
1,10/14/2024,36417.5694961290000,9312.5502298387100,15124.9047193548000,11980.1145406451000
1,10/21/2024,36422.4238154838000,9317.4045496451600,15125.7137725806000,11979.3054874193000
1,10/28/2024,36427.2781348387000,9322.2588694516100,15126.5228258064000,11978.4964341935000
1,11/4/2024,36431.1417767741000,9326.1225117465400,15127.3373827956000,11977.6818772043000
1,11/11/2024,36431.4389800000000,9326.4197150000000,15128.1717533333000,11976.8475066666000
1,11/18/2024,36431.4389800000000,9326.4197150000000,15129.0077750000000,11976.0114849999000
1,11/25/2024,36431.4389800000000,9326.4197150000000,15129.8437966666000,11975.1754633333000
1,12/2/2024,36431.3399122580000,9326.3701811290300,15130.6781672043000,11974.2915589247000
1,12/9/2024,36430.0520316129000,9325.7262408064500,15131.4927241935000,11972.8330616129000
1,12/16/2024,36428.4339251612000,9324.9171875806400,15132.3017774193000,11971.2149551612000
1,12/23/2024,36426.8158187096000,9324.1081343548400,15133.1108306451000,11969.5968487096000
1,12/30/2024,36425.1977122580000,9323.2990811290300,15133.9198838709000,11967.9787422580000
2,3/1/2021,9173.2148672529600,2381.3932610072400,3771.6170031765900,3020.2046030691200
2,3/8/2021,9172.0896080322500,2381.0997919677400,3770.6449606451600,3020.3448554193500
2,3/15/2021,9170.2704536774200,2379.8870223225800,3769.8364475483800,3020.5469838064500
2,3/22/2021,9168.4512993225800,2378.6742526774100,3769.0279344516100,3020.7491121935400
2,3/29/2021,9166.6321449677400,2377.4614830322500,3768.2194213548300,3020.9512405806400
2,4/5/2021,9164.9223048847900,2376.4281538294900,3767.4026581958500,3021.0914929308700
2,4/12/2021,9163.4529561999900,2375.7895935999900,3766.5677449000000,3021.0956180000000
2,4/19/2021,9161.9908951333300,2375.1629960666600,3765.7322816000000,3021.0956180000000
2,4/26/2021,9160.5288340666600,2374.5363985333300,3764.8968182999900,3021.0956180000000
2,5/3/2021,9159.1220488949300,2373.8875256248800,3764.1636566285700,3021.0708675852500
2,5/10/2021,9158.0561317419300,2373.1012879032200,3764.0613550000000,3020.8934896129000
2,5/17/2021,9157.0454904838700,2372.2927748064500,3764.0613550000000,3020.6913612258000
2,5/24/2021,9156.0348492258000,2371.4842617096700,3764.0613550000000,3020.4892328387100
2,5/31/2021,9155.0242079677400,2370.6757486129000,3764.0613550000000,3020.2871044516100
2,6/7/2021,9156.2620029333300,2371.5227621999900,3764.1807068666600,3020.5585337333300
2,6/14/2021,9159.1861250666600,2373.6114208000000,3764.3895726333300,3021.1851312666600
2,6/21/2021,9162.1102472000000,2375.7000794000000,3764.5984384000000,3021.8117288000000
2,6/28/2021,9165.0343693333300,2377.7887379999900,3764.8073041666600,3022.4383263333300
2,7/5/2021,9166.5064680519100,2378.6192513603600,3765.0141074010700,3022.8731082952300
2,7/12/2021,9164.7841152580600,2376.6818451935400,3765.2163730645100,3022.8858960000000
2,7/19/2021,9162.9649609032200,2374.6605626774100,3765.4185012258000,3022.8858960000000
2,7/26/2021,9161.1458065483800,2372.6392801612900,3765.6206293870900,3022.8858960000000
2,8/2/2021,9159.4132785898600,2370.6551232396300,3765.8598831566800,3022.8982712073700
2,8/9/2021,9158.7202673870900,2369.1164734516100,3766.5446442258000,3023.0591489032200
2,8/16/2021,9158.3160108387100,2367.7015756451600,3767.3531573225800,3023.2612772903200
2,8/23/2021,9157.9117542903200,2366.2866778387000,3768.1616704193500,3023.4634056774100
2,8/30/2021,9157.5074977419300,2364.8717800322500,3768.9701835161200,3023.6655340645100
2,9/6/2021,9157.0079522000000,2363.5261833000000,3769.5217049999900,3023.9600638999900
2,9/13/2021,9156.3813546666600,2362.2729880000000,3769.7305710000000,3024.3777956666600
2,9/20/2021,9155.7547571333300,2361.0197927000000,3769.9394370000000,3024.7955274333300
2,9/27/2021,9155.1281596000000,2359.7665974000000,3770.1483029999900,3025.2132592000000
2,10/4/2021,9154.2581831235000,2358.5216522797200,3770.1907912580600,3025.5457395857100
2,10/11/2021,9152.5120424516100,2357.3064078064500,3769.6343196451600,3025.5713150000000
2,10/18/2021,9150.6928880967700,2356.0936383870900,3769.0279347096700,3025.5713150000000
2,10/25/2021,9148.8737337419300,2354.8808689677400,3768.4215497741900,3025.5713150000000
2,11/1/2021,9147.0789172766500,2353.6843248066000,3767.8275400414700,3025.5670524285700
2,11/8/2021,9146.0872511666600,2353.0232141666600,3767.6419120000000,3025.4221250000000
2,11/15/2021,9145.4606534000000,2352.6054824000000,3767.6419120000000,3025.2132590000000
2,11/22/2021,9144.8340556333300,2352.1877506333300,3767.6419120000000,3025.0043930000000
2,11/29/2021,9144.2074578666600,2351.7700188666600,3767.6419120000000,3024.7955269999900
2,12/6/2021,9147.5743370967700,2353.7836012903200,3770.0674511935400,3023.7232846129000
2,12/13/2021,9156.2658523225800,2359.0389359677400,3775.7270426451600,3021.4998737096700
2,12/20/2021,9164.9573675483800,2364.2942706451600,3781.3866340967700,3019.2764628064500
2,12/27/2021,9173.6488827741900,2369.5496053225800,3787.0462255483800,3017.0530519032200
2,1/3/2022,9181.1698980092100,2374.1036613271800,3792.0243394055200,3015.0418972764900
2,1/10/2022,9181.4728299677400,2374.3331655161200,3792.8000080967700,3014.3396563548300
2,1/17/2022,9180.6052619354800,2373.8613910322500,3792.8941991935400,3013.8496717096700
2,1/24/2022,9179.7376939032200,2373.3896165483800,3792.9883902903200,3013.3596870645100
2,1/31/2022,9178.8701258709600,2372.9178420645100,3793.0825813870900,3012.8697024193500
2,2/7/2022,9177.6032844285700,2372.4599311428500,3792.3557832857100,3012.7875700000000
2,2/14/2022,9176.0369879285700,2372.0124178928500,3791.0132432857100,3013.0113267499900
2,2/21/2022,9174.4706914285700,2371.5649046428500,3789.6707032857100,3013.2350835000000
2,2/28/2022,9172.9043949285700,2371.1173913928500,3788.3281632857100,3013.4588402500000
2,3/7/2022,9171.5402011290300,2370.5791380645100,3787.5218144193500,3013.4392486451600
2,3/14/2022,9170.3275843548300,2369.9728296774100,3787.1176089032200,3013.2371457741900
2,3/21/2022,9169.1149675806400,2369.3665212903200,3786.7134033870900,3013.0350429032200
2,3/28/2022,9167.9023508064500,2368.7602129032200,3786.3091978709600,3012.8329400322500
2,4/4/2022,9166.5110036528400,2368.0645393502300,3785.9022426574400,3012.5442216927800
2,4/11/2022,9164.4762271333300,2367.0471512000000,3785.4853885333300,3011.9436876666600
2,4/18/2022,9162.3878315000000,2366.0029535000000,3785.0677094999900,3011.3171689999900
2,4/25/2022,9160.2994358666600,2364.9587558000000,3784.6500304666600,3010.6906503333300
2,5/2/2022,9158.2399120706600,2363.8794994377800,3784.2455499738800,3010.1148635975400
2,5/9/2022,9156.5268503225800,2362.3795391290300,3783.9994519677400,3010.1478600322500
2,5/16/2022,9154.9100280322500,2360.7627166129000,3783.7973490967700,3010.3499629032200
2,5/23/2022,9153.2932057419300,2359.1458940967700,3783.5952462258000,3010.5520657741900
2,5/30/2022,9151.6763834516100,2357.5290715806400,3783.3931433548300,3010.7541686451600
2,6/6/2022,9150.0364637000000,2355.9786543999900,3783.2776560000000,3010.7801532999900
2,6/13/2022,9148.3657473333300,2354.5167776666600,3783.2776560000000,3010.5713136666600
2,6/20/2022,9146.6950309666600,2353.0549009333300,3783.2776560000000,3010.3624740333300
2,6/27/2022,9145.0243146000000,2351.5930242000000,3783.2776560000000,3010.1536344000000
2,7/4/2022,9143.4883334299500,2350.1407713622100,3783.3601469216500,3009.9874151000000
2,7/11/2022,9142.4373989677400,2348.7231645483800,3783.7396051612900,3009.9746290000000
2,7/18/2022,9141.4268850645100,2347.3084449032200,3784.1438106774100,3009.9746290000000
2,7/25/2022,9140.4163711612900,2345.8937252580600,3784.5480161935400,3009.9746290000000
2,8/1/2022,9139.4182308940000,2344.4955038018400,3784.9522217142800,3009.9705044516100
2,8/8/2022,9138.8284206129000,2343.6417225806400,3785.3564273870900,3009.8302698064500
2,8/15/2022,9138.4242148709600,2343.0354141935400,3785.7606331290300,3009.6281669354800
2,8/22/2022,9138.0200091290300,2342.4291058064500,3786.1648388709600,3009.4260640645100
2,8/29/2022,9137.6158033870900,2341.8227974193500,3786.5690446129000,3009.2239611935400
2,9/5/2022,9137.2714036682000,2341.2103022119800,3786.9773748317900,3009.0837265483800
2,9/12/2022,9137.0585772000000,2340.5841960000000,3787.3947789000000,3009.0796020000000
2,9/19/2022,9136.8497378000000,2339.9576773333300,3787.8124579333300,3009.0796020000000
2,9/26/2022,9136.6408984000000,2339.3311586666600,3788.2301369666600,3009.0796020000000
2,10/3/2022,9136.6556094110600,2338.9545875483800,3788.6461661815600,3009.0548547373200
2,10/10/2022,9138.0488812903200,2340.1193596451600,3789.0520215161200,3008.8774993548300
2,10/17/2022,9139.6657035806400,2341.5340792903200,3789.4562270322500,3008.6753967096700
2,10/24/2022,9141.2825258709600,2342.9487989354800,3789.8604325483800,3008.4732940645100
2,10/31/2022,9142.8993481612900,2344.3635185806400,3790.2646380645100,3008.2711914193500
2,11/7/2022,9144.0696194666600,2345.4471746000000,3790.7958796666600,3007.8265653333300
2,11/14/2022,9144.9049775333300,2346.2825329000000,3791.4223983333300,3007.2000466666600
2,11/21/2022,9145.7403356000000,2347.1178912000000,3792.0489170000000,3006.5735280000000
2,11/28/2022,9146.5756936666600,2347.9532495000000,3792.6754356666600,3005.9470093333300
2,12/5/2022,9146.9697253370200,2348.5947540281100,3793.1101629047600,3005.2648092611300
2,12/12/2022,9146.3928389354800,2348.8097802580600,3793.1229490000000,3004.4601100967700
2,12/19/2022,9145.7865307741900,2349.0118829032200,3793.1229490000000,3003.6516988387000
2,12/26/2022,9145.1802226129000,2349.2139855483800,3793.1229490000000,3002.8432875806400
2,1/2/2023,9144.6439231013800,2349.3690081981500,3793.1592399170500,3002.1156741059900
2,1/9/2023,9144.9477273870900,2348.9590709032200,3793.6310218387000,3002.3576340322500
2,1/16/2023,9145.4848938387100,2348.3922002903200,3794.2237734838700,3002.8689199032200
2,1/23/2023,9146.0220602903200,2347.8253296774100,3794.8165251290300,3003.3802057741900
2,1/30/2023,9146.5592267419300,2347.2584590645100,3795.4092767741900,3003.8914916451600
2,2/6/2023,9145.5230269285700,2346.3588964285700,3795.1723553214200,3003.9917760714200
2,2/13/2023,9142.3890054285700,2345.0157444285700,3793.8292030714200,3003.5440585714200
2,2/20/2023,9139.2549839285700,2343.6725924285700,3792.4860508214200,3003.0963410714200
2,2/27/2023,9136.1209624285700,2342.3294404285700,3791.1428985714200,3002.6486235714200
2,3/6/2023,9133.4635431935500,2341.3019600000000,3790.0287630967700,3002.1328200967700
2,3/13/2023,9131.4415936451600,2340.6953750000000,3789.2199833225800,3001.5262353225800
2,3/20/2023,9129.4196440967700,2340.0887900000000,3788.4112035483800,3000.9196505483800
2,3/27/2023,9127.3976945483800,2339.4822050000000,3787.6024237741900,3000.3130657741900
2,4/3/2023,9125.5977468018400,2339.0010634285700,3786.8926782580600,2999.7040051152000
2,4/10/2023,9125.1668101666600,2339.2934896666600,3786.7936440000000,2999.0796765000000
2,4/17/2023,9124.9578753333300,2339.7113593333300,3786.7936440000000,2998.4528720000000
2,4/24/2023,9124.7489405000000,2340.1292289999900,3786.7936440000000,2997.8260674999900
2,5/1/2023,9124.5690282096700,2340.5592028525300,3786.7895175714200,2997.2203077857100
2,5/8/2023,9125.3468598387100,2341.3886148387000,3786.6492190000000,2997.3090260000000
2,5/15/2023,9126.5600296129000,2342.3995896129000,3786.4470240000000,2997.7134159999900
2,5/22/2023,9127.7731993870900,2343.4105643870900,3786.2448289999900,2998.1178059999900
2,5/29/2023,9128.9863691612900,2344.4215391612900,3786.0426340000000,2998.5221959999900
2,6/5/2023,9130.0200392903200,2345.1869914331700,3785.9662950714200,2998.8667527857100
2,6/12/2023,9130.6588102000000,2345.4122942000000,3786.1668395000000,2999.0796765000000
2,6/19/2023,9131.2856144666600,2345.6212288000000,3786.3757743333300,2999.2886113333300
2,6/26/2023,9131.9124187333300,2345.8301634000000,3786.5847091666600,2999.4975461666600
2,7/3/2023,9132.5862642866300,2346.0630313142800,3786.8423358294900,2999.6808971428500
2,7/10/2023,9133.5501977741900,2346.4434880000000,3787.4002287741900,2999.7064810000000
2,7/17/2023,9134.5611725483800,2346.8478780000000,3788.0068135483800,2999.7064810000000
2,7/24/2023,9135.5721473225800,2347.2522680000000,3788.6133983225800,2999.7064810000000
2,7/31/2023,9136.5831220967700,2347.6566580000000,3789.2199830967700,2999.7064810000000
2,8/7/2023,9137.1319370000000,2347.7144279999900,3789.5954880000000,2999.8220210000000
2,8/14/2023,9137.3341320000000,2347.5122330000000,3789.7976830000000,3000.0242160000000
2,8/21/2023,9137.5363270000000,2347.3100380000000,3789.9998780000000,3000.2264110000000
2,8/28/2023,9137.7385220000000,2347.1078430000000,3790.2020730000000,3000.4286060000000
2,9/4/2023,9137.6436141904700,2346.8616328095200,3790.2777241904700,3000.5042571904700
2,9/11/2023,9136.4791362666600,2346.4569679333300,3789.8978176666600,3000.1243506666600
2,9/18/2023,9135.2255275000000,2346.0390985000000,3789.4799480000000,2999.7064810000000
2,9/25/2023,9133.9719187333300,2345.6212290666600,3789.0620783333300,2999.2886113333300
2,10/2/2023,9132.7331651090600,2345.1422884900100,3788.6697925238000,2998.9210840952300
2,10/9/2023,9131.6726731935400,2343.9304941935400,3788.5845129999900,2999.1576659999900
2,10/16/2023,9130.6616984193500,2342.5151294193500,3788.5845129999900,2999.5620559999900
2,10/23/2023,9129.6507236451600,2341.0997646451600,3788.5845129999900,2999.9664460000000
2,10/30/2023,9128.6397488709600,2339.6843998709600,3788.5845129999900,3000.3708359999900
2,11/6/2023,9127.7934186000000,2338.6965330999900,3788.6740565000000,3000.4228290000000
2,11/13/2023,9127.1666143333300,2338.2786636666600,3788.8829913333300,3000.0049593333300
2,11/20/2023,9126.5398100666600,2337.8607942333300,3789.0919261666600,2999.5870896666600
2,11/27/2023,9125.9130058000000,2337.4429248000000,3789.3008610000000,2999.1692199999900
2,12/4/2023,9125.1665351032200,2337.0278062714200,3789.3846275460800,2998.7541012857100
2,12/11/2023,9123.9892652580600,2336.6225910000000,3789.0177882580600,2998.3488859999900
2,12/18/2023,9122.7760954838700,2336.2182010000000,3788.6133984838700,2997.9444960000000
2,12/25/2023,9121.5629257096700,2335.8138110000000,3788.2090087096700,2997.5401060000000
2,1/1/2024,9120.3462341705000,2335.3899980184300,3787.8148382304100,2997.1413979216500
2,1/8/2024,9119.0133243870900,2334.3252266451600,3787.7579044838700,2996.9301932580600
2,1/15/2024,9117.6275881290300,2332.9691105483800,3787.8542601612900,2996.8042174193500
2,1/22/2024,9116.2418518709600,2331.6129944516100,3787.9506158387000,2996.6782415806400
2,1/29/2024,9114.8561156129000,2330.2568783548300,3788.0469715161200,2996.5522657419300
2,2/5/2024,9113.1666859081500,2329.1173820800800,3787.7167950403600,2996.3325087877000
2,2/12/2024,9110.8091306206900,2328.4544494137900,3786.4482478275800,2995.9064333793100
2,2/19/2024,9108.4313291034400,2327.8059580689600,3785.1512651379300,2995.4741058965500
2,2/26/2024,9106.0535275862000,2327.1574667241300,3783.8542824482700,2995.0417784137900
2,3/4/2024,9104.2435295188300,2326.7651273259100,3782.7394522693400,2994.7389499235600
2,3/11/2024,9104.4776238709700,2327.2949349354800,3782.2803711290300,2994.9023178064500
2,3/18/2024,9104.8820592580600,2327.9015881290300,3781.8759357419300,2995.1045353870900
2,3/25/2024,9105.2864946451600,2328.5082413225800,3781.4715003548300,2995.3067529677400
2,4/1/2024,9105.6912051583700,2329.1238361149000,3781.0625253844800,2995.5048436589800
2,4/8/2024,9106.1049948333300,2330.0345036666600,3780.5037441666600,2995.5667470000000
2,4/15/2024,9106.5229114000000,2331.0792952000000,3779.8768692000000,2995.5667470000000
2,4/22/2024,9106.9408279666600,2332.1240867333300,3779.2499942333300,2995.5667470000000
2,4/29/2024,9107.3587445333300,2333.1688782666600,3778.6231192666600,2995.5667470000000
2,5/6/2024,9107.2508950967700,2333.5059077741900,3778.0915754516100,2995.6534117741900
2,5/13/2024,9106.4420243225800,2332.8992545806400,3777.6871398387000,2995.8556295806400
2,5/20/2024,9105.6331535483800,2332.2926013870900,3777.2827042258000,2996.0578473870900
2,5/27/2024,9104.8242827741900,2331.6859481935400,3776.8782686129000,2996.2600651935400
2,6/3/2024,9104.0632839152000,2331.1535790645100,3776.4977690138200,2996.4119348930800
2,6/10/2024,9103.5974952000000,2331.0792950000000,3776.2648748333300,2996.2533246000000
2,6/17/2024,9103.1795784000000,2331.0792950000000,3776.0559166666600,2996.0443662000000
2,6/24/2024,9102.7616616000000,2331.0792950000000,3775.8469585000000,2995.8354077999900
2,7/1/2024,9102.3852888525300,2331.1040563548300,3775.6546454631300,2995.6265869677400
2,7/8/2024,9103.3798698387100,2331.9459424193500,3776.0116217096700,2995.4223058709600
2,7/15/2024,9104.9976116129000,2333.1592488064500,3776.6182749032200,2995.2200882903200
2,7/22/2024,9106.6153533870900,2334.3725551935400,3777.2249280967700,2995.0178707096700
2,7/29/2024,9108.2330951612900,2335.5858615806400,3777.8315812903200,2994.8156531290300
2,8/5/2024,9108.9222861981500,2335.9325205714200,3778.3144276635900,2994.6753388894000
2,8/12/2024,9107.5686656129000,2334.3725552903200,3778.5248990322500,2994.6712120000000
2,8/19/2024,9106.1531416451600,2332.7548135161200,3778.7271166129000,2994.6712120000000
2,8/26/2024,9104.7376176774200,2331.1370717419300,3778.9293341935400,2994.6712120000000
2,9/2/2024,9103.3703783423900,2329.5672019110600,3779.1319644774100,2994.6712120000000
2,9/9/2024,9102.5825546000000,2328.5717953999900,3779.3395472000000,2994.6712120000000
2,9/16/2024,9101.9556796333300,2327.7359620333300,3779.5485056000000,2994.6712120000000
2,9/23/2024,9101.3288046666600,2326.9001286666600,3779.7574640000000,2994.6712120000000
2,9/30/2024,9100.7019296999900,2326.0642952999900,3779.9664224000000,2994.6712120000000
2,10/7/2024,9101.1265869354800,2326.3993989354800,3780.1715290322500,2994.5556589677400
2,10/14/2024,9102.3398933225800,2327.6127053225800,3780.3737468387000,2994.3534411612900
2,10/21/2024,9103.5531997096700,2328.8260117096700,3780.5759646451600,2994.1512233548300
2,10/28/2024,9104.7665060967700,2330.0393180967700,3780.7781824516100,2993.9490055483800
2,11/4/2024,9105.7321989354800,2331.0050109354800,3780.9817758417800,2993.7454121105900
2,11/11/2024,9105.8064830000000,2331.0792950000000,3781.1903213333300,2993.5368664000000
2,11/18/2024,9105.8064830000000,2331.0792950000000,3781.3992795000000,2993.3279080000000
2,11/25/2024,9105.8064830000000,2331.0792950000000,3781.6082376666600,2993.1189496000000
2,12/2/2024,9105.7817216497700,2331.0669143317900,3781.8167831582100,2992.8980232211900
2,12/9/2024,9105.4598240967700,2330.9059656451600,3782.0203765483800,2992.5334810967700
2,12/16/2024,9105.0553887096700,2330.7037480645100,3782.2225943548300,2992.1290457096700
2,12/23/2024,9104.6509533225800,2330.5015304838700,3782.4248121612900,2991.7246103225800
2,12/30/2024,9104.2465179354800,2330.2993129032200,3782.6270299677400,2991.3201749354800
3,3/1/2021,17271.0225809479000,4483.6076958043100,7101.0745268525300,5686.3403565345600
3,3/8/2021,17268.9039803225000,4483.0551622580600,7099.2443978387000,5686.6044187096700
3,3/15/2021,17265.4789367741000,4480.7718004193500,7097.7221566129000,5686.9849789032200
3,3/22/2021,17262.0538932258000,4478.4884385806400,7096.1999153870900,5687.3655390967700
3,3/29/2021,17258.6288496774000,4476.2050767419300,7094.6776741612900,5687.7460992903200
3,4/5/2021,17255.4096195622000,4474.2595592211900,7093.1398997903200,5688.0101614654300
3,4/12/2021,17252.6431790000000,4473.0572992000000,7091.5679525000000,5688.0179280000000
3,4/19/2021,17249.8904593333000,4471.8775621333300,7089.9949696666600,5688.0179280000000
3,4/26/2021,17247.1377396666000,4470.6978250666600,7088.4219868333300,5688.0179280000000
3,5/3/2021,17244.4890916774000,4469.4761486875500,7087.0416141428500,5687.9713287926200
3,5/10/2021,17242.4822190322000,4467.9958465483800,7086.8490039999900,5687.6373678064500
3,5/17/2021,17240.5794180645000,4466.4736050967700,7086.8490039999900,5687.2568076129000
3,5/24/2021,17238.6766170967000,4464.9513636451600,7086.8490039999900,5686.8762474193500
3,5/31/2021,17236.7738161290000,4463.4291221935400,7086.8490039999900,5686.4956872258000
3,6/7/2021,17239.1042953333000,4465.0238512666600,7087.0737158666600,5687.0067254666600
3,6/14/2021,17244.6097346666000,4468.9563082333300,7087.4669616333300,5688.1864625333300
3,6/21/2021,17250.1151740000000,4472.8887651999900,7087.8602074000000,5689.3661996000000
3,6/28/2021,17255.6206133333000,4476.8212221666600,7088.2534531666600,5690.5459366666600
3,7/5/2021,17258.3922313763000,4478.3848851079800,7088.6428155946200,5691.3645297333300
3,7/12/2021,17255.1494425806000,4474.7372011935400,7089.0236346774100,5691.3886060000000
3,7/19/2021,17251.7243990322000,4470.9315976774100,7089.4041948709600,5691.3886060000000
3,7/26/2021,17248.2993554838000,4467.1259941612900,7089.7847550645100,5691.3886060000000
3,8/2/2021,17245.0374092165000,4463.3902894976900,7090.2352141105900,5691.4119056036800
3,8/9/2021,17243.7326303225000,4460.4933710645100,7091.5244593870900,5691.7148004516100
3,8/16/2021,17242.9715090322000,4457.8294488064500,7093.0467008387000,5692.0953606451600
3,8/23/2021,17242.2103877419000,4455.1655265483800,7094.5689422903200,5692.4759208387000
3,8/30/2021,17241.4492664516000,4452.5016042903200,7096.0911837419300,5692.8564810322500
3,9/6/2021,17240.5087390000000,4449.9681598000000,7097.1295698999900,5693.4110118000000
3,9/13/2021,17239.3290033333000,4447.6086856666600,7097.5228156666600,5694.1975033333300
3,9/20/2021,17238.1492676666000,4445.2492115333300,7097.9160614333300,5694.9839948666600
3,9/27/2021,17236.9695320000000,4442.8897374000000,7098.3093072000000,5695.7704864000000
3,10/4/2021,17235.3315702350000,4440.5457963419300,7098.3893025995300,5696.3964694571400
3,10/11/2021,17232.0439945161000,4438.2577743548300,7097.3415966774100,5696.4446220000000
3,10/18/2021,17228.6189509677000,4435.9744122903200,7096.1999156451600,5696.4446220000000
3,10/25/2021,17225.1939074193000,4433.6910502258000,7095.0582346129000,5696.4446220000000
3,11/1/2021,17221.8146864331000,4431.4382365442400,7093.9398531935400,5696.4365965761900
3,11/8/2021,17219.9476100000000,4430.1935195000000,7093.5903590000000,5696.1637321666600
3,11/15/2021,17218.7678720000000,4429.4070282000000,7093.5903590000000,5695.7704864000000
3,11/22/2021,17217.5881340000000,4428.6205369000000,7093.5903590000000,5695.3772406333300
3,11/29/2021,17216.4083960000000,4427.8340456000000,7093.5903590000000,5694.9839948666600
3,12/6/2021,17222.7474432258000,4431.6251514193500,7098.1570830645100,5692.9652128387100
3,12/13/2021,17239.1115374193000,4441.5197200645100,7108.8127725483800,5688.7790491290300
3,12/20/2021,17255.4756316129000,4451.4142887096700,7119.4684620322500,5684.5928854193500
3,12/27/2021,17271.8397258064000,4461.3088573548300,7130.1241515161200,5680.4067217096700
3,1/3/2022,17286.0232142857000,4469.8890721935400,7139.5063540783400,5676.6277928755700
3,1/10/2022,17286.7596341935000,4470.3641052258000,7141.0353872903200,5675.3601457741900
3,1/17/2022,17285.3154483870000,4469.5247844516100,7141.2909335806400,5674.4997335483800
3,1/24/2022,17283.8712625806000,4468.6854636774200,7141.5464798709600,5673.6393213225800
3,1/31/2022,17282.4270767741000,4467.8461429032200,7141.8020261612900,5672.7789090967700
3,2/7/2022,17280.1229328571000,4467.0049460000000,7140.4670820000000,5672.6509050000000
3,2/14/2022,17277.1738203571000,4466.1623420000000,7137.9392700000000,5673.0722069999900
3,2/21/2022,17274.2247078571000,4465.3197380000000,7135.4114580000000,5673.4935090000000
3,2/28/2022,17271.2755953571000,4464.4771340000000,7132.8836460000000,5673.9148110000000
3,3/7/2022,17268.7070125806000,4463.4636794193500,7131.3654056129000,5673.8779228064500
3,3/14/2022,17266.4238270967000,4462.3220869032200,7130.6043439354800,5673.4973919677400
3,3/21/2022,17264.1406416129000,4461.1804943870900,7129.8432822580600,5673.1168611290300
3,3/28/2022,17261.8574561290000,4460.0389018709600,7129.0822205806400,5672.7363302903200
3,4/4/2022,17259.2377468663000,4458.7290474193500,7128.3159816129000,5672.1927148064500
3,4/11/2022,17255.4065520000000,4456.8134500000000,7127.5311044000000,5671.0619946000000
3,4/18/2022,17251.4744000000000,4454.8473740000000,7126.7446740000000,5669.8823489999900
3,4/25/2022,17247.5422480000000,4452.8812979999900,7125.9582436000000,5668.7027034000000
3,5/2/2022,17243.6644574654000,4450.8492115483800,7125.1966641935400,5667.6185788064500
3,5/9/2022,17240.4390045161000,4448.0249996774100,7124.7332967096700,5667.6807062903200
3,5/16/2022,17237.3947564516000,4444.9807529677400,7124.3527658709600,5668.0612371290300
3,5/23/2022,17234.3505083870000,4441.9365062580600,7123.9722350322500,5668.4417679677400
3,5/30/2022,17231.3062603225000,4438.8922595483800,7123.5917041935400,5668.8222988064500
3,6/6/2022,17228.2185240000000,4435.9730444000000,7123.3742580000000,5668.8712241999900
3,6/13/2022,17225.0728033333000,4433.2205380000000,7123.3742580000000,5668.4780090000000
3,6/20/2022,17221.9270826666000,4430.4680315999900,7123.3742580000000,5668.0847938000000
3,6/27/2022,17218.7813619999000,4427.7155252000000,7123.3742580000000,5667.6915786000000
3,7/4/2022,17215.8893283686000,4424.9811393161200,7123.5295767096700,5667.3786114000000
3,7/11/2022,17213.9105680645000,4422.3119872903200,7124.2440427741900,5667.3545370000000
3,7/18/2022,17212.0079138709000,4419.6482714193500,7125.0051044516100,5667.3545370000000
3,7/25/2022,17210.1052596774000,4416.9845555483800,7125.7661661290300,5667.3545370000000
3,8/1/2022,17208.2259032718000,4414.3519034193500,7126.5272278064500,5667.3467710645100
3,8/8/2022,17207.1153738709000,4412.7443547741900,7127.2882894838700,5667.0827292580600
3,8/15/2022,17206.3543112903000,4411.6027622580600,7128.0493511612900,5666.7021984193500
3,8/22/2022,17205.5932487096000,4410.4611697419300,7128.8104128387100,5666.3216675806400
3,8/29/2022,17204.8321861290000,4409.3195772258000,7129.5714745161200,5665.9411367419300
3,9/5/2022,17204.1837297465000,4408.1663358064500,7130.3403021290300,5665.6770949354800
3,9/12/2022,17203.7830070000000,4406.9874668000000,7131.1262148000000,5665.6693290000000
3,9/19/2022,17203.3897913333000,4405.8078212000000,7131.9126452000000,5665.6693290000000
3,9/26/2022,17202.9965756666000,4404.6281756000000,7132.6990756000000,5665.6693290000000
3,10/3/2022,17203.0242739262000,4403.9191456903200,7133.4823996258000,5665.6227333870900
3,10/10/2022,17205.6476080645000,4406.1122458709600,7134.2465676774200,5665.2887981612900
3,10/17/2022,17208.6918561290000,4408.7759617419300,7135.0076293548300,5664.9082673225800
3,10/24/2022,17211.7361041935000,4411.4396776129000,7135.7686910322500,5664.5277364838700
3,10/31/2022,17214.7803522580000,4414.1033934838700,7136.5297527096700,5664.1472056451600
3,11/7/2022,17216.9838073333000,4416.1437635999900,7137.5300052000000,5663.3100378000000
3,11/14/2022,17218.5566676666000,4417.7166244000000,7138.7096508000000,5662.1303922000000
3,11/21/2022,17220.1295279999000,4419.2894852000000,7139.8892964000000,5660.9507466000000
3,11/28/2022,17221.7023883333000,4420.8623460000000,7141.0689420000000,5659.7711009999900
3,12/5/2022,17222.4442939892000,4422.0702078322500,7141.8874716000000,5658.4866152709600
3,12/12/2022,17221.3580993548000,4422.4750719354800,7141.9115460000000,5656.9714812580600
3,12/19/2022,17220.2165077419000,4422.8556027741900,7141.9115460000000,5655.4493579032200
3,12/26/2022,17219.0749161290000,4423.2361336129000,7141.9115460000000,5653.9272345483800
3,1/2/2023,17217.9785723963000,4423.5058074700400,7141.9439526497600,5652.5288095161200
3,1/9/2023,17217.4252032258000,4422.4451975483800,7142.3652390967700,5652.6147643548300
3,1/16/2023,17217.0226603225000,4421.0150643548300,7142.8945477096700,5653.1130469354800
3,1/23/2023,17216.6201174193000,4419.5849311612900,7143.4238563225800,5653.6113295161200
3,1/30/2023,17216.2175745161000,4418.1547979677400,7143.9531649354800,5654.1096120967700
3,2/6/2023,17213.4595046428000,4416.2541311428500,7143.1721790357100,5654.0331956785700
3,2/13/2023,17207.5607321428000,4413.7260861428500,7140.6441337857100,5653.1905139285700
3,2/20/2023,17201.6619596428000,4411.1980411428500,7138.1160885357100,5652.3478321785700
3,2/27/2023,17195.7631871428000,4408.6699961428500,7135.5880432857100,5651.5051504285700
3,3/6/2023,17190.7614635483000,4406.7360998709600,7133.4910473225800,5650.5343189677400
3,3/13/2023,17186.9558051612000,4405.5944019032200,7131.9687837419300,5649.3926212258000
3,3/20/2023,17183.1501467741000,4404.4527039354800,7130.4465201612900,5648.2509234838700
3,3/27/2023,17179.3444883870000,4403.3110059677400,7128.9242565806400,5647.1092257419300
3,4/3/2023,17175.9566758433000,4402.4054142368600,7127.5883926221200,5645.9628680092100
3,4/10/2023,17175.1455793333000,4402.9558109666600,7127.4019930000000,5644.7877736666600
3,4/17/2023,17174.7523286666000,4403.7423139333300,7127.4019930000000,5643.6080193333300
3,4/24/2023,17174.3590780000000,4404.5288169000000,7127.4019930000000,5642.4282650000000
3,5/1/2023,17174.0204527649000,4405.3381020437700,7127.3942263456200,5641.2881205852500
3,5/8/2023,17175.4844667741000,4406.8991990322500,7127.1301600967700,5641.4551034838700
3,5/15/2023,17177.7678622580000,4408.8020286774100,7126.7495940322500,5642.2162351612900
3,5/22/2023,17180.0512577419000,4410.7048583225800,7126.3690279677400,5642.9773668387100
3,5/29/2023,17182.3346532258000,4412.6076879677400,7125.9884619032200,5643.7384985161200
3,6/5/2023,17184.2801993778000,4414.0484018847900,7125.8447787972300,5644.3870138433100
3,6/12/2023,17185.4824770000000,4414.4724612000000,7126.2222381999900,5644.7877732000000
3,6/19/2023,17186.6622313333000,4414.8657127999900,7126.6154898000000,5645.1810248000000
3,6/26/2023,17187.8419856666000,4415.2589644000000,7127.0087414000000,5645.5742764000000
3,7/3/2023,17189.1102796405000,4415.6972625677400,7127.4936394663600,5645.9193747428500
3,7/10/2023,17190.9245680645000,4416.4133479032200,7128.5436907419300,5645.9675280000000
3,7/17/2023,17192.8273961290000,4417.1744798064500,7129.6853884838700,5645.9675280000000
3,7/24/2023,17194.7302241935000,4417.9356117096700,7130.8270862258000,5645.9675280000000
3,7/31/2023,17196.6330522580000,4418.6967436129000,7131.9687839677400,5645.9675280000000
3,8/7/2023,17197.6660170967000,4418.8054766774100,7132.6755491935400,5646.1849941935400
3,8/14/2023,17198.0465845161000,4418.4249106129000,7133.0561150322500,5646.5655600322500
3,8/21/2023,17198.4271519354000,4418.0443445483800,7133.4366808709600,5646.9461258709600
3,8/28/2023,17198.8077193548000,4417.6637784838700,7133.8172467096700,5647.3266917096700
3,9/4/2023,17198.6290875729000,4417.2003681536100,7133.9596352887800,5647.4690802411600
3,9/11/2023,17196.4373386666000,4416.4387184666600,7133.2445857333300,5646.7540304666600
3,9/18/2023,17194.0778300000000,4415.6522155000000,7132.4580829999900,5645.9675275000000
3,9/25/2023,17191.7183213333000,4414.8657125333300,7131.6715802666600,5645.1810245333300
3,10/2/2023,17189.3867725652000,4413.9642631228800,7130.9332307619000,5644.4892747219600
3,10/9/2023,17187.3907425806000,4411.6834563870900,7130.7727200000000,5644.9345627741900
3,10/16/2023,17185.4879122580000,4409.0194948387000,7130.7727200000000,5645.6956946774200
3,10/23/2023,17183.5850819354000,4406.3555332903200,7130.7727200000000,5646.4568265806400
3,10/30/2023,17181.6822516129000,4403.6915717419300,7130.7727200000000,5647.2179584838700
3,11/6/2023,17180.0893110000000,4401.8322352999900,7130.9412563000000,5647.3158183000000
3,11/13/2023,17178.9095566666000,4401.0457323333300,7131.3345076666600,5646.5293153333300
3,11/20/2023,17177.7298023333000,4400.2592293666600,7131.7277590333300,5645.7428123666600
3,11/27/2023,17176.5500480000000,4399.4727264000000,7132.1210104000000,5644.9563094000000
3,12/4/2023,17175.1450607788000,4398.6914012474600,7132.2786733442400,5644.1749842474600
3,12/11/2023,17172.9292351612000,4397.9287162258000,7131.5882179677400,5643.4122992258000
3,12/18/2023,17170.6458396774000,4397.1675845483800,7130.8270860645100,5642.6511675483800
3,12/25/2023,17168.3624441935000,4396.4064528709600,7130.0659541612900,5641.8900358709600
3,1/1/2024,17166.0661481106000,4395.6071607926200,7129.3214498387100,5641.1375364331800
3,1/8/2024,17163.3441322580000,4393.5485754838700,7129.1256556774100,5640.6699009032200
3,1/15/2024,17160.4286074193000,4390.9175841612900,7129.1792752258000,5640.3317489677400
3,1/22/2024,17157.5130825806000,4388.2865928387000,7129.2328947741900,5639.9935970322500
3,1/29/2024,17154.5975577419000,4385.6556015161200,7129.2865143225800,5639.6554450967700
3,2/5/2024,17151.2046185857000,4383.4564005034100,7128.5764894033000,5639.1717322126100
3,2/12/2024,17146.7613679310000,4382.2071381724100,7126.1864466551700,5638.3677852413800
3,2/19/2024,17142.2862896551000,4380.9866618620600,7123.7454942758600,5637.5541342068900
3,2/26/2024,17137.8112113793000,4379.7661855517200,7121.3045418965500,5636.7404831724100
3,3/4/2024,17134.4047526330000,4379.0277933665900,7119.2064048612700,5636.1705524938800
3,3/11/2024,17134.8453241935000,4380.0249040322500,7118.3424030645100,5636.4780150967700
3,3/18/2024,17135.6064816129000,4381.1666399354800,7117.5812458709600,5636.8585938064500
3,3/25/2024,17136.3676390322000,4382.3083758387000,7116.8200886774100,5637.2391725161200
3,4/1/2024,17137.1293142457000,4383.4669400473100,7116.0503878803300,5637.6119843133600
3,4/8/2024,17137.9080766666000,4385.1808383333300,7114.9987481666600,5637.7284880000000
3,4/15/2024,17138.6946060000000,4387.1471612000000,7113.8189544000000,5637.7284880000000
3,4/22/2024,17139.4811353333000,4389.1134840666600,7112.6391606333300,5637.7284880000000
3,4/29/2024,17140.2676646666000,4391.0798069333300,7111.4593668666600,5637.7284880000000
3,5/6/2024,17140.0646893548000,4391.7141046129000,7110.4589887741900,5637.8915931612900
3,5/13/2024,17138.5423745161000,4390.5723687096700,7109.6978315806400,5638.2721718709600
3,5/20/2024,17137.0200596774000,4389.4306328064500,7108.9366743870900,5638.6527505806400
3,5/27/2024,17135.4977448387000,4388.2888969032200,7108.1755171935400,5639.0333292903200
3,6/3/2024,17134.0655261843000,4387.2869653963100,7107.4594080645100,5639.3191516682000
3,6/10/2024,17133.1889006666000,4387.1471610000000,7107.0210953333300,5639.0206433333300
3,6/17/2024,17132.4023713333000,4387.1471610000000,7106.6278306666600,5638.6273786666600
3,6/24/2024,17131.6158420000000,4387.1471610000000,7106.2345660000000,5638.2341140000000
3,7/1/2024,17130.9074995852000,4387.1937624654300,7105.8726278755700,5637.8411082304100
3,7/8/2024,17132.7793254838000,4388.7782122903200,7106.5444656451600,5637.4566460645100
3,7/15/2024,17135.8239551612000,4391.0616840967700,7107.6862015483800,5637.0760673548300
3,7/22/2024,17138.8685848387000,4393.3451559032200,7108.8279374516100,5636.6954886451600
3,7/29/2024,17141.9132145161000,4395.6286277096700,7109.9696733548300,5636.3149099354800
3,8/5/2024,17143.2102888940000,4396.2810482488400,7110.8784019539100,5636.0508349124400
3,8/12/2024,17140.6627416129000,4393.3451560000000,7111.2745144838700,5636.0430680000000
3,8/19/2024,17137.9986906451000,4390.3005269999900,7111.6550931935400,5636.0430680000000
3,8/26/2024,17135.3346396774000,4387.2558980000000,7112.0356719032200,5636.0430680000000
3,9/2/2024,17132.7614615852000,4384.3013651714200,7112.4170272898600,5636.0430680000000
3,9/9/2024,17131.2787580000000,4382.4279864000000,7112.8077028000000,5636.0430680000000
3,9/16/2024,17130.0989640000000,4380.8549282000000,7113.2009672333300,5636.0430680000000
3,9/23/2024,17128.9191700000000,4379.2818700000000,7113.5942316666600,5636.0430680000000
3,9/30/2024,17127.7393760000000,4377.7088118000000,7113.9874961000000,5636.0430680000000
3,10/7/2024,17128.5385912903000,4378.3394849032200,7114.3735115483800,5635.8255945806400
3,10/14/2024,17130.8220635483000,4380.6229564838700,7114.7540902580600,5635.4450160967700
3,10/21/2024,17133.1055358064000,4382.9064280645100,7115.1346689677400,5635.0644376129000
3,10/28/2024,17135.3890080645000,4385.1898996451600,7115.5152476774100,5634.6838591290300
3,11/4/2024,17137.2064655760000,4387.0073566175100,7115.8984153102900,5634.3006916282600
3,11/11/2024,17137.3462700000000,4387.1471610000000,7116.2909030666600,5633.9082036666600
3,11/18/2024,17137.3462700000000,4387.1471610000000,7116.6841675000000,5633.5149390000000
3,11/25/2024,17137.3462700000000,4387.1471610000000,7117.0774319333300,5633.1216743333300
3,12/2/2024,17137.2996685253000,4387.1238602764900,7117.4699196897000,5632.7058856344000
3,12/9/2024,17136.6938493548000,4386.8209508709600,7117.8530873225800,5632.0198085483800
3,12/16/2024,17135.9326919354000,4386.4403723870900,7118.2336660322500,5631.2586513548300
3,12/23/2024,17135.1715345161000,4386.0597939032200,7118.6142447419300,5630.4974941612900
3,12/30/2024,17134.4103770967000,4385.6792154193500,7118.9948234516100,5629.7363369677400
4,3/1/2021,991.3016600504110,257.3447942290150,407.5790494472020,326.3778162746540
4,3/8/2021,991.1800591322580,257.3130805548380,407.4740058806450,326.3929726129030
4,3/15/2021,990.9834725774190,257.1820228516120,407.3866340935480,326.4148155709670
4,3/22/2021,990.7868860225800,257.0509651483870,407.2992623064510,326.4366585290320
4,3/29/2021,990.5902994677410,256.9199074451610,407.2118905193540,326.4585014870960
4,4/5/2021,990.4055259347920,256.8082409327180,407.1236271762670,326.4736578253450
4,4/12/2021,990.2467410500000,256.7392350400000,407.0334024099990,326.4741036000000
4,4/19/2021,990.0887437000000,256.6715218933330,406.9431182066660,326.4741036000000
4,4/26/2021,989.9307463499990,256.6038087466660,406.8528340033330,326.4741036000000
4,5/3/2021,989.7787223801840,256.5336884167740,406.7736050085710,326.4714289520730
4,5/10/2021,989.6635342548380,256.4487237903220,406.7625498000000,326.4522606419350
4,5/17/2021,989.5543195096770,256.3613519806450,406.7625498000000,326.4304176838700
4,5/24/2021,989.4451047645160,256.2739801709670,406.7625498000000,326.4085747258060
4,5/31/2021,989.3358900193540,256.1866083612900,406.7625498000000,326.3867317677410
4,6/7/2021,989.4696520866660,256.2781407266660,406.7754475466660,326.4160637266660
4,6/14/2021,989.7856467633330,256.5038512233330,406.7980186033330,326.4837768733330
4,6/21/2021,990.1016414400000,256.7295617200000,406.8205896599990,326.5514900200000
4,6/28/2021,990.4176361166660,256.9552722166660,406.8431607166660,326.6192031666660
4,7/5/2021,990.5767181714430,257.0450214859140,406.8655088790930,326.6661877990470
4,7/12/2021,990.3905924580640,256.8356560548380,406.8873666741930,326.6675697000000
4,7/19/2021,990.1940059032250,256.6172265419350,406.9092096096770,326.6675697000000
4,7/26/2021,989.9974193483870,256.3987970290320,406.9310525451610,326.6675697000000
4,8/2/2021,989.8101940585250,256.1843794880180,406.9569074525340,326.6689070239630
4,8/9/2021,989.7353039483870,256.0181056096770,407.0309060225800,326.6862922354830
4,8/16/2021,989.6916180548380,255.8652049709670,407.1182778322580,326.7081351935480
4,8/23/2021,989.6479321612900,255.7123043322580,407.2056496419350,326.7299781516120
4,8/30/2021,989.6042462677410,255.5594036935480,407.2930214516120,326.7518211096770
4,9/6/2021,989.5502629800000,255.4139920600000,407.3526215100000,326.7836494100000
4,9/13/2021,989.4825498333330,255.2785657666660,407.3751925666660,326.8287915000000
4,9/20/2021,989.4148366866660,255.1431394733330,407.3977636233330,326.8739335900000
4,9/27/2021,989.3471235400000,255.0077131800000,407.4203346800000,326.9190756800000
4,10/4/2021,989.2531096977880,254.8731784356680,407.4249261635480,326.9550050985710
4,10/11/2021,989.0644133516120,254.7418532677410,407.3647911838710,326.9577689000000
4,10/18/2021,988.8678267967740,254.6107955645160,407.2992623322580,326.9577689000000
4,10/25/2021,988.6712402419350,254.4797378612900,407.2337334806450,326.9577689000000
4,11/1/2021,988.4772837566510,254.3504335374500,407.1695419525340,326.9573082666660
4,11/8/2021,988.3701195666660,254.2789907333330,407.1494821000000,326.9416467333330
4,11/15/2021,988.3024064200000,254.2338486199990,407.1494821000000,326.9190757000000
4,11/22/2021,988.2346932733330,254.1887065066660,407.1494821000000,326.8965046666660
4,11/29/2021,988.1669801266660,254.1435643933330,407.1494821000000,326.8739336333330
4,12/6/2021,988.5308212774190,254.3611617838700,407.4115975096770,326.7580619838700
4,12/13/2021,989.4700681580640,254.9290785129030,408.0232001322580,326.5177895129030
4,12/20/2021,990.4093150387090,255.4969952419350,408.6348027548380,326.2775170419350
4,12/27/2021,991.3485619193540,256.0649119709670,409.2464053774190,326.0372445709670
4,1/3/2022,992.0140666138240,256.5189792419350,409.7235104930870,325.7715768788010
4,1/10/2022,990.9914944935480,256.2709748548380,409.3712143161290,325.3493053225800
4,1/17/2022,989.6951801870960,255.9091210096770,408.8844206322580,324.9016385451610
4,1/24/2022,988.3988658806450,255.5472671645160,408.3976269483870,324.4539717677410
4,1/31/2022,987.1025515741930,255.1854133193540,407.9108332645160,324.0063049903220
4,2/7/2022,986.4507867428570,255.0028469428570,407.6197489142850,323.8281908857140
4,2/14/2022,986.2824340178570,254.9547461678570,407.4754465642850,323.8522412857140
4,2/21/2022,986.1140812928570,254.9066453928570,407.3311442142850,323.8762916857140
4,2/28/2022,985.9457285678570,254.8585446178570,407.1868418642850,323.9003420857140
4,3/7/2022,985.7990987677420,254.8006906838700,407.1001717935480,323.8982362903220
4,3/14/2022,985.6687611612900,254.7355218806450,407.0567259322580,323.8765133483870
4,3/21/2022,985.5384235548380,254.6703530774190,407.0132800709670,323.8547904064510
4,3/28/2022,985.4080859483870,254.6051842741930,406.9698342096770,323.8330674645160
4,4/4/2022,985.2585375867890,254.5304100933940,406.9260927983100,323.8020346998460
4,4/11/2022,985.0398305066660,254.4210565533330,406.8812874066660,323.7374865733330
4,4/18/2022,984.8153602000000,254.3088214000000,406.8363933500000,323.6701454999990
4,4/25/2022,984.5908898933330,254.1965862466660,406.7914992933330,323.6028044266660
4,5/2/2022,984.3695228639010,254.0805828291850,406.7480238763440,323.5409162508440
4,5/9/2022,984.1853951612900,253.9193602419350,406.7215721354830,323.5444628451610
4,5/16/2022,984.0116117161290,253.7455767741930,406.6998491935480,323.5661857645160
4,5/23/2022,983.8378282709670,253.5717933064510,406.6781262516120,323.5879086838710
4,5/30/2022,983.6640448258060,253.3980098387090,406.6564033096770,323.6096316032250
4,6/6/2022,983.4877787500000,253.2313639100000,406.6439902000000,323.6124245500000
4,6/13/2022,983.3082025000000,253.0742347000000,406.6439902000000,323.5899775333330
4,6/20/2022,983.1286262500000,252.9171054900000,406.6439902000000,323.5675305166660
4,6/27/2022,982.9490500000000,252.7599762800000,406.6439902000000,323.5450835000000
4,7/4/2022,982.7839557062210,252.6038814953450,406.6528567023040,323.5272175071420
4,7/11/2022,982.6709964548380,252.4515106419350,406.6936426129030,323.5258432000000
4,7/18/2022,982.5623817903220,252.2994501161290,406.7370884741930,323.5258432000000
4,7/25/2022,982.4537671258060,252.1473895903220,406.7805343354830,323.5258432000000
4,8/1/2022,982.3464824368660,251.9971023649760,406.8239801967740,323.5253998746540
4,8/8/2022,982.2830869419350,251.9053340548380,406.8674260580640,323.5103268129030
4,8/15/2022,982.2396410806450,251.8401652516120,406.9108719193540,323.4886038709670
4,8/22/2022,982.1961952193540,251.7749964483870,406.9543177806450,323.4668809290320
4,8/29/2022,982.1527493580640,251.7098276451610,406.9977636419350,323.4451579870960
4,9/5/2022,982.1157317073730,251.6439938612900,407.0416528354830,323.4300849253450
4,9/12/2022,982.0928561200000,251.5766971200000,407.0865173599990,323.4296416000000
4,9/19/2022,982.0704090800000,251.5093560466660,407.1314114400000,323.4296416000000
4,9/26/2022,982.0479620400000,251.4420149733330,407.1763055199990,323.4296416000000
4,10/3/2022,982.0495432254370,251.4015394019350,407.2210222670960,323.4269816479260
4,10/10/2022,982.1992984677420,251.5267344258060,407.2646454612900,323.4079186580640
4,10/17/2022,982.3730819354830,251.6787949516120,407.3080913225800,323.3861957161290
4,10/24/2022,982.5468654032250,251.8308554774190,407.3515371838710,323.3644727741930
4,10/31/2022,982.7206488709670,251.9829160032250,407.3949830451610,323.3427498322580
4,11/7/2022,982.8464349933330,252.0993922933330,407.4520833266660,323.2949593866660
4,11/14/2022,982.9362231066660,252.1891804066660,407.5194244233330,323.2276183133330
4,11/21/2022,983.0260112200000,252.2789685200000,407.5867655200000,323.1602772400000
4,11/28/2022,983.1157993333330,252.3687566333330,407.6541066166660,323.0929361666660
4,12/5/2022,983.1581516627950,252.4377084697080,407.7008330919040,323.0196101937940
4,12/12/2022,983.0961452677410,252.4608204967740,407.7022074000000,322.9331174419350
4,12/19/2022,983.0309764870960,252.4825434387090,407.7022074000000,322.8462256967740
4,12/26/2022,982.9658077064510,252.5042663806450,407.7022074000000,322.7593339516120
4,1/2/2023,982.7964076350230,252.4922541705060,407.6597317755760,322.6444216935480
4,1/9/2023,981.3762320741930,252.0754201354830,407.1075486580640,322.1932632806450
4,1/16/2023,979.6086188774190,251.5461355935480,406.4137801258060,321.6487031580640
4,1/23/2023,977.8410056806450,251.0168510516120,405.7200115935480,321.1041430354830
4,1/30/2023,976.0733924838700,250.4875665096770,405.0262430612900,320.5595829129030
4,2/6/2023,974.9201466928570,250.1237548714280,404.5684405607140,320.2279512607140
4,2/13/2023,974.5860574428570,249.9805737714280,404.4252594357140,320.1802242357140
4,2/20/2023,974.2519681928570,249.8373926714280,404.2820783107140,320.1324972107140
4,2/27/2023,973.9178789428570,249.6942115714280,404.1388971857140,320.0847701857140
4,3/6/2023,973.6345958935480,249.5846813193540,404.0201294451610,320.0297851290320
4,3/13/2023,973.4190544451610,249.5200188645160,403.9339128838710,319.9651226967740
4,3/20/2023,973.2035129967740,249.4553564096770,403.8476963225800,319.9004602645160
4,3/27/2023,972.9879715483870,249.3906939548380,403.7614797612900,319.8357978322580
4,4/3/2023,972.7960956704140,249.3394038716120,403.6858203299530,319.7708714717050
4,4/10/2023,972.7501574766660,249.3705767466660,403.6752632000000,319.7043175533330
4,4/17/2023,972.7278848533330,249.4151219933330,403.6752632000000,319.6374997066660
4,4/24/2023,972.7056122299990,249.4596672400000,403.6752632000000,319.5706818600000
4,5/1/2023,972.6864334329490,249.5055028023040,403.6748233193540,319.5061074036860
4,5/8/2023,972.7693509032250,249.5939187806450,403.6598673774190,319.5155648290320
4,5/15/2023,972.8986757677420,249.7016894935480,403.6383132258060,319.5586731096770
4,5/22/2023,973.0280006322580,249.8094602064510,403.6167590741930,319.6017813903220
4,5/29/2023,973.1573254967740,249.9172309193540,403.5952049225800,319.6448896709670
4,6/5/2023,973.2675155670500,249.9988287476950,403.5870671306450,319.6816196891700
4,6/12/2023,973.3356090900000,250.0228462300000,403.6084453300000,319.7043175300000
4,6/19/2023,973.4024269600000,250.0451188533330,403.6307179533330,319.7265901533330
4,6/26/2023,973.4692448300000,250.0673914766660,403.6529905766660,319.7488627766660
4,7/3/2023,973.5410773338250,250.0922154049760,403.6804537888470,319.7684081399990
4,7/10/2023,973.6438334129030,250.1327723806450,403.7399256322580,319.7711354000000
4,7/17/2023,973.7516041258060,250.1758806612900,403.8045880645160,319.7711354000000
4,7/24/2023,973.8593748387090,250.2189889419350,403.8692504967740,319.7711354000000
4,7/31/2023,973.9671455516120,250.2620972225800,403.9339129290320,319.7711354000000
4,8/7/2023,974.0256496580640,250.2682555548380,403.9739420451610,319.7834520580640
4,8/14/2023,974.0472038096770,250.2467014258060,403.9954961741930,319.8050062096770
4,8/21/2023,974.0687579612900,250.2251472967740,404.0170503032250,319.8265603612900
4,8/28/2023,974.0903121129030,250.2035931677410,404.0386044322580,319.8481145129030
4,9/4/2023,974.0801948675880,250.1773469738860,404.0466688975420,319.8561789913970
4,9/11/2023,973.9560605933330,250.1342093466660,404.0061705733330,319.8156806466660
4,9/18/2023,973.8224249000000,250.0896641000000,403.9616253500000,319.7711354000000
4,9/25/2023,973.6887892066660,250.0451188533330,403.9170801266660,319.7265901533330
4,10/2/2023,973.5567370821810,249.9940633758830,403.8752621619040,319.6874114505370
4,10/9/2023,973.4436877838700,249.8648851290320,403.8661713000000,319.7126312741930
4,10/16/2023,973.3359170483870,249.7140061129030,403.8661713000000,319.7557395774190
4,10/23/2023,973.2281463129030,249.5631270967740,403.8661713000000,319.7988478806450
4,10/30/2023,973.1203755774190,249.4122480806450,403.8661713000000,319.8419561838700
4,11/6/2023,973.0301560800000,249.3069406899990,403.8757167100000,319.8474986800000
4,11/13/2023,972.9633382333330,249.2623954666660,403.8979893333330,319.8029534333330
4,11/20/2023,972.8965203866660,249.2178502433330,403.9202619566660,319.7584081866660
4,11/27/2023,972.8297025400000,249.1733050200000,403.9425345800000,319.7138629400000
4,12/4/2023,972.7501281590780,249.1290530502760,403.9514641570960,319.6696109517050
4,12/11/2023,972.6246302548380,249.0858567935480,403.9123587677410,319.6264146935480
4,12/18/2023,972.4953053903220,249.0427485129030,403.8692504645160,319.5833064129030
4,12/25/2023,972.3659805258060,248.9996402322580,403.8261421612900,319.5401981322580
4,1/1/2024,972.2026293585250,248.9458610783410,403.7701364875570,319.4866317926260
4,1/8/2024,970.9164102000000,248.5399431064510,403.2885175870960,319.0879495064510
4,1/15/2024,969.1197965000000,247.9739620354830,402.6134381290320,318.5323963354830
4,1/22/2024,967.3231827999990,247.4079809645160,401.9383586709670,317.9768431645160
4,1/29/2024,965.5265690999990,246.8419998935480,401.2632792129030,317.4212899935480
4,2/5/2024,964.2029278334970,246.4282752380420,400.7528505396790,317.0218020557760
4,2/12/2024,963.9198259206890,246.3495146965510,400.6046535931030,316.9656576310340
4,2/19/2024,963.6682555034480,246.2809045827580,400.4674333655170,316.9199175551720
4,2/26/2024,963.4166850862060,246.2122944689650,400.3302131379310,316.8741774793100
4,3/4/2024,963.2251880404890,246.1707851242800,400.2122645683770,316.8421383478300
4,3/11/2024,963.2499551322580,246.2268385483870,400.1636939677410,316.8594226161290
4,3/18/2024,963.2927442354830,246.2910222032250,400.1209048645160,316.8808171677410
4,3/25/2024,963.3355333387090,246.3552058580640,400.0781157612900,316.9022117193540
4,4/1/2024,963.3783515501690,246.4203355304910,400.0348463722120,316.9231696474650
4,4/8/2024,963.4221303333330,246.5166837833330,399.9757275500000,316.9297190000000
4,4/15/2024,963.4663457400000,246.6272223000000,399.9094044400000,316.9297190000000
4,4/22/2024,963.5105611466660,246.7377608166660,399.8430813300000,316.9297190000000
4,4/29/2024,963.5547765533330,246.8482993333330,399.7767582200000,316.9297190000000
4,5/6/2024,963.5433661258060,246.8839569193540,399.7205211129030,316.9388880935480
4,5/13/2024,963.4577879193540,246.8197732645160,399.6777320096770,316.9602826451610
4,5/20/2024,963.3722097129030,246.7555896096770,399.6349429064510,316.9816771967740
4,5/27/2024,963.2866315064510,246.6914059548380,399.5921538032250,317.0030717483870
4,6/3/2024,963.2061181326260,246.6350815230410,399.5518971163130,317.0191394932710
4,6/10/2024,963.1568378933330,246.6272223000000,399.5272569966660,317.0023585966660
4,6/17/2024,963.1126224866660,246.6272223000000,399.5051492933330,316.9802508933330
4,6/24/2024,963.0684070800000,246.6272223000000,399.4830415900000,316.9581431900000
4,7/1/2024,963.0285870165890,246.6298420410130,399.4626949347920,316.9360500407830
4,7/8/2024,963.1338132806450,246.7189132354830,399.5004628677420,316.9144371774190
4,7/15/2024,963.3049696935480,246.8472805451610,399.5646465225800,316.8930426258060
4,7/22/2024,963.4761261064510,246.9756478548380,399.6288301774190,316.8716480741930
4,7/29/2024,963.6472825193540,247.1040151645160,399.6930138322580,316.8502535225800
4,8/5/2024,963.7201986442390,247.1406915387090,399.7440987820270,316.8354083235020
4,8/12/2024,963.5769861354830,246.9756478548380,399.7663665806450,316.8349717000000
4,8/19/2024,963.4272242741930,246.8044914419350,399.7877611322580,316.8349717000000
4,8/26/2024,963.2774624129030,246.6333350290320,399.8091556838700,316.8349717000000
4,9/2/2024,963.1328090465890,246.4672434487550,399.8305938978340,316.8349717000000
4,9/9/2024,963.0494576200000,246.3619298600000,399.8525560600000,316.8349717000000
4,9/16/2024,962.9831345100000,246.2734990466660,399.8746637633330,316.8349717000000
4,9/23/2024,962.9168114000000,246.1850682333330,399.8967714666660,316.8349717000000
4,9/30/2024,962.8504882900000,246.0966374200000,399.9188791699990,316.8349717000000
4,10/7/2024,962.8954168483870,246.1320912483870,399.9405793580640,316.8227462419350
4,10/14/2024,963.0237841580640,246.2604585580640,399.9619739096770,316.8013516903220
4,10/21/2024,963.1521514677410,246.3888258677410,399.9833684612900,316.7799571387090
4,10/28/2024,963.2805187774190,246.5171931774190,400.0047630129030,316.7585625870960
4,11/4/2024,963.3826886769580,246.6193630769580,400.0263031056830,316.7370224943160
4,11/11/2024,963.3905478999990,246.6272223000000,400.0483671466660,316.7149584533330
4,11/18/2024,963.3905478999990,246.6272223000000,400.0704748499990,316.6928507500000
4,11/25/2024,963.3905478999990,246.6272223000000,400.0925825533330,316.6707430466660
4,12/2/2024,963.3879281589860,246.6259124294930,400.1146465943160,316.6473691351760
4,12/9/2024,963.3538715258060,246.6088841129030,400.1361866870960,316.6088007258060
4,12/16/2024,963.3110824225800,246.5874895612900,400.1575812387090,316.5660116225800
4,12/23/2024,963.2682933193540,246.5660950096770,400.1789757903220,316.5232225193540
4,12/30/2024,963.2255042161290,246.5447004580640,400.2003703419350,316.4804334161290
5,3/1/2021,4842.1901518518700,1257.0466473706300,1990.8927210158000,1594.2507834654300
5,3/8/2021,4841.5961703870900,1256.8917362580600,1990.3796168387000,1594.3248172903200
5,3/15/2021,4840.6359081290300,1256.2515614193500,1989.9528336129000,1594.4315130967700
5,3/22/2021,4839.6756458709600,1255.6113865806400,1989.5260503870900,1594.5382089032200
5,3/29/2021,4838.7153836129000,1254.9712117419300,1989.0992671612900,1594.6449047096700
5,4/5/2021,4837.8128241889400,1254.4257566497600,1988.6681290046000,1594.7189385345600
5,4/12/2021,4837.0372110000000,1254.0886850000000,1988.2274100000000,1594.7211160000000
5,4/19/2021,4836.2654446666600,1253.7579280000000,1987.7864006666600,1594.7211160000000
5,4/26/2021,4835.4936783333300,1253.4271710000000,1987.3453913333300,1594.7211160000000
5,5/3/2021,4834.7510900645100,1253.0846557142800,1986.9583831428500,1594.7080512073700
5,5/10/2021,4834.1884331935400,1252.6696310000000,1986.9043820000000,1594.6144201935400
5,5/17/2021,4833.6549543870900,1252.2428480000000,1986.9043820000000,1594.5077243870900
5,5/24/2021,4833.1214755806400,1251.8160650000000,1986.9043820000000,1594.4010285806400
5,5/31/2021,4832.5879967741900,1251.3892820000000,1986.9043820000000,1594.2943327741900
5,6/7/2021,4833.2413815333300,1251.8363881999900,1986.9673833333300,1594.4376098666600
5,6/14/2021,4834.7849139666600,1252.9389113000000,1987.0776356666600,1594.7683666333300
5,6/21/2021,4836.3284464000000,1254.0414344000000,1987.1878880000000,1595.0991233999900
5,6/28/2021,4837.8719788333300,1255.1439575000000,1987.2981403333300,1595.4298801666600
5,7/5/2021,4838.6490435039900,1255.5823537820200,1987.4073039339400,1595.6593848619000
5,7/12/2021,4837.7398790967700,1254.5596710645100,1987.5140723225800,1595.6661350000000
5,7/19/2021,4836.7796168387000,1253.4927132258000,1987.6207681290300,1595.6661350000000
5,7/26/2021,4835.8193545806400,1252.4257553870900,1987.7274639354800,1595.6661350000000
5,8/2/2021,4834.9048190967700,1251.3783947235000,1987.8537569308700,1595.6726673963100
5,8/9/2021,4834.5390049032200,1250.5662001612900,1988.2152161935400,1595.7575885483800
5,8/16/2021,4834.3256132903200,1249.8193295161200,1988.6419994193500,1595.8642843548300
5,8/23/2021,4834.1122216774100,1249.0724588709600,1989.0687826451600,1595.9709801612900
5,8/30/2021,4833.8988300645100,1248.3255882258000,1989.4955658709600,1596.0776759677400
5,9/6/2021,4833.6351391000000,1247.6152989999900,1989.7866930000000,1596.2331470000000
5,9/13/2021,4833.3043823333300,1246.9537850000000,1989.8969453333300,1596.4536516666600
5,9/20/2021,4832.9736255666600,1246.2922710000000,1990.0071976666600,1596.6741563333300
5,9/27/2021,4832.6428688000000,1245.6307570000000,1990.1174500000000,1596.8946610000000
5,10/4/2021,4832.1836415248800,1244.9735979308700,1990.1398778940000,1597.0701647142800
5,10/11/2021,4831.2619204193500,1244.3321166129000,1989.8461378064500,1597.0836650000000
5,10/18/2021,4830.3016581612900,1243.6919417741900,1989.5260503870900,1597.0836650000000
5,10/25/2021,4829.3413959032200,1243.0517669354800,1989.2059629677400,1597.0836650000000
5,11/1/2021,4828.3939806912400,1242.4201567941600,1988.8924079447000,1597.0814149523800
5,11/8/2021,4827.8705180000000,1242.0711816666600,1988.7944220000000,1597.0049133333300
5,11/15/2021,4827.5397610000000,1241.8506770000000,1988.7944220000000,1596.8946610000000
5,11/22/2021,4827.2090039999900,1241.6301723333300,1988.7944220000000,1596.7844086666600
5,11/29/2021,4826.8782470000000,1241.4096676666600,1988.7944220000000,1596.6741563333300
5,12/6/2021,4828.6554940967700,1242.4725610322500,1990.0747715806400,1596.1081605806400
5,12/13/2021,4833.2434133225800,1245.2466517741900,1993.0622539354800,1594.9345069354800
5,12/20/2021,4837.8313325483800,1248.0207425161200,1996.0497362903200,1593.7608532903200
5,12/27/2021,4842.4192517741900,1250.7948332580600,1999.0372186451600,1592.5871996451600
5,1/3/2022,4846.7052263364000,1253.2804129769500,2001.7955316912400,1591.6292816405500
5,1/10/2022,4849.1292088064500,1253.9868413870900,2003.1406339999900,1592.0017334193500
5,1/17/2022,4851.2512466129000,1254.4047587741900,2004.2565670000000,1592.5899208387000
5,1/24/2022,4853.3732844193500,1254.8226761612900,2005.3725000000000,1593.1781082580600
5,1/31/2022,4855.4953222258000,1255.2405935483800,2006.4884330000000,1593.7662956774100
5,2/7/2022,4855.9312024285700,1255.2843968571400,2006.5607774285700,1594.0860281428500
5,2/14/2022,4855.1024644285700,1255.0476146071400,2005.8504304285700,1594.2044193928500
5,2/21/2022,4854.2737264285700,1254.8108323571400,2005.1400834285700,1594.3228106428500
5,2/28/2022,4853.4449884285700,1254.5740501071400,2004.4297364285700,1594.4412018928500
5,3/7/2022,4852.7231842903200,1254.2892566451600,2004.0030918064500,1594.4308358387000
5,3/14/2022,4852.0815805483800,1253.9684547741900,2003.7892239677400,1594.3239018064500
5,3/21/2022,4851.4399768064500,1253.6476529032200,2003.5753561290300,1594.2169677741900
5,3/28/2022,4850.7983730645100,1253.3268510322500,2003.3614882903200,1594.1100337419300
5,4/4/2022,4850.0622019569900,1252.9587655023000,2003.1461655683500,1593.9572708863200
5,4/11/2022,4848.9855883333300,1252.4204588000000,2002.9256052666600,1593.6395242666600
5,4/18/2022,4847.8806045000000,1251.8679670000000,2002.7046085000000,1593.3080290000000
5,4/25/2022,4846.7756206666600,1251.3154751999900,2002.4836117333300,1592.9765337333300
5,5/2/2022,4845.6859130937000,1250.7444336175100,2002.2695983993800,1592.6718810768000
5,5/9/2022,4844.7795206451600,1249.9507946451600,2002.1393862580600,1592.6893397419300
5,5/16/2022,4843.9240490645100,1249.0953230645100,2002.0324522258000,1592.7962737741900
5,5/23/2022,4843.0685774838700,1248.2398514838700,2001.9255181935400,1592.9032078064500
5,5/30/2022,4842.2131059032200,1247.3843799032200,2001.8185841612900,1593.0101418387000
5,6/6/2022,4841.3454133000000,1246.5640438000000,2001.7574790000000,1593.0238905000000
5,6/13/2022,4840.4614260000000,1245.7905550000000,2001.7574790000000,1592.9133920000000
5,6/20/2022,4839.5774387000000,1245.0170662000000,2001.7574790000000,1592.8028935000000
5,6/27/2022,4838.6934514000000,1244.2435774000000,2001.7574790000000,1592.6923950000000
5,7/4/2022,4837.8807534041400,1243.4751806921600,2001.8011254976900,1592.6044472142800
5,7/11/2022,4837.3246969032200,1242.7251155161200,2002.0018993870900,1592.5976820000000
5,7/18/2022,4836.7900271935400,1241.9765779677400,2002.2157672258000,1592.5976820000000
5,7/25/2022,4836.2553574838700,1241.2280404193500,2002.4296350645100,1592.5976820000000
5,8/1/2022,4835.7272347511500,1240.4882321705000,2002.6435029078300,1592.5954996774100
5,8/8/2022,4835.4151622580600,1240.0364908064500,2002.8573709032200,1592.5213007096700
5,8/15/2022,4835.2012944193500,1239.7156889354800,2003.0712389677400,1592.4143669032200
5,8/22/2022,4834.9874265806400,1239.3948870645100,2003.2851070322500,1592.3074330967700
5,8/29/2022,4834.7735587419300,1239.0740851935400,2003.4989750967700,1592.2004992903200
5,9/5/2022,4834.5913346497700,1238.7500098341000,2003.7150254170500,1592.1263003225800
5,9/12/2022,4834.4787268000000,1238.4187328000000,2003.9358766999900,1592.1241180000000
5,9/19/2022,4834.3682285333300,1238.0872375333300,2004.1568734666600,1592.1241180000000
5,9/26/2022,4834.2577302666600,1237.7557422666600,2004.3778702333300,1592.1241180000000
5,10/3/2022,4834.2655139944700,1237.5564959161200,2004.5979940700400,1592.1110240368600
5,10/10/2022,4835.0027033548300,1238.1727845483800,2004.8127348387000,1592.0171839677400
5,10/17/2022,4835.8581747096700,1238.9213220967700,2005.0266026774100,1591.9102499354800
5,10/24/2022,4836.7136460645100,1239.6698596451600,2005.2404705161200,1591.8033159032200
5,10/31/2022,4837.5691174193500,1240.4183971935400,2005.4543383548300,1591.6963818709600
5,11/7/2022,4838.1883158666600,1240.9917668666600,2005.7354218666600,1591.4611271333300
5,11/14/2022,4838.6303096333300,1241.4337606333300,2006.0669171333300,1591.1296318666600
5,11/21/2022,4839.0723033999900,1241.8757544000000,2006.3984124000000,1590.7981366000000
5,11/28/2022,4839.5142971666600,1242.3177481666600,2006.7299076666600,1590.4666413333300
5,12/5/2022,4839.7227820646600,1242.6571725577500,2006.9599247904700,1590.1056847164300
5,12/12/2022,4839.4175474516100,1242.7709443225800,2006.9666900000000,1589.6799131290300
5,12/19/2022,4839.0967455806400,1242.8778781290300,2006.9666900000000,1589.2521774516100
5,12/26/2022,4838.7759437096700,1242.9848119354800,2006.9666900000000,1588.8244417741900
5,1/2/2023,4838.5648326497600,1243.0854758801800,2007.0160393917000,1588.4633173778800
5,1/9/2023,4839.6700113225800,1243.1109014838700,2007.6575814838700,1588.9015283548300
5,1/16/2023,4841.1408260322500,1243.1154275483800,2008.4636215483800,1589.5617769354800
5,1/23/2023,4842.6116407419300,1243.1199536129000,2009.2696616129000,1590.2220255161200
5,1/30/2023,4844.0824554516100,1243.1244796774100,2010.0757016774100,1590.8822740967700
5,2/6/2023,4844.2114786071400,1242.8221620714200,2010.2313920714200,1591.1579244642800
5,2/13/2023,4842.5514463571400,1242.1107195714200,2009.5199495714200,1590.9207772142800
5,2/20/2023,4840.8914141071400,1241.3992770714200,2008.8085070714200,1590.6836299642800
5,2/27/2023,4839.2313818571400,1240.6878345714200,2008.0970645714200,1590.4464827142800
5,3/6/2023,4837.8237968387100,1240.1435974516100,2007.5069279354800,1590.1732714516100
5,3/13/2023,4836.7528081290300,1239.8223008387100,2007.0785324516100,1589.8519748387000
5,3/20/2023,4835.6818194193500,1239.5010042258000,2006.6501369677400,1589.5306782258000
5,3/27/2023,4834.6108307096700,1239.1797076129000,2006.2217414838700,1589.2093816129000
5,4/3/2023,4833.6574321889400,1238.9248560138200,2005.8458025898600,1588.8867735852500
5,4/10/2023,4833.4291731666600,1239.0797486666600,2005.7933460000000,1588.5560785000000
5,4/17/2023,4833.3185043333300,1239.3010863333300,2005.7933460000000,1588.2240720000000
5,4/24/2023,4833.2078354999900,1239.5224240000000,2005.7933460000000,1587.8920655000000
5,5/1/2023,4833.1125393617500,1239.7501730276400,2005.7911603087500,1587.5712060253400
5,5/8/2023,4833.5245421612900,1240.1894969677400,2005.7168468064500,1587.6181983870900
5,5/15/2023,4834.1671353870900,1240.7249913225800,2005.6097479354800,1587.8323961290300
5,5/22/2023,4834.8097286129000,1241.2604856774100,2005.5026490645100,1588.0465938709600
5,5/29/2023,4835.4523218387100,1241.7959800322500,2005.3955501935400,1588.2607916129000
5,6/5/2023,4835.9998374953900,1242.2014257580600,2005.3551149055300,1588.4432968317900
5,6/12/2023,4836.3381825000000,1242.3207645000000,2005.4613395000000,1588.5560785000000
5,6/19/2023,4836.6701889999900,1242.4314333333300,2005.5720083333300,1588.6667473333300
5,6/26/2023,4837.0021954999900,1242.5421021666600,2005.6826771666600,1588.7774161666600
5,7/3/2023,4837.3591188801800,1242.6654480092100,2005.8191371566800,1588.8745337142800
5,7/10/2023,4837.8696963548300,1242.8669687419300,2006.1146426129000,1588.8880850000000
5,7/17/2023,4838.4051907096700,1243.0811664838700,2006.4359392258000,1588.8880850000000
5,7/24/2023,4838.9406850645100,1243.2953642258000,2006.7572358387000,1588.8880850000000
5,7/31/2023,4839.4761794193500,1243.5095619677400,2007.0785324516100,1588.8880850000000
5,8/7/2023,4839.7668763548300,1243.5401616451600,2007.2774303548300,1588.9492843548300
5,8/14/2023,4839.8739752258000,1243.4330627741900,2007.3845292258000,1589.0563832258000
5,8/21/2023,4839.9810740967700,1243.3259639032200,2007.4916280967700,1589.1634820967700
5,8/28/2023,4840.0881729677400,1243.2188650322500,2007.5987269677400,1589.2705809677400
5,9/4/2023,4840.0379020691200,1243.0884521213500,2007.6387979738800,1589.3106519738800
5,9/11/2023,4839.4211000000000,1242.8741086666600,2007.4375686666600,1589.1094226666600
5,9/18/2023,4838.7570870000000,1242.6527709999900,2007.2162310000000,1588.8880850000000
5,9/25/2023,4838.0930739999900,1242.4314333333300,2006.9948933333300,1588.6667473333300
5,10/2/2023,4837.4369294884800,1242.1777474362500,2006.7871069523800,1588.4720750998400
5,10/9/2023,4836.8752068387000,1241.5358827741900,2006.7419360000000,1588.5973880645100
5,10/16/2023,4836.3397124838700,1240.7861906774100,2006.7419360000000,1588.8115858064500
5,10/23/2023,4835.8042181290300,1240.0364985806400,2006.7419360000000,1589.0257835483800
5,10/30/2023,4835.2687237741900,1239.2868064838700,2006.7419360000000,1589.2399812903200
5,11/6/2023,4834.8204385000000,1238.7635520000000,2006.7893655000000,1589.2675210000000
5,11/13/2023,4834.4884320000000,1238.5422143333300,2006.9000343333300,1589.0461833333300
5,11/20/2023,4834.1564254999900,1238.3208766666600,2007.0107031666600,1588.8248456666600
5,11/27/2023,4833.8244190000000,1238.0995390000000,2007.1213720000000,1588.6035080000000
5,12/4/2023,4833.4290275000000,1237.8796584608200,2007.1657415322500,1588.3836274608200
5,12/11/2023,4832.8054500000000,1237.6650235806400,2006.9714335806400,1588.1689925806400
5,12/18/2023,4832.1628570000000,1237.4508258387000,2006.7572358387000,1587.9547948387000
5,12/25/2023,4831.5202640000000,1237.2366280967700,2006.5430380967700,1587.7405970967700
5,1/1/2024,4830.9039315576000,1237.0193307004600,2006.3459436958500,1587.5386562350200
5,1/8/2024,4831.1541975161200,1236.6997447096700,2006.7132595483800,1587.7411924193500
5,1/15/2024,4831.7983718387000,1236.3336639032200,2007.3371255161200,1588.1275818064500
5,1/22/2024,4832.4425461612900,1235.9675830967700,2007.9609914838700,1588.5139711935400
5,1/29/2024,4833.0867204838700,1235.6015022903200,2008.5848574516100,1588.9003605806400
5,2/5/2024,4833.1476569596300,1235.2422029974500,2008.8071758887600,1589.0982781426900
5,2/12/2024,4831.9254701724100,1234.8978230344800,2008.1460897586200,1588.8815576896500
5,2/19/2024,4830.6644008620600,1234.5538951724100,2007.4582337931000,1588.6522724482700
5,2/26/2024,4829.4033315517200,1234.2099673103400,2006.7703778275800,1588.4229872068900
5,3/4/2024,4828.4433973804200,1234.0018898217000,2006.1791266213200,1588.2623818765200
5,3/11/2024,4828.5675497096700,1234.2828736774100,2005.9356525483800,1588.3490242258000
5,3/18/2024,4828.7820425806400,1234.6046126451600,2005.7211599032200,1588.4562705483800
5,3/25/2024,4828.9965354516100,1234.9263516129000,2005.5066672580600,1588.5635168709600
5,4/1/2024,4829.2111742313300,1235.2528327697300,2005.2897670423900,1588.6685744930800
5,4/8/2024,4829.4306280000000,1235.7358061666600,2004.9934170000000,1588.7014050000000
5,4/15/2024,4829.6522704000000,1236.2899124000000,2004.6609534000000,1588.7014050000000
5,4/22/2024,4829.8739128000000,1236.8440186333300,2004.3284898000000,1588.7014050000000
5,4/29/2024,4830.0955552000000,1237.3981248666600,2003.9960262000000,1588.7014050000000
5,5/6/2024,4830.0383570645100,1237.5768687741900,2003.7141214838700,1588.7473677096700
5,5/13/2024,4829.6093715483800,1237.2551295806400,2003.4996286129000,1588.8546140322500
5,5/20/2024,4829.1803860322500,1236.9333903870900,2003.2851357419300,1588.9618603548300
5,5/27/2024,4828.7514005161200,1236.6116511935400,2003.0706428709600,1589.0691066774100
5,6/3/2024,4828.3478039529900,1236.3293086359400,2002.8688444903200,1589.1496508543700
5,6/10/2024,4828.1007726000000,1236.2899120000000,2002.7453288000000,1589.0655318000000
5,6/17/2024,4827.8791302000000,1236.2899120000000,2002.6345076000000,1588.9547106000000
5,6/24/2024,4827.6574878000000,1236.2899120000000,2002.5236864000000,1588.8438893999900
5,7/1/2024,4827.4578783225800,1236.3030442073700,2002.4216929631300,1588.7331411566800
5,7/8/2024,4827.9853552903200,1236.7495392580600,2002.6110157096700,1588.6248004838700
5,7/15/2024,4828.8433260967700,1237.3930174193500,2002.9327549032200,1588.5175541612900
5,7/22/2024,4829.7012969032200,1238.0364955806400,2003.2544940967700,1588.4103078387000
5,7/29/2024,4830.5592677096700,1238.6799737419300,2003.5762332903200,1588.3030615161200
5,8/5/2024,4830.9247807741900,1238.8638246682000,2003.8323114009200,1588.2286457004600
5,8/12/2024,4830.2068868064500,1238.0364956774100,2003.9439351290300,1588.2264570000000
5,8/19/2024,4829.4561623225800,1237.1785248709600,2004.0511814516100,1588.2264570000000
5,8/26/2024,4828.7054378387000,1236.3205540645100,2004.1584277741900,1588.2264570000000
5,9/2/2024,4827.9803211640500,1235.4879721972300,2004.2658929668200,1588.2264570000000
5,9/9/2024,4827.5624982000000,1234.9600576000000,2004.3759846000000,1588.2264570000000
5,9/16/2024,4827.2300345999900,1234.5167728000000,2004.4868058000000,1588.2264570000000
5,9/23/2024,4826.8975710000000,1234.0734880000000,2004.5976269999900,1588.2264570000000
5,9/30/2024,4826.5651074000000,1233.6302032000000,2004.7084481999900,1588.2264570000000
5,10/7/2024,4826.7903248064500,1233.8079256774100,2004.8172266129000,1588.1651732580600
5,10/14/2024,4827.4338029677400,1234.4514036129000,2004.9244729354800,1588.0579267096700
5,10/21/2024,4828.0772811290300,1235.0948815483800,2005.0317192580600,1587.9506801612900
5,10/28/2024,4828.7207592903200,1235.7383594838700,2005.1389655806400,1587.8434336129000
5,11/4/2024,4829.2329153778800,1236.2505153917000,2005.2469414700400,1587.7354575437700
5,11/11/2024,4829.2723120000000,1236.2899120000000,2005.3575438000000,1587.6248552000000
5,11/18/2024,4829.2723120000000,1236.2899120000000,2005.4683650000000,1587.5140340000000
5,11/25/2024,4829.2723120000000,1236.2899120000000,2005.5791862000000,1587.4032128000000
5,12/2/2024,4829.2591797834100,1236.2833458986100,2005.6897885299500,1587.2860443686600
5,12/9/2024,4829.0884609677400,1236.1979865806400,2005.7977644193500,1587.0927091612900
5,12/16/2024,4828.8739680967700,1236.0907402580600,2005.9050107419300,1586.8782165161200
5,12/23/2024,4828.6594752258000,1235.9834939354800,2006.0122570645100,1586.6637238709600
5,12/30/2024,4828.4449823548300,1235.8762476129000,2006.1195033870900,1586.4492312258000
6,3/1/2021,4232.2211730164500,1098.6969261810400,1740.1006697414400,1393.4235761705000
6,3/8/2021,4231.7020152903200,1098.5615291935400,1739.6522011290300,1393.4882839677400
6,3/15/2021,4230.8627170967700,1098.0019970645100,1739.2791797096700,1393.5815393225800
6,3/22/2021,4230.0234189032200,1097.4424649354800,1738.9061582903200,1393.6747946774100
6,3/29/2021,4229.1841207096700,1096.8829328064500,1738.5331368709600,1393.7680500322500
6,4/5/2021,4228.3952564631300,1096.4061885944700,1738.1563091105900,1393.8327578294900
6,4/12/2021,4227.7173469000000,1096.1115778000000,1737.7711074000000,1393.8346610000000
6,4/19/2021,4227.0427996000000,1095.8224862000000,1737.3856519333300,1393.8346610000000
6,4/26/2021,4226.3682523000000,1095.5333945999900,1737.0001964666600,1393.8346610000000
6,5/3/2021,4225.7192075133600,1095.2340258792600,1736.6619396285700,1393.8232419769500
6,5/10/2021,4225.2274282258000,1094.8712815806400,1736.6147410000000,1393.7414056451600
6,5/17/2021,4224.7611514516100,1094.4982601612900,1736.6147410000000,1393.6481502903200
6,5/24/2021,4224.2948746774100,1094.1252387419300,1736.6147410000000,1393.5548949354800
6,5/31/2021,4223.8285979032200,1093.7522173225800,1736.6147410000000,1393.4616395806400
6,6/7/2021,4224.3996760666600,1094.1430016666600,1736.6698060666600,1393.5868682000000
6,6/14/2021,4225.7487704333300,1095.1066403333300,1736.7661699333300,1393.8759598000000
6,6/21/2021,4227.0978648000000,1096.0702790000000,1736.8625338000000,1394.1650513999900
6,6/28/2021,4228.4469591666600,1097.0339176666600,1736.9588976666600,1394.4541430000000
6,7/5/2021,4229.1261373743400,1097.4170893287200,1737.0543099480800,1394.6547371714200
6,7/12/2021,4228.3315000322500,1096.5232335806400,1737.1476287419300,1394.6606369999900
6,7/19/2021,4227.4922016129000,1095.5906800322500,1737.2408840967700,1394.6606369999900
6,7/26/2021,4226.6529031935400,1094.6581264838700,1737.3341394516100,1394.6606369999900
6,8/2/2021,4225.8535713686600,1093.7427014562200,1737.4445233410100,1394.6663465115200
6,8/9/2021,4225.5338386774100,1093.0328186774100,1737.7604496451600,1394.7405701612900
6,8/16/2021,4225.3473279677400,1092.3800309677400,1738.1334710645100,1394.8338255161200
6,8/23/2021,4225.1608172580600,1091.7272432580600,1738.5064924838700,1394.9270808709600
6,8/30/2021,4224.9743065483800,1091.0744555483800,1738.8795139032200,1395.0203362258000
6,9/6/2021,4224.7438325999900,1090.4536412000000,1739.1339678000000,1395.1562227000000
6,9/13/2021,4224.4547410000000,1089.8754580000000,1739.2303316666600,1395.3489506666600
6,9/20/2021,4224.1656494000000,1089.2972748000000,1739.3266955333300,1395.5416786333300
6,9/27/2021,4223.8765578000000,1088.7190916000000,1739.4230594000000,1395.7344066000000
6,10/4/2021,4223.4751791400900,1088.1447147410100,1739.4426620562200,1395.8878023285700
6,10/11/2021,4222.6695670645100,1087.5840407096700,1739.1859243548300,1395.8996020000000
6,10/18/2021,4221.8302688709600,1087.0245085806400,1738.9061582903200,1395.8996020000000
6,10/25/2021,4220.9909706774200,1086.4649764516100,1738.6263922258000,1395.8996020000000
6,11/1/2021,4220.1629011850900,1085.9129301265700,1738.3523356728100,1395.8976353904700
6,11/8/2021,4219.7053788333300,1085.6079153333300,1738.2666930000000,1395.8307706666600
6,11/15/2021,4219.4162870000000,1085.4151876000000,1738.2666930000000,1395.7344068000000
6,11/22/2021,4219.1271951666600,1085.2224598666600,1738.2666930000000,1395.6380429333300
6,11/29/2021,4218.8381033333300,1085.0297321333300,1738.2666930000000,1395.5416790666600
6,12/6/2021,4220.3914711612900,1085.9587331935400,1739.3857574516100,1395.0469815161200
6,12/13/2021,4224.4014518709600,1088.3833726451600,1741.9969078387000,1394.0211723870900
6,12/20/2021,4228.4114325806400,1090.8080120967700,1744.6080582258000,1392.9953632580600
6,12/27/2021,4232.4214132903200,1093.2326515483800,1747.2192086129000,1391.9695541290300
6,1/3/2022,4235.4495116682000,1095.2195216820200,1749.3333469815600,1390.8966439769500
6,1/10/2022,4232.4226690000000,1094.5068143548300,1748.3825779032200,1389.5332775161200
6,1/17/2022,4228.4139440000000,1093.3563377096700,1746.9347968064500,1388.1228100322500
6,1/24/2022,4224.4052190000000,1092.2058610645100,1745.4870157096700,1386.7123425483800
6,1/31/2022,4220.3964940000000,1091.0553844193500,1744.0392346129000,1385.3018750645100
6,2/7/2022,4218.2670912857100,1090.4447864285700,1743.0661475714200,1384.7561572857100
6,2/14/2022,4217.5471802857100,1090.2390974285700,1742.4490810714200,1384.8590017857100
6,2/21/2022,4216.8272692857100,1090.0334084285700,1741.8320145714200,1384.9618462857100
6,2/28/2022,4216.1073582857100,1089.8277194285700,1741.2149480714200,1385.0646907857100
6,3/7/2022,4215.4803390645100,1089.5803240322500,1740.8443289354800,1385.0556859677400
6,3/14/2022,4214.9229886774100,1089.3016488387000,1740.6585453225800,1384.9627941612900
6,3/21/2022,4214.3656382903200,1089.0229736451600,1740.4727617096700,1384.8699023548300
6,3/28/2022,4213.8082879032200,1088.7442984516100,1740.2869780967700,1384.7770105483800
6,4/4/2022,4213.1687883502300,1088.4245486989200,1740.0999306973800,1384.6443080153600
6,4/11/2022,4212.2335518000000,1087.9569305333300,1739.9083336666600,1384.3682868666600
6,4/18/2022,4211.2736705000000,1087.4769900000000,1739.7163575000000,1384.0803225000000
6,4/25/2022,4210.3137892000000,1086.9970494666600,1739.5243813333300,1383.7923581333300
6,5/2/2022,4209.3671781428500,1086.5009950476100,1739.3384715560600,1383.5277114915500
6,5/9/2022,4208.5798100000000,1085.8115740000000,1739.2253584516100,1383.5428775483800
6,5/16/2022,4207.8366760000000,1085.0684400000000,1739.1324666451600,1383.6357693548300
6,5/23/2022,4207.0935420000000,1084.3253060000000,1739.0395748387000,1383.7286611612900
6,5/30/2022,4206.3504080000000,1083.5821720000000,1738.9466830322500,1383.8215529677400
6,6/6/2022,4205.5966578000000,1082.8695596000000,1738.8936020000000,1383.8334962000000
6,6/13/2022,4204.8287526666600,1082.1976426666600,1738.8936020000000,1383.7375080000000
6,6/20/2022,4204.0608475333300,1081.5257257333300,1738.8936020000000,1383.6415198000000
6,6/27/2022,4203.2929424000000,1080.8538088000000,1738.8936020000000,1383.5455316000000
6,7/4/2022,4202.5869651345600,1080.1863152829400,1738.9315169769500,1383.4691328285700
6,7/11/2022,4202.1039281935400,1079.5347460645100,1739.1059258709600,1383.4632560000000
6,7/18/2022,4201.6394696129000,1078.8845038709600,1739.2917092580600,1383.4632560000000
6,7/25/2022,4201.1750110322500,1078.2342616774100,1739.4774926451600,1383.4632560000000
6,8/1/2022,4200.7162396958500,1077.5916024838700,1739.6632760368600,1383.4613602488400
6,8/8/2022,4200.4451474193500,1077.1991822903200,1739.8490595806400,1383.3969047096700
6,8/15/2022,4200.2593638064500,1076.9205070967700,1740.0348431935400,1383.3040129032200
6,8/22/2022,4200.0735801935400,1076.6418319032200,1740.2206268064500,1383.2111210967700
6,8/29/2022,4199.8877965806400,1076.3631567096700,1740.4064104193500,1383.1182292903200
6,9/5/2022,4199.7295013594400,1076.0816378917000,1740.5940897119800,1383.0537737511500
6,9/12/2022,4199.6316806000000,1075.7938631000000,1740.7859395000000,1383.0518780000000
6,9/19/2022,4199.5356924000000,1075.5058987333300,1740.9779156666600,1383.0518780000000
6,9/26/2022,4199.4397042000000,1075.2179343666600,1741.1698918333300,1383.0518780000000
6,10/3/2022,4199.4464656571400,1075.0448524359400,1741.3611097281100,1383.0405035207300
6,10/10/2022,4200.0868500000000,1075.5802121935400,1741.5476516129000,1382.9589864193500
6,10/17/2022,4200.8299840000000,1076.2304543870900,1741.7334352258000,1382.8660948387000
6,10/24/2022,4201.5731180000000,1076.8806965806400,1741.9192188387000,1382.7732032580600
6,10/31/2022,4202.3162520000000,1077.5309387741900,1742.1050024516100,1382.6803116774100
6,11/7/2022,4202.8541394666600,1078.0290154666600,1742.3491750666600,1382.4759499333300
6,11/14/2022,4203.2380920333300,1078.4129680333300,1742.6371394333300,1382.1879855666600
6,11/21/2022,4203.6220446000000,1078.7969206000000,1742.9251038000000,1381.9000211999900
6,11/28/2022,4204.0059971666600,1079.1808731666600,1743.2130681666600,1381.6120568333300
6,12/5/2022,4204.1871045006100,1079.4757254314900,1743.4128801761900,1381.2984998238000
6,12/12/2022,4203.9219523225800,1079.5745570322500,1743.4187570000000,1380.9286390000000
6,12/19/2022,4203.6432771290300,1079.6674486129000,1743.4187570000000,1380.5570719999900
6,12/26/2022,4203.3646019354800,1079.7603401935400,1743.4187570000000,1380.1855050000000
6,1/2/2023,4202.8235409216500,1079.7560124331700,1743.3131998294900,1379.7543287050600
6,1/9/2023,4199.1338500645100,1078.5850525806400,1741.9409566129000,1378.6078408709600
6,1/16/2023,4194.5695398064500,1077.0900282580600,1740.2168561612900,1377.2626553870900
6,1/23/2023,4190.0052295483800,1075.5950039354800,1738.4927557096700,1375.9174699032200
6,1/30/2023,4185.4409192903200,1074.0999796129000,1736.7686552580600,1374.5722844193500
6,2/6/2023,4182.2185228571400,1072.9824431785700,1735.5202181785700,1373.7158615000000
6,2/13/2023,4180.7853448571400,1072.3682239285700,1734.9059989285700,1373.5111220000000
6,2/20/2023,4179.3521668571400,1071.7540046785700,1734.2917796785700,1373.3063825000000
6,2/27/2023,4177.9189888571400,1071.1397854285700,1733.6775604285700,1373.1016430000000
6,3/6/2023,4176.7037595161200,1070.6699218064500,1733.1680699032200,1372.8657678064500
6,3/13/2023,4175.7791283870900,1070.3925323548300,1732.7982176774100,1372.5883783548300
6,3/20/2023,4174.8544972580600,1070.1151429032200,1732.4283654516100,1372.3109889032200
6,3/27/2023,4173.9298661290300,1069.8377534516100,1732.0585132258000,1372.0335994516100
6,4/3/2023,4173.1067557382400,1069.6177288838700,1731.7339490276400,1371.7550778267200
6,4/10/2023,4172.9096899000000,1069.7514544333300,1731.6886610000000,1371.4695744666600
6,4/17/2023,4172.8141448000000,1069.9425448666600,1731.6886610000000,1371.1829389333300
6,4/24/2023,4172.7185997000000,1070.1336353000000,1731.6886610000000,1370.8963034000000
6,5/1/2023,4172.6363265092100,1070.3302609423900,1731.6867739953900,1370.6192915760300
6,5/8/2023,4172.9920263225800,1070.7095484838700,1731.6226158387000,1370.6598621612900
6,5/15/2023,4173.5468047741900,1071.1718641612900,1731.5301526129000,1370.8447883870900
6,5/22/2023,4174.1015832258000,1071.6341798387000,1731.4376893870900,1371.0297146129000
6,5/29/2023,4174.6563616774100,1072.0964955161200,1731.3452261612900,1371.2146408387000
6,6/5/2023,4175.1290556336400,1072.4465344861700,1731.3103165760300,1371.3722054953900
6,6/12/2023,4175.4211637000000,1072.5495647000000,1731.4020249999900,1371.4695747000000
6,6/19/2023,4175.7077994666600,1072.6451098000000,1731.4975703333300,1371.5651198000000
6,6/26/2023,4175.9944352333300,1072.7406549000000,1731.5931156666600,1371.6606649000000
6,7/3/2023,4176.3025827981500,1072.8471446276400,1731.7109275990700,1371.7445106000000
6,7/10/2023,4176.7433864516100,1073.0211262258000,1731.9660502258000,1371.7562100000000
6,7/17/2023,4177.2057019032200,1073.2060524516100,1732.2434394516100,1371.7562100000000
6,7/24/2023,4177.6680173548300,1073.3909786774100,1732.5208286774100,1371.7562100000000
6,7/31/2023,4178.1303328064500,1073.5759049032200,1732.7982179032200,1371.7562100000000
6,8/7/2023,4178.3813041290300,1073.6023229999900,1732.9699349999900,1371.8090461290300
6,8/14/2023,4178.4737673548300,1073.5098600000000,1733.0623980000000,1371.9015093548300
6,8/21/2023,4178.5662305806400,1073.4173970000000,1733.1548609999900,1371.9939725806400
6,8/28/2023,4178.6586938064500,1073.3249340000000,1733.2473240000000,1372.0864358064500
6,9/4/2023,4178.6152928433100,1073.2123429523800,1733.2819189523800,1372.1210309385500
6,9/11/2023,4178.0827808000000,1073.0272909333300,1733.1081889333300,1371.9473009333300
6,9/18/2023,4177.5095095000000,1072.8362005000000,1732.9170985000000,1371.7562105000000
6,9/25/2023,4176.9362382000000,1072.6451100666600,1732.7260080666600,1371.5651200666600
6,10/2/2023,4176.3697601013800,1072.4260919923100,1732.5466170476100,1371.3970510614400
6,10/9/2023,4175.8848004193500,1071.8719422258000,1732.5076190000000,1371.5052391935400
6,10/16/2023,4175.4224847419300,1071.2247003225800,1732.5076190000000,1371.6901654193500
6,10/23/2023,4174.9601690645100,1070.5774584193500,1732.5076190000000,1371.8750916451600
6,10/30/2023,4174.4978533870900,1069.9302165161200,1732.5076190000000,1372.0600178709600
6,11/6/2023,4174.1108292000000,1069.4784682000000,1732.5485670000000,1372.0837941000000
6,11/13/2023,4173.8241936666600,1069.2873780000000,1732.6441123333300,1371.8927036666600
6,11/20/2023,4173.5375581333300,1069.0962878000000,1732.7396576666600,1371.7016132333300
6,11/27/2023,4173.2509225999900,1068.9051976000000,1732.8352030000000,1371.5105228000000
6,12/4/2023,4172.9095639760300,1068.7153653539100,1732.8735092396300,1371.3206903682000
6,12/11/2023,4172.3712022258000,1068.5300617419300,1732.7057547419300,1371.1353867419300
6,12/18/2023,4171.8164235483800,1068.3451355161200,1732.5208285161200,1370.9504605161200
6,12/25/2023,4171.2616448709600,1068.1602092903200,1732.3359022903200,1370.7655342903200
6,1/1/2024,4170.6027867788000,1067.9402123640500,1732.1130588156600,1370.5495165944700
6,1/8/2024,4166.5093080000000,1066.5628823225800,1730.6389461290300,1369.3074803870900
6,1/15/2024,4160.8546380000000,1064.6594917741900,1728.5960747096700,1367.5990721290300
6,1/22/2024,4155.1999680000000,1062.7561012258000,1726.5532032903200,1365.8906638709600
6,1/29/2024,4149.5452979999900,1060.8527106774100,1724.5103318709600,1364.1822556129000
6,2/5/2024,4145.2905596748700,1059.4416935129500,1722.9122348692200,1362.9366312973100
6,2/12/2024,4144.1156710344800,1059.1138977931000,1722.2926415862000,1362.7091316551700
6,2/19/2024,4143.0341111724100,1058.8189269655100,1721.7026999310300,1362.5124842758600
6,2/26/2024,4141.9525513103400,1058.5239561379300,1721.1127582758600,1362.3158368965500
6,3/4/2024,4141.1292609000400,1058.3454978163000,1720.6056699275300,1362.1780931101200
6,3/11/2024,4141.2357405161200,1058.5864845161200,1720.3968534838700,1362.2524022580600
6,3/18/2024,4141.4197009677400,1058.8624249677400,1720.2128930322500,1362.3443824838700
6,3/25/2024,4141.6036614193500,1059.1383654193500,1720.0289325806400,1362.4363627096700
6,4/1/2024,4141.7877470093700,1059.4183730236500,1719.8429072715800,1362.5264657880100
6,4/8/2024,4141.9759621666600,1059.8325966666600,1719.5887416666600,1362.5546230000000
6,4/15/2024,4142.1660544000000,1060.3078275999900,1719.3036032000000,1362.5546230000000
6,4/22/2024,4142.3561466333300,1060.7830585333300,1719.0184647333300,1362.5546230000000
6,4/29/2024,4142.5462388666600,1061.2582894666600,1718.7333262666600,1362.5546230000000
6,5/6/2024,4142.4971827096700,1061.4115898064500,1718.4915499032200,1362.5940430967700
6,5/13/2024,4142.1292620322500,1061.1356493548300,1718.3075896774100,1362.6860233225800
6,5/20/2024,4141.7613413548300,1060.8597089032200,1718.1236294516100,1362.7780035483800
6,5/27/2024,4141.3934206774100,1060.5837684516100,1717.9396692258000,1362.8699837741900
6,6/3/2024,4141.0472749115200,1060.3416166267200,1717.7665964276400,1362.9390628009200
6,6/10/2024,4140.8354077666600,1060.3078280000000,1717.6606627666600,1362.8669177666600
6,6/17/2024,4140.6453155333300,1060.3078280000000,1717.5656165333300,1362.7718715333300
6,6/24/2024,4140.4552233000000,1060.3078280000000,1717.4705703000000,1362.6768252999900
6,7/1/2024,4140.2840276658900,1060.3190908755700,1717.3830952235000,1362.5818416382400
6,7/8/2024,4140.7364198064500,1060.7020286451600,1717.5454683225800,1362.4889228387000
6,7/15/2024,4141.4722609354800,1061.2539095483800,1717.8214087741900,1362.3969426129000
6,7/22/2024,4142.2081020645100,1061.8057904516100,1718.0973492258000,1362.3049623870900
6,7/29/2024,4142.9439431935400,1062.3576713548300,1718.3732896774100,1362.2129821612900
6,8/5/2024,4143.2574264884700,1062.5153515668200,1718.5929157741900,1362.1491591474600
6,8/12/2024,4142.6417225483800,1061.8057902580600,1718.6886502903200,1362.1472820000000
6,8/19/2024,4141.9978614193500,1061.0699489032200,1718.7806305161200,1362.1472820000000
6,8/26/2024,4141.3540002903200,1060.3341075483800,1718.8726107419300,1362.1472820000000
6,9/2/2024,4140.7321017732700,1059.6200411050600,1718.9647786682000,1362.1472820000000
6,9/9/2024,4140.3737545999900,1059.1672736000000,1719.0591989999900,1362.1472820000000
6,9/16/2024,4140.0886161333300,1058.7870891333300,1719.1542450000000,1362.1472820000000
6,9/23/2024,4139.8034776666600,1058.4069046666600,1719.2492910000000,1362.1472820000000
6,9/30/2024,4139.5183392000000,1058.0267202000000,1719.3443370000000,1362.1472820000000
6,10/7/2024,4139.7114976451600,1058.1791445161200,1719.4376311290300,1362.0947219999900
6,10/14/2024,4140.2633787741900,1058.7310254193500,1719.5296113548300,1362.0027420000000
6,10/21/2024,4140.8152599032200,1059.2829063225800,1719.6215915806400,1361.9107620000000
6,10/28/2024,4141.3671410322500,1059.8347872258000,1719.7135718064500,1361.8187820000000
6,11/4/2024,4141.8063933594400,1060.2740393732700,1719.8061777480700,1361.7261762380900
6,11/11/2024,4141.8401820000000,1060.3078280000000,1719.9010362666600,1361.6313177333300
6,11/18/2024,4141.8401820000000,1060.3078280000000,1719.9960825000000,1361.5362714999900
6,11/25/2024,4141.8401820000000,1060.3078280000000,1720.0911287333300,1361.4412252666600
6,12/2/2024,4141.8289191152000,1060.3021965576000,1720.1859872519200,1361.3407353195000
6,12/9/2024,4141.6825016129000,1060.2289878064500,1720.2785931935400,1361.1749208064500
6,12/16/2024,4141.4985411612900,1060.1370075806400,1720.3705734193500,1360.9909605806400
6,12/23/2024,4141.3145807096700,1060.0450273548300,1720.4625536451600,1360.8070003548300
6,12/30/2024,4141.1306202580600,1059.9530471290300,1720.5545338709600,1360.6230401290300
7,3/1/2021,997.0175674473330,258.8286604119980,409.9291757829820,328.2597312447000
7,3/8/2021,996.8952653709670,258.7967638806450,409.8235265258060,328.2749749645160
7,3/15/2021,996.6975452903220,258.6649504935480,409.7356509419350,328.2969438548380
7,3/22/2021,996.4998252096770,258.5331371064510,409.6477753580640,328.3189127451610
7,3/29/2021,996.3021051290320,258.4013237193540,409.5598997741930,328.3408816354830
7,4/5/2021,996.1162661822580,258.2890133334100,409.4711274935480,328.3561253552990
7,4/12/2021,995.9565657300000,258.2196095500000,409.3803824800000,328.3565737000000
7,4/19/2021,995.7976573533330,258.1515059666660,409.2895776866660,328.3565737000000
7,4/26/2021,995.6387489766660,258.0834023833330,409.1987728933330,328.3565737000000
7,5/3/2021,995.4858484247920,258.0128777387090,409.1190870542850,328.3538836317970
7,5/10/2021,995.3699961258060,257.9274232161290,409.1079681000000,328.3346048096770
7,5/17/2021,995.2601516516130,257.8395476322580,409.1079681000000,328.3126359193540
7,5/24/2021,995.1503071774190,257.7516720483870,409.1079681000000,328.2906670290320
7,5/31/2021,995.0404627032250,257.6637964645160,409.1079681000000,328.2686981387090
7,6/7/2021,995.1749960600000,257.7558566066660,409.1209402200000,328.2981992333330
7,6/14/2021,995.4928127900000,257.9828685433330,409.1436414300000,328.3663028166660
7,6/21/2021,995.8106295200000,258.2098804800000,409.1663426400000,328.4344064000000
7,6/28/2021,996.1284462500000,258.4368924166660,409.1890438500000,328.5025099833330
7,7/5/2021,996.2884455820730,258.5271591775260,409.2115208805060,328.5497655309520
7,7/12/2021,996.1012466387090,258.3165865516120,409.2335047161290,328.5511554000000
7,7/19/2021,995.9035265354830,258.0968975806450,409.2554736064510,328.5511554000000
7,7/26/2021,995.7058064322580,257.8772086096770,409.2774424967740,328.5511554000000
7,8/2/2021,995.5175015732710,257.6615547410130,409.3034464907830,328.5525004341010
7,8/9/2021,995.4421796451610,257.4943221000000,409.3778717290320,328.5699858774190
7,8/16/2021,995.3982418645160,257.3405398000000,409.4657473129030,328.5919547677410
7,8/23/2021,995.3543040838700,257.1867575000000,409.5536228967740,328.6139236580640
7,8/30/2021,995.3103663032250,257.0329751999990,409.6414984806450,328.6358925483870
7,9/6/2021,995.2560717500000,256.8867251000000,409.7014421900000,328.6679043700000
7,9/13/2021,995.1879681666660,256.7505179333330,409.7241434000000,328.7133067666660
7,9/20/2021,995.1198645833330,256.6143107666660,409.7468446100000,328.7587091633330
7,9/27/2021,995.0517609999990,256.4781036000000,409.7695458200000,328.8041115599990
7,10/4/2021,994.9572050656680,256.3427931230410,409.7741637843770,328.8402481614280
7,10/11/2021,994.7674206677410,256.2107107290320,409.7136820645160,328.8430279000000
7,10/18/2021,994.5697005645160,256.0788973419350,409.6477753709670,328.8430279000000
7,10/25/2021,994.3719804612900,255.9470839548380,409.5818686774190,328.8430279000000
7,11/1/2021,994.1769055931640,255.8170340573420,409.5173070184330,328.8425646104760
7,11/8/2021,994.0691234833330,255.7451793166660,409.4971314999990,328.8268127666660
7,11/15/2021,994.0010199000000,255.6997769200000,409.4971314999990,328.8041115800000
7,11/22/2021,993.9329163166660,255.6543745233330,409.4971314999990,328.7814103933330
7,11/29/2021,993.8648127333330,255.6089721266660,409.4971314999990,328.7587092066660
7,12/6/2021,994.2307518193540,255.8278241935480,409.7607582806450,328.6421694258060
7,12/13/2021,995.1754144645160,256.3990155451610,410.3758874354830,328.4005115193540
7,12/20/2021,996.1200771096770,256.9702068967740,410.9910165903220,328.1588536129030
7,12/27/2021,997.0647397548380,257.5413982483870,411.6061457451610,327.9171957064510
7,1/3/2022,997.6221836626720,257.9691571142850,412.0397586447000,327.6132678119810
7,1/10/2022,995.7917786903220,257.5124156516120,411.3540213032250,326.9253416580640
7,1/17/2022,993.5741549806450,256.9122417032250,410.4867677064510,326.1751455161290
7,1/24/2022,991.3565312709670,256.3120677548380,409.6195141096770,325.4249493741930
7,1/31/2022,989.1389075612900,255.7118938064510,408.7522605129030,324.6747532322580
7,2/7/2022,988.0921357714280,255.4271445142850,408.2979847142850,324.3670065428570
7,2/14/2022,987.9235029214280,255.3789637142850,408.1534422642850,324.3910969428570
7,2/21/2022,987.7548700714280,255.3307829142850,408.0088998142850,324.4151873428570
7,2/28/2022,987.5862372214280,255.2826021142850,407.8643573642850,324.4392777428570
7,3/7/2022,987.4393634580640,255.2246519225800,407.7775430903220,324.4371684451610
7,3/14/2022,987.3088090096770,255.1593746870960,407.7340249483870,324.4154093741930
7,3/21/2022,987.1782545612900,255.0940974516120,407.6905068064510,324.3936503032250
7,3/28/2022,987.0477001129030,255.0288202161290,407.6469886645160,324.3718912322580
7,4/4/2022,986.8979029390160,254.9539216178180,407.6031744760360,324.3408068403990
7,4/11/2022,986.6788319533330,254.8443861133330,407.5582945199990,324.2761512933330
7,4/18/2022,986.4539881499990,254.7319642000000,407.5133257500000,324.2086981500000
7,4/25/2022,986.2291443466660,254.6195422866660,407.4683569799990,324.1412450066660
7,5/2/2022,986.0074089835630,254.5033458407060,407.4248092119810,324.0792538356370
7,5/9/2022,985.8229749032250,254.3418550032250,407.3983134677410,324.0828063322580
7,5/16/2022,985.6489022903220,254.1677823903220,407.3765543967740,324.1045654032250
7,5/23/2022,985.4748296774190,253.9937097774190,407.3547953258060,324.1263244741930
7,5/30/2022,985.3007570645160,253.8196371645160,407.3330362548380,324.1480835451610
7,6/6/2022,985.1241976900000,253.6527139600000,407.3206025000000,324.1508811399990
7,6/13/2022,984.9443226333330,253.4953232999990,407.3206025000000,324.1283967666660
7,6/20/2022,984.7644475766660,253.3379326400000,407.3206025000000,324.1059123933330
7,6/27/2022,984.5845725199990,253.1805419800000,407.3206025000000,324.0834280200000
7,7/4/2022,984.4192035203220,253.0241874665430,407.3294837580640,324.0655322942850
7,7/11/2022,984.3060563258060,252.8715630806450,407.3703375451610,324.0641557000000
7,7/18/2022,984.1972609483870,252.7192495387090,407.4138557096770,324.0641557000000
7,7/25/2022,984.0884655709670,252.5669359967740,407.4573738741930,324.0641557000000
7,8/1/2022,983.9810023815660,252.4163987059900,407.5008920382480,324.0637116373270
7,8/8/2022,983.9175013967740,252.3244777032250,407.5444101870960,324.0486135064510
7,8/15/2022,983.8739832322580,252.2592004677410,407.5879283290320,324.0268544354830
7,8/22/2022,983.8304650677410,252.1939232322580,407.6314464709670,324.0050953645160
7,8/29/2022,983.7869469032250,252.1286459967740,407.6749646129030,323.9833362935480
7,9/5/2022,983.7498676543780,252.0627026670500,407.7189268246540,323.9682381626720
7,9/12/2022,983.7269540200000,251.9952939300000,407.7638659900000,323.9677941000000
7,9/19/2022,983.7044696466660,251.9278407866660,407.8088347600000,323.9677941000000
7,9/26/2022,983.6819852733330,251.8603876433330,407.8538035300000,323.9677941000000
7,10/3/2022,983.6835691023960,251.8198447063590,407.8985946720730,323.9651297239630
7,10/10/2022,983.8335735129030,251.9452480419350,407.9422904419350,323.9460350290320
7,10/17/2022,984.0076461258060,252.0975615838700,407.9858085838710,323.9242759580640
7,10/24/2022,984.1817187387090,252.2498751258060,408.0293267258060,323.9025168870960
7,10/31/2022,984.3557913516130,252.4021886677410,408.0728448677410,323.8807578161290
7,11/7/2022,984.4817867666660,252.5188587800000,408.1300401533330,323.8328878466660
7,11/14/2022,984.5717242833330,252.6087963200000,408.1974932966660,323.7654347033330
7,11/21/2022,984.6616617999990,252.6987338600000,408.2649464400000,323.6979815599990
7,11/28/2022,984.7515993166660,252.7886714000000,408.3323995833330,323.6305284166660
7,12/5/2022,984.7940221201990,252.8577379800920,408.3792038052380,323.5570804274800
7,12/12/2022,984.7319125548380,252.8808884483870,408.3805804000000,323.4704437774190
7,12/19/2022,984.6666353419350,252.9026475193540,408.3805804000000,323.3834074709670
7,12/26/2022,984.6013581290320,252.9244065903220,408.3805804000000,323.2963711645160
7,1/2/2023,984.3751772502300,252.8978776834100,408.3145882829490,323.1627112870960
7,1/9/2023,982.2181523806450,252.2918930419350,407.4566907612900,322.4695685580640
7,1/16/2023,979.5247819580640,251.5249484741930,406.3788195161290,321.6210139258060
7,1/23/2023,976.8314115354830,250.7580039064510,405.3009482709670,320.7724592935480
7,1/30/2023,974.1380411129030,249.9910593387090,404.2230770258060,319.9239046612900
7,2/6/2023,972.4561530678570,249.4915970607140,403.5459423607140,319.4186135571420
7,2/13/2023,972.1229081928570,249.3487778357140,403.4031231357140,319.3710071571420
7,2/20/2023,971.7896633178570,249.2059586107140,403.2603039107140,319.3234007571420
7,2/27/2023,971.4564184428570,249.0631393857140,403.1174846857140,319.2757943571420
7,3/6/2023,971.1738513612900,248.9538859645160,402.9990171225800,319.2209482645160
7,3/13/2023,970.9588546709670,248.8893869483870,402.9130184419350,319.1564492483870
7,3/20/2023,970.7438579806450,248.8248879322580,402.8270197612900,319.0919502322580
7,3/27/2023,970.5288612903220,248.7603889161290,402.7410210806450,319.0274512161290
7,4/3/2023,970.3374703567740,248.7092284729950,402.6655528506910,318.9626889415660
7,4/10/2023,970.2916482566660,248.7403225633330,402.6550223999990,318.8963032400000
7,4/17/2023,970.2694319133330,248.7847552266660,402.6550223999990,318.8296542800000
7,4/24/2023,970.2472155700000,248.8291878900000,402.6550223999990,318.7630053200000
7,5/1/2023,970.2280852343310,248.8749076080640,402.6545836313360,318.6985940801840
7,5/8/2023,970.3107931516130,248.9631001322580,402.6396654967740,318.7080276064510
7,5/15/2023,970.4397911838700,249.0705984774190,402.6181658322580,318.7510269354830
7,5/22/2023,970.5687892161290,249.1780968225800,402.5966661677410,318.7940262645160
7,5/29/2023,970.6977872483870,249.2855951677410,402.5751665032250,318.8370255935480
7,6/5/2023,970.8076988299530,249.3669867705060,402.5670492829490,318.8736627769580
7,6/12/2023,970.8756202200000,249.3909435400000,402.5883734400000,318.8963032400000
7,6/19/2023,970.9422691799990,249.4131598599990,402.6105897600000,318.9185195600000
7,6/26/2023,971.0089181400000,249.4353761800000,402.6328060800000,318.9407358800000
7,7/3/2023,971.0805690655290,249.4601373582480,402.6601998729950,318.9602318342850
7,7/10/2023,971.1830654451610,249.5005918290320,402.7195214161290,318.9629522000000
7,7/17/2023,971.2905637903220,249.5435911580640,402.7840204322580,318.9629522000000
7,7/24/2023,971.3980621354830,249.5865904870960,402.8485194483870,318.9629522000000
7,7/31/2023,971.5055604806450,249.6295898161290,402.9130184645160,318.9629522000000
7,8/7/2023,971.5639167354830,249.6357325774190,402.9529464225800,318.9752377354830
7,8/14/2023,971.5854164225800,249.6142329129030,402.9744460870960,318.9967374225800
7,8/21/2023,971.6069161096770,249.5927332483870,402.9959457516120,319.0182371096770
7,8/28/2023,971.6284157967740,249.5712335838700,403.0174454161290,319.0397367967740
7,9/4/2023,971.6183241259590,249.5450537202760,403.0254895035330,319.0477809021500
7,9/11/2023,971.4945035666660,249.5020251399990,402.9850935133330,319.0073849133330
7,9/18/2023,971.3612056000000,249.4575924999990,402.9406608500000,318.9629522500000
7,9/25/2023,971.2279076333330,249.4131598599990,402.8962281866660,318.9185195866660
7,10/2/2023,971.0961892353300,249.3622334410130,402.8545158904760,318.8794399038400
7,10/9/2023,970.9834256612900,249.2333816741930,402.8454480000000,318.9045959870960
7,10/16/2023,970.8759273161280,249.0828839774190,402.8454480000000,318.9475953387090
7,10/23/2023,970.7684289709670,248.9323862806450,402.8454480000000,318.9905946903220
7,10/30/2023,970.6609306258060,248.7818885838700,402.8454480000000,319.0335940419350
7,11/6/2023,970.5709391600000,248.6768473400000,402.8549692900000,319.0391225300000
7,11/13/2023,970.5042901999990,248.6324147000000,402.8771856333330,318.9946898666660
7,11/20/2023,970.4376412400000,248.5879820600000,402.8994019766660,318.9502572033330
7,11/27/2023,970.3709922800000,248.5435494200000,402.9216183200000,318.9058245400000
7,12/4/2023,970.2916190195390,248.4994092878340,402.9305253378340,318.8616843938710
7,12/11/2023,970.1664382774190,248.4563221838700,402.8915187838710,318.8185973096770
7,12/18/2023,970.0374402451610,248.4133228322580,402.8485194322580,318.7755979806450
7,12/25/2023,969.9084422129030,248.3703234806450,402.8055200806450,318.7325986516120
7,1/1/2024,969.7264290138240,248.3118051433180,402.7417276198150,318.6728962506910
7,1/8/2024,967.7949153096770,247.7411602774190,401.9917625548380,318.0619924774190
7,1/15/2024,965.0681741032250,246.9377306258060,400.9299008516120,317.2005426258060
7,1/22/2024,962.3414328967740,246.1343009741930,399.8680391483870,316.3390927741930
7,1/29/2024,959.6146916903220,245.3308713225800,398.8061774451610,315.4776429225800
7,2/5/2024,957.6461810491810,244.7525296663590,398.0276557401080,314.8659956427140
7,2/12/2024,957.3457776517240,244.6693815999990,397.8724820310340,314.8039140206890
7,2/19/2024,957.0959229586200,244.6012394000000,397.7361976551720,314.7584859034480
7,2/26/2024,956.8460682655170,244.5330972000000,397.5999132793100,314.7130577862060
7,3/4/2024,956.6558772431590,244.4918709447000,397.4827691289360,314.6812371695210
7,3/11/2024,956.6804754354830,244.5475420903220,397.4345297903220,314.6984035548380
7,3/18/2024,956.7229727290320,244.6112880193540,397.3920325193540,314.7196521903220
7,3/25/2024,956.7654700225800,244.6750339483870,397.3495352483870,314.7409008258060
7,4/1/2024,956.8079962253760,244.7397194424730,397.3065609672350,314.7617158156680
7,4/8/2024,956.8514764333330,244.8354105833330,397.2478453500000,314.7682205000000
7,4/15/2024,956.8953902800000,244.9451952000000,397.1819745800000,314.7682205000000
7,4/22/2024,956.9393041266660,245.0549798166660,397.1161038099990,314.7682205000000
7,4/29/2024,956.9832179733330,245.1647644333330,397.0502330400000,314.7682205000000
7,5/6/2024,956.9718853580640,245.2001788258060,396.9943794838710,314.7773270580640
7,5/13/2024,956.8868907935480,245.1364329193540,396.9518822129030,314.7985756935480
7,5/20/2024,956.8018962290320,245.0726870129030,396.9093849419350,314.8198243290320
7,5/27/2024,956.7169016645160,245.0089411064510,396.8668876709670,314.8410729645160
7,6/3/2024,956.6369373919810,244.9530008211980,396.8269055417510,314.8570311234100
7,6/10/2024,956.5879932533330,244.9451952000000,396.8024334533330,314.8403646766660
7,6/17/2024,956.5440794066660,244.9451952000000,396.7804765066660,314.8184077533330
7,6/24/2024,956.5001655599990,244.9451952000000,396.7585195600000,314.7964508300000
7,7/1/2024,956.4606170797230,244.9477970741930,396.7383116516120,314.7745083615200
7,7/8/2024,956.5651256903220,245.0362607967740,396.7758220064510,314.7530429032250
7,7/15/2024,956.7351147967740,245.1637526322580,396.8395679354830,314.7317942677410
7,7/22/2024,956.9051039032250,245.2912444677410,396.9033138645160,314.7105456322580
7,7/29/2024,957.0750930096770,245.4187363032250,396.9670597935480,314.6892969967740
7,8/5/2024,957.1475118373270,245.4551625442390,397.0177963470040,314.6745530456220
7,8/12/2024,957.0052760516120,245.2912444774190,397.0399122741930,314.6741194000000
7,8/19/2024,956.8565355806450,245.1212553709670,397.0611609096770,314.6741194000000
7,8/26/2024,956.7077951096770,244.9512662645160,397.0824095451610,314.6741194000000
7,9/2/2024,956.5641282938710,244.7863074472350,397.1037015452070,314.6741194000000
7,9/9/2024,956.4813453400000,244.6817120999990,397.1255139199990,314.6741194000000
7,9/16/2024,956.4154745700000,244.5938843833330,397.1474708433330,314.6741194000000
7,9/23/2024,956.3496038000000,244.5060566666660,397.1694277666660,314.6741194000000
7,9/30/2024,956.2837330300000,244.4182289499990,397.1913846900000,314.6741194000000
7,10/7/2024,956.3283551774190,244.4534409774190,397.2129368774190,314.6619773225800
7,10/14/2024,956.4558470129030,244.5809328129030,397.2341855129030,314.6407286870960
7,10/21/2024,956.5833388483870,244.7084246483870,397.2554341483870,314.6194800516120
7,10/28/2024,956.7108306838700,244.8359164838700,397.2766827838700,314.5982314161290
7,11/4/2024,956.8123037774190,244.9373895774190,397.2980759678950,314.5768382273420
7,11/11/2024,956.8201094000000,244.9451952000000,397.3199895266660,314.5549246466660
7,11/18/2024,956.8201094000000,244.9451952000000,397.3419464499990,314.5329677000000
7,11/25/2024,956.8201094000000,244.9451952000000,397.3639033733330,314.5110107533330
7,12/2/2024,956.8175075248840,244.9438942631330,397.3858169321040,314.4877962357910
7,12/9/2024,956.7836831483870,244.9269820838710,397.4072101161290,314.4494908677420
7,12/16/2024,956.7411858548380,244.9057334483870,397.4284587516120,314.4069935967740
7,12/23/2024,956.6986885612900,244.8844848129030,397.4497073870960,314.3644963258060
7,12/30/2024,956.6561912677420,244.8632361774190,397.4709560225800,314.3219990548380
8,3/1/2021,976.6036123641870,253.5291383060560,401.5358675008060,321.5386064649760
8,3/8/2021,976.4838144322580,253.4978948548380,401.4323814032250,321.5535380741930
8,3/15/2021,976.2901426774190,253.3687803516120,401.3463050677410,321.5750571580640
8,3/22/2021,976.0964709225800,253.2396658483870,401.2602287322580,321.5965762419350
8,3/29/2021,975.9027991677420,253.1105513451610,401.1741523967740,321.6180953258060
8,4/5/2021,975.7207652776490,253.0005405184330,401.0871977313360,321.6330269350230
8,4/12/2021,975.5643346900000,252.9325577800000,400.9983107399990,321.6334661000000
8,4/19/2021,975.4086799600000,252.8658486199990,400.9093651933330,321.6334661000000
8,4/26/2021,975.2530252300000,252.7991394600000,400.8204196466660,321.6334661000000
8,5/3/2021,975.1032553135480,252.7300588091240,400.7423653914280,321.6308311101380
8,5/10/2021,974.9897750806450,252.6463539645160,400.7314741000000,321.6119470161290
8,5/17/2021,974.8821796612900,252.5602776290320,400.7314741000000,321.5904279322580
8,5/24/2021,974.7745842419350,252.4742012935480,400.7314741000000,321.5689088483870
8,5/31/2021,974.6669888225800,252.3881249580640,400.7314741000000,321.5473897645160
8,6/7/2021,974.7987676066660,252.4783001666660,400.7441806066660,321.5762868200000
8,6/14/2021,975.1100770433330,252.7006640333330,400.7664169933330,321.6429959800000
8,6/21/2021,975.4213864800000,252.9230279000000,400.7886533800000,321.7097051400000
8,6/28/2021,975.7326959166660,253.1453917666660,400.8108897666660,321.7764143000000
8,7/5/2021,975.8894192673880,253.2338103153610,400.8329065708440,321.8227022885710
8,7/12/2021,975.7060532290320,253.0275491645160,400.8544402935480,321.8240637000000
8,7/19/2021,975.5123814516120,252.8123583258060,400.8759593774190,321.8240637000000
8,7/26/2021,975.3187096741930,252.5971674870960,400.8974784612900,321.8240637000000
8,8/2/2021,975.1342603626720,252.3859291317970,400.9229500299530,321.8253811949300
8,8/9/2021,975.0604806419350,252.2221205774190,400.9958514161290,321.8425086290320
8,8/16/2021,975.0174424741930,252.0714869677410,401.0819277516120,321.8640277129030
8,8/23/2021,974.9744043064510,251.9208533580640,401.1680040870960,321.8855467967740
8,8/30/2021,974.9313661387090,251.7702197483870,401.2540804225800,321.9070658806450
8,9/6/2021,974.8781832600000,251.6269641200000,401.3127967800000,321.9384222700000
8,9/13/2021,974.8114740999990,251.4935458000000,401.3350331666660,321.9828950666660
8,9/20/2021,974.7447649400000,251.3601274800000,401.3572695533330,322.0273678633330
8,9/27/2021,974.6780557800000,251.2267091600000,401.3795059400000,322.0718406599990
8,10/4/2021,974.5854358863590,251.0941691699530,401.3840293392620,322.1072373757140
8,10/11/2021,974.3995373516120,250.9647911677410,401.3247859838710,322.1099602000000
8,10/18/2021,974.2058655967740,250.8356766645160,401.2602287322580,322.1099602000000
8,10/25/2021,974.0121938419350,250.7065621612900,401.1956714806450,322.1099602000000
8,11/1/2021,973.8211131599840,250.5791750403070,401.1324317239630,322.1095063961900
8,11/8/2021,973.7155378833330,250.5087915333330,401.1126693000000,322.0940770666660
8,11/15/2021,973.6488287000000,250.4643187600000,401.1126693000000,322.0718406800000
8,11/22/2021,973.5821195166660,250.4198459866660,401.1126693000000,322.0496042933330
8,11/29/2021,973.5154103333330,250.3753732133330,401.1126693000000,322.0273679066660
8,12/6/2021,973.8738567935480,250.5897442870960,401.3708983258060,321.9132142806450
8,12/13/2021,974.7991774451610,251.1492404903220,401.9734327193540,321.6765043354830
8,12/20/2021,975.7244980967740,251.7087366935480,402.5759671129030,321.4397943903220
8,12/27/2021,976.6498187483870,252.2682328967740,403.1785015064510,321.2030844451610
8,1/3/2022,977.2333372175110,252.6969244078340,403.6187286502300,320.9176842594460
8,1/10/2022,975.7090755612900,252.3189869838700,403.0580610870960,320.3320275903220
8,1/17/2022,973.8430117225800,251.8102448677410,402.3350862741930,319.6976806806450
8,1/24/2022,971.9769478838700,251.3015027516120,401.6121114612900,319.0633337709670
8,1/31/2022,970.1108840451610,250.7927606354830,400.8891366483870,318.4289868612900
8,2/7/2022,969.2166215714280,250.5477223428570,400.4982724428570,318.1706268714280
8,2/14/2022,969.0512101214280,250.5004619178570,400.3564911928570,318.1942570714280
8,2/21/2022,968.8857986714280,250.4532014928570,400.2147099428570,318.2178872714280
8,2/28/2022,968.7203872214280,250.4059410678570,400.0729286928570,318.2415174714280
8,3/7/2022,968.5763191806450,250.3490978903220,399.9877728225800,318.2394484677410
8,3/14/2022,968.4482586967740,250.2850676483870,399.9450859870960,318.2181050612900
8,3/21/2022,968.3201982129030,250.2210374064510,399.9023991516120,318.1967616548380
8,3/28/2022,968.1921377290320,250.1570071645160,399.8597123161290,318.1754182483870
8,4/4/2022,968.0452021187400,250.0835393617510,399.8167350940090,318.1449276629800
8,4/11/2022,967.8303160533330,249.9760963400000,399.7727124800000,318.0815072333330
8,4/18/2022,967.6097674499990,249.8658220500000,399.7286027500000,318.0153426500000
8,4/25/2022,967.3892188466660,249.7555477599990,399.6844930200000,317.9491780666660
8,5/2/2022,967.1717193015360,249.6415710396310,399.6417771465430,317.8883711153610
8,5/9/2022,966.9908084548380,249.4831651548380,399.6157875516120,317.8918557483870
8,5/16/2022,966.8200611354830,249.3124178354830,399.5944441451610,317.9131991548380
8,5/23/2022,966.6493138161280,249.1416705161290,399.5731007387090,317.9345425612900
8,5/30/2022,966.4785664967740,248.9709231967740,399.5517573322580,317.9558859677410
8,6/6/2022,966.3053799300000,248.8071887199990,399.5395611000000,317.9586301200000
8,6/13/2022,966.1289410333330,248.6528047000000,399.5395611000000,317.9365752666660
8,6/20/2022,965.9525021366660,248.4984206799990,399.5395611000000,317.9145204133330
8,6/27/2022,965.7760632400000,248.3440366600000,399.5395611000000,317.8924655600000
8,7/4/2022,965.6138532906450,248.1906689883870,399.5482726990780,317.8749116971420
8,7/11/2022,965.5028675516130,248.0409601709670,399.5883460548380,317.8735614000000
8,7/18/2022,965.3961504967740,247.8915562580640,399.6310328903220,317.8735614000000
8,7/25/2022,965.2894334419350,247.7421523451610,399.6737197258060,317.8735614000000
8,8/1/2022,965.1840231262670,247.5944907520730,399.7164065608290,317.8731258198150
8,8/8/2022,965.1217352032250,247.5043257129030,399.7590933806450,317.8583160935480
8,8/15/2022,965.0790483677420,247.4402954709670,399.8017801935480,317.8369726645160
8,8/22/2022,965.0363615322580,247.3762652290320,399.8444670064510,317.8156292354830
8,8/29/2022,964.9936746967740,247.3122349870960,399.8871538193540,317.7942858064510
8,9/5/2022,964.9573037741930,247.2475513753450,399.9302762191240,317.7794760801840
8,9/12/2022,964.9348278600000,247.1814303500000,399.9743569100000,317.7790405000000
8,9/19/2022,964.9127730066660,247.1152657666660,400.0184666400000,317.7790405000000
8,9/26/2022,964.8907181533330,247.0491011833330,400.0625763700000,317.7790405000000
8,10/3/2022,964.8922717265430,247.0093327423960,400.1065118680180,317.7764270216590
8,10/10/2022,965.0394105967740,247.1323405129030,400.1493729354830,317.7576970935480
8,10/17/2022,965.2101578935480,247.2817444258060,400.1920597709670,317.7363536870960
8,10/24/2022,965.3809051903220,247.4311483387090,400.2347466064510,317.7150102806450
8,10/31/2022,965.5516524870960,247.5805522516120,400.2774334419350,317.6936668741930
8,11/7/2022,965.6752410199990,247.6949936066660,400.3335361333330,317.6467113666660
8,11/14/2022,965.7634604799990,247.7832130433330,400.3997007166660,317.5805467833330
8,11/21/2022,965.8516799400000,247.8714324800000,400.4658653000000,317.5143822000000
8,11/28/2022,965.9398994000000,247.9596519166660,400.5320298833330,317.4482176166660
8,12/5/2022,965.9815118083870,248.0273990991850,400.5779400023810,317.3761727072960
8,12/12/2022,965.9205887032250,248.0501073225800,400.5792903000000,317.2911910806450
8,12/19/2022,965.8565584612900,248.0714507290320,400.5792903000000,317.2058174322580
8,12/26/2022,965.7925282193540,248.0927941354830,400.5792903000000,317.1204437838700
8,1/2/2023,965.5890421548380,248.0714865004600,400.5221836755760,316.9953719788010
8,1/9/2023,963.7120862193540,247.5383663677410,399.7797975580640,316.3939222935480
8,1/16/2023,961.3702775419350,246.8630760967740,398.8470560258060,315.6601454193540
8,1/23/2023,959.0284688645160,246.1877858258060,397.9143144935480,314.9263685451610
8,1/30/2023,956.6866601870960,245.5124955548380,396.9815729612900,314.1925916709670
8,2/6/2023,955.2081976714280,245.0664927749990,396.3884551857140,313.7532497214280
8,2/13/2023,954.8808633714280,244.9262066500000,396.2481690857140,313.7064876714280
8,2/20/2023,954.5535290714280,244.7859205250000,396.1078829857140,313.6597256214280
8,2/27/2023,954.2261947714280,244.6456344000000,395.9675968857140,313.6129635714280
8,3/6/2023,953.9486394258060,244.5383187419350,395.8512305225800,313.5590902419350
8,3/13/2023,953.7374560193540,244.4749637064510,395.7667571419350,313.4957352064510
8,3/20/2023,953.5262726129030,244.4116086709670,395.6822837612900,313.4323801709670
8,3/27/2023,953.3150892064510,244.3482536354830,395.5978103806450,313.3690251354830
8,4/3/2023,953.1270928754830,244.2980005937320,395.5236806792620,313.3054115108750
8,4/10/2023,953.0820835100000,244.3285431800000,395.5133370000000,313.2402032533330
8,4/17/2023,953.0602612200000,244.3721877600000,395.5133370000000,313.1747364066660
8,4/24/2023,953.0384389300000,244.4158323400000,395.5133370000000,313.1092695600000
8,5/1/2023,953.0196479122120,244.4607411470040,395.5129060138240,313.0460007447000
8,5/8/2023,953.1008888774190,244.5473694451610,395.4982524838700,313.0552669645160
8,5/15/2023,953.2275989258060,244.6529611483870,395.4771341612900,313.0975036548380
8,5/22/2023,953.3543089741930,244.7585528516120,395.4560158387090,313.1397403451610
8,5/29/2023,953.4810190225800,244.8641445548380,395.4348975161280,313.1819770354830
8,6/5/2023,953.5889811592160,244.9440925601380,395.4269242718890,313.2179644124420
8,6/12/2023,953.6556978899990,244.9676244299990,395.4478702000000,313.2402032999990
8,6/19/2023,953.7211647600000,244.9894467200000,395.4696924666660,313.2620255666660
8,6/26/2023,953.7866316300000,245.0112690099990,395.4915147333330,313.2838478333330
8,7/3/2023,953.8570117448840,245.0355910197230,395.5184226451610,313.3029979857140
8,7/10/2023,953.9576902032250,245.0753279677410,395.5766920354830,313.3056701000000
8,7/17/2023,954.0632819064510,245.1175646354830,395.6400470709670,313.3056701000000
8,7/24/2023,954.1688736096770,245.1598013032250,395.7034021064510,313.3056701000000
8,7/31/2023,954.2744653129030,245.2020379709670,395.7667571419350,313.3056701000000
8,8/7/2023,954.3317865129030,245.2080717870960,395.8059769258060,313.3177377258060
8,8/14/2023,954.3529048354830,245.1869534645160,395.8270952709670,313.3388560709670
8,8/21/2023,954.3740231580640,245.1658351419350,395.8482136161290,313.3599744161290
8,8/28/2023,954.3951414806450,245.1447168193540,395.8693319612900,313.3810927612900
8,9/4/2023,954.3852287795700,245.1190013013820,395.8772333829490,313.3889941877110
8,9/11/2023,954.2636043933330,245.0767358799990,395.8375538800000,313.3493147066660
8,9/18/2023,954.1326707000000,245.0330913000000,395.7939093000000,313.3056701499990
8,9/25/2023,954.0017370066660,244.9894467200000,395.7502647200000,313.2620255933330
8,10/2/2023,953.8723548637480,244.9394235391700,395.7092922571420,313.2236390708140
8,10/9/2023,953.7615913258060,244.8128571483870,395.7003852000000,313.2483489580640
8,10/16/2023,953.6559996225800,244.6650287548380,395.7003852000000,313.2905856258060
8,10/23/2023,953.5504079193540,244.5172003612900,395.7003852000000,313.3328222935480
8,10/30/2023,953.4448162161290,244.3693719677410,395.7003852000000,313.3750589612900
8,11/6/2023,953.3564208700000,244.2661937900000,395.7097376100000,313.3804893900000
8,11/13/2023,953.2909540000000,244.2225492333330,395.7315599000000,313.3368448333330
8,11/20/2023,953.2254871300000,244.1789046766660,395.7533821900000,313.2932002766660
8,11/27/2023,953.1600202600000,244.1352601199990,395.7752044800000,313.2495557200000
8,12/4/2023,953.0820547821650,244.0919028829950,395.7839535087090,313.2061984829950
8,12/11/2023,952.9590943161290,244.0495799967740,395.7456387967740,313.1638755967740
8,12/18/2023,952.8323842677420,244.0073433064510,395.7034021064510,313.1216389064510
8,12/25/2023,952.7056742193540,243.9651066161290,395.6611654161290,313.0794022161290
8,1/1/2024,952.5294008857140,243.9082680921650,395.5995483336400,313.0215844663590
8,1/8/2024,950.7175391387090,243.3695690580640,394.8983783096770,312.4495917548380
8,1/15/2024,948.1622281129030,242.6118425193540,393.9065024032250,311.6438831516120
8,1/22/2024,945.6069170870960,241.8541159806450,392.9146264967740,310.8381745483870
8,1/29/2024,943.0516060612900,241.0963894419350,391.9227505903220,310.0324659451610
8,2/5/2024,941.2033600430310,240.5501182581430,391.1935066826790,309.4597350100580
8,2/12/2024,940.9106570413790,240.4690488551720,391.0420531724130,309.3995549448270
8,2/19/2024,940.6650917068960,240.4020764758620,390.9081084620690,309.3549067241370
8,2/26/2024,940.4195263724130,240.3351040965510,390.7741637517240,309.3102585034480
8,3/4/2024,940.2326004353560,240.2945855866200,390.6590306735100,309.2789841737480
8,3/11/2024,940.2567763290320,240.3493010064510,390.6116194709670,309.2958558516120
8,3/18/2024,940.2985440419350,240.4119525870960,390.5698517580640,309.3167396967740
8,3/25/2024,940.3403117548380,240.4746041677410,390.5280840451610,309.3376235419350
8,4/1/2024,940.3821078811520,240.5381791837480,390.4858475112280,309.3580811861750
8,4/8/2024,940.4248416500000,240.6322275666660,390.4281398833330,309.3644742000000
8,4/15/2024,940.4680016200000,240.7401274800000,390.3633999399990,309.3644742000000
8,4/22/2024,940.5111615899990,240.8480273933330,390.2986599966660,309.3644742000000
8,4/29/2024,940.5543215600000,240.9559273066660,390.2339200533330,309.3644742000000
8,5/6/2024,940.5431835032250,240.9907337322580,390.1790253516120,309.3734244193540
8,5/13/2024,940.4596480774190,240.9280821741930,390.1372576387090,309.3943082645160
8,5/20/2024,940.3761126516120,240.8654306161290,390.0954899258060,309.4151921096770
8,5/27/2024,940.2925772258060,240.8027790580640,390.0537222129030,309.4360759548380
8,6/3/2024,940.2139857333640,240.7477991193540,390.0144264652530,309.4517601487550
8,6/10/2024,940.1658818300000,240.7401275000000,389.9903745033330,309.4353798266660
8,6/17/2024,940.1227218600000,240.7401275000000,389.9687945066660,309.4137998533330
8,6/24/2024,940.0795618900000,240.7401275000000,389.9472145100000,309.3922198800000
8,7/1/2024,940.0406923444700,240.7426847064510,389.9273535251150,309.3706541133640
8,7/8/2024,940.1434068064510,240.8296297258060,389.9642199290320,309.3495571677410
8,7/15/2024,940.3104776354830,240.9549328419350,390.0268715096770,309.3286733225800
8,7/22/2024,940.4775484645160,241.0802359580640,390.0895230903220,309.3077894774190
8,7/29/2024,940.6446192935480,241.2055390741930,390.1521746709670,309.2869056322580
8,8/5/2024,940.7157948737320,241.2413399622110,390.2020402101380,309.2724148009210
8,8/12/2024,940.5760009064510,241.0802359483870,390.2237764580640,309.2719886000000
8,8/19/2024,940.4298139225800,240.9131651193540,390.2446603032250,309.2719886000000
8,8/26/2024,940.2836269387090,240.7460942903220,390.2655441483870,309.2719886000000
8,9/2/2024,940.1424265083410,240.5839673932710,390.2864706136400,309.2719886000000
8,9/9/2024,940.0610647200000,240.4811676800000,390.3079085200000,309.2719886000000
8,9/16/2024,939.9963247766660,240.3948477400000,390.3294884933330,309.2719886000000
8,9/23/2024,939.9315848333330,240.3085278000000,390.3510684666660,309.2719886000000
8,9/30/2024,939.8668448899990,240.2222078600000,390.3726484400000,309.2719886000000
8,10/7/2024,939.9107009935480,240.2568153935480,390.3938306387090,309.2600549612900
8,10/14/2024,940.0360041322580,240.3821185322580,390.4147145064510,309.2391710935480
8,10/21/2024,940.1613072709670,240.5074216709670,390.4355983741930,309.2182872258060
8,10/28/2024,940.2866104096770,240.6327248096770,390.4564822419350,309.1974033580640
8,11/4/2024,940.3863414792620,240.7324558792620,390.4775081720430,309.1763774279570
8,11/11/2024,940.3940131000000,240.7401275000000,390.4990455266660,309.1548400733330
8,11/18/2024,940.3940131000000,240.7401275000000,390.5206255000000,309.1332601000000
8,11/25/2024,940.3940131000000,240.7401275000000,390.5422054733330,309.1116801266660
8,12/2/2024,940.3914558930870,240.7388488958520,390.5637428279570,309.0888641692780
8,12/9/2024,940.3582122032250,240.7222270419350,390.5847687580640,309.0512164032250
8,12/16/2024,940.3164444903220,240.7013431741930,390.6056526258060,309.0094486903220
8,12/23/2024,940.2746767774190,240.6804593064510,390.6265364935480,308.9676809774190
8,12/30/2024,940.2329090645160,240.6595754387090,390.6474203612900,308.9259132645160
9,3/1/2021,1869.9182880335700,485.4362263479090,768.8270373019750,615.6550241760360
9,3/8/2021,1869.6889090322500,485.3764040161290,768.6288908548380,615.6836139612900
9,3/15/2021,1869.3180826774100,485.1291864387090,768.4640791516130,615.7248168870960
9,3/22/2021,1868.9472563225800,484.8819688612900,768.2992674483870,615.7660198129030
9,3/29/2021,1868.5764299677400,484.6347512838700,768.1344557451610,615.8072227387090
9,4/5/2021,1868.2278868133600,484.4241118209670,767.9679622827180,615.8358125239630
9,4/12/2021,1867.9283667000000,484.2939442100000,767.7977689500000,615.8366534000000
9,4/19/2021,1867.6303321333300,484.1662151400000,767.6274635000000,615.8366534000000
9,4/26/2021,1867.3322975666600,484.0384860700000,767.4571580500000,615.8366534000000
9,5/3/2021,1867.0455307336400,483.9062162666350,767.3077063285710,615.8316081437780
9,5/10/2021,1866.8282482580600,483.7459452741930,767.2868526000000,615.7954504741930
9,5/17/2021,1866.6222335161200,483.5811335483870,767.2868526000000,615.7542475483870
9,5/24/2021,1866.4162187741900,483.4163218225800,767.2868526000000,615.7130446225800
9,5/31/2021,1866.2102040322500,483.2515100967740,767.2868526000000,615.6718416967740
9,6/7/2021,1866.4625229333300,483.4241699933330,767.3111819466660,615.7271713399990
9,6/14/2021,1867.0585920666600,483.8499336066660,767.3537583033330,615.8549004099990
9,6/21/2021,1867.6546612000000,484.2756972200000,767.3963346600000,615.9826294799990
9,6/28/2021,1868.2507303333300,484.7014608333330,767.4389110166660,616.1103585500000
9,7/5/2021,1868.5508110519200,484.8707572273110,767.4810669353140,616.1989868842850
9,7/12/2021,1868.1997172580600,484.4758257387090,767.5222978903220,616.2015936000000
9,7/19/2021,1867.8288909032200,484.0637964354830,767.5635008161290,616.2015936000000
9,7/26/2021,1867.4580645483800,483.6517671322580,767.6047037419350,616.2015936000000
9,8/2/2021,1867.1048965944700,483.2473057147460,767.6534745534560,616.2041162281100
9,8/9/2021,1866.9636294516100,482.9336589258060,767.7930599935480,616.2369103935480
9,8/16/2021,1866.8812236451600,482.6452384225800,767.9578717193540,616.2781133193540
9,8/23/2021,1866.7988178387000,482.3568179193540,768.1226834451610,616.3193162451610
9,8/30/2021,1866.7164120322500,482.0683974161290,768.2874951709670,616.3605191709670
9,9/6/2021,1866.6145819000000,481.7941036200000,768.3999203100000,616.4205577299990
9,9/13/2021,1866.4868526666600,481.5386454333330,768.4424966666660,616.5057104666660
9,9/20/2021,1866.3591234333300,481.2831872466660,768.4850730233330,616.5908632033330
9,9/27/2021,1866.2313942000000,481.0277290600000,768.5276493800000,616.6760159400000
9,10/4/2021,1866.0540533092100,480.7739526303220,768.5363104031790,616.7437905671420
9,10/11/2021,1865.6981104516100,480.5262305258060,768.4228762258060,616.7490040000000
9,10/18/2021,1865.3272840967700,480.2790129483870,768.2992674483870,616.7490040000000
9,10/25/2021,1864.9564577419300,480.0317953709670,768.1756586709670,616.7490040000000
9,11/1/2021,1864.5905925576000,479.7878852397540,768.0545725216590,616.7481350947610
9,11/8/2021,1864.3884460000000,479.6531208333330,768.0167331000000,616.7185923166660
9,11/15/2021,1864.2607169999900,479.5679681200000,768.0167331000000,616.6760159600000
9,11/22/2021,1864.1329879999900,479.4828154066660,768.0167331000000,616.6334396033330
9,11/29/2021,1864.0052589999900,479.3976626933330,768.0167331000000,616.5908632466660
9,12/6/2021,1864.6915821290300,479.8081223645160,768.5111682580640,616.3722915064510
9,12/13/2021,1866.4633080967700,480.8793985483870,769.6648502935480,615.9190592548380
9,12/20/2021,1868.2350340645100,481.9506747322580,770.8185323290320,615.4658270032250
9,12/27/2021,1870.0067600322500,483.0219509161290,771.9722143645160,615.0125947516120
9,1/3/2022,1871.5488742672800,483.9525984474650,772.9906952617510,614.6055805718890
9,1/10/2022,1871.6750494838700,484.0160359548380,773.1754358064510,614.4835778354830
9,1/17/2022,1871.5716129677400,483.9388448096770,773.2249752129030,614.4077931709670
9,1/24/2022,1871.4681764516100,483.8616536645160,773.2745146193540,614.3320085064510
9,1/31/2022,1871.3647399354800,483.7844625193540,773.3240540258060,614.2562238419350
9,2/7/2022,1871.1379312857100,483.6992437857140,773.1888747714280,614.2498131000000
9,2/14/2022,1870.8185935357100,483.6080043607140,772.9151565214280,614.2954328000000
9,2/21/2022,1870.4992557857100,483.5167649357140,772.6414382714280,614.3410525000000
9,2/28/2022,1870.1799180357100,483.4255255107140,772.3677200214280,614.3866722000000
9,3/7/2022,1869.9017850645100,483.3157859322580,772.2033208838710,614.3826778483870
9,3/14/2022,1869.6545556774100,483.1921712387090,772.1209110806450,614.3414729580640
9,3/21/2022,1869.4073262903200,483.0685565451610,772.0385012774190,614.3002680677420
9,3/28/2022,1869.1600969032200,482.9449418516120,771.9560914741930,614.2590631774190
9,4/4/2022,1868.8764277788000,482.8031073084480,771.8731210648230,614.2001990436250
9,4/11/2022,1868.4615756000000,482.5956813066660,771.7881324733330,614.0777616333330
9,4/18/2022,1868.0357915000000,482.3827893500000,771.7029757000000,613.9500264500000
9,4/25/2022,1867.6100074000000,482.1698973933330,771.6178189266660,613.8222912666660
9,5/2/2022,1867.1901097327100,481.9498576468500,771.5353530835630,613.7048993531490
9,5/9/2022,1866.8408492580600,481.6440444225800,771.4851784032250,613.7116266774190
9,5/16/2022,1866.5112102258000,481.3144052322580,771.4439734903220,613.7528315677420
9,5/23/2022,1866.1815711935400,480.9847660419350,771.4027685774190,613.7940364580640
9,5/30/2022,1865.8519321612900,480.6551268516120,771.3615636645160,613.8352413483870
9,6/6/2022,1865.5175839000000,480.3390264200000,771.3380180000000,613.8405391200000
9,6/13/2022,1865.1769566666600,480.0409776666660,771.3380180000000,613.7979607333330
9,6/20/2022,1864.8363294333300,479.7429289133330,771.3380180000000,613.7553823466660
9,6/27/2022,1864.4957021999900,479.4448801600000,771.3380180000000,613.7128039600000
9,7/4/2022,1864.1825449221100,479.1487935446080,771.3548363271890,613.6789150400000
9,7/11/2022,1863.9682794838700,478.8597706258060,771.4322006322580,613.6763082000000
9,7/18/2022,1863.7622550322500,478.5713363483870,771.5146104354830,613.6763082000000
9,7/25/2022,1863.5562305806400,478.2829020709670,771.5970202387090,613.6763082000000
9,8/1/2022,1863.3527288755700,477.9978314585250,771.6794300414740,613.6754672834100
9,8/8/2022,1863.2324778064500,477.8237617903220,771.7618398290320,613.6468761193540
9,8/15/2022,1863.1500679354800,477.7001470967740,771.8442496096770,613.6056712064510
9,8/22/2022,1863.0676580645100,477.5765324032250,771.9266593903220,613.5644662935480
9,8/29/2022,1862.9852481935400,477.4529177096770,772.0090691709670,613.5232613806450
9,9/5/2022,1862.9150316198100,477.3280416417050,772.0923198748840,613.4946702165890
9,9/12/2022,1862.8716403000000,477.2003905500000,772.1774206100000,613.4938293000000
9,9/19/2022,1862.8290618666600,477.0726553666660,772.2625774066660,613.4938293000000
9,9/26/2022,1862.7864834333300,476.9449201833330,772.3477342033330,613.4938293000000
9,10/3/2022,1862.7894826764900,476.8681445258060,772.4325546334560,613.4887838032250
9,10/10/2022,1863.0735442580600,477.1056192774190,772.5153008032250,613.4526244096770
9,10/17/2022,1863.4031835161200,477.3940535548380,772.5977106064510,613.4114195193540
9,10/24/2022,1863.7328227741900,477.6824878322580,772.6801204096770,613.3702146290320
9,10/31/2022,1864.0624620322500,477.9709221096770,772.7625302129030,613.3290097387090
9,11/7/2022,1864.3010579999900,478.1918588533330,772.8708402333330,613.2383589666660
9,11/14/2022,1864.4713715000000,478.3621724466660,772.9985754166660,613.1106237833330
9,11/21/2022,1864.6416850000000,478.5324860400000,773.1263106000000,612.9828885999990
9,11/28/2022,1864.8119985000000,478.7027996333330,773.2540457833330,612.8551534166660
9,12/5/2022,1864.8923340161200,478.8335901543160,773.3426783595230,612.7160658658210
9,12/12/2022,1864.7747179677400,478.8774299161290,773.3452852000000,612.5520031064510
9,12/19/2022,1864.6511033870900,478.9186348064510,773.3452852000000,612.3871835225800
9,12/26/2022,1864.5274888064500,478.9598396967740,773.3452852000000,612.2223639387090
9,1/2/2023,1864.3475817142800,478.9733398221190,773.3234009133640,612.0508409004600
9,1/9/2023,1863.4921644838700,478.6543827677410,773.0389051870960,611.7988764096770
9,1/16/2023,1862.4491055483800,478.2430764967740,772.6814618387090,611.5245670709670
9,1/23/2023,1861.4060466129000,477.8317702258060,772.3240184903220,611.2502577322580
9,1/30/2023,1860.3629876774100,477.4204639548380,771.9665751419350,610.9759483935480
9,2/6/2023,1859.4938604642800,477.0683917178570,771.6452817071420,610.7801868392850
9,2/13/2023,1858.8566422142800,476.7952981928570,771.3721881571420,610.6891556642850
9,2/20/2023,1858.2194239642800,476.5222046678570,771.0990946071420,610.5981244892850
9,2/27/2023,1857.5822057142800,476.2491111428570,770.8260010571420,610.5070933142850
9,3/6/2023,1857.0418915806400,476.0402008838700,770.5994718516130,610.4022186838710
9,3/13/2023,1856.6307829354800,475.9168683129030,770.4350284387090,610.2788861129030
9,3/20/2023,1856.2196742903200,475.7935357419350,770.2705850258060,610.1555535419350
9,3/27/2023,1855.8085656451600,475.6702031709670,770.1061416129030,610.0322209709670
9,4/3/2023,1855.4425950626700,475.5723761103220,769.9618341281100,609.9083850017510
9,4/10/2023,1855.3549758666600,475.6318330300000,769.9416982000000,609.7814447433330
9,4/17/2023,1855.3124947333300,475.7167954600000,769.9416982000000,609.6540010866660
9,4/24/2023,1855.2700136000000,475.8017578900000,769.9416982000000,609.5265574300000
9,5/1/2023,1855.2334334101300,475.8891813781100,769.9408592032250,609.4033926587550
9,5/8/2023,1855.3915843548300,476.0578197838700,769.9123333129030,609.4214311064510
9,5/15/2023,1855.6382494516100,476.2633740612900,769.8712224709670,609.5036528354830
9,5/22/2023,1855.8849145483800,476.4689283387090,769.8301116290320,609.5858745645160
9,5/29/2023,1856.1315796451600,476.6744826161290,769.7890007870960,609.6680962935480
9,6/5/2023,1856.3417483755700,476.8301165647460,769.7734793467740,609.7381525555300
9,6/12/2023,1856.4716251000000,476.8759257900000,769.8142545900000,609.7814447900000
9,6/19/2023,1856.5990687333300,476.9184069933330,769.8567357933330,609.8239259933330
9,6/26/2023,1856.7265123666600,476.9608881966660,769.8992169966660,609.8664071966660
9,7/3/2023,1856.8635205741900,477.0082355840550,769.9515983674650,609.9036866200000
9,7/10/2023,1857.0595103225800,477.0855911064510,770.0650307709670,609.9088884000000
9,7/17/2023,1857.2650646451600,477.1678128129030,770.1883633419350,609.9088884000000
9,7/24/2023,1857.4706189677400,477.2500345193540,770.3116959129030,609.9088884000000
9,7/31/2023,1857.6761732903200,477.3322562258060,770.4350284838710,609.9088884000000
9,8/7/2023,1857.7877598709600,477.3440021903220,770.5113772096770,609.9323803225800
9,8/14/2023,1857.8288706451600,477.3028913483870,770.5524880516130,609.9734911870960
9,8/21/2023,1857.8699814193500,477.2617805064510,770.5935988935480,610.0146020516120
9,8/28/2023,1857.9110921935400,477.2206696645160,770.6347097354830,610.0557129161290
9,9/4/2023,1857.8917952043000,477.1706095188930,770.6500913382480,610.0710945368660
9,9/11/2023,1857.6550302666600,477.0883318800000,770.5728476800000,609.9938508800000
9,9/18/2023,1857.4001430000000,477.0033694500000,770.4878852500000,609.9088884500000
9,9/25/2023,1857.1452557333300,476.9184070200000,770.4029228200000,609.8239260200000
9,10/2/2023,1856.8933888509900,476.8210274336400,770.3231621714280,609.7491993534560
9,10/9/2023,1856.6777665806400,476.5746419709670,770.3058229000000,609.7973018483870
9,10/16/2023,1856.4722122580600,476.2868659870960,770.3058229000000,609.8795235548380
9,10/23/2023,1856.2666579354800,475.9990900032250,770.3058229000000,609.9617452612900
9,10/30/2023,1856.0611036129000,475.7113140193540,770.3058229000000,610.0439669677410
9,11/6/2023,1855.8890253000000,475.5104581300000,770.3240291399990,610.0545383299990
9,11/13/2023,1855.7615816666600,475.4254956999990,770.3665103666660,609.9695759000000
9,11/20/2023,1855.6341380333300,475.3405332700000,770.4089915933330,609.8846134700000
9,11/27/2023,1855.5066944000000,475.2555708399990,770.4514728200000,609.7996510400000
9,12/4/2023,1855.3549198557600,475.1711677413360,770.4685044684790,609.7152479367280
9,12/11/2023,1855.1155540322500,475.0887782354830,770.3939176354840,609.6328584096770
9,12/18/2023,1854.8688889354800,475.0065565290320,770.3116959290320,609.5506366806450
9,12/25/2023,1854.6222238387000,474.9243348225800,770.2294742225800,609.4684149516130
9,1/1/2024,1854.3512026313300,474.8321221419350,770.1395045073730,609.3795760958520
9,1/8/2024,1853.2764297741900,474.4102073129030,769.7938505032250,609.0723720580640
9,1/15/2024,1851.8363152580600,473.8384278709670,769.3319763677420,608.6659111193540
9,1/22/2024,1850.3962007419300,473.2666484290320,768.8701022322580,608.2594501806450
9,1/29/2024,1848.9560862258000,472.6948689870960,768.4082280967740,607.8529892419350
9,2/5/2024,1847.8092343975800,472.2578726100740,768.0072410865080,607.5441208157790
9,2/12/2024,1847.3075604827500,472.1173989758620,767.7402057517240,607.4499559172410
9,2/19/2024,1846.8254374137900,471.9859108793100,767.4772295586200,607.3622971862060
9,2/26/2024,1846.3433143448200,471.8544227827580,767.2142533655170,607.2746384551720
9,3/4/2024,1845.9763191306200,471.7748720515330,766.9882104099790,607.2132369477190
9,3/11/2024,1846.0237841935400,471.8822958354830,766.8951271096770,607.2463614451610
9,3/18/2024,1846.1057876129000,472.0053008290320,766.8131237806450,607.2873631096770
9,3/25/2024,1846.1877910322500,472.1283058225800,766.7311204516120,607.3283647741930
9,4/1/2024,1846.2698502362500,472.2531238149000,766.6481966770500,607.3685296700460
9,4/8/2024,1846.3537503333300,472.4377707666660,766.5348981999990,607.3810812000000
9,4/15/2024,1846.4384871999900,472.6496127000000,766.4077930400000,607.3810812000000
9,4/22/2024,1846.5232240666600,472.8614546333330,766.2806878800000,607.3810812000000
9,4/29/2024,1846.6079609333300,473.0732965666660,766.1535827199990,607.3810812000000
9,5/6/2024,1846.5860933548300,473.1416326741930,766.0458069161290,607.3986533419350
9,5/13/2024,1846.4220865161200,473.0186276806450,765.9638035870960,607.4396550064510
9,5/20/2024,1846.2580796774100,472.8956226870960,765.8818002580640,607.4806566709670
9,5/27/2024,1846.0940728387000,472.7726176935480,765.7997969290320,607.5216583354840
9,6/3/2024,1845.9397725557600,472.6646745359440,765.7226468582480,607.5524514223040
9,6/10/2024,1845.8453293666600,472.6496127000000,765.6754252133330,607.5202916133330
9,6/17/2024,1845.7605927333300,472.6496127000000,765.6330568266660,607.4779232266660
9,6/24/2024,1845.6758561000000,472.6496127000000,765.5906884400000,607.4355548400000
9,7/1/2024,1845.5995429331700,472.6546333119810,765.5516950202760,607.3932143456220
9,7/8/2024,1845.8012041612900,472.8253341193540,765.6240755096770,607.3517942967740
9,7/15/2024,1846.1292173870900,473.0713441064510,765.7470805032250,607.3107926322580
9,7/22/2024,1846.4572306129000,473.3173540935480,765.8700854967740,607.2697909677420
9,7/29/2024,1846.7852438387000,473.5633640806450,765.9930904903220,607.2287893032250
9,8/5/2024,1846.9249841843300,473.6336526483870,766.0909924239630,607.2003391686630
9,8/12/2024,1846.6505241935400,473.3173540935480,766.1336676258060,607.1995024000000
9,8/19/2024,1846.3635126774100,472.9893407774190,766.1746692903220,607.1995024000000
9,8/26/2024,1846.0765011612900,472.6613274612900,766.2156709548380,607.1995024000000
9,9/2/2024,1845.7992798216500,472.3430206616590,766.2567562962210,607.1995024000000
9,9/9/2024,1845.6395406000000,472.1411920600000,766.2988457600000,607.1995024000000
9,9/16/2024,1845.5124352999900,471.9717185133330,766.3412141466660,607.1995024000000
9,9/23/2024,1845.3853299999900,471.8022449666660,766.3835825333330,607.1995024000000
9,9/30/2024,1845.2582247000000,471.6327714200000,766.4259509200000,607.1995024000000
9,10/7/2024,1845.3443281612900,471.7007170354830,766.4675383225800,607.1760728774190
9,10/14/2024,1845.5903381935400,471.9467270225800,766.5085399870960,607.1350712129030
9,10/21/2024,1845.8363482258000,472.1927370096770,766.5495416516120,607.0940695483870
9,10/28/2024,1846.0823582580600,472.4387469967740,766.5905433161290,607.0530678838710
9,11/4/2024,1846.2781621612900,472.6345508640550,766.6318239035330,607.0117872964660
9,11/11/2024,1846.2932239999900,472.6496127000000,766.6741086133330,606.9695025866660
9,11/18/2024,1846.2932239999900,472.6496127000000,766.7164769999990,606.9271342000000
9,11/25/2024,1846.2932239999900,472.6496127000000,766.7588453866660,606.8847658133330
9,12/2/2024,1846.2882033824800,472.6471023940090,766.8011300964670,606.8399707975420
9,12/9/2024,1846.2229353548300,472.6144684161290,766.8424106838710,606.7660562322580
9,12/16/2024,1846.1409319354800,472.5734667516120,766.8834123483870,606.6840529032250
9,12/23/2024,1846.0589285161200,472.5324650870960,766.9244140129030,606.6020495741930
9,12/30/2024,1845.9769250967700,472.4914634225800,766.9654156774190,606.5200462451610
10,3/1/2021,771.6475030817640,200.3219361994070,317.2670524909310,254.0585142990780
10,3/8/2021,771.5528466903220,200.2972496935480,317.1852846290320,254.0703122677410
10,3/15/2021,771.3998200967740,200.1952319645160,317.1172728096770,254.0873152225800
10,3/22/2021,771.2467935032250,200.0932142354830,317.0492609903220,254.1043181774190
10,3/29/2021,771.0937669096770,199.9911965064510,316.9812491709670,254.1213211322580
10,4/5/2021,770.9499357845620,199.9042732373270,316.9125433534560,254.1331191009210
10,4/12/2021,770.8263346900000,199.8505577800000,316.8423107399990,254.1334661000000
10,4/19/2021,770.7033466266660,199.7978486200000,316.7720318599990,254.1334661000000
10,4/26/2021,770.5803585633330,199.7451394600000,316.7017529800000,254.1334661000000
10,5/3/2021,770.4620202905070,199.6905565049760,316.6400796771420,254.1313841055290
10,5/10/2021,770.3723557258060,199.6244184806450,316.6314741000000,254.1164631451610
10,5/17/2021,770.2873409516120,199.5564066612900,316.6314741000000,254.0994601903220
10,5/24/2021,770.2023261774190,199.4883948419350,316.6314741000000,254.0824572354830
10,5/31/2021,770.1173114032250,199.4203830225800,316.6314741000000,254.0654542806450
10,6/7/2021,770.2214342733330,199.4916335000000,316.6415139400000,254.0882868199990
10,6/14/2021,770.4674103766660,199.6673307000000,316.6590836599990,254.1409959800000
10,6/21/2021,770.7133864800000,199.8430278999990,316.6766533800000,254.1937051400000
10,6/28/2021,770.9593625833330,200.0187251000000,316.6942231000000,254.2464143000000
10,7/5/2021,771.0831949970350,200.0885875811050,316.7116193204600,254.2829880028570
10,7/12/2021,770.9383112935480,199.9256136806450,316.7286338419350,254.2840637000000
10,7/19/2021,770.7852846774190,199.7555841322580,316.7456367967740,254.2840637000000
10,7/26/2021,770.6322580612900,199.5855545838700,316.7626397516120,254.2840637000000
10,8/2/2021,770.4865184271890,199.4186480258060,316.7827656981560,254.2851046972350
10,8/9/2021,770.4282225774190,199.2892173516120,316.8403675451610,254.2986376612900
10,8/16/2021,770.3942166677420,199.1701966451610,316.9083793645160,254.3156406161290
10,8/23/2021,770.3602107580640,199.0511759387090,316.9763911838710,254.3326435709670
10,8/30/2021,770.3262048483870,198.9321552322580,317.0444030032250,254.3496465258060
10,9/6/2021,770.2841832600000,198.8189641199990,317.0907967800000,254.3744222700000
10,9/13/2021,770.2314741000000,198.7135458000000,317.1083665000000,254.4095617333330
10,9/20/2021,770.1787649400000,198.6081274799990,317.1259362199990,254.4447011966660
10,9/27/2021,770.1260557800000,198.5027091600000,317.1435059400000,254.4798406600000
10,10/4/2021,770.0528736743770,198.3979848381560,317.1470800305060,254.5078088042850
10,10/11/2021,769.9059889645160,198.2957589096770,317.1002698548380,254.5099602000000
10,10/18/2021,769.7529623709670,198.1937411806450,317.0492609903220,254.5099602000000
10,10/25/2021,769.5999357774190,198.0917234516120,316.9982521258060,254.5099602000000
10,11/1/2021,769.4489564779570,197.9910705856220,316.9482842585250,254.5096016342850
10,11/8/2021,769.3655378833330,197.9354582000000,316.9326693000000,254.4974104000000
10,11/15/2021,769.3128287000000,197.9003187599990,316.9326693000000,254.4798406800000
10,11/22/2021,769.2601195166660,197.8651793199990,316.9326693000000,254.4622709600000
10,11/29/2021,769.2074103333330,197.8300398800000,316.9326693000000,254.4447012400000
10,12/6/2021,769.4906309870960,197.9994217064510,317.1367047774190,254.3545046032250
10,12/13/2021,770.2217580903220,198.4414985548380,317.6127875580640,254.1674720774190
10,12/20/2021,770.9528851935480,198.8835754032250,318.0888703387090,253.9804395516120
10,12/27/2021,771.6840122967740,199.3256522516120,318.5649531193540,253.7934070258060
10,1/3/2022,772.0736304156680,199.6459081995390,318.8832682253450,253.5444540880180
10,1/10/2022,770.3572764645160,199.2149352612900,318.2286826709670,252.9136586096770
10,1/17/2022,768.2994135290320,198.6621414225800,317.4163294419350,252.2209427193540
10,1/24/2022,766.2415505935480,198.1093475838700,316.6039762129030,251.5282268290320
10,1/31/2022,764.1836876580640,197.5565537451610,315.7916229838710,250.8355109387090
10,2/7/2022,763.2273142428570,197.2983757714280,315.3796726142850,250.5492658571420
10,2/14/2022,763.0970579678570,197.2611596964280,315.2680243892850,250.5678738821420
10,2/21/2022,762.9668016928570,197.2239436214280,315.1563761642850,250.5864819071420
10,2/28/2022,762.8365454178570,197.1867275464280,315.0447279392850,250.6050899321420
10,3/7/2022,762.7230963967740,197.1419653483870,314.9776703903220,250.6034606580640
10,3/14/2022,762.6222528161290,197.0915435580640,314.9440558483870,250.5866534096770
10,3/21/2022,762.5214092354830,197.0411217677410,314.9104413064510,250.5698461612900
10,3/28/2022,762.4205656548380,196.9906999774190,314.8768267645160,250.5530389129030
10,4/4/2022,762.3048585158210,196.9328464055290,314.8429835569890,250.5290285485400
10,4/11/2022,762.1356425666660,196.8482384200000,314.8083171533330,250.4790869666660
10,4/18/2022,761.9619675499990,196.7614008999990,314.7735821500000,250.4269844500000
10,4/25/2022,761.7882925333330,196.6745633799990,314.7388471466660,250.3748819333330
10,5/2/2022,761.6170185537630,196.5848103156680,314.7052097609830,250.3269983832560
10,5/9/2022,761.4745570193540,196.4600707193540,314.6847437870960,250.3297424322580
10,5/16/2022,761.3400989419350,196.3256126419350,314.6679365387090,250.3465497032250
10,5/23/2022,761.2056408645160,196.1911545645160,314.6511292903220,250.3633569741930
10,5/30/2022,761.0711827870960,196.0566964870960,314.6343220419350,250.3801642451610
10,6/6/2022,760.9348038700000,195.9277607900000,314.6247179000000,250.3823251800000
10,6/13/2022,760.7958638333330,195.8061882666660,314.6247179000000,250.3649576666660
10,6/20/2022,760.6569237966660,195.6846157433330,314.6247179000000,250.3475901533330
10,6/27/2022,760.5179837600000,195.5630432200000,314.6247179000000,250.3302226400000
10,7/4/2022,760.3902485655760,195.4422710424420,314.6315780059900,250.3163995171420
10,7/11/2022,760.3028508032250,195.3243801096770,314.6631344935480,250.3153362000000
10,7/18/2022,760.2188144935480,195.2067292806450,314.6967490129030,250.3153362000000
10,7/25/2022,760.1347781838710,195.0890784516120,314.7303635322580,250.3153362000000
10,8/1/2022,760.0517708903220,194.9727996442390,314.7639780516120,250.3149931949300
10,8/8/2022,760.0027211290320,194.9017975516120,314.7975925709670,250.3033310225800
10,8/15/2022,759.9691066096770,194.8513757838700,314.8312070903220,250.2865237741930
10,8/22/2022,759.9354920903220,194.8009540161290,314.8648216096770,250.2697165258060
10,8/29/2022,759.9018775709670,194.7505322483870,314.8984361290320,250.2529092774190
10,9/5/2022,759.8732366320270,194.6995959656680,314.9323936536860,250.2412471050690
10,9/12/2022,759.8555375699990,194.6475277499990,314.9671057900000,250.2409041000000
10,9/19/2022,759.8381700800000,194.5954252333330,315.0018407933330,250.2409041000000
10,9/26/2022,759.8208025900000,194.5433227166660,315.0365757966660,250.2409041000000
10,10/3/2022,759.8220259858060,194.5120063239630,315.0711735978800,250.2388460668200
10,10/10/2022,759.9378931774190,194.6088710290320,315.1049253193540,250.2240968290320
10,10/17/2022,760.0723512548380,194.7265218580640,315.1385398387090,250.2072895580640
10,10/24/2022,760.2068093322580,194.8441726870960,315.1721543580640,250.1904822870960
10,10/31/2022,760.3412674096770,194.9618235161290,315.2057688774190,250.1736750161290
10,11/7/2022,760.4385894466660,195.0519424466660,315.2499479666660,250.1366990466660
10,11/14/2022,760.5080594533330,195.1214124533330,315.3020504833330,250.0845965533330
10,11/21/2022,760.5775294600000,195.1908824599990,315.3541530000000,250.0324940600000
10,11/28/2022,760.6469994666660,195.2603524666660,315.4062555166660,249.9803915666660
10,12/5/2022,760.6797679097380,195.3137012277110,315.4424082833330,249.9236584913050
10,12/12/2022,760.6317929129030,195.3315832483870,315.4434716000000,249.8567381354830
10,12/19/2022,760.5813711451610,195.3483905193540,315.4434716000000,249.7895090741930
10,12/26/2022,760.5309493774190,195.3651977903220,315.4434716000000,249.7222800129030
10,1/2/2023,760.3499785147460,195.3430992142850,315.3898985981560,249.6169807069120
10,1/9/2023,758.6024185129030,194.8541304741930,314.6934495741930,249.0548384645160
10,1/16/2023,756.4196948612900,194.2354755774190,313.8184238774190,248.3657954064510
10,1/23/2023,754.2369712096770,193.6168206806450,312.9433981806450,247.6767523483870
10,1/30/2023,752.0542475580640,192.9981657838700,312.0683724838710,246.9877092903220
10,2/6/2023,750.6967262464280,192.5973984214280,311.5211075214280,246.5782203035710
10,2/13/2023,750.4394747214280,192.4871477714280,311.4108568714280,246.5414700785710
10,2/20/2023,750.1822231964280,192.3768971214280,311.3006062214280,246.5047198535710
10,2/27/2023,749.9249716714280,192.2666464714280,311.1903555714280,246.4679696285710
10,3/6/2023,749.7068413419350,192.1823072645160,311.0989034129030,246.4256306645160
10,3/13/2023,749.5408726064510,192.1325166483870,311.0325159096770,246.3758400483870
10,3/20/2023,749.3749038709670,192.0827260322580,310.9661284064510,246.3260494322580
10,3/27/2023,749.2089351354830,192.0329354161290,310.8997409032250,246.2762588161290
10,4/3/2023,749.0611890908750,191.9934416329950,310.8414824820270,246.2262649729950
10,4/10/2023,749.0258163066660,192.0174449866660,310.8333534000000,246.1750178966660
10,4/17/2023,749.0086662133330,192.0517451733330,310.8333534000000,246.1235675933330
10,4/24/2023,748.9915161199990,192.0860453600000,310.8333534000000,246.0721172900000
10,5/1/2023,748.9767482986170,192.1213391013820,310.8330146884790,246.0223944163590
10,5/8/2023,749.0405954516120,192.1894201483870,310.8214984967740,246.0296767225800
10,5/15/2023,749.1401766838700,192.2724045161290,310.8049016322580,246.0628704741930
10,5/22/2023,749.2397579161290,192.3553888838700,310.7883047677420,246.0960642258060
10,5/29/2023,749.3393391483870,192.4383732516120,310.7717079032250,246.1292579774190
10,6/5/2023,749.4241864228110,192.5012042771880,310.7654417400920,246.1575404050690
10,6/12/2023,749.4766189900000,192.5196979500000,310.7819031200000,246.1750179200000
10,6/19/2023,749.5280692933330,192.5368480666660,310.7990532133330,246.1921680133330
10,6/26/2023,749.5795195966660,192.5539981833330,310.8162033066660,246.2093181066660
10,7/3/2023,749.6348312140090,192.5731128239630,310.8373502014740,246.2243681885710
10,7/10/2023,749.7139542677420,192.6043420290320,310.8831440387090,246.2264682000000
10,7/17/2023,749.7969386354830,192.6375357580640,310.9329346774190,246.2264682000000
10,7/24/2023,749.8799230032250,192.6707294870960,310.9827253161290,246.2264682000000
10,7/31/2023,749.9629073709670,192.7039232161290,311.0325159548380,246.2264682000000
10,8/7/2023,750.0079560225800,192.7086651774190,311.0633387225800,246.2359521225800
10,8/14/2023,750.0245528870960,192.6920683129030,311.0799355870960,246.2525489870960
10,8/21/2023,750.0411497516120,192.6754714483870,311.0965324516120,246.2691458516120
10,8/28/2023,750.0577466161290,192.6588745838700,311.1131293161290,246.2857427161290
10,9/4/2023,750.0499562416280,192.6386647917050,311.1193390225800,246.2919524273420
10,9/11/2023,749.9543718066660,192.6054484600000,311.0881549600000,246.2607683866660
10,9/18/2023,749.8514712000000,192.5711482500000,311.0538547500000,246.2264682000000
10,9/25/2023,749.7485705933330,192.5368480400000,311.0195545400000,246.1921680133330
10,10/2/2023,749.6468893482330,192.4975348981560,310.9873543428570,246.1620001072190
10,10/9/2023,749.5598404419350,192.3980665741930,310.9803543000000,246.1814195677410
10,10/16/2023,749.4768560741930,192.2818884774190,310.9803543000000,246.2146132967740
10,10/23/2023,749.3938717064510,192.1657103806450,310.9803543000000,246.2478070258060
10,10/30/2023,749.3108873387090,192.0495322838700,310.9803543000000,246.2810007548380
10,11/6/2023,749.2414175700000,191.9684447100000,310.9877043500000,246.2852685200000
10,11/13/2023,749.1899672666660,191.9341445000000,311.0048544666660,246.2509683333330
10,11/20/2023,749.1385169633330,191.8998442899990,311.0220045833330,246.2166681466660
10,11/27/2023,749.0870666600000,191.8655440800000,311.0391547000000,246.1823679600000
10,12/4/2023,749.0257937181100,191.8314696778340,311.0460305578340,246.1482935764050
10,12/11/2023,748.9291592774190,191.7982081838700,311.0159190838700,246.1150320838700
10,12/18/2023,748.8295780451610,191.7650144322580,310.9827253322580,246.0818383322580
10,12/25/2023,748.7299968129030,191.7318206806450,310.9495315806450,246.0486445806450
10,1/1/2024,748.5806531018430,191.6843883940090,310.8966133870960,245.9996513276490
10,1/8/2024,746.7891475903220,191.1670844516120,310.1927886096770,245.4292745290320
10,1/15/2024,744.2512048967740,190.4362024838700,309.1930972032250,244.6219052096770
10,1/22/2024,741.7132622032250,189.7053205161290,308.1934057967740,243.8145358903220
10,1/29/2024,739.1753195096770,188.9744385483870,307.1937143903220,243.0071665709670
10,2/5/2024,737.3554070143650,188.4512347639440,306.4679285836640,242.4362436667560
10,2/12/2024,737.1151609551720,188.3849229827580,306.3447350965510,242.3855028758620
10,2/19/2024,736.9227835758620,188.3324564137930,306.2398019827580,242.3505251793100
10,2/26/2024,736.7304061965510,188.2799898448270,306.1348688689650,242.3155474827580
10,3/4/2024,736.5839672810900,188.2482473979020,306.0446729067690,242.2910469764180
10,3/11/2024,736.6029068354830,188.2911117903220,306.0075306903220,242.3042643548380
10,3/18/2024,736.6356279290320,188.3401934193540,305.9748096193540,242.3206248903220
10,3/25/2024,736.6683490225800,188.3892750483870,305.9420885483870,242.3369854258060
10,4/1/2024,736.7010923749000,188.4390801024730,305.9090001996160,242.3530120728110
10,4/8/2024,736.7345702666660,188.5127581833330,305.8637916833330,242.3580204000000
10,4/15/2024,736.7683820400000,188.5972876400000,305.8130740000000,242.3580204000000
10,4/22/2024,736.8021938133330,188.6818170966660,305.7623563166660,242.3580204000000
10,4/29/2024,736.8360055866660,188.7663465533330,305.7116386333330,242.3580204000000
10,5/6/2024,736.8272799580640,188.7936141161290,305.6686337838710,242.3650320580640
10,5/13/2024,736.7618377935480,188.7445324870960,305.6359127129030,242.3813925935480
10,5/20/2024,736.6963956290320,188.6954508580640,305.6031916419350,242.3977531290320
10,5/27/2024,736.6309534645160,188.6463692290320,305.5704705709670,242.4141136645160
10,6/3/2024,736.5693844091240,188.6032975953910,305.5396860531790,242.4264007605520
10,6/10/2024,736.5316995266660,188.5972876000000,305.5208436133330,242.4135683133330
10,6/17/2024,736.4978877533330,188.5972876000000,305.5039377266660,242.3966624266660
10,6/24/2024,736.4640759800000,188.5972876000000,305.4870318400000,242.3797565400000
10,7/1/2024,736.4336253511520,188.5992909313360,305.4714726368660,242.3628617829490
10,7/8/2024,736.5140924903220,188.6674041967740,305.5003539903220,242.3463343032250
10,7/15/2024,736.6449767967740,188.7655674322580,305.5494355967740,242.3299737677410
10,7/22/2024,736.7758611032250,188.8637306677410,305.5985172032250,242.3136132322580
10,7/29/2024,736.9067454096770,188.9618939032250,305.6475988096770,242.2972526967740
10,8/5/2024,736.9625047944700,188.9899405442390,305.6866637617510,242.2859004884790
10,8/12/2024,736.8529893516120,188.8637306774190,305.7036920741930,242.2855666000000
10,8/19/2024,736.7384655806450,188.7328463709670,305.7200526096770,242.2855666000000
10,8/26/2024,736.6239418096770,188.6019620645160,305.7364131451610,242.2855666000000
10,9/2/2024,736.5133245352990,188.4749508643770,305.7528070709210,242.2855666000000
10,9/9/2024,736.4495852199990,188.3944169399990,305.7696016800000,242.2855666000000
10,9/16/2024,736.3988675600000,188.3267933700000,305.7865075900000,242.2855666000000
10,9/23/2024,736.3481499000000,188.2591697999990,305.8034135000000,242.2855666000000
10,9/30/2024,736.2974322399990,188.1915462300000,305.8203194100000,242.2855666000000
10,10/7/2024,736.3317893774190,188.2186579774190,305.8369136774190,242.2762177225800
10,10/14/2024,736.4299526129030,188.3168212129030,305.8532742129030,242.2598571870960
10,10/21/2024,736.5281158483870,188.4149844483870,305.8696347483870,242.2434966516120
10,10/28/2024,736.6262790838700,188.5131476838700,305.8859952838710,242.2271361161290
10,11/4/2024,736.7044090059900,188.5912776059900,305.9024671155140,242.2106642844850
10,11/11/2024,736.7104190000000,188.5972876000000,305.9193396133330,242.1937917866660
10,11/18/2024,736.7104190000000,188.5972876000000,305.9362455000000,242.1768859000000
10,11/25/2024,736.7104190000000,188.5972876000000,305.9531513866660,242.1599800133330
10,12/2/2024,736.7084156677420,188.5962859345620,305.9700238844850,242.1421058486940
10,12/9/2024,736.6823723483870,188.5832642838700,305.9864957161290,242.1126123483870
10,12/16/2024,736.6496512548380,188.5669037483870,306.0028562516120,242.0798912548380
10,12/23/2024,736.6169301612900,188.5505432129030,306.0192167870960,242.0471701612900
10,12/30/2024,736.5842090677410,188.5341826774190,306.0355773225800,242.0144490677410
11,3/1/2021,861.4689055847430,223.6398335546410,354.1976089316650,283.6314630903220
11,3/8/2021,861.3632309838710,223.6122734838700,354.1063231225800,283.6446343612900
11,3/15/2021,861.1923917612900,223.4983806612900,354.0303945741930,283.6636164870960
11,3/22/2021,861.0215525387090,223.3844878387090,353.9544660258060,283.6825986129030
11,3/29/2021,860.8507133161290,223.2705950161290,353.8785374774190,283.7015807387090
11,4/5/2021,860.6901399361750,223.1735536861750,353.8018341479260,283.7147520096770
11,4/12/2021,860.5521514100000,223.1135856400000,353.7234263000000,283.7151394000000
11,4/19/2021,860.4148472733330,223.0547410266660,353.6449668000000,283.7151394000000
11,4/26/2021,860.2775431366660,222.9958964133330,353.5665073000000,283.7151394000000
11,5/3/2021,860.1454300362210,222.9349598895850,353.4976550857140,283.7128150580640
11,5/10/2021,860.0453283258060,222.8611232516120,353.4880478000000,283.6961572741930
11,5/17/2021,859.9504176516130,222.7851947032250,353.4880478000000,283.6771751483870
11,5/24/2021,859.8555069774190,222.7092661548380,353.4880478000000,283.6581930225800
11,5/31/2021,859.7605963032250,222.6333376064510,353.4880478000000,283.6392108967740
11,6/7/2021,859.8768392866660,222.7128818000000,353.4992563066660,283.6647011933330
11,6/14/2021,860.1514475133330,222.9090305499990,353.5188711933330,283.7235458066660
11,6/21/2021,860.4260557400000,223.1051793000000,353.5384860800000,283.7823904200000
11,6/28/2021,860.7006639666660,223.3013280500000,353.5581009666660,283.8412350333330
11,7/5/2021,860.8389107292780,223.3793226813360,353.5775221510290,283.8820659895230
11,7/12/2021,860.6771622709670,223.1973782516120,353.5965171903220,283.8832669000000
11,7/19/2021,860.5063230483870,223.0075568806450,353.6154993161290,283.8832669000000
11,7/26/2021,860.3354838258060,222.8177355096770,353.6344814419350,283.8832669000000
11,8/2/2021,860.1727798055290,222.6314006543770,353.6569500834100,283.8844290723500
11,8/9/2021,860.1076982129030,222.4869039870960,353.7212569129030,283.8995373129030
11,8/16/2021,860.0697339612900,222.3540290387090,353.7971854612900,283.9185194612900
11,8/23/2021,860.0317697096770,222.2211540903220,353.8731140096770,283.9375016096770
11,8/30/2021,859.9938054580640,222.0882791419350,353.9490425580640,283.9564837580640
11,9/6/2021,859.9468924699990,221.9619123499990,354.0008366700000,283.9841434500000
11,9/13/2021,859.8880478333330,221.8442231000000,354.0204515333330,284.0233732000000
11,9/20/2021,859.8292031966660,221.7265338499990,354.0400663966660,284.0626029500000
11,9/27/2021,859.7703585600000,221.6088446000000,354.0596812600000,284.1018327000000
11,10/4/2021,859.6886578853910,221.4919301357140,354.0636713757140,284.1330563785710
11,10/11/2021,859.5246754741930,221.3778049000000,354.0114124000000,284.1354582000000
11,10/18/2021,859.3538362516130,221.2639121000000,353.9544660000000,284.1354582000000
11,10/25/2021,859.1829970290320,221.1500193000000,353.8975196000000,284.1354582000000
11,11/1/2021,859.0144434107220,221.0376502357140,353.8417353714280,284.1350578961900
11,11/8/2021,858.9213147333330,220.9755644500000,353.8243028000000,284.1214475666660
11,11/15/2021,858.8624701200000,220.9363347000000,353.8243028000000,284.1018326800000
11,11/22/2021,858.8036255066660,220.8971049500000,353.8243028000000,284.0822177933330
11,11/29/2021,858.7447808933330,220.8578752000000,353.8243028000000,284.0626029066660
11,12/6/2021,859.0609690451610,221.0469734225800,354.0520884258060,283.9619071870960
11,12/13/2021,859.8772008838710,221.5405089419350,354.5835882193540,283.7531036903220
11,12/20/2021,860.6934327225800,222.0340444612900,355.1150880129030,283.5443001935480
11,12/27/2021,861.5096645612900,222.5275799806450,355.6465878064510,283.3354966967740
11,1/3/2022,862.0069525972350,222.9012239783410,356.0277089059900,283.0780196184330
11,1/10/2022,860.5374205161290,222.5355369258060,355.4814947258060,282.5203887870960
11,1/17/2022,858.7489446322580,222.0499583516120,354.7849018516120,281.9140843741930
11,1/24/2022,856.9604687483870,221.5643797774190,354.0883089774190,281.3077799612900
11,1/31/2022,855.1719928645160,221.0788012032250,353.3917161032250,280.7014755483870
11,2/7/2022,854.3221872000000,220.8468915428570,353.0217625857140,280.4535330857140
11,2/14/2022,854.1763842000000,220.8052335678570,352.8967885857140,280.4743620857140
11,2/21/2022,854.0305811999990,220.7635755928570,352.7718145857140,280.4951910857140
11,2/28/2022,853.8847782000000,220.7219176178570,352.6468405857140,280.5160200857140
11,3/7/2022,853.7577885032250,220.6718128451610,352.5717793967740,280.5141963483870
11,3/14/2022,853.6449087838710,220.6153729741930,352.5341528161290,280.4953830580640
11,3/21/2022,853.5320290645160,220.5589331032250,352.4965262354830,280.4765697677410
11,3/28/2022,853.4191493451610,220.5024932322580,352.4588996548380,280.4577564774190
11,4/4/2022,853.2896320175110,220.4377345594460,352.4210171110590,280.4308803483870
11,4/11/2022,853.1002193000000,220.3430282000000,352.3822131000000,280.3749780000000
11,4/18/2022,852.9058153000000,220.2458262000000,352.3433323000000,280.3166568000000
11,4/25/2022,852.7114113000000,220.1486242000000,352.3044515000000,280.2583356000000
11,5/2/2022,852.5196949142850,220.0481586714280,352.2667993230410,280.2047369198150
11,5/9/2022,852.3602299000000,219.9085308000000,352.2438906225800,280.2078084774190
11,5/16/2022,852.2097236000000,219.7580244999990,352.2250773322580,280.2266217677410
11,5/23/2022,852.0592173000000,219.6075182000000,352.2062640419350,280.2454350580640
11,5/30/2022,851.9087110000000,219.4570119000000,352.1874507516120,280.2642483483870
11,6/6/2022,851.7560546100000,219.3126871000000,352.1767003000000,280.2666672000000
11,6/13/2022,851.6005314333330,219.1766043000000,352.1767003000000,280.2472268000000
11,6/20/2022,851.4450082566660,219.0405215000000,352.1767003000000,280.2277864000000
11,6/27/2022,851.2894850800000,218.9044387000000,352.1767003000000,280.2083460000000
11,7/4/2022,851.1465040921190,218.7692517755760,352.1843791940090,280.1928730285710
11,7/11/2022,851.0486749838710,218.6372900032250,352.2197021064510,280.1916828000000
11,7/18/2022,850.9546085322580,218.5055969935480,352.2573286870960,280.1916828000000
11,7/25/2022,850.8605420806450,218.3739039838700,352.2949552677410,280.1916828000000
11,8/1/2022,850.7676274631330,218.2437467525340,352.3325818483870,280.1912988552990
11,8/8/2022,850.7127233709670,218.1642702064510,352.3702084290320,280.1782447354830
11,8/15/2022,850.6750967903220,218.1078303354830,352.4078350096770,280.1594314451610
11,8/22/2022,850.6374702096770,218.0513904645160,352.4454615903220,280.1406181548380
11,8/29/2022,850.5998436290320,217.9949505935480,352.4830881709670,280.1218048645160
11,9/5/2022,850.5677842465430,217.9379348055290,352.5210986963130,280.1087507447000
11,9/12/2022,850.5479727000000,217.8796520000000,352.5599539000000,280.1083668000000
11,9/19/2022,850.5285322999990,217.8213308000000,352.5988347000000,280.1083668000000
11,9/26/2022,850.5090919000000,217.7630096000000,352.6377155000000,280.1083668000000
11,10/3/2022,850.5104613027650,217.7279554488470,352.6764427221190,280.1060631317970
11,10/10/2022,850.6401578225800,217.8363814322580,352.7142228806450,280.0895535096770
11,10/17/2022,850.7906641451610,217.9680744645160,352.7518494612900,280.0707402193540
11,10/24/2022,850.9411704677420,218.0997674967740,352.7894760419350,280.0519269290320
11,10/31/2022,851.0916767903220,218.2314605290320,352.8271026225800,280.0331136387090
11,11/7/2022,851.2006146866660,218.3323355866660,352.8765547000000,279.9917243999990
11,11/14/2022,851.2783762633330,218.4100971633330,352.9348759000000,279.9334032000000
11,11/21/2022,851.3561378400000,218.4878587400000,352.9931971000000,279.8750819999990
11,11/28/2022,851.4338994166660,218.5656203166660,353.0515182999990,279.8167608000000
11,12/5/2022,851.4705789244390,218.6253364995540,353.0919860714280,279.7532563534560
11,12/12/2022,851.4168778806450,218.6453528161290,353.0931763000000,279.6783487645160
11,12/19/2022,851.3604380322580,218.6641661064510,353.0931763000000,279.6030956258060
11,12/26/2022,851.3039981838700,218.6829793967740,353.0931763000000,279.5278424870960
11,1/2/2023,851.1344712589860,218.6667217041470,353.0469215023040,279.4208280525340
11,1/9/2023,849.6078994161280,218.2296122161290,352.4456091322580,278.9326780677410
11,1/16/2023,847.7043706516130,217.6755994516120,351.6901141032250,278.3386570967740
11,1/23/2023,845.8008418870960,217.1215866870960,350.9346190741930,277.7446361258060
11,1/30/2023,843.8973131225800,216.5675739225800,350.1791240451610,277.1506151548380
11,2/6/2023,842.6858218142850,216.1979549428570,349.6943723535710,276.7934945178570
11,2/13/2023,842.3970471142850,216.0741943428570,349.5706117785710,276.7522409928570
11,2/20/2023,842.1082724142850,215.9504337428570,349.4468512035710,276.7109874678570
11,2/27/2023,841.8194977142850,215.8266731428570,349.3230906285710,276.6697339428570
11,3/6/2023,841.5746380580640,215.7319991354830,349.2204320774190,276.6222068451610
11,3/13/2023,841.3883317935480,215.6761072516120,349.1459095580640,276.5663149838700
11,3/20/2023,841.2020255290320,215.6202153677410,349.0713870387090,276.5104231225800
11,3/27/2023,841.0157192645160,215.5643234838700,348.9968645193540,276.4545312612900
11,4/3/2023,840.8498686691240,215.5199901955760,348.9314672064510,276.3984112670960
11,4/10/2023,840.8101613666660,215.5469349133330,348.9223420000000,276.3408844533330
11,4/17/2023,840.7909097333330,215.5854382266660,348.9223420000000,276.2831295066660
11,4/24/2023,840.7716581000000,215.6239415400000,348.9223420000000,276.2253745600000
11,5/1/2023,840.7550806580640,215.6635601552990,348.9219617834100,276.1695587193540
11,5/8/2023,840.8267515322580,215.7399837354830,348.9090344193540,276.1777333774190
11,5/15/2023,840.9385352774190,215.8331368451610,348.8904038064510,276.2149946258060
11,5/22/2023,841.0503190225800,215.9262899548380,348.8717731935480,276.2522558741930
11,5/29/2023,841.1621027677410,216.0194430645160,348.8531425806450,276.2895171225800
11,6/5/2023,841.2573470847920,216.0899732804140,348.8461085737320,276.3212652306450
11,6/12/2023,841.3162046600000,216.1107331300000,348.8645871000000,276.3408844300000
11,6/19/2023,841.3739596066660,216.1299847866660,348.8838387333330,276.3601360866660
11,6/26/2023,841.4317145533330,216.1492364433330,348.9030903666660,276.3793877433330
11,7/3/2023,841.4938039717050,216.1706933561290,348.9268285612900,276.3962820542850
11,7/10/2023,841.5826226322580,216.2057493483870,348.9782338838710,276.3986394000000
11,7/17/2023,841.6757757645160,216.2430105967740,349.0341257677410,276.3986394000000
11,7/24/2023,841.7689288967740,216.2802718451610,349.0900176516120,276.3986394000000
11,7/31/2023,841.8620820290320,216.3175330935480,349.1459095354830,276.3986394000000
11,8/7/2023,841.9126508645160,216.3228561354830,349.1805092774190,276.4092854645160
11,8/14/2023,841.9312814774190,216.3042255225800,349.1991399129030,276.4279160774190
11,8/21/2023,841.9499120903220,216.2855949096770,349.2177705483870,276.4465466903220
11,8/28/2023,841.9685427032250,216.2669642967740,349.2364011838700,276.4651773032250
11,9/4/2023,841.9597977073730,216.2442780307210,349.2433718345620,276.4721479359440
11,9/11/2023,841.8525005199990,216.2069914133330,349.2083665400000,276.4371426400000
11,9/18/2023,841.7369906499990,216.1684881000000,349.1698632500000,276.3986393500000
11,9/25/2023,841.6214807800000,216.1299847866660,349.1313599599990,276.3601360600000
11,10/2/2023,841.5073396898610,216.0858542651300,349.0952140142850,276.3262714152070
11,10/9/2023,841.4096239580640,215.9741972451610,349.0873562000000,276.3480705129030
11,10/16/2023,841.3164708258060,215.8437828645160,349.0873562000000,276.3853317612900
11,10/23/2023,841.2233176935480,215.7133684838700,349.0873562000000,276.4225930096770
11,10/30/2023,841.1301645612900,215.5829541032250,349.0873562000000,276.4598542580640
11,11/6/2023,841.0521820799990,215.4919301900000,349.0956068999990,276.4646449900000
11,11/13/2023,840.9944271333330,215.4534269000000,349.1148585333330,276.4261416999990
11,11/20/2023,840.9366721866660,215.4149236100000,349.1341101666660,276.3876384100000
11,11/27/2023,840.8789172400000,215.3764203200000,349.1533617999990,276.3491351199990
11,12/4/2023,840.8101360079260,215.3381705078800,349.1610801921650,276.3108853078800
11,12/11/2023,840.7016601483870,215.3008332161290,349.1272789161290,276.2735480161290
11,12/18/2023,840.5898764032250,215.2635719677410,349.0900176677410,276.2362867677410
11,12/25/2023,840.4780926580640,215.2263107193540,349.0527564193540,276.1990255193540
11,1/1/2024,840.3259162741930,215.1770193345620,348.9997827516120,276.1491141884790
11,1/8/2024,838.8407828129030,214.7307334483870,348.4282992451610,275.6817501354830
11,1/15/2024,836.7497597709670,214.1039955161290,347.6211294483870,275.0246348451610
11,1/22/2024,834.6587367290320,213.4772575838700,346.8139596516120,274.3675195548380
11,1/29/2024,832.5677136870960,212.8505196516120,346.0067898548380,273.7104042645160
11,2/5/2024,831.0504242297790,212.3975378562520,345.4105080254090,273.2423784402660
11,2/12/2024,830.7953486586200,212.3268195620680,345.2781797241370,273.1903494413790
11,2/19/2024,830.5785219931030,212.2676850103440,345.1599106206890,273.1509264068960
11,2/26/2024,830.3616953275860,212.2085504586200,345.0416415172410,273.1115033724130
11,3/4/2024,830.1966454535830,212.1727738601770,344.9399825139040,273.0838890809780
11,3/11/2024,830.2179920290320,212.2210858935480,344.8981198709670,273.0987862645160
11,3/18/2024,830.2548716419350,212.2764053129030,344.8612402580640,273.1172260709670
11,3/25/2024,830.2917512548380,212.3317247322580,344.8243606451610,273.1356658774190
11,4/1/2024,830.3286559559140,212.3878595172040,344.7870670774190,273.1537293612900
11,4/8/2024,830.3663885666660,212.4709013666660,344.7361130000000,273.1593742000000
11,4/15/2024,830.4044974999990,212.5661736999990,344.6789496000000,273.1593742000000
11,4/22/2024,830.4426064333330,212.6614460333330,344.6217862000000,273.1593742000000
11,4/29/2024,830.4807153666660,212.7567183666660,344.5646228000000,273.1593742000000
11,5/6/2024,830.4708808032250,212.7874513774190,344.5161524516120,273.1672769741930
11,5/13/2024,830.3971215774190,212.7321319580640,344.4792728387090,273.1857167806450
11,5/20/2024,830.3233623516120,212.6768125387090,344.4423932258060,273.2041565870960
11,5/27/2024,830.2496031258060,212.6214931193540,344.4055136129030,273.2225963935480
11,6/3/2024,830.1802092419350,212.5729475064510,344.3708166709670,273.2364450645160
11,6/10/2024,830.1377349666660,212.5661737000000,344.3495795333330,273.2219817333330
11,6/17/2024,830.0996260333330,212.5661737000000,344.3305250666660,273.2029272666660
11,6/24/2024,830.0615171000000,212.5661737000000,344.3114706000000,273.1838727999990
11,7/1/2024,830.0271964806450,212.5684316354830,344.2939339677410,273.1648308774190
11,7/8/2024,830.1178902225800,212.6452014419350,344.3264858709670,273.1462029096770
11,7/15/2024,830.2654086741930,212.7558402806450,344.3818052903220,273.1277631032250
11,7/22/2024,830.4129271258060,212.8664791193540,344.4371247096770,273.1093232967740
11,7/29/2024,830.5604455774190,212.9771179580640,344.4924441290320,273.0908834903220
11,8/5/2024,830.6232914483870,213.0087290548380,344.5364738709670,273.0780885225800
11,8/12/2024,830.4998576419350,212.8664791193540,344.5556663225800,273.0777122000000
11,8/19/2024,830.3707789967740,212.7189606677410,344.5741061290320,273.0777122000000
11,8/26/2024,830.2417003516120,212.5714422161290,344.5925459354830,273.0777122000000
11,9/2/2024,830.1170246806450,212.4282891064510,344.6110233741930,273.0777122000000
11,9/9/2024,830.0451847000000,212.3375200999990,344.6299524000000,273.0777122000000
11,9/16/2024,829.9880213000000,212.2613022333330,344.6490068666660,273.0777122000000
11,9/23/2024,829.9308579000000,212.1850843666660,344.6680613333330,273.0777122000000
11,9/30/2024,829.8736945000000,212.1088665000000,344.6871158000000,273.0777122000000
11,10/7/2024,829.9124180935480,212.1394238935480,344.7058190322580,273.0671751677410
11,10/14/2024,830.0230569322580,212.2500627322580,344.7242588387090,273.0487353612900
11,10/21/2024,830.1336957709670,212.3607015709670,344.7426986451610,273.0302955548380
11,10/28/2024,830.2443346096770,212.4713404096770,344.7611384516120,273.0118557483870
11,11/4/2024,830.3323940935480,212.5593998935480,344.7797036989240,272.9932905010750
11,11/11/2024,830.3391679000000,212.5661737000000,344.7987205333330,272.9742736666660
11,11/18/2024,830.3391679000000,212.5661737000000,344.8177750000000,272.9552192000000
11,11/25/2024,830.3391679000000,212.5661737000000,344.8368294666660,272.9361647333330
11,12/2/2024,830.3369099645160,212.5650447322580,344.8558463010750,272.9160189311820
11,12/9/2024,830.3075568032250,212.5503681516120,344.8744115483870,272.8827771032250
11,12/16/2024,830.2706771903220,212.5319283451610,344.8928513548380,272.8458974903220
11,12/23/2024,830.2337975774190,212.5134885387090,344.9112911612900,272.8090178774190
11,12/30/2024,830.1969179645160,212.4950487322580,344.9297309677410,272.7721382645160
12,3/1/2021,1479.6034664257700,384.1093634243910,608.3469832433170,487.1471195571420
12,3/8/2021,1479.4219665806400,384.0620280322580,608.1901966161280,487.1697417000000
12,3/15/2021,1479.1285441935400,383.8664130774190,608.0597866387090,487.2023441999990
12,3/22/2021,1478.8351218064500,383.6707981225800,607.9293766612900,487.2349466999990
12,3/29/2021,1478.5416994193500,383.4751831677410,607.7989666838710,487.2675491999990
12,4/5/2021,1478.2659089262600,383.3085112419350,607.6672259995390,487.2901713428570
12,4/12/2021,1478.0289086000000,383.2055139800000,607.5325577600000,487.2908367000000
12,4/19/2021,1477.7930837333300,383.1044462533330,607.3978008066660,487.2908367000000
12,4/26/2021,1477.5572588666600,383.0033785266660,607.2630438533330,487.2908367000000
12,5/3/2021,1477.3303498138200,382.8987178713360,607.1447877514280,487.2868445571420
12,5/10/2021,1477.1584216129000,382.7719008225800,607.1282869000000,487.2582342000000
12,5/17/2021,1476.9954092258000,382.6414908451610,607.1282869000000,487.2256317000000
12,5/24/2021,1476.8323968387000,382.5110808677410,607.1282869000000,487.1930292000000
12,5/31/2021,1476.6693844516100,382.3806708903220,607.1282869000000,487.1604266999990
12,6/7/2021,1476.8690358666600,382.5172908600000,607.1475378866660,487.2042071866660
12,6/14/2021,1477.3406851333300,382.8541832900000,607.1812271133330,487.3052749133330
12,6/21/2021,1477.8123343999900,383.1910757199990,607.2149163400000,487.4063426400000
12,6/28/2021,1478.2839836666600,383.5279681500000,607.2486055666660,487.5074103666660
12,7/5/2021,1478.5214273250300,383.6619266935940,607.2819621219040,487.5775389933330
12,7/12/2021,1478.2436186451600,383.3494306870960,607.3145868000000,487.5796016000000
12,7/19/2021,1477.9501962580600,383.0234057548380,607.3471893000000,487.5796016000000
12,7/26/2021,1477.6567738709600,382.6973808225800,607.3797918000000,487.5796016000000
12,8/2/2021,1477.3773239769500,382.3773441032250,607.4183825129030,487.5815976714280
12,8/9/2021,1477.2655439999900,382.1291659387090,607.5288317806450,487.6075466000000
12,8/16/2021,1477.2003390000000,381.9009484838710,607.6592417580640,487.6401491000000
12,8/23/2021,1477.1351339999900,381.6727310290320,607.7896517354830,487.6727516000000
12,8/30/2021,1477.0699290000000,381.4445135741930,607.9200617129030,487.7053541000000
12,9/6/2021,1476.9893542999900,381.2274741200000,608.0090199400000,487.7528605900000
12,9/13/2021,1476.8882866666600,381.0253386666660,608.0427091666660,487.8202390666660
12,9/20/2021,1476.7872190333300,380.8232032133330,608.0763983933330,487.8876175433330
12,9/27/2021,1476.6861514000000,380.6210677600000,608.1100876200000,487.9549960200000
12,10/4/2021,1476.5458276944700,380.4202630160360,608.1169407846080,488.0086237871420
12,10/11/2021,1476.2641821290300,380.2242488258060,608.0271841258060,488.0127490000000
12,10/18/2021,1475.9707597419300,380.0286338483870,607.9293766483870,488.0127490000000
12,10/25/2021,1475.6773373548300,379.8330188709670,607.8315691709670,488.0127490000000
12,11/1/2021,1475.3878405701900,379.6400209649920,607.7357577645160,488.0120614642850
12,11/8/2021,1475.2278886666600,379.5333864166660,607.7058167000000,487.9886852499990
12,11/15/2021,1475.1268208000000,379.4660079400000,607.7058167000000,487.9549960000000
12,11/22/2021,1475.0257529333300,379.3986294633330,607.7058167000000,487.9213067500000
12,11/29/2021,1474.9246850666600,379.3312509866660,607.7058167000000,487.8876175000000
12,12/6/2021,1475.4677493548300,379.6560339225800,608.0970466225800,487.7146690387090
12,12/13/2021,1476.8696565161200,380.5036987419350,609.0099164419350,487.3560416290320
12,12/20/2021,1478.2715636774100,381.3513635612900,609.9227862612900,486.9974142193540
12,12/27/2021,1479.6734708387000,382.1990283806450,610.8356560806450,486.6387868096770
12,1/3/2022,1480.5740005529900,382.8527751548380,611.5094286953910,486.2117971834100
12,1/10/2022,1478.3827026774100,382.3106939838710,610.7087685483870,485.3632405548380
12,1/17/2022,1475.6900273548300,381.5746947677410,609.6690111967740,484.4463217096770
12,1/24/2022,1472.9973520322500,380.8386955516120,608.6292538451610,483.5294028645160
12,1/31/2022,1470.3046767096700,380.1026963354830,607.5894964935480,482.6124840193540
12,2/7/2022,1469.0074111428500,379.7463361285710,607.0210902857140,482.2399847857140
12,2/14/2022,1468.7567028928500,379.6747051785710,606.8061974357140,482.2758002607140
12,2/21/2022,1468.5059946428500,379.6030742285710,606.5913045857140,482.3116157357140
12,2/28/2022,1468.2552863928500,379.5314432785710,606.3764117357140,482.3474312107140
12,3/7/2022,1468.0369276129000,379.4452880935480,606.2473439870960,482.3442952935480
12,3/14/2022,1467.8428309354800,379.3482397322580,606.1826450645160,482.3119458322580
12,3/21/2022,1467.6487342580600,379.2511913709670,606.1179461419350,482.2795963709670
12,3/28/2022,1467.4546375806400,379.1541430096770,606.0532472193540,482.2472469096770
12,4/4/2022,1467.2319325176600,379.0427904602150,605.9881081728110,482.2010333983100
12,4/11/2022,1466.9062372666600,378.8799428333330,605.9213846800000,482.1049093066660
12,4/18/2022,1466.5719594999900,378.7128039499990,605.8545291500000,482.0046260000000
12,4/25/2022,1466.2376817333300,378.5456650666660,605.7876736200000,481.9043426933330
12,5/2/2022,1465.9080253210400,378.3729145434710,605.7229307064510,481.8121797602150
12,5/9/2022,1465.6338251612900,378.1328243419350,605.6835391903220,481.8174613096770
12,5/16/2022,1465.3750295161200,377.8740286741930,605.6511897290320,481.8498107709670
12,5/23/2022,1465.1162338709600,377.6152330064510,605.6188402677410,481.8821602322580
12,5/30/2022,1464.8574382258000,377.3564373387090,605.5864908064510,481.9145096935480
12,6/6/2022,1464.5949454000000,377.1082707800000,605.5680053999990,481.9186689100000
12,6/13/2022,1464.3275230000000,376.8742763666660,605.5680053999990,481.8852411333330
12,6/20/2022,1464.0601006000000,376.6402819533330,605.5680053999990,481.8518133566660
12,6/27/2022,1463.7926782000000,376.4062875400000,605.5680053999990,481.8183855800000
12,7/4/2022,1463.5468221686600,376.1738335724420,605.5812092617510,481.7917797985710
12,7/11/2022,1463.3786050645100,375.9469252096770,605.6419470258060,481.7897331999990
12,7/18/2022,1463.2168578709600,375.7204789806450,605.7066459483870,481.7897331999990
12,7/25/2022,1463.0551106774100,375.4940327516120,605.7713448709670,481.7897331999990
12,8/1/2022,1462.8953440599000,375.2702272953910,605.8360437930870,481.7890730069120
12,8/8/2022,1462.8009364516100,375.1335673419350,605.9007426999990,481.7666264419350
12,8/15/2022,1462.7362374838700,375.0365189806450,605.9654416000000,481.7342769806450
12,8/22/2022,1462.6715385161200,374.9394706193540,606.0301405000000,481.7019275193540
12,8/29/2022,1462.6068395483800,374.8424222580640,606.0948394000000,481.6695780580640
12,9/5/2022,1462.5517133870900,374.7443836002300,606.1601985000000,481.6471314930870
12,9/12/2022,1462.5176474000000,374.6441662900000,606.2270100400000,481.6464713000000
12,9/19/2022,1462.4842195999900,374.5438829600000,606.2938655933330,481.6464713000000
12,9/26/2022,1462.4507918000000,374.4435996300000,606.3607211466660,481.6464713000000
12,10/3/2022,1462.4531464626700,374.3833239983410,606.4273126227650,481.6425101414740
12,10/10/2022,1462.6761596451600,374.5697625064510,606.4922756225800,481.6141218387090
12,10/17/2022,1462.9349552903200,374.7962087129030,606.5569745451610,481.5817723774190
12,10/24/2022,1463.1937509354800,375.0226549193540,606.6216734677410,481.5494229161290
12,10/31/2022,1463.4525465806400,375.2491011258060,606.6863723903220,481.5170734548380
12,11/7/2022,1463.6398654000000,375.4225558466660,606.7714052600000,481.4459046400000
12,11/14/2022,1463.7735766000000,375.5562669533330,606.8716885900000,481.3456213099990
12,11/21/2022,1463.9072878000000,375.6899780600000,606.9719719200000,481.2453379800000
12,11/28/2022,1464.0409990000000,375.8236891666660,607.0722552500000,481.1450546499990
12,12/5/2022,1464.1040694903200,375.9263711982180,607.1418396014280,481.0358587202300
12,12/12/2022,1464.0117304193500,375.9607892645160,607.1438862000000,480.9070550709670
12,12/19/2022,1463.9146819677400,375.9931387258060,607.1438862000000,480.7776572483870
12,12/26/2022,1463.8176335161200,376.0254881870960,607.1438862000000,480.6482594258060
12,1/2/2023,1463.5578448387000,376.0056701161290,607.0775112691240,480.4746638281100
12,1/9/2023,1461.3451734516100,375.3598416580640,606.2146371677410,479.7706949290320
12,1/16/2023,1458.5900346451600,374.5401214258060,605.1305132967740,478.9194001129030
12,1/23/2023,1455.8348958387000,373.7204011935480,604.0463894258060,478.0681052967740
12,1/30/2023,1453.0797570322500,372.9006809612900,602.9622655548380,477.2168104806450
12,2/6/2023,1451.2922487500000,372.3409223035710,602.2514190928570,476.6999072750000
12,2/13/2023,1450.7949145000000,372.1277790785710,602.0382758428570,476.6288595499990
12,2/20/2023,1450.2975802500000,371.9146358535710,601.8251325928570,476.5578118250000
12,2/27/2023,1449.8002460000000,371.7014926285710,601.6119893428570,476.4867641000000
12,3/6/2023,1449.3785432258000,371.5384429774190,601.4351885000000,476.4049118677410
12,3/13/2023,1449.0576824193500,371.4421847580640,601.3068442000000,476.3086536258060
12,3/20/2023,1448.7368216129000,371.3459265387090,601.1784999000000,476.2123953838700
12,3/27/2023,1448.4159608064500,371.2496683193540,601.0501555999990,476.1161371419350
12,4/3/2023,1448.1303292211900,371.1733165607370,600.9375269285710,476.0194860092160
12,4/10/2023,1448.0619445000000,371.2197213099990,600.9218113000000,475.9204120500000
12,4/17/2023,1448.0287890000000,371.2860325200000,600.9218113000000,475.8209452000000
12,4/24/2023,1447.9956335000000,371.3523437300000,600.9218113000000,475.7214783500000
12,5/1/2023,1447.9670835506900,371.4205757398610,600.9211564820270,475.6253510716580
12,5/8/2023,1448.0905167741900,371.5521941451610,600.8988926709670,475.6394296580640
12,5/15/2023,1448.2830332580600,371.7126245483870,600.8668065903220,475.7036018193540
12,5/22/2023,1448.4755497419300,371.8730549516120,600.8347205096770,475.7677739806450
12,5/29/2023,1448.6680662258000,372.0334853548380,600.8026344290320,475.8319461419350
12,6/5/2023,1448.8320980921600,372.1549540815660,600.7905202965430,475.8866234426260
12,6/12/2023,1448.9334638000000,372.1907071200000,600.8223444500000,475.9204120500000
12,6/19/2023,1449.0329305333300,372.2238627133330,600.8555000666660,475.9535676666660
12,6/26/2023,1449.1323972666600,372.2570183066660,600.8886556833330,475.9867232833330
12,7/3/2023,1449.2393289529900,372.2939718470960,600.9295381520730,476.0158190285710
12,7/10/2023,1449.3922945161200,372.3543460612900,601.0180695419350,476.0198789000000
12,7/17/2023,1449.5527250322500,372.4185182225800,601.1143277838710,476.0198789000000
12,7/24/2023,1449.7131555483800,372.4826903838710,601.2105860258060,476.0198789000000
12,7/31/2023,1449.8735860645100,372.5468625451610,601.3068442677420,476.0198789000000
12,8/7/2023,1449.9606768387000,372.5560299967740,601.3664326903220,476.0382138032250
12,8/14/2023,1449.9927628064500,372.5239439161290,601.3985187483870,476.0702998838710
12,8/21/2023,1450.0248487741900,372.4918578354830,601.4306048064510,476.1023859645160
12,8/28/2023,1450.0569347419300,372.4597717548380,601.4626908645160,476.1344720451610
12,9/4/2023,1450.0418738387000,372.4207009539170,601.4746958474650,476.1464770413210
12,9/11/2023,1449.8570842000000,372.3564851600000,601.4144089600000,476.0861901333330
12,9/18/2023,1449.6581505000000,372.2901739500000,601.3480977500000,476.0198789000000
12,9/25/2023,1449.4592168000000,372.2238627400000,601.2817865400000,475.9535676666660
12,10/2/2023,1449.2626404516100,372.1478602239630,601.2195352000000,475.8952452125960
12,10/9/2023,1449.0943523225800,371.9555620354830,601.2060023000000,475.9327881096770
12,10/16/2023,1448.9339220322500,371.7309594935480,601.2060023000000,475.9969602709670
12,10/23/2023,1448.7734917419300,371.5063569516120,601.2060023000000,476.0611324322580
12,10/30/2023,1448.6130614516100,371.2817544096770,601.2060023000000,476.1253045935480
12,11/6/2023,1448.4787583000000,371.1249909999990,601.2202118500000,476.1335553000000
12,11/13/2023,1448.3792913333300,371.0586797666660,601.2533674666660,476.0672440666660
12,11/20/2023,1448.2798243666600,370.9923685333330,601.2865230833330,476.0009328333330
12,11/27/2023,1448.1803574000000,370.9260573000000,601.3196786999990,475.9346216000000
12,12/4/2023,1448.0619007359400,370.8601826119810,601.3329715048380,475.8687469119810
12,12/11/2023,1447.8750811612900,370.7958794870960,601.2747581870960,475.8044437870960
12,12/18/2023,1447.6825646774100,370.7317073258060,601.2105860258060,475.7402716258060
12,12/25/2023,1447.4900481935400,370.6675351645160,601.1464138645160,475.6760994645160
12,1/1/2024,1447.2349115806400,370.5844194046080,601.0580680539170,475.5924244211980
12,1/8/2024,1444.9133107096700,369.8761648903220,600.1719918161290,474.8651542709670
12,1/15/2024,1441.6524079032200,368.8837563967740,598.9233108387090,473.8453408903220
12,1/22/2024,1438.3915050967700,367.8913479032250,597.6746298612900,472.8255275096770
12,1/29/2024,1435.1306022903200,366.8989394096770,596.4259488838710,471.8057141290320
12,2/5/2024,1432.7535012930200,366.1791202276650,595.4970987788490,471.0772823800410
12,2/12/2024,1432.3207642758600,366.0589975310340,595.2718765931030,470.9898902206890
12,2/19/2024,1431.9469473793100,365.9570474551720,595.0679764655170,470.9219235034480
12,2/26/2024,1431.5731304827500,365.8550973793100,594.8640763379310,470.8539567862060
12,3/4/2024,1431.2885786013000,365.7934172478300,594.6888126103130,470.8063487630700
12,3/11/2024,1431.3253807741900,365.8767089161290,594.6166399225800,470.8320320387090
12,3/18/2024,1431.3889624516100,365.9720815677410,594.5530581548380,470.8638229225800
12,3/25/2024,1431.4525441290300,366.0674542193540,594.4894763870960,470.8956138064510
12,4/1/2024,1431.5161690640500,366.1642325898460,594.4251809464510,470.9267558967740
12,4/8/2024,1431.5812215000000,366.3073996833330,594.3373343000000,470.9364878000000
12,4/15/2024,1431.6469228000000,366.4716525600000,594.2387825600000,470.9364878000000
12,4/22/2024,1431.7126241000000,366.6359054366660,594.1402308200000,470.9364878000000
12,4/29/2024,1431.7783254000000,366.8001583133330,594.0416790800000,470.9364878000000
12,5/6/2024,1431.7613703225800,366.8531431064510,593.9581144806450,470.9501124645160
12,5/13/2024,1431.6342067419300,366.7577704548380,593.8945327354830,470.9819033483870
12,5/20/2024,1431.5070431612900,366.6623978032250,593.8309509903220,471.0136942322580
12,5/27/2024,1431.3798795806400,366.5670251516120,593.7673692451610,471.0454851161290
12,6/3/2024,1431.2602420221100,366.4833307838700,593.7075504998150,471.0693607187090
12,6/10/2024,1431.1870149333300,366.4716525000000,593.6709369199990,471.0444254200000
12,6/17/2024,1431.1213138666600,366.4716525000000,593.6380863400000,471.0115748400000
12,6/24/2024,1431.0556128000000,366.4716525000000,593.6052357600000,470.9787242600000
12,7/1/2024,1430.9964429170500,366.4755452612900,593.5750019801840,470.9458953064510
12,7/8/2024,1431.1528020967700,366.6078991451610,593.6311226064510,470.9137800258060
12,7/15/2024,1431.4071290322500,366.7986444483870,593.7264952354830,470.8819891419350
12,7/22/2024,1431.6614559677400,366.9893897516120,593.8218678645160,470.8501982580640
12,7/29/2024,1431.9157829032200,367.1801350548380,593.9172404935480,470.8184073741930
12,8/5/2024,1432.0241313594400,367.2346337198150,593.9931493230410,470.7963483935480
12,8/12/2024,1431.8113271612900,366.9893897806450,594.0262377935480,470.7956996000000
12,8/19/2024,1431.5887910645100,366.7350627322580,594.0580286774190,470.7956996000000
12,8/26/2024,1431.3662549677400,366.4807356838710,594.0898195612900,470.7956996000000
12,9/2/2024,1431.1513097442300,366.2339346392620,594.1216753245160,470.7956996000000
12,9/9/2024,1431.0274550000000,366.0774456400000,594.1543096400000,470.7956996000000
12,9/16/2024,1430.9289031666600,365.9460433200000,594.1871602200000,470.7956996000000
12,9/23/2024,1430.8303513333300,365.8146410000000,594.2200108000000,470.7956996000000
12,9/30/2024,1430.7317994999900,365.6832386800000,594.2528613799990,470.7956996000000
12,10/7/2024,1430.7985602903200,365.7359207032250,594.2851064193540,470.7775333806450
12,10/14/2024,1430.9893055483800,365.9266659838710,594.3168973032250,470.7457424967740
12,10/21/2024,1431.1800508064500,366.1174112645160,594.3486881870960,470.7139516129030
12,10/28/2024,1431.3707960645100,366.3081565451610,594.3804790709670,470.6821607290320
12,11/4/2024,1431.5226137188900,366.4599742175110,594.4124862193540,470.6501535806450
12,11/11/2024,1431.5342920000000,366.4716525000000,594.4452719200000,470.6173678800000
12,11/18/2024,1431.5342920000000,366.4716525000000,594.4781224999990,470.5845172999990
12,11/25/2024,1431.5342920000000,366.4716525000000,594.5109730800000,470.5516667199990
12,12/2/2024,1431.5303992442300,366.4697061207370,594.5437587806450,470.5169346400920
12,12/9/2024,1431.4797934193500,366.4444031903220,594.5757659290320,470.4596245612900
12,12/16/2024,1431.4162117419300,366.4126123290320,594.6075568129030,470.3960428161290
12,12/23/2024,1431.3526300645100,366.3808214677410,594.6393476967740,470.3324610709670
12,12/30/2024,1431.2890483870900,366.3490306064510,594.6711385806450,470.2688793258060
13,3/1/2021,1777.6472106346200,461.4823864432680,730.8892839836070,585.2755403834100
13,3/8/2021,1777.4291503548300,461.4255160322580,730.7009150548380,585.3027194193540
13,3/15/2021,1777.0766224516100,461.1904973774190,730.5442359516120,585.3418892064510
13,3/22/2021,1776.7240945483800,460.9554787225800,730.3875568483870,585.3810589935480
13,3/29/2021,1776.3715666451600,460.7204600677410,730.2308777451610,585.4202287806450
13,4/5/2021,1776.0402223755700,460.5202145847920,730.0725998827180,585.4474078165890
13,4/12/2021,1775.7554820999900,460.3964700800000,729.9108047500000,585.4482072000000
13,4/19/2021,1775.4721540666600,460.2750437866660,729.7489030333330,585.4482072000000
13,4/26/2021,1775.1888260333300,460.1536174933330,729.5870013166660,585.4482072000000
13,5/3/2021,1774.9162097262600,460.0278745321650,729.4449242999990,585.4434108995390
13,5/10/2021,1774.7096490645100,459.8755121193540,729.4250996000000,585.4090374129030
13,5/17/2021,1774.5138001290300,459.7188330387090,729.4250996000000,585.3698676258060
13,5/24/2021,1774.3179511935400,459.5621539580640,729.4250996000000,585.3306978387090
13,5/31/2021,1774.1221022580600,459.4054748774190,729.4250996000000,585.2915280516120
13,6/7/2021,1774.3619704666600,459.5696148733330,729.4482284133330,585.3441274533330
13,6/14/2021,1774.9286265333300,459.9743691766660,729.4887038366660,585.4655537466660
13,6/21/2021,1775.4952826000000,460.3791234800000,729.5291792600000,585.5869800400000
13,6/28/2021,1776.0619386666600,460.7838777833330,729.5696546833330,585.7084063333330
13,7/5/2021,1776.3472118854000,460.9448202449610,729.6097304221040,585.7926613123810
13,7/12/2021,1776.0134428387000,460.5693766548380,729.6489268548380,585.7951394000000
13,7/19/2021,1775.6609149354800,460.1776789419350,729.6880966419350,585.7951394000000
13,7/26/2021,1775.3083870322500,459.7859812290320,729.7272664290320,585.7951394000000
13,8/2/2021,1774.9726461751100,459.4014779626720,729.7736306626720,585.7975375502300
13,8/9/2021,1774.8383498709600,459.1033080548380,729.9063282548380,585.8287135032250
13,8/16/2021,1774.7600103870900,458.8291196354830,730.0630073354830,585.8678832903220
13,8/23/2021,1774.6816709032200,458.5549312161290,730.2196864161290,585.9070530774190
13,8/30/2021,1774.6033314193500,458.2807427967740,730.3763654967740,585.9462228645160
13,9/6/2021,1774.5065261000000,458.0199840200000,730.4832430099990,586.0032988200000
13,9/13/2021,1774.3850996666600,457.7771314333330,730.5237184333330,586.0842496666660
13,9/20/2021,1774.2636732333300,457.5342788466660,730.5641938566660,586.1652005133330
13,9/27/2021,1774.1422467999900,457.2914262600000,730.6046692799990,586.2461513600000
13,10/4/2021,1773.9736568013800,457.0501724395390,730.6129029197690,586.3105816257140
13,10/11/2021,1773.6352779677400,456.8146741774190,730.5050661387090,586.3155378000000
13,10/18/2021,1773.2827500645100,456.5796555451610,730.3875568225800,586.3155378000000
13,10/25/2021,1772.9302221612900,456.3446369129030,730.2700475064510,586.3155378000000
13,11/1/2021,1772.5824106193500,456.1127625206910,730.1549363396310,586.3147117709520
13,11/8/2021,1772.3902390000000,455.9846480500000,730.1189641000000,586.2866267833330
13,11/15/2021,1772.2688127999900,455.9036971800000,730.1189641000000,586.2461513600000
13,11/22/2021,1772.1473866000000,455.8227463100000,730.1189641000000,586.2056759366660
13,11/29/2021,1772.0259604000000,455.7417954400000,730.1189641000000,586.1652005133330
13,12/6/2021,1772.6784169677400,456.1320009870960,730.5890013709670,585.9574142000000
13,12/13/2021,1774.3627172258000,457.1504150903220,731.6857550032250,585.5265466999990
13,12/20/2021,1776.0470174838700,458.1688291935480,732.7825086354830,585.0956792000000
13,12/27/2021,1777.7313177419300,459.1872432967740,733.8792622677420,584.6648117000000
13,1/3/2022,1778.8684268202700,459.9869422755760,734.7115604612900,584.1699235861750
13,1/10/2022,1776.6311902903200,459.4378979870960,733.9130501161290,583.2802416870960
13,1/17/2022,1773.8467625806400,458.6701385741930,732.8500843322580,582.3265391741930
13,1/24/2022,1771.0623348709600,457.9023791612900,731.7871185483870,581.3728366612900
13,1/31/2022,1768.2779071612900,457.1346197483870,730.7241527645160,580.4191341483870
13,2/7/2022,1766.9122664285700,456.7563473000000,730.1208979142850,580.0350208428570
13,2/14/2022,1766.6107159285700,456.6701900750000,729.8624262642850,580.0780994428570
13,2/21/2022,1766.3091654285700,456.5840328499990,729.6039546142850,580.1211780428570
13,2/28/2022,1766.0076149285700,456.4978756249990,729.3454829642850,580.1642566428570
13,3/7/2022,1765.7449743548300,456.3942487387090,729.1902411548380,580.1604847838710
13,3/14/2022,1765.5115162258000,456.2775196064510,729.1124217258060,580.1215750806450
13,3/21/2022,1765.2780580967700,456.1607904741930,729.0346022967740,580.0826653774190
13,3/28/2022,1765.0445999677400,456.0440613419350,728.9567828677410,580.0437556741930
13,4/4/2022,1764.7767318310200,455.9101272339470,728.8784340548380,579.9881703791090
13,4/11/2022,1764.3849876666600,455.7142552133330,728.7981794600000,579.8725529533330
13,4/18/2022,1763.9829205000000,455.5132217000000,728.7177660500000,579.7519328500000
13,4/25/2022,1763.5808533333300,455.3121881866660,728.6373526400000,579.6313127466660
13,5/2/2022,1763.1843447127400,455.1044050296460,728.5594802732710,579.5204597743470
13,5/9/2022,1762.8545386451600,454.8156261483870,728.5121004258060,579.5268123741930
13,5/16/2022,1762.5432610645100,454.5043484548380,728.4731907225800,579.5657220774190
13,5/23/2022,1762.2319834838700,454.1930707612900,728.4342810193540,579.6046317806450
13,5/30/2022,1761.9207059032200,453.8817930677410,728.3953713161290,579.6435414838700
13,6/6/2022,1761.6049814000000,453.5832999900000,728.3731372000000,579.6485441599990
13,6/13/2022,1761.2833276666600,453.3018530666660,728.3731372000000,579.6083374666660
13,6/20/2022,1760.9616739333300,453.0204061433330,728.3731372000000,579.5681307733330
13,6/27/2022,1760.6400202000000,452.7389592200000,728.3731372000000,579.5279240799990
13,7/4/2022,1760.3443063069100,452.4593651401380,728.3890187161280,579.4959228342850
13,7/11/2022,1760.1419758387000,452.1864412967740,728.4620736903220,579.4934612000000
13,7/18/2022,1759.9474273225800,451.9140733064510,728.5398931193540,579.4934612000000
13,7/25/2022,1759.7528788064500,451.6417053161290,728.6177125483870,579.4934612000000
13,8/1/2022,1759.5607125161200,451.3725136290320,728.6955319774190,579.4926671239630
13,8/8/2022,1759.4471596774100,451.2081399483870,728.7733514064510,579.4656685387090
13,8/15/2022,1759.3693402258000,451.0914108161290,728.8511708354830,579.4267588129030
13,8/22/2022,1759.2915207741900,450.9746816838710,728.9289902645160,579.3878490870960
13,8/29/2022,1759.2137013225800,450.8579525516120,729.0068096935480,579.3489393612900
13,9/5/2022,1759.1473960092100,450.7400323057600,729.0854231912440,579.3219407760360
13,9/12/2022,1759.1064218000000,450.6194916099990,729.1657836400000,579.3211467000000
13,9/19/2022,1759.0662152000000,450.4988715066660,729.2461970266660,579.3211467000000
13,9/26/2022,1759.0260086000000,450.3782514033330,729.3266104133330,579.3211467000000
13,10/3/2022,1759.0288408792600,450.3057522910590,729.4067061725340,579.3163822465430
13,10/10/2022,1759.2970795806400,450.5299992903220,729.4848432290320,579.2822369967740
13,10/17/2022,1759.6083571612900,450.8023672806450,729.5626626580640,579.2433272935480
13,10/24/2022,1759.9196347419300,451.0747352709670,729.6404820870960,579.2044175903220
13,10/31/2022,1760.2309123225800,451.3471032612900,729.7183015161290,579.1655078870960
13,11/7/2022,1760.4562180666600,451.5557334266660,729.8205784733330,579.0799065266660
13,11/14/2022,1760.6170449333300,451.7165602233330,729.9411985766660,578.9592864233330
13,11/21/2022,1760.7778717999900,451.8773870199990,730.0618186800000,578.8386663200000
13,11/28/2022,1760.9386986666600,452.0382138166660,730.1824387833330,578.7180462166660
13,12/5/2022,1761.0145594319500,452.1617190610290,730.2661343652380,578.5867060863740
13,12/12/2022,1760.9034947741900,452.2031168903220,730.2685960000000,578.4317818967740
13,12/19/2022,1760.7867657096700,452.2420266161290,730.2685960000000,578.2761430387090
13,12/26/2022,1760.6700366451600,452.2809363419350,730.2685960000000,578.1205041806450
13,1/2/2023,1760.3651082073700,452.2590348442390,730.1918910612900,577.9141821115200
13,1/9/2023,1757.8017872903200,451.5073986645160,729.1947268580640,577.0996615096770
13,1/16/2023,1754.6111351290300,450.5530584064510,727.9418795258060,576.1161968709670
13,1/23/2023,1751.4204829677400,449.5987181483870,726.6890321935480,575.1327322322580
13,1/30/2023,1748.2298308064500,448.6443778903220,725.4361848612900,574.1492675935480
13,2/6/2023,1746.1501536071400,447.9891345821420,724.6103660821420,573.5506524642850
13,2/13/2023,1745.5517763571400,447.7326872071420,724.3539187071420,573.4651700142850
13,2/20/2023,1744.9533991071400,447.4762398321420,724.0974713321420,573.3796875642850
13,2/27/2023,1744.3550218571400,447.2197924571420,723.8410239571420,573.2942051142850
13,3/6/2023,1743.8476420967700,447.0236161290320,723.6283026387090,573.1957230193540
13,3/13/2023,1743.4615923225800,446.9078011967740,723.4738827290320,573.0799080645160
13,3/20/2023,1743.0755425483800,446.7919862645160,723.3194628193540,572.9640931096770
13,3/27/2023,1742.6894927741900,446.6761713322580,723.1650429096770,572.8482781548380
13,4/3/2023,1742.3458296866300,446.5843072431330,723.0295315603680,572.7319904887550
13,4/10/2023,1742.2635511666600,446.6401400199990,723.0106230000000,572.6127877700000
13,4/17/2023,1742.2236593333300,446.7199236400000,723.0106230000000,572.4931123400000
13,4/24/2023,1742.1837675000000,446.7997072600000,723.0106230000000,572.3734369100000
13,5/1/2023,1742.1494169239600,446.8818019267280,723.0098351433180,572.2577795490780
13,5/8/2023,1742.2979278387000,447.0401611354830,722.9830480161290,572.2747184677420
13,5/15/2023,1742.5295576129000,447.2331860451610,722.9444430387090,572.3519284225800
13,5/22/2023,1742.7611873870900,447.4262109548380,722.9058380612900,572.4291383774190
13,5/29/2023,1742.9928171612900,447.6192358645160,722.8672330838700,572.5063483322580
13,6/5/2023,1743.1901752188900,447.7653832947000,722.8526577352530,572.5721343652070
13,6/12/2023,1743.3121355000000,447.8084002700000,722.8909475700000,572.6127877700000
13,6/19/2023,1743.4318110000000,447.8482920800000,722.9308393800000,572.6526795800000
13,6/26/2023,1743.5514865000000,447.8881838900000,722.9707311900000,572.6925713900000
13,7/3/2023,1743.6801435714200,447.9326452687550,723.0199197088480,572.7275784885710
13,7/10/2023,1743.8641870000000,448.0052856548380,723.1264379322580,572.7324632000000
13,7/17/2023,1744.0572120000000,448.0824956096770,723.2422528645160,572.7324632000000
13,7/24/2023,1744.2502370000000,448.1597055645160,723.3580677967740,572.7324632000000
13,7/31/2023,1744.4432620000000,448.2369155193540,723.4738827290320,572.7324632000000
13,8/7/2023,1744.5480468709600,448.2479455129030,723.5455776870960,572.7545231870960
13,8/14/2023,1744.5866516451600,448.2093405354830,723.5841826645160,572.7931281645160
13,8/21/2023,1744.6252564193500,448.1707355580640,723.6227876419350,572.8317331419350
13,8/28/2023,1744.6638611935400,448.1321305806450,723.6613926193540,572.8703381193540
13,9/4/2023,1744.6457403471500,448.0851217986170,723.6758366585250,572.8847821585250
13,9/11/2023,1744.4234072666600,448.0078593200000,723.6033013200000,572.8122468200000
13,9/18/2023,1744.1840565000000,447.9280757000000,723.5235177000000,572.7324632000000
13,9/25/2023,1743.9447057333300,447.8482920800000,723.4437340800000,572.6526795800000
13,10/2/2023,1743.7081912380900,447.7568481797230,723.3688351714280,572.5825078115200
13,10/9/2023,1743.5057120000000,447.5254809161290,723.3525528000000,572.6276782612900
13,10/16/2023,1743.3126869999900,447.2552460516120,723.3525528000000,572.7048882161290
13,10/23/2023,1743.1196619999900,446.9850111870960,723.3525528000000,572.7820981709670
13,10/30/2023,1742.9266370000000,446.7147763225800,723.3525528000000,572.8593081258060
13,11/6/2023,1742.7650476000000,446.5261634200000,723.3696492900000,572.8692351200000
13,11/13/2023,1742.6453723333300,446.4463798000000,723.4095411000000,572.7894515000000
13,11/20/2023,1742.5256970666600,446.3665961800000,723.4494329099990,572.7096678800000
13,11/27/2023,1742.4060218000000,446.2868125600000,723.4893247199990,572.6298842600000
13,12/4/2023,1742.2634986285700,446.2075541731790,723.5053182106450,572.5506258777880
13,12/11/2023,1742.0387230000000,446.1301866258060,723.4352777516130,572.4732583516120
13,12/18/2023,1741.8070930000000,446.0529766483870,723.3580677967740,572.3960483967740
13,12/25/2023,1741.5754630000000,445.9757666709670,723.2808578419350,572.3188384419350
13,1/1/2024,1741.2755972165900,445.8775806760360,723.1775168009210,572.2204998064510
13,1/8/2024,1738.7239505806400,445.0871861032250,722.2118499161280,571.4249147096770
13,1/15/2024,1735.1487671935400,443.9821512677410,720.8542167387090,570.3123994032250
13,1/22/2024,1731.5735838064500,442.8771164322580,719.4965835612900,569.1998840967740
13,1/29/2024,1727.9984004193500,441.7720815967740,718.1389503838700,568.0873687903220
13,2/5/2024,1725.3798545962100,440.9677391894640,717.1217521084060,567.2903636969640
13,2/12/2024,1724.8659114137900,440.8249201241370,716.8535106172410,567.1874810724130
13,2/19/2024,1724.4157440689600,440.7021472206890,716.6079647862060,567.1056324620680
13,2/26/2024,1723.9655767241300,440.5793743172410,716.3624189551720,567.0237838517240
13,3/4/2024,1723.6229063950400,440.5050963065310,716.1513583845860,566.9664521085330
13,3/11/2024,1723.6672253225800,440.6053999096770,716.0644447516130,566.9973810870960
13,3/18/2024,1723.7437933548300,440.7202519806450,715.9878766967740,567.0356651258060
13,3/25/2024,1723.8203613870900,440.8351040516130,715.9113086419350,567.0739491645160
13,4/1/2024,1723.8969815112100,440.9516489541930,715.8338811495080,567.1114518963130
13,4/8/2024,1723.9753206666600,441.1240573000000,715.7280922166660,567.1231715000000
13,4/15/2024,1724.0544412000000,441.3218581200000,715.6094117200000,567.1231715000000
13,4/22/2024,1724.1335617333300,441.5196589400000,715.4907312233330,567.1231715000000
13,4/29/2024,1724.2126822666600,441.7174597600000,715.3720507266660,567.1231715000000
13,5/6/2024,1724.1922641612900,441.7812664741930,715.2714184193540,567.1395789354830
13,5/13/2024,1724.0391278709600,441.6664143806450,715.1948503645160,567.1778629516130
13,5/20/2024,1723.8859915806400,441.5515622870960,715.1182823096770,567.2161469677420
13,5/27/2024,1723.7328552903200,441.4367101935480,715.0417142548380,567.2544309838710
13,6/3/2024,1723.5887821824800,441.3359216216590,714.9696777801840,567.2831830612900
13,6/10/2024,1723.5005987000000,441.3218581000000,714.9255860500000,567.2531548500000
13,6/17/2024,1723.4214784000000,441.3218581000000,714.8860259000000,567.2135947000000
13,6/24/2024,1723.3423581000000,441.3218581000000,714.8464657500000,567.1740345500000
13,7/1/2024,1723.2711029562200,441.3265459400920,714.8100568698150,567.1345004430870
13,7/8/2024,1723.4593979677400,441.4859325032250,714.8776398935480,567.0958257580640
13,7/15/2024,1723.7656703225800,441.7156366677410,714.9924919645160,567.0575417193540
13,7/22/2024,1724.0719426774100,441.9453408322580,715.1073440354830,567.0192576806450
13,7/29/2024,1724.3782150322500,442.1750449967740,715.2221961064510,566.9809736419350
13,8/5/2024,1724.5086933317900,442.2406747580640,715.3136089838710,566.9544092069120
13,8/12/2024,1724.2524247096700,441.9453408322580,715.3534556354830,566.9536279000000
13,8/19/2024,1723.9844364838700,441.6390686129030,715.3917396741930,566.9536279000000
13,8/26/2024,1723.7164482580600,441.3327963935480,715.4300237129030,566.9536279000000
13,9/2/2024,1723.4576013175100,441.0355873317050,715.4683858808750,566.9536279000000
13,9/9/2024,1723.3084498000000,440.8471361600000,715.5076856000000,566.9536279000000
13,9/16/2024,1723.1897692333300,440.6888955133330,715.5472457500000,566.9536279000000
13,9/23/2024,1723.0710886666600,440.5306548666660,715.5868059000000,566.9536279000000
13,9/30/2024,1722.9524081000000,440.3724142200000,715.6263660500000,566.9536279000000
13,10/7/2024,1723.0328044838700,440.4358563225800,715.6651969935480,566.9317513193540
13,10/14/2024,1723.2625085806400,440.6655604870960,715.7034810322580,566.8934673032250
13,10/21/2024,1723.4922126774100,440.8952646516120,715.7417650709670,566.8551832870960
13,10/28/2024,1723.7219167741900,441.1249688161290,715.7800491096770,566.8168992709670
13,11/4/2024,1723.9047424838700,441.3077945797230,715.8185935792620,566.7783548145930
13,11/11/2024,1723.9188060000000,441.3218581000000,715.8580756000000,566.7388727733330
13,11/18/2024,1723.9188060000000,441.3218581000000,715.8976357500000,566.6993126000000
13,11/25/2024,1723.9188060000000,441.3218581000000,715.9371959000000,566.6597524266660
13,12/2/2024,1723.9141181612900,441.3195141806450,715.9766779207370,566.6179264646690
13,12/9/2024,1723.8531762580600,441.2890432290320,716.0152223903220,566.5489110387090
13,12/16/2024,1723.7766082258000,441.2507592129030,716.0535064290320,566.4723429838700
13,12/23/2024,1723.7000401935400,441.2124751967740,716.0917904677410,566.3957749290320
13,12/30/2024,1723.6234721612900,441.1741911806450,716.1300745064510,566.3192068741930
14,3/1/2021,836.9721594123430,217.2804069908490,344.1256389549530,275.5661134746540
14,3/8/2021,836.8694897677420,217.2536306225800,344.0369489483870,275.5789102129030
14,3/15/2021,836.7035085225800,217.1429764741930,343.9631795161290,275.5973525709670
14,3/22/2021,836.5375272774190,217.0323223258060,343.8894100838710,275.6157949290320
14,3/29/2021,836.3715460322580,216.9216681774190,343.8156406516120,275.6342372870960
14,4/5/2021,836.2155387223500,216.8273863264970,343.7411184700460,275.6470340253450
14,4/12/2021,836.0814740699990,216.7691235299990,343.6649402399990,275.6474104000000
14,4/19/2021,835.9480743466660,216.7119522200000,343.5887118266660,275.6474104000000
14,4/26/2021,835.8146746233330,216.6547809100000,343.5124834133330,275.6474104000000
14,5/3/2021,835.6863183203680,216.5955771741010,343.4455890914280,275.6451521520730
14,5/10/2021,835.5890631096770,216.5238401451610,343.4362550000000,275.6289680419350
14,5/17/2021,835.4968513193540,216.4500706903220,343.4362550000000,275.6105256838700
14,5/24/2021,835.4046395290320,216.3763012354830,343.4362550000000,275.5920833258060
14,5/31/2021,835.3124277387090,216.3025317806450,343.4362550000000,275.5736409677410
14,6/7/2021,835.4253652400000,216.3798140466660,343.4471447733330,275.5984064200000
14,6/14/2021,835.6921647100000,216.5703851033330,343.4662018766660,275.6555777300000
14,6/21/2021,835.9589641800000,216.7609561600000,343.4852589799990,275.7127490400000
14,6/28/2021,836.2257636500000,216.9515272166660,343.5043160833330,275.7699203500000
14,7/5/2021,836.3600792276030,217.0273039896920,343.5231849993390,275.8095902385710
14,7/12/2021,836.2029302419350,216.8505333387090,343.5416399032250,275.8107570000000
14,7/19/2021,836.0369489967740,216.6661097354830,343.5600822612900,275.8107570000000
14,7/26/2021,835.8709677516120,216.4816861322580,343.5785246193540,275.8107570000000
14,8/2/2021,835.7128903755760,216.3006499023040,343.6003543493080,275.8118861239630
14,8/9/2021,835.6496594290320,216.1602621516120,343.6628325419350,275.8265647354830
14,8/16/2021,835.6127747129030,216.0311656451610,343.7366019741930,275.8450070935480
14,8/23/2021,835.5758899967740,215.9020691387090,343.8103714064510,275.8634494516120
14,8/30/2021,835.5390052806450,215.7729726322580,343.8841408387090,275.8818918096770
14,9/6/2021,835.4934263100000,215.6501992100000,343.9344621300000,275.9087649600000
14,9/13/2021,835.4362550000000,215.5358565666660,343.9535192333330,275.9468791666660
14,9/20/2021,835.3790836900000,215.4215139233330,343.9725763366660,275.9849933733330
14,9/27/2021,835.3219123800000,215.3071712799990,343.9916334400000,276.0231075800000
14,10/4/2021,835.2425349607830,215.1935813907370,343.9955100989400,276.0534433771420
14,10/11/2021,835.0832155483870,215.0827014161290,343.9447371580640,276.0557769000000
14,10/18/2021,834.9172343032250,214.9720472677410,343.8894100838710,276.0557769000000
14,10/25/2021,834.7512530580640,214.8613931193540,343.8340830096770,276.0557769000000
14,11/1/2021,834.5874924238240,214.7522193779410,343.7798850594460,276.0553879795230
14,11/8/2021,834.4970119500000,214.6918990666660,343.7629481999990,276.0421646833330
14,11/15/2021,834.4398406399990,214.6537848600000,343.7629481999990,276.0231075800000
14,11/22/2021,834.3826693300000,214.6156706533330,343.7629481999990,276.0040504766660
14,11/29/2021,834.3254980199990,214.5775564466660,343.7629481999990,275.9849933733330
14,12/6/2021,834.6326950419350,214.7612774806450,343.9842565161290,275.8871610451610
14,12/13/2021,835.4257165064510,215.2407788354830,344.5006425870960,275.6842950838700
14,12/20/2021,836.2187379709670,215.7202801903220,345.0170286580640,275.4814291225800
14,12/27/2021,837.0117594354830,216.1997815451610,345.5334147290320,275.2785631612900
14,1/3/2022,837.6220341857140,216.5956641184330,345.9562352571420,275.0701348101380
14,1/10/2022,837.1053708645160,216.4758975387090,345.8020682709670,274.8274050548380
14,1/17/2022,836.4059608290320,216.2725121774190,345.5543357419350,274.5791129096770
14,1/24/2022,835.7065507935480,216.0691268161290,345.3066032129030,274.3308207645160
14,1/31/2022,835.0071407580640,215.8657414548380,345.0588706838710,274.0825286193540
14,2/7/2022,834.6259984428570,215.7553205428570,344.8829323142850,273.9877455714280
14,2/14/2022,834.4835569178570,215.7146229678570,344.7608395642850,274.0080943464280
14,2/21/2022,834.3411153928570,215.6739253928570,344.6387468142850,274.0284431214280
14,2/28/2022,834.1986738678570,215.6332278178570,344.5166540642850,274.0487918964280
14,3/7/2022,834.0746118870960,215.5842781935480,344.4433234000000,274.0470102064510
14,3/14/2022,833.9643345645160,215.5291395322580,344.4065643000000,274.0286306677410
14,3/21/2022,833.8540572419350,215.4740008709670,344.3698052000000,274.0102511290320
14,3/28/2022,833.7437799193540,215.4188622096770,344.3330461000000,273.9918715903220
14,4/4/2022,833.6172485728110,215.3555965364050,344.2960369333330,273.9656150969270
14,4/11/2022,833.4322027400000,215.2630736200000,344.2581275266660,273.9110015666660
14,4/18/2022,833.2422807000000,215.1681126000000,344.2201431000000,273.8540249500000
14,4/25/2022,833.0523586600000,215.0731515800000,344.1821586733330,273.7970483333330
14,5/2/2022,832.8650622700460,214.9750022700460,344.1453745459290,273.7446853602150
14,5/9/2022,832.7092736806450,214.8385934806450,344.1229940096770,273.7476861096770
14,5/16/2022,832.5622372580640,214.6915570580640,344.1046144709670,273.7660656709670
14,5/23/2022,832.4152008354830,214.5445206354830,344.0862349322580,273.7844452322580
14,5/30/2022,832.2681644129030,214.3974842129030,344.0678553935480,273.8028247935480
14,6/6/2022,832.1190274600000,214.2564867900000,344.0573528000000,273.8051878800000
14,6/13/2022,831.9670898000000,214.1235413666660,344.0573528000000,273.7861956666660
14,6/20/2022,831.8151521399990,213.9905959433330,344.0573528000000,273.7672034533330
14,6/27/2022,831.6632144800000,213.8576505200000,344.0573528000000,273.7482112400000
14,7/4/2022,831.5235298605530,213.7255803088010,344.0648546571420,273.7330949885710
14,7/11/2022,831.4279561870960,213.5966608612900,344.0993631999990,273.7319322000000
14,7/18/2022,831.3360584258060,213.4680039774190,344.1361222999990,273.7319322000000
14,7/25/2022,831.2441606645160,213.3393470935480,344.1728814000000,273.7319322000000
14,8/1/2022,831.1533881820270,213.2121905820270,344.2096404999990,273.7315571069120
14,8/8/2022,831.0997499000000,213.1345463580640,344.2463995999990,273.7188039419350
14,8/15/2022,831.0629908000000,213.0794077193540,344.2831587000000,273.7004243806450
14,8/22/2022,831.0262316999990,213.0242690806450,344.3199178000000,273.6820448193540
14,8/29/2022,830.9894726000000,212.9691304419350,344.3566769000000,273.6636652580640
14,9/5/2022,830.9581523428570,212.9134291569120,344.3938111000000,273.6509120930870
14,9/12/2022,830.9387975399990,212.8564900500000,344.4317705200000,273.6505370000000
14,9/19/2022,830.9198053266660,212.7995134333330,344.4697549466660,273.6505370000000
14,9/26/2022,830.9008131133330,212.7425368166660,344.5077393733330,273.6505370000000
14,10/3/2022,830.9021509370500,212.7082908299530,344.5455737600000,273.6482864442390
14,10/10/2022,831.0288573225800,212.8142170612900,344.5824829000000,273.6321574612900
14,10/17/2022,831.1758937451610,212.9428739225800,344.6192420000000,273.6137779225800
14,10/24/2022,831.3229301677410,213.0715307838700,344.6560011000000,273.5953983838700
14,10/31/2022,831.4699665903220,213.2001876451610,344.6927602000000,273.5770188451610
14,11/7/2022,831.5763929600000,213.2987370599990,344.7410721666660,273.5365838333330
14,11/14/2022,831.6523617900000,213.3747058900000,344.7980487833330,273.4796072166660
14,11/21/2022,831.7283306200000,213.4506747200000,344.8550254000000,273.4226306000000
14,11/28/2022,831.8042994500000,213.5266435500000,344.9120020166660,273.3656539833330
14,12/5/2022,831.8401333336860,213.5849830051150,344.9515368119040,273.3036136097540
14,12/12/2022,831.7876703354830,213.6045378354830,344.9526996000000,273.2304329709670
14,12/19/2022,831.7325316741930,213.6229173741930,344.9526996000000,273.1569147483870
14,12/26/2022,831.6773930129030,213.6412969129030,344.9526996000000,273.0833965258060
14,1/2/2023,831.5646295442390,213.6389757589860,344.9294448870960,272.9962089041470
14,1/9/2023,830.7603683870960,213.3882462935480,344.6271336193540,272.7449884935480
14,1/16/2023,829.7640245387090,213.0685145193540,344.2473066419350,272.4482034193540
14,1/23/2023,828.7676806903220,212.7487827451610,343.8674796645160,272.1514183451610
14,1/30/2023,827.7713368419350,212.4290509709670,343.4876526870960,271.8546332709670
14,2/6/2023,827.0805287857140,212.1942890750000,343.2185506750000,271.6676891250000
14,2/13/2023,826.7971017857140,212.0728203500000,343.0970819500000,271.6271995500000
14,2/20/2023,826.5136747857140,211.9513516250000,342.9756132250000,271.5867099749990
14,2/27/2023,826.2302477857140,211.8298829000000,342.8541445000000,271.5462204000000
14,3/6/2023,825.9899225806450,211.7369621290320,342.7533870322580,271.4995734193540
14,3/13/2023,825.8070664354830,211.6821052967740,342.6802445741930,271.4447165645160
14,3/20/2023,825.6242102903220,211.6272484645160,342.6071021161290,271.3898597096770
14,3/27/2023,825.4413541451610,211.5723916322580,342.5339596580640,271.3350028548380
14,4/3/2023,825.2785748569580,211.5288793431330,342.4697734193540,271.2799220973270
14,4/10/2023,825.2396028533330,211.5553250699990,342.4608172000000,271.2234606066660
14,4/17/2023,825.2207077066660,211.5931153400000,342.4608172000000,271.1667752133330
14,4/24/2023,825.2018125600000,211.6309056099990,342.4608172000000,271.1100898200000
14,5/1/2023,825.1855420834100,211.6697905288010,342.4604440239630,271.0553076230410
14,5/8/2023,825.2558857193550,211.7447988580640,342.4477560387090,271.0633309064510
14,5/15/2023,825.3655994064510,211.8362269193540,342.4294704129030,271.0999021354830
14,5/22/2023,825.4753130935480,211.9276549806450,342.4111847870960,271.1364733645160
14,5/29/2023,825.5850267806450,212.0190830419350,342.3928991612900,271.1730445935480
14,6/5/2023,825.6785073237320,212.0883071426260,342.3859954046080,271.2042047698150
14,6/12/2023,825.7362749499990,212.1086825299990,342.4041317600000,271.2234606300000
14,6/19/2023,825.7929603666660,212.1275776533330,342.4230269066660,271.2423557533330
14,6/26/2023,825.8496457833330,212.1464727766660,342.4419220533330,271.2612508766660
14,7/3/2023,825.9105854013820,212.1675323211060,342.4652206717050,271.2778323114280
14,7/10/2023,825.9977592612900,212.2019391290320,342.5156740322580,271.2801460000000
14,7/17/2023,826.0891873225800,212.2385103580640,342.5705308645160,271.2801460000000
14,7/24/2023,826.1806153838700,212.2750815870960,342.6253876967740,271.2801460000000
14,7/31/2023,826.2720434451610,212.3116528161290,342.6802445290320,271.2801460000000
14,8/7/2023,826.3216758290320,212.3168772838700,342.7142035290320,271.2905949290320
14,8/14/2023,826.3399614548380,212.2985916806450,342.7324891548380,271.3088805548380
14,8/21/2023,826.3582470806450,212.2803060774190,342.7507747806450,271.3271661806450
14,8/28/2023,826.3765327064510,212.2620204741930,342.7690604064510,271.3454518064510
14,9/4/2023,826.3679496718890,212.2397543267280,342.7759019718890,271.3522933718890
14,9/11/2023,826.2626394600000,212.2031582200000,342.7415449199990,271.3179363200000
14,9/18/2023,826.1492686500000,212.1653679500000,342.7037546500000,271.2801460500000
14,9/25/2023,826.0358978400000,212.1275776800000,342.6659643800000,271.2423557800000
14,10/2/2023,825.9238704622120,212.0842644087550,342.6304878000000,271.2091182548380
14,10/9/2023,825.8279642709670,211.9746751225800,342.6227755000000,271.2305136677410
14,10/16/2023,825.7365361870960,211.8466758322580,342.6227755000000,271.2670848967740
14,10/23/2023,825.6451081032250,211.7186765419350,342.6227755000000,271.3036561258060
14,10/30/2023,825.5536800193540,211.5906772516120,342.6227755000000,271.3402273548380
14,11/6/2023,825.4771416599990,211.5013389700000,342.6308734100000,271.3449293700000
14,11/13/2023,825.4204562666660,211.4635487000000,342.6497685333330,271.3071391000000
14,11/20/2023,825.3637708733330,211.4257584300000,342.6686636566660,271.2693488300000
14,11/27/2023,825.3070854800000,211.3879681599990,342.6875587800000,271.2315585600000
14,12/4/2023,825.2395779858980,211.3504266738700,342.6951342395850,271.1940170738700
14,12/11/2023,825.1331109290320,211.3137808096770,342.6619589096770,271.1573712096770
14,12/18/2023,825.0233972419350,211.2772095806450,342.6253876806450,271.1207999806450
14,12/25/2023,824.9136835548380,211.2406383516120,342.5888164516120,271.0842287516120
14,1/1/2024,824.7822137976950,211.1968316571420,342.5442590294930,271.0411231105990
14,1/8/2024,823.9327937290320,210.9142546032250,342.2361572354830,270.7823818741930
14,1/15/2024,822.7570326096770,210.5231455677410,341.8082625451610,270.4256244580640
14,1/22/2024,821.5812714903220,210.1320365322580,341.3803678548380,270.0688670419350
14,1/29/2024,820.4055103709670,209.7409274967740,340.9524731645160,269.7121096258060
14,2/5/2024,819.5242197529630,209.4516939805970,340.6198631717940,269.4526625084220
14,2/12/2024,819.2907642379310,209.3865866068960,340.4968795137930,269.4072980482750
14,2/19/2024,819.0769400896550,209.3282709344820,340.3802481689650,269.3684209413790
14,2/26/2024,818.8631159413790,209.2699552620680,340.2636168241370,269.3295438344820
14,3/4/2024,818.7003516047980,209.2346740883040,340.1633655687740,269.3023119462410
14,3/11/2024,818.7214025903220,209.2823171096770,340.1220826354830,269.3170028451610
14,3/18/2024,818.7577715193540,209.3368704806450,340.0857137290320,269.3351873096770
14,3/25/2024,818.7941404483870,209.3914238516120,340.0493448225800,269.3533717741930
14,4/1/2024,818.8305341177110,209.4467812975260,340.0125676934710,269.3711851271890
14,4/8/2024,818.8677442166660,209.5286732166660,339.9623192166660,269.3767518000000
14,4/15/2024,818.9053254199990,209.6226262600000,339.9059474000000,269.3767518000000
14,4/22/2024,818.9429066233330,209.7165793033330,339.8495755833330,269.3767518000000
14,4/29/2024,818.9804878266660,209.8105323466660,339.7932037666660,269.3767518000000
14,5/6/2024,818.9707894419350,209.8408397838700,339.7454046161290,269.3845451322580
14,5/13/2024,818.8980516064510,209.7862864129030,339.7090356870960,269.4027295741930
14,5/20/2024,818.8253137709670,209.7317330419350,339.6726667580640,269.4209140161290
14,5/27/2024,818.7525759354830,209.6771796709670,339.6362978290320,269.4390984580640
14,6/3/2024,818.6841429937320,209.6293063046080,339.6020813496770,269.4527553450690
14,6/10/2024,818.6422568966660,209.6226263000000,339.5811383100000,269.4384923100000
14,6/17/2024,818.6046756933330,209.6226263000000,339.5623477200000,269.4197017200000
14,6/24/2024,818.5670944900000,209.6226263000000,339.5435571300000,269.4009111300000
14,7/1/2024,818.5332491407830,209.6248529682020,339.5262633555290,269.3821329099070
14,7/8/2024,818.6226869774190,209.7005596870960,339.5583644935480,269.3637628967740
14,7/15/2024,818.7681626258060,209.8096664290320,339.6129178645160,269.3455784322580
14,7/22/2024,818.9136382741930,209.9187731709670,339.6674712354830,269.3273939677410
14,7/29/2024,819.0591139225800,210.0278799129030,339.7220246064510,269.3092095032250
14,8/5/2024,819.1210895202760,210.0590532631330,339.7654446317970,269.2965917115200
14,8/12/2024,818.9993650064510,209.9187731516120,339.7843712967740,269.2962206000000
14,8/19/2024,818.8720738225800,209.7732974806450,339.8025557387090,269.2962206000000
14,8/26/2024,818.7447826387090,209.6278218096770,339.8207401806450,269.2962206000000
14,9/2/2024,818.6218334569120,209.4866510324420,339.8389617351150,269.2962206000000
14,9/9/2024,818.5509883000000,209.3971389799990,339.8576286400000,269.2962206000000
14,9/16/2024,818.4946164833330,209.3219765733330,339.8764192533330,269.2962206000000
14,9/23/2024,818.4382446666660,209.2468141666660,339.8952098666660,269.2962206000000
14,9/30/2024,818.3818728500000,209.1716517600000,339.9140004800000,269.2962206000000
14,10/7/2024,818.4200602096770,209.2017860096770,339.9324447225800,269.2858294774190
14,10/14/2024,818.5291669516120,209.3108927516120,339.9506291870960,269.2676450129030
14,10/21/2024,818.6382736935480,209.4199994935480,339.9688136516120,269.2494605483870
14,10/28/2024,818.7473804354830,209.5291062354830,339.9869981161290,269.2312760838700
14,11/4/2024,818.8342204953910,209.6159462953910,340.0053062797230,269.2129679202760
14,11/11/2024,818.8409005000000,209.6226263000000,340.0240597600000,269.1942144400000
14,11/18/2024,818.8409005000000,209.6226263000000,340.0428503500000,269.1754238499990
14,11/25/2024,818.8409005000000,209.6226263000000,340.0616409400000,269.1566332600000
14,12/2/2024,818.8386738308750,209.6215129654370,340.0803944202760,269.1367664451610
14,12/9/2024,818.8097271322580,209.6070396161290,340.0987025838700,269.1039849322580
14,12/16/2024,818.7733582032250,209.5888551516120,340.1168870483870,269.0676160032250
14,12/23/2024,818.7369892741930,209.5706706870960,340.1350715129030,269.0312470741930
14,12/30/2024,818.7006203451610,209.5524862225800,340.1532559774190,268.9948781451610
15,3/1/2021,918.6279798300850,238.4784955222670,377.6988720138080,302.4506122940090
15,3/8/2021,918.5152936387090,238.4491068258060,377.6015293225800,302.4646574903220
15,3/15/2021,918.3331191129030,238.3276571419350,377.5205628741930,302.4848990967740
15,3/22/2021,918.1509445870960,238.2062074580640,377.4395964258060,302.5051407032250
15,3/29/2021,917.9687700612900,238.0847577741930,377.3586299774190,302.5253823096770
15,4/5/2021,917.7975425331790,237.9812776864050,377.2768373407830,302.5394275059900
15,4/12/2021,917.6503984000000,237.9173307100000,377.1932270900000,302.5398406000000
15,4/19/2021,917.5039840666660,237.8545817066660,377.1095617599990,302.5398406000000
15,4/26/2021,917.3575697333330,237.7918327033330,377.0258964300000,302.5398406000000
15,5/3/2021,917.2166908599070,237.7268529896770,376.9524758342850,302.5373620359440
15,5/10/2021,917.1099473225800,237.6481172290320,376.9422311000000,302.5195989935480
15,5/17/2021,917.0087392451610,237.5671507580640,376.9422311000000,302.4993573870960
15,5/24/2021,916.9075311677410,237.4861842870960,376.9422311000000,302.4791157806450
15,5/31/2021,916.8063230903220,237.4052178161290,376.9422311000000,302.4588741741930
15,6/7/2021,916.9302788800000,237.4900398200000,376.9541832866660,302.4860557733330
15,6/14/2021,917.2231075700000,237.6992031800000,376.9750996133330,302.5488047766660
15,6/21/2021,917.5159362600000,237.9083665400000,376.9960159400000,302.6115537800000
15,6/28/2021,917.8087649500000,238.1175299000000,377.0169322666660,302.6743027833330
15,7/5/2021,917.9561844923040,238.2006995309670,377.0376420463280,302.7178429080950
15,7/12/2021,917.7837039096770,238.0066829580640,377.0578974225800,302.7191235000000
15,7/19/2021,917.6015293838710,237.8042668032250,377.0781390290320,302.7191235000000
15,7/26/2021,917.4193548580640,237.6018506483870,377.0983806354830,302.7191235000000
15,8/2/2021,917.2458553092160,237.4031523423960,377.1223400907830,302.7203627820270
15,8/9/2021,917.1764554838710,237.2490682225800,377.1909137322580,302.7364734483870
15,8/16/2021,917.1359722483870,237.1073769322580,377.2718802032250,302.7567150548380
15,8/23/2021,917.0954890129030,236.9656856419350,377.3528466741930,302.7769566612900
15,8/30/2021,917.0550057774190,236.8239943516120,377.4338131451610,302.7971982677410
15,9/6/2021,917.0049800700000,236.6892430400000,377.4890438399990,302.8266931900000
15,9/13/2021,916.9422310666660,236.5637450333330,377.5099601666660,302.8685258666660
15,9/20/2021,916.8794820633330,236.4382470266660,377.5308764933330,302.9103585433330
15,9/27/2021,916.8167330599990,236.3127490199990,377.5517928200000,302.9521912200000
15,10/4/2021,916.7296115010590,236.1880772016580,377.5560476836860,302.9854866157140
15,10/11/2021,916.5547487419350,236.0663796612900,377.5003212806450,302.9880478000000
15,10/18/2021,916.3725742161290,235.9449299774190,377.4395964387090,302.9880478000000
15,10/25/2021,916.1903996903220,235.8234802935480,377.3788715967740,302.9880478000000
15,11/1/2021,916.0106624200760,235.7036554465590,377.3193860373270,302.9876209361900
15,11/8/2021,915.9113545833330,235.6374502166660,377.3007968000000,302.9731075666660
15,11/15/2021,915.8486055800000,235.5956175400000,377.3007968000000,302.9521912400000
15,11/22/2021,915.7858565766660,235.5537848633330,377.3007968000000,302.9312749133330
15,11/29/2021,915.7231075733330,235.5119521866660,377.3007968000000,302.9103585866660
15,12/6/2021,916.0602750354830,235.7135972161290,377.5436961741930,302.8029816451610
15,12/13/2021,916.9306644516120,236.2398791870960,378.1104613806450,302.5803238838710
15,12/20/2021,917.8010538677410,236.7661611580640,378.6772265870960,302.3576661225800
15,12/27/2021,918.6714432838700,237.2924431290320,379.2439917935480,302.1350083612900
15,1/3/2022,919.3816628493080,237.7373936179720,379.7247612894010,301.9195079419350
15,1/10/2022,919.1041683354830,237.6807999677410,379.6752239032250,301.7481444645160
15,1/17/2022,918.6665039709670,237.5428748354830,379.5396908064510,301.5839383290320
15,1/24/2022,918.2288396064510,237.4049497032250,379.4041577096770,301.4197321935480
15,1/31/2022,917.7911752419350,237.2670245709670,379.2686246129030,301.2555260580640
15,2/7/2022,917.5141261428570,237.1823484714280,379.1338430000000,301.1979346571420
15,2/14/2022,917.3575384928570,237.1376091464280,378.9996250000000,301.2203043071420
15,2/21/2022,917.2009508428570,237.0928698214280,378.8654069999990,301.2426739571420
15,2/28/2022,917.0443631928570,237.0481304964280,378.7311890000000,301.2650436071420
15,3/7/2022,916.9079803935480,236.9943195967740,378.6505757354830,301.2630849741930
15,3/14/2022,916.7867512322580,236.9337050161290,378.6101660225800,301.2428801290320
15,3/21/2022,916.6655220709670,236.8730904354830,378.5697563096770,301.2226752838710
15,3/28/2022,916.5442929096770,236.8124758548380,378.5293465967740,301.2024704387090
15,4/4/2022,916.4051955125960,236.7429271586780,378.4886619878640,301.1736063646690
15,4/11/2022,916.2017724666660,236.6412156466660,378.4469877533330,301.1135690666660
15,4/18/2022,915.9929889500000,236.5368239000000,378.4052310500000,301.0509340000000
15,4/25/2022,915.7842054333330,236.4324321533330,378.3634743466660,300.9882989333330
15,5/2/2022,915.5783083247310,236.3245354804910,378.3230371448540,300.9307356993850
15,5/9/2022,915.4070481129030,236.1745796935480,378.2984339612900,300.9340344580640
15,5/16/2022,915.2454092612900,236.0129408193540,378.2782291161290,300.9542393258060
15,5/23/2022,915.0837704096770,235.8513019451610,378.2580242709670,300.9744441935480
15,5/30/2022,914.9221315580640,235.6896630709670,378.2378194258060,300.9946490612900
15,6/6/2022,914.7581835700000,235.5346629400000,378.2262738000000,300.9972468299990
15,6/13/2022,914.5911567333330,235.3885144666660,378.2262738000000,300.9763684666660
15,6/20/2022,914.4241298966660,235.2423659933330,378.2262738000000,300.9554901033330
15,6/27/2022,914.2571030600000,235.0962175200000,378.2262738000000,300.9346117400000
15,7/4/2022,914.1035461300920,234.9510311873730,378.2345206801840,300.9179942671420
15,7/11/2022,913.9984808645160,234.8093085612900,378.2724563290320,300.9167160000000
15,7/18/2022,913.8974565709670,234.6678745774190,378.3128660419350,300.9167160000000
15,7/25/2022,913.7964322774190,234.5264405935480,378.3532757548380,300.9167160000000
15,8/1/2022,913.6966450161290,234.3866559852530,378.3936854677410,300.9163036562210
15,8/8/2022,913.6376798193540,234.3013007709670,378.4340951806450,300.9022839677410
15,8/15/2022,913.5972701064510,234.2406861903220,378.4745048935480,300.8820791225800
15,8/22/2022,913.5568603935480,234.1800716096770,378.5149146064510,300.8618742774190
15,8/29/2022,913.5164506806450,234.1194570290320,378.5553243193540,300.8416694322580
15,9/5/2022,913.4820199594460,234.0582239322580,378.5961463762670,300.8276497437780
15,9/12/2022,913.4607430200000,233.9956301000000,378.6378755900000,300.8272374000000
15,9/19/2022,913.4398646800000,233.9329950333330,378.6796322933330,300.8272374000000
15,9/26/2022,913.4189863400000,233.8703599666660,378.7213889966660,300.8272374000000
15,10/3/2022,913.4204570438700,233.8327129497690,378.7629807623960,300.8247633345620
15,10/10/2022,913.5597468516120,233.9491589064510,378.8035554129030,300.8070325322580
15,10/17/2022,913.7213857032250,234.0905929129030,378.8439651258060,300.7868276645160
15,10/24/2022,913.8830245548380,234.2320269193540,378.8843748387090,300.7666227967740
15,10/31/2022,914.0446634064510,234.3734609258060,378.9247845516120,300.7464179290320
15,11/7/2022,914.1616591466660,234.4817974466660,378.9778944666660,300.7019672333330
15,11/14/2022,914.2451725533330,234.5653108533330,379.0405295333330,300.6393321666660
15,11/21/2022,914.3286859600000,234.6488242600000,379.1031646000000,300.5766971000000
15,11/28/2022,914.4121993666660,234.7323376666660,379.1657996666660,300.5140620333330
15,12/5/2022,914.4515919678030,234.7964709083560,379.2092607333330,300.4458603261130
15,12/12/2022,914.3939187967740,234.8179677870960,379.2105390000000,300.3654120096770
15,12/19/2022,914.3333042387090,234.8381726548380,379.2105390000000,300.2845925838700
15,12/26/2022,914.2726896806450,234.8583775225800,379.2105390000000,300.2037731580640
15,1/2/2023,914.1713622843310,234.8616335861750,379.1943677599070,300.1153609382480
15,1/9/2023,913.5814808290320,234.6615039999990,378.9841416387090,299.9358351903220
15,1/16/2023,912.8558899129030,234.4048783999990,378.7200113838700,299.7310001290320
15,1/23/2023,912.1302989967740,234.1482528000000,378.4558811290320,299.5261650677410
15,1/30/2023,911.4047080806450,233.8916272000000,378.1917508741930,299.3213300064510
15,2/6/2023,910.8563122892850,233.6876529714280,377.9834882714280,299.1851710571420
15,2/13/2023,910.5441766642850,233.5538805714280,377.8497158714280,299.1405802571420
15,2/20/2023,910.2320410392850,233.4201081714280,377.7159434714280,299.0959894571420
15,2/27/2023,909.9199054142850,233.2863357714280,377.5821710714280,299.0513986571420
15,3/6/2023,909.6552374258060,233.1840029677410,377.4712077806450,299.0000267580640
15,3/13/2023,909.4538596193540,233.1235896258060,377.3906566354830,298.9396133935480
15,3/20/2023,909.2524818129030,233.0631762838700,377.3101054903220,298.8792000290320
15,3/27/2023,909.0511040064510,233.0027629419350,377.2295543451610,298.8187866645160
15,4/3/2023,908.8718366611980,232.9548432435020,377.1588666055290,298.7581267176950
15,4/10/2023,908.8289171600000,232.9839676800000,377.1490032000000,298.6959461800000
15,4/17/2023,908.8081081199990,233.0255857600000,377.1490032000000,298.6335190599990
15,4/24/2023,908.7872990800000,233.0672038400000,377.1490032000000,298.5710919400000
15,5/1/2023,908.7693805649760,233.1100274470040,377.1485922248840,298.5107607930870
15,5/8/2023,908.8468493741930,233.1926334451610,377.1346190709670,298.5195967580640
15,5/15/2023,908.9676760580640,233.2933223483870,377.1144812903220,298.5598723193540
15,5/22/2023,909.0885027419350,233.3940112516120,377.0943435096770,298.6001478806450
15,5/29/2023,909.2093294258060,233.4947001548380,377.0742057290320,298.6404234419350
15,6/5/2023,909.3122786921650,233.5709360387090,377.0666026894000,298.6747398640550
15,6/12/2023,909.3758976400000,233.5933752800000,377.0865760800000,298.6959461800000
15,6/19/2023,909.4383247600000,233.6141843200000,377.1073851200000,298.7167552200000
15,6/26/2023,909.5007518800000,233.6349933600000,377.1281941600000,298.7375642600000
15,7/3/2023,909.5678641163130,233.6581860556680,377.1538527091240,298.7558252542850
15,7/10/2023,909.6638679032250,233.6960779612900,377.2094165645160,298.7583733000000
15,7/17/2023,909.7645568064510,233.7363535225800,377.2698299290320,298.7583733000000
15,7/24/2023,909.8652457096770,233.7766290838700,377.3302432935480,298.7583733000000
15,7/31/2023,909.9659346129030,233.8169046451610,377.3906566580640,298.7583733000000
15,8/7/2023,910.0205943032250,233.8226582967740,377.4280554032250,298.7698806032250
15,8/14/2023,910.0407320838710,233.8025205161290,377.4481931838700,298.7900183838710
15,8/21/2023,910.0608698645160,233.7823827354830,377.4683309645160,298.8101561645160
15,8/28/2023,910.0810076451610,233.7622449548380,377.4884687451610,298.8302939451610
15,9/4/2023,910.0715552175110,233.7377234396310,377.4960032841780,298.8378284889400
15,9/11/2023,909.9555780400000,233.6974204799990,377.4581661533330,298.7999913800000
15,9/18/2023,909.8307238000000,233.6558024000000,377.4165480500000,298.7583733000000
15,9/25/2023,909.7058695600000,233.6141843200000,377.3749299466660,298.7167552200000
15,10/2/2023,909.5824948304140,233.5664838082940,377.3358598904760,298.6801510364050
15,10/9/2023,909.4768742258060,233.4457941161290,377.3273664000000,298.7037136096770
15,10/16/2023,909.3761853225800,233.3048296516120,377.3273664000000,298.7439891709670
15,10/23/2023,909.2754964193540,233.1638651870960,377.3273664000000,298.7842647322580
15,10/30/2023,909.1748075161280,233.0229007225800,377.3273664000000,298.8245402935480
15,11/6/2023,909.0905165199990,232.9245132799990,377.3362845700000,298.8297185800000
15,11/13/2023,909.0280894000000,232.8828951999990,377.3570936333330,298.7881005000000
15,11/20/2023,908.9656622800000,232.8412771200000,377.3779026966660,298.7464824200000
15,11/27/2023,908.9032351600000,232.7996590400000,377.3987117599990,298.7048643400000
15,12/4/2023,908.8288897616590,232.7583149434100,377.4070545688010,298.6635202434100
15,12/11/2023,908.7116385612900,232.7179571870960,377.3705188612900,298.6231624870960
15,12/18/2023,908.5908118774190,232.6776816258060,377.3302432774190,298.5828869258060
15,12/25/2023,908.4699851935480,232.6374060645160,377.2899676935480,298.5426113645160
15,1/1/2024,908.3252476497690,232.5891746493080,377.2409173142850,298.4951555930870
15,1/8/2024,907.3914517290320,232.2784000548380,376.9022986870960,298.2107528870960
15,1/15/2024,906.0989929096770,231.8482876516120,376.4320581290320,297.8186470290320
15,1/22/2024,904.8065340903220,231.4181752483870,375.9618175709670,297.4265411709670
15,1/29/2024,903.5140752709670,230.9880628451610,375.4915770129030,297.0344353129030
15,2/5/2024,902.5451797559190,230.6699573218810,375.1259672741610,296.7492550746540
15,2/12/2024,902.2881235103440,230.5982669344820,374.9905453379310,296.6993112000000
15,2/19/2024,902.0526381517240,230.5340436724130,374.8620987896550,296.6564957000000
15,2/26/2024,901.8171527931030,230.4698204103440,374.7336522413790,296.6136802000000
15,3/4/2024,901.6378997999680,230.4309651253930,374.6232451453520,296.5836896216580
15,3/11/2024,901.6610833225800,230.4834345580640,374.5777800774190,296.5998687612900
15,3/18/2024,901.7011365548380,230.5435143838700,374.5377268451610,296.6198953774190
15,3/25/2024,901.7411897870960,230.6035942096770,374.4976736129030,296.6399219935480
15,4/1/2024,901.7812702659750,230.6645595665890,374.4571708035480,296.6595399032250
15,4/8/2024,901.8222498833330,230.7547474500000,374.4018319500000,296.6656705000000
15,4/15/2024,901.8636381999990,230.8582183000000,374.3397494400000,296.6656705000000
15,4/22/2024,901.9050265166660,230.9616891500000,374.2776669300000,296.6656705000000
15,4/29/2024,901.9464148333330,231.0651600000000,374.2155844200000,296.6656705000000
15,5/6/2024,901.9357339677420,231.0985376935480,374.1629430290320,296.6742533258060
15,5/13/2024,901.8556275258060,231.0384578451610,374.1228897967740,296.6942799193540
15,5/20/2024,901.7755210838710,230.9783779967740,374.0828365645160,296.7143065129030
15,5/27/2024,901.6954146419350,230.9182981483870,374.0427833322580,296.7343331064510
15,6/3/2024,901.6200491920730,230.8655750161290,374.0051006002760,296.7493734869120
15,6/10/2024,901.5739198599990,230.8582183000000,373.9820359533330,296.7336655533330
15,6/17/2024,901.5325315199990,230.8582183000000,373.9613418066660,296.7129714066660
15,6/24/2024,901.4911431800000,230.8582183000000,373.9406476600000,296.6922772599990
15,7/1/2024,901.4538691511520,230.8606705382480,373.9216019617510,296.6715967364050
15,7/8/2024,901.5523673903220,230.9440466387090,373.9569550612900,296.6513657741930
15,7/15/2024,901.7125802967740,231.0642063129030,374.0170348870960,296.6313391580640
15,7/22/2024,901.8727932032250,231.1843659870960,374.0771147129030,296.6113125419350
15,7/29/2024,902.0330061096770,231.3045256612900,374.1371945387090,296.5912859258060
15,8/5/2024,902.1012600783400,231.3388569944700,374.1850131778800,296.5773899064510
15,8/12/2024,901.9672043838700,231.1843659774190,374.2058572064510,296.5769812000000
15,8/19/2024,901.8270180935480,231.0241530709670,374.2258838225800,296.5769812000000
15,8/26/2024,901.6868318032250,230.8639401645160,374.2459104387090,296.5769812000000
15,9/2/2024,901.5514273770040,230.7084682529490,374.2659779254830,296.5769812000000
15,9/9/2024,901.4734053200000,230.6098882800000,374.2865358600000,296.5769812000000
15,9/16/2024,901.4113228099990,230.5271116233330,374.3072300300000,296.5769812000000
15,9/23/2024,901.3492403000000,230.4443349666660,374.3279242000000,296.5769812000000
15,9/30/2024,901.2871577899990,230.3615583100000,374.3486183700000,296.5769812000000
15,10/7/2024,901.3292136838700,230.3947452709670,374.3689310806450,296.5655374193540
15,10/14/2024,901.4493733806450,230.5149049451610,374.3889576967740,296.5455108032250
15,10/21/2024,901.5695330774190,230.6350646193540,374.4089843129030,296.5254841870960
15,10/28/2024,901.6896927741930,230.7552242935480,374.4290109290320,296.5054575709670
15,11/4/2024,901.7853300838700,230.8508615852530,374.4491737806450,296.4852947193540
15,11/11/2024,901.7926868000000,230.8582183000000,374.4698270800000,296.4646414199990
15,11/18/2024,901.7926868000000,230.8582183000000,374.4905212500000,296.4439472499990
15,11/25/2024,901.7926868000000,230.8582183000000,374.5112154200000,296.4232530800000
15,12/2/2024,901.7902345612900,230.8569921806450,374.5318687193540,296.4013736612900
15,12/9/2024,901.7583554580640,230.8410526290320,374.5520315709670,296.3652712580640
15,12/16/2024,901.7183022258060,230.8210260129030,374.5720581870960,296.3252180258060
15,12/23/2024,901.6782489935480,230.8009993967740,374.5920848032250,296.2851647935480
15,12/30/2024,901.6381957612900,230.7809727806450,374.6121114193540,296.2451115612900
16,3/1/2021,620.5842352441900,161.1054725105820,255.1565713654040,204.3221914677410
16,3/8/2021,620.5081094645160,161.0856188096770,255.0908109677410,204.3316797709670
16,3/15/2021,620.3850404548380,161.0035728032250,255.0361136225800,204.3453540903220
16,3/22/2021,620.2619714451610,160.9215267967740,254.9814162774190,204.3590284096770
16,3/29/2021,620.1389024354830,160.8394807903220,254.9267189322580,204.3727027290320
16,4/5/2021,620.0232287267280,160.7695742440090,254.8714634509210,204.3821910322580
16,4/12/2021,619.9238246799990,160.7263745100000,254.8149800700000,204.3824701000000
16,4/19/2021,619.8249136533330,160.6839840733330,254.7584594800000,204.3824701000000
16,4/26/2021,619.7260026266660,160.6415936366660,254.7019388899990,204.3824701000000
16,5/3/2021,619.6308311137320,160.5976962316120,254.6523391885710,204.3807956935480
16,5/10/2021,619.5587199354830,160.5445058548380,254.6454183000000,204.3687957806450
16,5/17/2021,619.4903482709670,160.4898085096770,254.6454183000000,204.3551214612900
16,5/24/2021,619.4219766064510,160.4351111645160,254.6454183000000,204.3414471419350
16,5/31/2021,619.3536049419350,160.3804138193540,254.6454183000000,204.3277728225800
16,6/7/2021,619.4373439733330,160.4377157933330,254.6534926733330,204.3461355066660
16,6/14/2021,619.6351660266660,160.5790172566660,254.6676228266660,204.3885259433330
16,6/21/2021,619.8329880800000,160.7203187200000,254.6817529800000,204.4309163800000
16,6/28/2021,620.0308101333330,160.8616201833330,254.6958831333330,204.4733068166660
16,7/5/2021,620.1304002216890,160.9178058869890,254.7098737525650,204.5027205890470
16,7/12/2021,620.0138799870960,160.7867369193540,254.7235573967740,204.5035857000000
16,7/19/2021,619.8908109548380,160.6499935677410,254.7372317387090,204.5035857000000
16,7/26/2021,619.7677419225800,160.5132502161290,254.7509060806450,204.5035857000000
16,8/2/2021,619.6505333211980,160.3790184769580,254.7670920336400,204.5044229032250
16,8/9/2021,619.6036498903220,160.2749260870960,254.8134173193540,204.5153065451610
16,8/16/2021,619.5763012290320,160.1792057387090,254.8681146419350,204.5289808645160
16,8/23/2021,619.5489525677410,160.0834853903220,254.9228119645160,204.5426551838700
16,8/30/2021,619.5216039064510,159.9877650419350,254.9775092870960,204.5563295032250
16,9/6/2021,619.4878087700000,159.8967330400000,255.0148206799990,204.5762549600000
16,9/13/2021,619.4454183333330,159.8119521666660,255.0289508333330,204.6045152666660
16,9/20/2021,619.4030278966660,159.7271712933330,255.0430809866660,204.6327755733330
16,9/27/2021,619.3606374600000,159.6423904200000,255.0572111400000,204.6610358800000
16,10/4/2021,619.3017820084330,159.5581676827650,255.0600855470960,204.6835287771420
16,10/11/2021,619.1836525032250,159.4759542354830,255.0224392677410,204.6852590000000
16,10/18/2021,619.0605834935480,159.3939082290320,254.9814162645160,204.6852590000000
16,10/25/2021,618.9375144838710,159.3118622225800,254.9403932612900,204.6852590000000
16,11/1/2021,618.8160919756830,159.2309138839470,254.9002074622110,204.6849706295230
16,11/8/2021,618.7490040166660,159.1861885833330,254.8876493999990,204.6751660333330
16,11/15/2021,618.7066135800000,159.1579283000000,254.8876493999990,204.6610358800000
16,11/22/2021,618.6642231433330,159.1296680166660,254.8876493999990,204.6469057266660
16,11/29/2021,618.6218327066660,159.1014077333330,254.8876493999990,204.6327755733330
16,12/6/2021,618.8496080516130,159.2376301612900,255.0517414161290,204.5602364741930
16,12/13/2021,619.4376044387090,159.5931628709670,255.4346227870960,204.4098187806450
16,12/20/2021,620.0256008258060,159.9486955806450,255.8175041580640,204.2594010870960
16,12/27/2021,620.6135972129030,160.3042282903220,256.2003855290320,204.1089833935480
16,1/3/2022,621.0418501142850,160.5914935972350,256.5038725663590,203.9464839506910
16,1/10/2022,620.4850181870960,160.4577765870960,256.3177612129030,203.7094803870960
16,1/17/2022,619.7684427741930,160.2557921741930,256.0522555258060,203.4603950741930
16,1/24/2022,619.0518673612900,160.0538077612900,255.7867498387090,203.2113097612900
16,1/31/2022,618.3352919483870,159.8518233483870,255.5212441516120,202.9622244483870
16,2/7/2022,617.9679221571420,159.7480397285710,255.3557994000000,202.8640830285710
16,2/14/2022,617.8624565821420,159.7179067035710,255.2654003500000,202.8791495285710
16,2/21/2022,617.7569910071420,159.6877736785710,255.1750013000000,202.8942160285710
16,2/28/2022,617.6515254321420,159.6576406535710,255.0846022500000,202.9092825285710
16,3/7/2022,617.5596683258060,159.6213977129030,255.0303072709670,202.9079633419350
16,3/14/2022,617.4780175709670,159.5805723354830,255.0030903451610,202.8943548903220
16,3/21/2022,617.3963668161290,159.5397469580640,254.9758734193540,202.8807464387090
16,3/28/2022,617.3147160612900,159.4989215806450,254.9486564935480,202.8671379870960
16,4/4/2022,617.2210306162820,159.4520788557600,254.9212544233480,202.8476973371730
16,4/11/2022,617.0840202866660,159.3835736799990,254.8931858333330,202.8072607733330
16,4/18/2022,616.9433995500000,159.3132633000000,254.8650617000000,202.7650745500000
16,4/25/2022,616.8027788133330,159.2429529199990,254.8369375666660,202.7228883266660
16,5/2/2022,616.6641021413210,159.1702818903220,254.8097021471580,202.6841181038400
16,5/9/2022,616.5487542451610,159.0692830645160,254.7931312935480,202.6863398870960
16,5/16/2022,616.4398865645160,158.9604154064510,254.7795228193540,202.6999483387090
16,5/23/2022,616.3310188838710,158.8515477483870,254.7659143451610,202.7135567903220
16,5/30/2022,616.2221512032250,158.7426800903220,254.7523058709670,202.7271652419350
16,6/6/2022,616.1117282700000,158.6382837700000,254.7445296000000,202.7289149000000
16,6/13/2022,615.9992316666660,158.5398492333330,254.7445296000000,202.7148528333330
16,6/20/2022,615.8867350633330,158.4414146966660,254.7445296000000,202.7007907666660
16,6/27/2022,615.7742384600000,158.3429801600000,254.7445296000000,202.6867287000000
16,7/4/2022,615.6708141628110,158.2451936499070,254.7500840746540,202.6755364428570
16,7/11/2022,615.6000501677410,158.1497400354830,254.7756346580640,202.6746755000000
16,7/18/2022,615.5320078645160,158.0544808290320,254.8028515838700,202.6746755000000
16,7/25/2022,615.4639655612900,157.9592216225800,254.8300685096770,202.6746755000000
16,8/1/2022,615.3967564294930,157.8650733105990,254.8572854354830,202.6743977760360
16,8/8/2022,615.3570419548380,157.8075845161290,254.8845023612900,202.6649551612900
16,8/15/2022,615.3298250516120,157.7667591387090,254.9117192870960,202.6513466870960
16,8/22/2022,615.3026081483870,157.7259337612900,254.9389362129030,202.6377382129030
16,8/29/2022,615.2753912451610,157.6851083838700,254.9661531387090,202.6241297387090
16,9/5/2022,615.2522013255760,157.6438664209670,254.9936477811050,202.6146871239630
16,9/12/2022,615.2378707700000,157.6017079700000,255.0217534000000,202.6144093999990
16,9/19/2022,615.2238086799990,157.5595217466660,255.0498775333330,202.6144093999990
16,9/26/2022,615.2097465899990,157.5173355233330,255.0780016666660,202.6144093999990
16,10/3/2022,615.2107371249770,157.4919793526260,255.1060147133640,202.6127430589860
16,10/10/2022,615.3045521806450,157.5704085064510,255.1333427258060,202.6008009483870
16,10/17/2022,615.4134198612900,157.6656677129030,255.1605596516120,202.5871924967740
16,10/24/2022,615.5222875419350,157.7609269193540,255.1877765774190,202.5735840451610
16,10/31/2022,615.6311552225800,157.8561861258060,255.2149935032250,202.5599755935480
16,11/7/2022,615.7099546933330,157.9291533799990,255.2507643133330,202.5300369866660
16,11/14/2022,615.7662030066660,157.9854016700000,255.2929505366660,202.4878507633330
16,11/21/2022,615.8224513200000,158.0416499600000,255.3351367600000,202.4456645400000
16,11/28/2022,615.8786996333330,158.0978982500000,255.3773229833330,202.4034783166660
16,12/5/2022,615.9052315107210,158.1410935351610,255.4065950566660,202.3575428193700
16,12/12/2022,615.8663872290320,158.1555722096770,255.4074560000000,202.3033589193540
16,12/19/2022,615.8255618516120,158.1691806838700,255.4074560000000,202.2489250677410
16,12/26/2022,615.7847364741930,158.1827891580640,255.4074560000000,202.1944912161290
16,1/2/2023,615.6831214774190,158.1764203875570,255.3827170709670,202.1239839202760
16,1/9/2023,614.8520310483870,157.9303246806450,255.0611109935480,201.8605952935480
16,1/16/2023,613.8183085548380,157.6176381580640,254.6570418193540,201.5436285193540
16,1/23/2023,612.7845860612900,157.3049516354830,254.2529726451610,201.2266617451610
16,1/30/2023,611.7508635677420,156.9922651129030,253.8489034709670,200.9096949709670
16,2/6/2023,611.0704204821420,156.7751251714280,253.5795448607140,200.7157504500000
16,2/13/2023,610.8610166071420,156.6853806714280,253.4898003357140,200.6858356000000
16,2/20/2023,610.6516127321420,156.5956361714280,253.4000558107140,200.6559207500000
16,2/27/2023,610.4422088571420,156.5058916714280,253.3103112857140,200.6260058999990
16,3/6/2023,610.2646498096770,156.4372391870960,253.2358688258060,200.5915417967740
16,3/13/2023,610.1295505322580,156.3967093903220,253.1818291193540,200.5510120225800
16,3/20/2023,609.9944512548380,156.3561795935480,253.1277894129030,200.5104822483870
16,3/27/2023,609.8593519774190,156.3156497967740,253.0737497064510,200.4699524741930
16,4/3/2023,609.7390860515200,156.2835016722580,253.0263271069120,200.4292572723500
16,4/10/2023,609.7102924600000,156.3030405266660,253.0197100000000,200.3875419333330
16,4/17/2023,609.6963322200000,156.3309610533330,253.0197100000000,200.3456611666660
16,4/24/2023,609.6823719800000,156.3588815800000,253.0197100000000,200.3037804000000
16,5/1/2023,609.6703509193540,156.3876108640550,253.0194342870960,200.2633057682020
16,5/8/2023,609.7223227774190,156.4430291419350,253.0100600483870,200.2692335870960
16,5/15/2023,609.8033823258060,156.5105787806450,252.9965501161290,200.2962534290320
16,5/22/2023,609.8844418741930,156.5781284193540,252.9830401838710,200.3232732709670
16,5/29/2023,609.9655014225800,156.6456780580640,252.9695302516120,200.3502931129030
16,6/5/2023,610.0345674735020,156.6968227788010,252.9644295629030,200.3733151246540
16,6/12/2023,610.0772478299990,156.7118766800000,252.9778292100000,200.3875419100000
16,6/19/2023,610.1191286200000,156.7258369200000,252.9917894733330,200.4015021733330
16,6/26/2023,610.1610094099990,156.7397971600000,253.0057497366660,200.4154624366660
16,7/3/2023,610.2060333243310,156.7553565376950,253.0229634122580,200.4277132800000
16,7/10/2023,610.2704398387090,156.7807772645160,253.0602397967740,200.4294227000000
16,7/17/2023,610.3379894774190,156.8077971290320,253.1007695935480,200.4294227000000
16,7/24/2023,610.4055391161290,156.8348169935480,253.1412993903220,200.4294227000000
16,7/31/2023,610.4730887548380,156.8618368580640,253.1818291870960,200.4294227000000
16,8/7/2023,610.5097585483870,156.8656968387090,253.2069190483870,200.4371426612900
16,8/14/2023,610.5232684580640,156.8521869064510,253.2204289580640,200.4506525935480
16,8/21/2023,610.5367783677410,156.8386769741930,253.2339388677410,200.4641625258060
16,8/28/2023,610.5502882774190,156.8251670419350,253.2474487774190,200.4776724580640
16,9/4/2023,610.5439468721960,156.8087161768040,253.2525035007680,200.4827271946230
16,9/11/2023,610.4661407333330,156.7816779533330,253.2271195533330,200.4573432266660
16,9/18/2023,610.3823792000000,156.7537574500000,253.1991990500000,200.4294227000000
16,9/25/2023,610.2986176666660,156.7258369466660,253.1712785466660,200.4015021733330
16,10/2/2023,610.2158486983100,156.6938358923190,253.1450674619040,200.3769453440860
16,10/9/2023,610.1449905096770,156.6128682258060,253.1393694000000,200.3927528838700
16,10/16/2023,610.0774408709670,156.5182987225800,253.1393694000000,200.4197727483870
16,10/23/2023,610.0098912322580,156.4237292193540,253.1393694000000,200.4467926129030
16,10/30/2023,609.9423415935480,156.3291597161290,253.1393694000000,200.4738124774190
16,11/6/2023,609.8857928900000,156.2631540699990,253.1453523699990,200.4772864600000
16,11/13/2023,609.8439121000000,156.2352335666660,253.1593126333330,200.4493659333330
16,11/20/2023,609.8020313100000,156.2073130633330,253.1732728966660,200.4214454066660
16,11/27/2023,609.7601505200000,156.1793925600000,253.1872331599990,200.3935248800000
16,12/4/2023,609.7102740650230,156.1516558605060,253.1928301319350,200.3657881665430
16,12/11/2023,609.6316132161290,156.1245808548380,253.1683192548380,200.3387131806450
16,12/18/2023,609.5505536677420,156.0975609903220,253.1412993903220,200.3116933387090
16,12/25/2023,609.4694941193540,156.0705411258060,253.1142795258060,200.2846734967740
16,1/1/2024,609.3814077783410,156.0404877474650,253.0851196456220,200.2558003921650
16,1/8/2024,609.0614372806450,155.9103284129030,252.9853392483870,200.1657696193540
16,1/15/2024,608.6360648935480,155.7346663709670,252.8534586161290,200.0479399064510
16,1/22/2024,608.2106925064510,155.5590043290320,252.7215779838700,199.9301101935480
16,1/29/2024,607.7853201193540,155.3833422870960,252.5896973516120,199.8122804806450
16,2/5/2024,607.4416459587790,155.2482222041630,252.4717240779270,199.7216996692990
16,2/12/2024,607.2777078965510,155.2022944310340,252.3843469931030,199.6910664413790
16,2/19/2024,607.1192163827580,155.1590694551720,252.2978970655170,199.6622498068960
16,2/26/2024,606.9607248689650,155.1158444793100,252.2114471379310,199.6334331724130
16,3/4/2024,606.8400800920220,155.0896932266320,252.1371385227550,199.6132482487200
16,3/11/2024,606.8556835677420,155.1250073774190,252.1065386322580,199.6241374838700
16,3/18/2024,606.8826410645160,155.1654436451610,252.0795811354830,199.6376162322580
16,3/25/2024,606.9095985612900,155.2058799129030,252.0526236387090,199.6510949806450
16,4/1/2024,606.9365743964970,155.2469121792620,252.0253635577880,199.6642986525340
16,4/8/2024,606.9641554000000,155.3076123999990,251.9881182000000,199.6684248000000
16,4/15/2024,606.9920114800000,155.3772526000000,251.9463340800000,199.6684248000000
16,4/22/2024,607.0198675600000,155.4468927999990,251.9045499600000,199.6684248000000
16,4/29/2024,607.0477236400000,155.5165329999990,251.8627658400000,199.6684248000000
16,5/6/2024,607.0405349741930,155.5389975806450,251.8273359870960,199.6742014064510
16,5/13/2024,606.9866199806450,155.4985613354830,251.8003784903220,199.6876801548380
16,5/20/2024,606.9327049870960,155.4581250903220,251.7734209935480,199.7011589032250
16,5/27/2024,606.8787899935480,155.4176888451610,251.7464634967740,199.7146376516120
16,6/3/2024,606.8280658873730,155.3822039769580,251.7211014436860,199.7247604667280
16,6/10/2024,606.7970189199990,155.3772526000000,251.7055779600000,199.7141883600000
16,6/17/2024,606.7691628399990,155.3772526000000,251.6916499199990,199.7002603200000
16,6/24/2024,606.7413067600000,155.3772526000000,251.6777218800000,199.6863322800000
16,7/1/2024,606.7162197834100,155.3789030589860,251.6649033152070,199.6724134092160
16,7/8/2024,606.7825132193540,155.4350186645160,251.6886974322580,199.6587971225800
16,7/15/2024,606.8903432064510,155.5158911548380,251.7291336774190,199.6453183741930
16,7/22/2024,606.9981731935480,155.5967636451610,251.7695699225800,199.6318396258060
16,7/29/2024,607.1060031806450,155.6776361354830,251.8100061677410,199.6183608774190
16,8/5/2024,607.1519409557600,155.7007425612900,251.8421901179720,199.6090082764970
16,8/12/2024,607.0617158645160,155.5967636451610,251.8562190193540,199.6087332000000
16,8/19/2024,606.9673646258060,155.4889336580640,251.8696977677410,199.6087332000000
16,8/26/2024,606.8730133870960,155.3811036709670,251.8831765161290,199.6087332000000
16,9/2/2024,606.7818805434100,155.2764645698150,251.8966827721650,199.6087332000000
16,9/9/2024,606.7293684400000,155.2101161000000,251.9105191199990,199.6087332000000
16,9/16/2024,606.6875843199990,155.1544039166660,251.9244471600000,199.6087332000000
16,9/23/2024,606.6458001999990,155.0986917333330,251.9383752000000,199.6087332000000
16,9/30/2024,606.6040160800000,155.0429795499990,251.9523032400000,199.6087332000000
16,10/7/2024,606.6323214516120,155.0653157645160,251.9659745419350,199.6010310580640
16,10/14/2024,606.7131939419350,155.1461882774190,251.9794532903220,199.5875523096770
16,10/21/2024,606.7940664322580,155.2270607903220,251.9929320387090,199.5740735612900
16,10/28/2024,606.8749389225800,155.3079333032250,252.0064107870960,199.5605948129030
16,11/4/2024,606.9393068230410,155.3723012216580,252.0199812276490,199.5470243723500
16,11/11/2024,606.9442582000000,155.3772526000000,252.0338817600000,199.5331238400000
16,11/18/2024,606.9442582000000,155.3772526000000,252.0478098000000,199.5191958000000
16,11/25/2024,606.9442582000000,155.3772526000000,252.0617378400000,199.5052677600000
16,12/2/2024,606.9426077410130,155.3764273705060,252.0756383723500,199.4905419981560
16,12/9/2024,606.9211517741930,155.3656993870960,252.0892088129030,199.4662435741930
16,12/16/2024,606.8941942774190,155.3522206387090,252.1026875612900,199.4392860774190
16,12/23/2024,606.8672367806450,155.3387418903220,252.1161663096770,199.4123285806450
16,12/30/2024,606.8402792838700,155.3252631419350,252.1296450580640,199.3853710838700
17,3/1/2021,1660.0628297393000,430.9571389667870,682.5438283688280,546.5618620073730
17,3/8/2021,1659.8591931612900,430.9040303161290,682.3679193161290,546.5872432580640
17,3/15/2021,1659.5299833870900,430.6845572387090,682.2216039387090,546.6238221193540
17,3/22/2021,1659.2007736129000,430.4650841612900,682.0752885612900,546.6604009806450
17,3/29/2021,1658.8715638387000,430.2456110838710,681.9289731838710,546.6969798419350
17,4/5/2021,1658.5621365668200,430.0586110638240,681.7811647852530,546.7223610926260
17,4/12/2021,1658.2962308000000,429.9430517699990,681.6300717400000,546.7231076000000
17,4/19/2021,1658.0316438666600,429.8296573466660,681.4788791600000,546.7231076000000
17,4/26/2021,1657.7670569333300,429.7162629233330,681.3276865800000,546.7231076000000
17,5/3/2021,1657.5124731926200,429.5988373627650,681.1950073771420,546.7186285557600
17,5/10/2021,1657.3195758064500,429.4565531225800,681.1764940000000,546.6865287387090
17,5/17/2021,1657.1366816129000,429.3102377451610,681.1764940000000,546.6499498774190
17,5/24/2021,1656.9537874193500,429.1639223677420,681.1764940000000,546.6133710161290
17,5/31/2021,1656.7708932258000,429.0176069903220,681.1764940000000,546.5767921548380
17,6/7/2021,1656.9948950666600,429.1708897733330,681.1980929466660,546.6259123133330
17,6/14/2021,1657.5240689333300,429.5488711766660,681.2358911033330,546.7393067366660
17,6/21/2021,1658.0532428000000,429.9268525799990,681.2736892600000,546.8527011600000
17,6/28/2021,1658.5824166666600,430.3048339833330,681.3114874166660,546.9660955833330
17,7/5/2021,1658.8488201001500,430.4551307362050,681.3489123127340,547.0447774280950
17,7/12/2021,1658.5371285806400,430.1045212580640,681.3855160354830,547.0470916000000
17,7/19/2021,1658.2079190322500,429.7387328032250,681.4220948741930,547.0470916000000
17,7/26/2021,1657.8787094838700,429.3729443483870,681.4586737129030,547.0470916000000
17,8/2/2021,1657.5651765806400,429.0138744571420,681.5019711152070,547.0493311221190
17,8/9/2021,1657.4397634193500,428.7354273290320,681.6258912806450,547.0784449096770
17,8/16/2021,1657.3666057419300,428.4793754129030,681.7722066580640,547.1150237709670
17,8/23/2021,1657.2934480645100,428.2233234967740,681.9185220354830,547.1516026322580
17,8/30/2021,1657.2202903870900,427.9672715806450,682.0648374129030,547.1881814935480
17,9/6/2021,1657.1298884000000,427.7237609800000,682.1646454000000,547.2414821000000
17,9/13/2021,1657.0164940000000,427.4969721333330,682.2024435333330,547.3170783666660
17,9/20/2021,1656.9030996000000,427.2701832866660,682.2402416666660,547.3926746333330
17,9/27/2021,1656.7897052000000,427.0433944400000,682.2780398000000,547.4682709000000
17,10/4/2021,1656.6322668921600,426.8180986074650,682.2857288211980,547.5284393571420
17,10/11/2021,1656.3162705161200,426.5981776258060,682.1850250387090,547.5330677000000
17,10/18/2021,1655.9870609677400,426.3787045483870,682.0752885225800,547.5330677000000
17,10/25/2021,1655.6578514193500,426.1592314709670,681.9655520064510,547.5330677000000
17,11/1/2021,1655.3330462617500,425.9426946545160,681.8580550110600,547.5322963095230
17,11/8/2021,1655.1535860000000,425.8230544500000,681.8244622000000,547.5060690333330
17,11/15/2021,1655.0401915999900,425.7474581600000,681.8244622000000,547.4682709000000
17,11/22/2021,1654.9267972000000,425.6718618700000,681.8244622000000,547.4304727666660
17,11/29/2021,1654.8134028000000,425.5962655799990,681.8244622000000,547.3926746333330
17,12/6/2021,1655.4227018387000,425.9606605612900,682.2634083419350,547.1986325645160
17,12/13/2021,1656.9955921290300,426.9117105709670,683.2876160064510,546.7962652483870
17,12/20/2021,1658.5684824193500,427.8627605806450,684.3118236709670,546.3938979322580
17,12/27/2021,1660.1413727096700,428.8138105903220,685.3360313354830,545.9915306161290
17,1/3/2022,1661.4168704562200,429.6158309963130,686.2015506654370,545.5994886972350
17,1/10/2022,1660.8584475161200,429.4988355129030,686.0884919322580,545.2711200612900
17,1/17/2022,1660.0026320322500,429.2328104258060,685.8167448645160,544.9530768225800
17,1/24/2022,1659.1468165483800,428.9667853387090,685.5449977967740,544.6350335838710
17,1/31/2022,1658.2910010645100,428.7007602516120,685.2732507290320,544.3169903451610
17,2/7/2022,1657.7625531428500,428.5405581142850,685.0182135571420,544.2037817857140
17,2/14/2022,1657.4796308928500,428.4597231892850,684.7757088071420,544.2441992357140
17,2/21/2022,1657.1967086428500,428.3788882642850,684.5332040571420,544.2846166857140
17,2/28/2022,1656.9137863928500,428.2980533392850,684.2906993071420,544.3250341357140
17,3/7/2022,1656.6673702580600,428.2008279290320,684.1450474483870,544.3214952806450
17,3/14/2022,1656.4483337096700,428.0913096548380,684.0720352580640,544.2849891967740
17,3/21/2022,1656.2292971612900,427.9817913806450,683.9990230677420,544.2484831129030
17,3/28/2022,1656.0102606129000,427.8722731064510,683.9260108774190,544.2119770290320
17,4/4/2022,1655.7589397818700,427.7466126814130,683.8525020055300,544.1598254711210
17,4/11/2022,1655.3913955333300,427.5628405133330,683.7772050800000,544.0513502066660
17,4/18/2022,1655.0141660000000,427.3742256999990,683.7017591499990,543.9381813000000
17,4/25/2022,1654.6369364666600,427.1856108866660,683.6263132200000,543.8250123933330
17,5/2/2022,1654.2649220798700,426.9906633826420,683.5532513622120,543.7210072629800
17,5/9/2022,1653.9554894516100,426.7197235903220,683.5087983709670,543.7269674483870
17,5/16/2022,1653.6634406451600,426.4276748290320,683.4722922870960,543.7634735548380
17,5/23/2022,1653.3713918387000,426.1356260677410,683.4357862032250,543.7999796612900
17,5/30/2022,1653.0793430322500,425.8435773064510,683.3992801193540,543.8364857677410
17,6/6/2022,1652.7831221000000,425.5635234100000,683.3784195000000,543.8411794100000
17,6/13/2022,1652.4813383333300,425.2994626666660,683.3784195000000,543.8034564333330
17,6/20/2022,1652.1795545666600,425.0354019233330,683.3784195000000,543.7657334566660
17,6/27/2022,1651.8777708000000,424.7713411800000,683.3784195000000,543.7280104800000
17,7/4/2022,1651.6003244511500,424.5090188266820,683.3933199470040,543.6979860700000
17,7/11/2022,1651.4104928064500,424.2529546774190,683.4618620032250,543.6956765000000
17,7/18/2022,1651.2279623870900,423.9974120451610,683.5348741935480,543.6956765000000
17,7/25/2022,1651.0454319677400,423.7418694129030,683.6078863838710,543.6956765000000
17,8/1/2022,1650.8651366175100,423.4893068691240,683.6808985737320,543.6949314778800
17,8/8/2022,1650.7585985483800,423.3350872451610,683.7539107483870,543.6696007258060
17,8/15/2022,1650.6855865161200,423.2255689483870,683.8269229161290,543.6330946419350
17,8/22/2022,1650.6125744838700,423.1160506516120,683.8999350838710,543.5965885580640
17,8/29/2022,1650.5395624516100,423.0065323548380,683.9729472516120,543.5600824741930
17,9/5/2022,1650.4773531843300,422.8958965315660,684.0467044486170,543.5347517221190
17,9/12/2022,1650.4389100000000,422.7828021500000,684.1221007100000,543.5340067000000
17,9/19/2022,1650.4011870000000,422.6696332666660,684.1975466400000,543.5340067000000
17,9/26/2022,1650.3634640000000,422.5564643833330,684.2729925699990,543.5340067000000
17,10/3/2022,1650.3661211935400,422.4884438516120,684.3481404910590,543.5295365645160
17,10/10/2022,1650.6177895806400,422.6988381548380,684.4214506903220,543.4975005935480
17,10/17/2022,1650.9098381612900,422.9543808096770,684.4944628806450,543.4609944870960
17,10/24/2022,1651.2018867419300,423.2099234645160,684.5674750709670,543.4244883806450
17,10/31/2022,1651.4939353225800,423.4654661193540,684.6404872612900,543.3879822741930
17,11/7/2022,1651.7053230000000,423.6612083199990,684.7364461333330,543.3076688666660
17,11/14/2022,1651.8562150000000,423.8121001800000,684.8496150166660,543.1944999833330
17,11/21/2022,1652.0071070000000,423.9629920399990,684.9627838999990,543.0813311000000
17,11/28/2022,1652.1579990000000,424.1138839000000,685.0759527833330,542.9681622166660
17,12/5/2022,1652.2291735345600,424.2297597060820,685.1544781309520,542.8449355349460
17,12/12/2022,1652.1249696451600,424.2686001935480,685.1567877000000,542.6995816967740
17,12/19/2022,1652.0154512580600,424.3051062774190,685.1567877000000,542.5535573387090
17,12/26/2022,1651.9059328709600,424.3416123612900,685.1567877000000,542.4075329806450
17,1/2/2023,1651.7258207235000,424.3482564354830,685.1288004027640,542.2487641552990
17,1/9/2023,1650.6985834516100,423.9965563935480,684.7649655387090,541.9370617225800
17,1/16/2023,1649.4360336451600,423.5453163193540,684.3078396838710,541.5828777322580
17,1/23/2023,1648.1734838387000,423.0940762451610,683.8507138290320,541.2286937419350
17,1/30/2023,1646.9109340322500,422.6428361709670,683.3935879741930,540.8745097516120
17,2/6/2023,1645.9477457857100,422.2813856142850,683.0287741142850,540.6375858678570
17,2/13/2023,1645.3837062857100,422.0396544142850,682.7870429142850,540.5570087928570
17,2/20/2023,1644.8196667857100,421.7979232142850,682.5453117142850,540.4764317178570
17,2/27/2023,1644.2556272857100,421.5561920142850,682.3035805142850,540.3958546428570
17,3/6/2023,1643.7773634193500,421.3712732161290,682.1030661483870,540.3030239161290
17,3/13/2023,1643.4134670645100,421.2621042870960,681.9575075612900,540.1938549870960
17,3/20/2023,1643.0495707096700,421.1529353580640,681.8119489741930,540.0846860580640
17,3/27/2023,1642.6856743548300,421.0437664290320,681.6663903870960,539.9755171290320
17,4/3/2023,1642.3617323087500,420.9571739296770,681.5386553004600,539.8659026125340
17,4/10/2023,1642.2841751666600,421.0098027466660,681.5208317999990,539.7535403066660
17,4/17/2023,1642.2465723333300,421.0850079933330,681.5208317999990,539.6407324133330
17,4/24/2023,1642.2089695000000,421.1602132400000,681.5208317999990,539.5279245200000
17,5/1/2023,1642.1765899470000,421.2375969147460,681.5200891543780,539.4189041202760
17,5/8/2023,1642.3165786451600,421.3868687161290,681.4948392032250,539.4348710096770
17,5/15/2023,1642.5349165483800,421.5688169387090,681.4584495677410,539.5076503032250
17,5/22/2023,1642.7532544516100,421.7507651612900,681.4220599322580,539.5804295967740
17,5/29/2023,1642.9715923548300,421.9327133838710,681.3856702967740,539.6532088903220
17,6/5/2023,1643.1576251958500,422.0704741781100,681.3719313527650,539.7152198154370
17,6/12/2023,1643.2725869000000,422.1110226300000,681.4080239300000,539.7535403300000
17,6/19/2023,1643.3853949333300,422.1486252533330,681.4456265533330,539.7911429533330
17,6/26/2023,1643.4982029666600,422.1862278766660,681.4832291766660,539.8287455766660
17,7/3/2023,1643.6194771262600,422.2281378473730,681.5295950211050,539.8617437971420
17,7/10/2023,1643.7929590645100,422.2966097935480,681.6300007290320,539.8663482000000
17,7/17/2023,1643.9749071290300,422.3693890870960,681.7391696580640,539.8663482000000
17,7/24/2023,1644.1568551935400,422.4421683806450,681.8483385870960,539.8663482000000
17,7/31/2023,1644.3388032580600,422.5149476741930,681.9575075161290,539.8663482000000
17,8/7/2023,1644.4375750645100,422.5253447225800,682.0250882903220,539.8871422903220
17,8/14/2023,1644.4739646774100,422.4889550870960,682.0614779483870,539.9235319483870
17,8/21/2023,1644.5103542903200,422.4525654516120,682.0978676064510,539.9599216064510
17,8/28/2023,1644.5467439032200,422.4161758161290,682.1342572645160,539.9963112645160
17,9/4/2023,1644.5296630645100,422.3718646225800,682.1478724474650,540.0099264474650
17,9/11/2023,1644.3200886000000,422.2990358200000,682.0794995200000,539.9415535200000
17,9/18/2023,1644.0944729999900,422.2238305500000,682.0042942500000,539.8663482500000
17,9/25/2023,1643.8688574000000,422.1486252800000,681.9290889800000,539.7911429800000
17,10/2/2023,1643.6459153087500,422.0624288534560,681.8584881142850,539.7249979894000
17,10/9/2023,1643.4550553225800,421.8443385483870,681.8431401000000,539.7675763516120
17,10/16/2023,1643.2731070322500,421.5896110548380,681.8431401000000,539.8403556451610
17,10/23/2023,1643.0911587419300,421.3348835612900,681.8431401000000,539.9131349387090
17,10/30/2023,1642.9092104516100,421.0801560677410,681.8431401000000,539.9859142322580
17,11/6/2023,1642.7568938000000,420.9023666700000,681.8592555100000,539.9952715700000
17,11/13/2023,1642.6440860000000,420.8271614000000,681.8968581333330,539.9200663000000
17,11/20/2023,1642.5312781999900,420.7519561300000,681.9344607566660,539.8448610300000
17,11/27/2023,1642.4184704000000,420.6767508600000,681.9720633800000,539.7696557600000
17,12/4/2023,1642.2841258442300,420.6020406872350,681.9871390861290,539.6949455872350
17,12/11/2023,1642.0722489677400,420.5291128645160,681.9211178903220,539.6220177645160
17,12/18/2023,1641.8539110645100,420.4563335709670,681.8483386193540,539.5492384709670
17,12/25/2023,1641.6355731612900,420.3835542774190,681.7755593483870,539.4764591774190
17,1/1/2024,1641.3849274746500,420.2991842576030,681.6914542129030,539.3942886940090
17,1/8/2024,1640.0681249354800,419.8323202709670,681.2335955483870,539.0022089451610
17,1/15/2024,1638.2667056451600,419.1915953903220,680.6058489161290,538.4692613483870
17,1/22/2024,1636.4652863548300,418.5508705096770,679.9781022838710,537.9363137516120
17,1/29/2024,1634.6638670645100,417.9101456290320,679.3503556516120,537.4033661548380
17,2/5/2024,1633.2834495062700,417.4299828800410,678.8436200872870,537.0098470204830
17,2/12/2024,1632.8292357586200,417.3030568206890,678.6031088724130,536.9230705034480
17,2/19/2024,1632.4030887931000,417.1868349034480,678.3706650620690,536.8455892172410
17,2/26/2024,1631.9769418275800,417.0706129862060,678.1382212517240,536.7681079310340
17,3/4/2024,1631.6525559807700,417.0002983437150,677.9384226126800,536.7138353273310
17,3/11/2024,1631.6945101612900,417.0952498903220,677.8561465903220,536.7431139806450
17,3/18/2024,1631.7669926774100,417.2039736193540,677.7836641193540,536.7793552387090
17,3/25/2024,1631.8394751935400,417.3126973483870,677.7111816483870,536.8155964967740
17,4/1/2024,1631.9120070175100,417.4230235810440,677.6378855981870,536.8510981373270
17,4/8/2024,1631.9861660000000,417.5862324333330,677.5377414333330,536.8621924000000
17,4/15/2024,1632.0610646000000,417.7734788400000,677.4253935800000,536.8621924000000
17,4/22/2024,1632.1359632000000,417.9607252466660,677.3130457266660,536.8621924000000
17,4/29/2024,1632.2108618000000,418.1479716533330,677.2006978733330,536.8621924000000
17,5/6/2024,1632.1915331290300,418.2083737161280,677.1054351838710,536.8777243580640
17,5/13/2024,1632.0465680967700,418.0996499870960,677.0329527129030,536.9139655935480
17,5/20/2024,1631.9016030645100,417.9909262580640,676.9604702419350,536.9502068290320
17,5/27/2024,1631.7566380322500,417.8822025290320,676.8879877709670,536.9864480645160
17,6/3/2024,1631.6202525917000,417.7867919096770,676.8197950788940,537.0136659719810
17,6/10/2024,1631.5367746333300,417.7734788000000,676.7780560233330,536.9852400233330
17,6/17/2024,1631.4618762666600,417.7734788000000,676.7406067466660,536.9477907466660
17,6/24/2024,1631.3869779000000,417.7734788000000,676.7031574700000,536.9103414700000
17,7/1/2024,1631.3195250069100,417.7779165027650,676.6686913154370,536.8729168467740
17,7/8/2024,1631.4977727419300,417.9287983967740,676.7326681903220,536.8363057870960
17,7/15/2024,1631.7877025806400,418.1462458322580,676.8413918967740,536.8000645290320
17,7/22/2024,1632.0776324193500,418.3636932677410,676.9501156032250,536.7638232709670
17,7/29/2024,1632.3675622580600,418.5811407032250,677.0588393096770,536.7275820129030
17,8/5/2024,1632.4910782258000,418.6432685442390,677.1453745046080,536.7024350175110
17,8/12/2024,1632.2484836774100,418.3636932774190,677.1830949741930,536.7016954000000
17,8/19/2024,1631.9947948709600,418.0737633709670,677.2193362096770,536.7016954000000
17,8/26/2024,1631.7411060645100,417.7838334645160,677.2555774451610,536.7016954000000
17,9/2/2024,1631.4960707972300,417.5024831158060,677.2918926437780,536.7016954000000
17,9/9/2024,1631.3548780000000,417.3240874600000,677.3290954000000,536.7016954000000
17,9/16/2024,1631.2425303333300,417.1742903300000,677.3665447000000,536.7016954000000
17,9/23/2024,1631.1301826666600,417.0244932000000,677.4039940000000,536.7016954000000
17,9/30/2024,1631.0178349999900,416.8746960700000,677.4414433000000,536.7016954000000
17,10/7/2024,1631.0939416129000,416.9347529774190,677.4782022774190,536.6809861225800
17,10/14/2024,1631.3113889354800,417.1522004129030,677.5144435129030,536.6447448870960
17,10/21/2024,1631.5288362580600,417.3696478483870,677.5506847483870,536.6085036516120
17,10/28/2024,1631.7462835806400,417.5870952838700,677.5869259838710,536.5722624161290
17,11/4/2024,1631.9193538986100,417.7601656917050,677.6234137583710,536.5357746416280
17,11/11/2024,1631.9326669999900,417.7734788000000,677.6607890733330,536.4983993266660
17,11/18/2024,1631.9326669999900,417.7734788000000,677.6982383500000,536.4609500500000
17,11/25/2024,1631.9326669999900,417.7734788000000,677.7356876266660,536.4235007733330
17,12/2/2024,1631.9282292949300,417.7712599488470,677.7730629416280,536.3839066072190
17,12/9/2024,1631.8705391290300,417.7424148838710,677.8095507161290,536.3185737677410
17,12/16/2024,1631.7980566129000,417.7061736483870,677.8457919516120,536.2460912967740
17,12/23/2024,1631.7255740967700,417.6699324129030,677.8820331870960,536.1736088258060
17,12/30/2024,1631.6530915806400,417.6336911774190,677.9182744225800,536.1011263548380
18,3/1/2021,2946.1420008801800,764.8270326581460,1211.3222493594400,969.9927192391700
18,3/8/2021,2945.7806038064500,764.7327798387090,1211.0100605806400,970.0377637709670
18,3/15/2021,2945.1963499354800,764.3432772129030,1210.7503921935400,970.1026808903220
18,3/22/2021,2944.6120960645100,763.9537745870960,1210.4907238064500,970.1675980096770
18,3/29/2021,2944.0278421935400,763.5642719612900,1210.2310554193500,970.2325151290320
18,4/5/2021,2943.4786965483800,763.2323998260360,1209.9687373548300,970.2775596608290
18,4/12/2021,2943.0067890000000,763.0273147700000,1209.7005900000000,970.2788845000000
18,4/19/2021,2942.5372220000000,762.8260717466660,1209.4322660000000,970.2788845000000
18,4/26/2021,2942.0676550000000,762.6248287233330,1209.1639420000000,970.2788845000000
18,5/3/2021,2941.6158408110600,762.4164315682940,1208.9284740000000,970.2709354649770
18,5/10/2021,2941.2735022903200,762.1639172677420,1208.8956180000000,970.2139673806450
18,5/17/2021,2940.9489165806400,761.9042488354830,1208.8956180000000,970.1490502612900
18,5/24/2021,2940.6243308709600,761.6445804032250,1208.8956180000000,970.0841331419350
18,5/31/2021,2940.2997451612900,761.3849119709670,1208.8956180000000,970.0192160225800
18,6/7/2021,2940.6972851333300,761.6569455533330,1208.9339500000000,970.1063904133330
18,6/14/2021,2941.6364193666600,762.3277556466660,1209.0010310000000,970.3076334366660
18,6/21/2021,2942.5755535999900,762.9985657400000,1209.0681119999900,970.5088764599990
18,6/28/2021,2943.5146878333300,763.6693758333330,1209.1351930000000,970.7101194833330
18,7/5/2021,2943.9874787694300,763.9361100639930,1209.2016115806400,970.8497574995230
18,7/12/2021,2943.4343144516100,763.3138773967740,1209.2665728387000,970.8538645000000
18,7/19/2021,2942.8500605806400,762.6647063387090,1209.3314899354800,970.8538645000000
18,7/26/2021,2942.2658067096700,762.0155352806450,1209.3964070322500,970.8538645000000
18,8/2/2021,2941.7093744516100,761.3782877723500,1209.4732476774100,970.8578390175110
18,8/9/2021,2941.4868015483800,760.8841228612900,1209.6931709032200,970.9095077451610
18,8/16/2021,2941.3569673548300,760.4297031161290,1209.9528392903200,970.9744248645160
18,8/23/2021,2941.2271331612900,759.9752833709670,1210.2125076774100,971.0393419838700
18,8/30/2021,2941.0972989677400,759.5208636258060,1210.4721760645100,971.1042591032250
18,9/6/2021,2940.9368609000000,759.0887011799990,1210.6493070000000,971.1988526100000
18,9/13/2021,2940.7356176666600,758.6862151333330,1210.7163880000000,971.3330146333330
18,9/20/2021,2940.5343744333300,758.2837290866660,1210.7834690000000,971.4671766566660
18,9/27/2021,2940.3331312000000,757.8812430400000,1210.8505499999900,971.6013386799990
18,10/4/2021,2940.0537225304100,757.4814066664510,1210.8641958387000,971.7081206985710
18,10/11/2021,2939.4929182903200,757.0911091161290,1210.6854750967700,971.7163347000000
18,10/18/2021,2938.9086644193500,756.7016064677420,1210.4907238064500,971.7163347000000
18,10/25/2021,2938.3244105483800,756.3121038193540,1210.2959725161200,971.7163347000000
18,11/1/2021,2937.7479732258000,755.9278122046080,1210.1051957419300,971.7149656995230
18,11/8/2021,2937.4294820000000,755.7154847000000,1210.0455780000000,971.6684196833330
18,11/15/2021,2937.2282390000000,755.5813227000000,1210.0455780000000,971.6013386600000
18,11/22/2021,2937.0269960000000,755.4471607000000,1210.0455780000000,971.5342576366660
18,11/29/2021,2936.8257530000000,755.3129987000000,1210.0455780000000,971.4671766133330
18,12/6/2021,2937.9070865483800,755.9596967322580,1210.8245832580600,971.1228068193540
18,12/13/2021,2940.6985221612900,757.6475414741930,1212.6422621935400,970.4087186645160
18,12/20/2021,2943.4899577741900,759.3353862161290,1214.4599411290300,969.6946305096770
18,12/27/2021,2946.2813933870900,761.0232309580640,1216.2776200645100,968.9805423548380
18,1/3/2022,2948.4785788801800,762.4294092336400,1217.7862056820200,968.2629638755760
18,1/10/2022,2947.0112219677400,762.0986443000000,1217.3887158387000,967.5238617290320
18,1/17/2022,2944.9496149354800,761.4862129000000,1216.6821326774100,966.7812692580640
18,1/24/2022,2942.8880079032200,760.8737815000000,1215.9755495161200,966.0386767870960
18,1/31/2022,2940.8264008709600,760.2613501000000,1215.2689663548300,965.2960843161290
18,2/7/2022,2939.6561711428500,759.9169698285710,1214.7204160000000,965.0187852428570
18,2/14/2022,2939.1544743928500,759.7736279035710,1214.2903902500000,965.0904562178570
18,2/21/2022,2938.6527776428500,759.6302859785710,1213.8603645000000,965.1621271928570
18,2/28/2022,2938.1510808928500,759.4869440535710,1213.4303387500000,965.2337981678570
18,3/7/2022,2937.7141192258000,759.3145374129030,1213.1720591612900,965.2275228290320
18,3/14/2022,2937.3257088709600,759.1203322354830,1213.0425891935400,965.1627877548380
18,3/21/2022,2936.9372985161200,758.9261270580640,1212.9131192258000,965.0980526806450
18,3/28/2022,2936.5488881612900,758.7319218806450,1212.7836492580600,965.0333176064510
18,4/4/2022,2936.1032291305600,758.5090923509980,1212.6532984946200,964.9408389385560
18,4/11/2022,2935.4514748666600,758.1832151533330,1212.5197768666600,964.7484833333330
18,4/18/2022,2934.7825460000000,757.8487506499990,1212.3859909999900,964.5478046500000
18,4/25/2022,2934.1136171333300,757.5142861466660,1212.2522051333300,964.3471259666660
18,5/2/2022,2933.4539361228800,757.1685920937010,1212.1226468648200,964.1626971038400
18,5/9/2022,2932.9052293870900,756.6881434451610,1212.0438197741900,964.1732660870960
18,5/16/2022,2932.3873488387100,756.1702629645160,1211.9790846774100,964.2380011387090
18,5/23/2022,2931.8694682903200,755.6523824838700,1211.9143495806400,964.3027361903220
18,5/30/2022,2931.3515877419300,755.1345020032250,1211.8496144838700,964.3674712419350
18,6/6/2022,2930.8263088999900,754.6378916000000,1211.8126230000000,964.3757943200000
18,6/13/2022,2930.2911656666600,754.1696413000000,1211.8126230000000,964.3089014333330
18,6/20/2022,2929.7560224333300,753.7013910000000,1211.8126230000000,964.2420085466660
18,6/27/2022,2929.2208791999900,753.2331407000000,1211.8126230000000,964.1751156600000
18,7/4/2022,2928.7288926963100,752.7679730267280,1211.8390454884700,964.1218743828570
18,7/11/2022,2928.3922704193500,752.3139028096770,1211.9605889354800,964.1177789000000
18,7/18/2022,2928.0685951612900,751.8607573806450,1212.0900591290300,964.1177789000000
18,7/25/2022,2927.7449199032200,751.4076119516120,1212.2195293225800,964.1177789000000
18,8/1/2022,2927.4252080138200,750.9597510175110,1212.3489995115200,964.1164577760360
18,8/8/2022,2927.2362872903200,750.6862784161290,1212.4784695483800,964.0715395612900
18,8/15/2022,2927.1068170967700,750.4920732387090,1212.6079395161200,964.0068044870960
18,8/22/2022,2926.9773469032200,750.2978680612900,1212.7374094838700,963.9420694129030
18,8/29/2022,2926.8478767096700,750.1036628838700,1212.8668794516100,963.8773343387090
18,9/5/2022,2926.7375628202700,749.9074760138240,1212.9976706129000,963.8324161239630
18,9/12/2022,2926.6693928000000,749.7069294199990,1213.1313684000000,963.8310950000000
18,9/19/2022,2926.6024998666600,749.5062507133330,1213.2651542666600,963.8310950000000
18,9/26/2022,2926.5356069333300,749.3055720066660,1213.3989401333300,963.8310950000000
18,10/3/2022,2926.5403189161200,749.1849533982480,1213.5321975502300,963.8231682589860
18,10/10/2022,2926.9865945483800,749.5580387290320,1213.6621961935400,963.7663599483870
18,10/17/2022,2927.5044750967700,750.0111841580640,1213.7916663870900,963.7016248967740
18,10/24/2022,2928.0223556451600,750.4643295870960,1213.9211365806400,963.6368898451610
18,10/31/2022,2928.5402361935400,750.9174750161290,1214.0506067741900,963.5721547935480
18,11/7/2022,2928.9150831333300,751.2645782533330,1214.2207674666600,963.4297376533330
18,11/14/2022,2929.1826548666600,751.5321498466660,1214.4214460333300,963.2290589466660
18,11/21/2022,2929.4502266000000,751.7997214400000,1214.6221246000000,963.0283802400000
18,11/28/2022,2929.7177983333300,752.0672930333330,1214.8228031666600,962.8277015333330
18,12/5/2022,2929.8440097533000,752.2727718146850,1214.9620495190400,962.6091876667580
18,12/12/2022,2929.6592284838700,752.3416464096770,1214.9661450000000,962.3514364483870
18,12/19/2022,2929.4650231935400,752.4063814838710,1214.9661450000000,962.0924962193540
18,12/26/2022,2929.2708179032200,752.4711165580640,1214.9661450000000,961.8335559903220
18,1/2/2023,2928.9670152165900,752.4868969603680,1214.9229831566800,961.5571348774190
18,1/9/2023,2927.3480437741900,751.9152213000000,1214.3618791935400,961.0709431580640
18,1/16/2023,2925.3637476774100,751.1803633999990,1213.6569024193500,960.5264818258060
18,1/23/2023,2923.3794515806400,750.4455055000000,1212.9519256451600,959.9820204935480
18,1/30/2023,2921.3951554838700,749.7106476000000,1212.2469488709600,959.4375591612900
18,2/6/2023,2919.8324524285700,749.1069489821420,1211.6603252142800,959.0651784642850
18,2/13/2023,2918.8318734285700,748.6781294071420,1211.2315057142800,958.9222386142850
18,2/20/2023,2917.8312944285700,748.2493098321420,1210.8026862142800,958.7792987642850
18,2/27/2023,2916.8307154285700,747.8204902571420,1210.3738667142800,958.6363589142850
18,3/6/2023,2915.9822982258000,747.4924531677410,1210.0181638709600,958.4716816677410
18,3/13/2023,2915.3367634193500,747.2987927258060,1209.7599499032200,958.2780212258060
18,3/20/2023,2914.6912286129000,747.1051322838710,1209.5017359354800,958.0843607838700
18,3/27/2023,2914.0456938064500,746.9114718419350,1209.2435219677400,957.8907003419350
18,4/3/2023,2913.4710361069100,746.7578609063590,1209.0169260368600,957.6962494463590
18,4/10/2023,2913.3334538999900,746.8512219266660,1208.9853080000000,957.4969240866660
18,4/17/2023,2913.2667487999900,746.9846324533330,1208.9853080000000,957.2968082733330
18,4/24/2023,2913.2000436999900,747.1180429799990,1208.9853080000000,957.0966924600000
18,5/1/2023,2913.1426044354800,747.2553179331790,1208.9839905806400,956.9032954792620
18,5/8/2023,2913.3909377419300,747.5201189612900,1208.9391983225800,956.9316199741930
18,5/15/2023,2913.7782585806400,747.8428863870960,1208.8746447741900,957.0607269580640
18,5/22/2023,2914.1655794193500,748.1656538129030,1208.8100912258000,957.1898339419350
18,5/29/2023,2914.5529002580600,748.4884212387090,1208.7455376774100,957.3189409258060
18,6/5/2023,2914.8829134216500,748.7328022882480,1208.7211654193500,957.4289453421660
18,6/12/2023,2915.0868497000000,748.8047333100000,1208.7851919999900,957.4969241100000
18,6/19/2023,2915.2869654666600,748.8714385733330,1208.8518973333300,957.5636293733330
18,6/26/2023,2915.4870812333300,748.9381438366660,1208.9186026666600,957.6303346366660
18,7/3/2023,2915.7022155539100,749.0124901242390,1209.0008535207300,957.6888719085710
18,7/10/2023,2916.0099642903200,749.1339560612900,1209.1789684193500,957.6970399000000
18,7/17/2023,2916.3327315806400,749.2630630225800,1209.3726288387000,957.6970399000000
18,7/24/2023,2916.6554988709600,749.3921699838710,1209.5662892580600,957.6970399000000
18,7/31/2023,2916.9782661612900,749.5212769451610,1209.7599496774100,957.6970399000000
18,8/7/2023,2917.1534827419300,749.5397207967740,1209.8798347419300,957.7339276032250
18,8/14/2023,2917.2180362903200,749.4751673161290,1209.9443882903200,957.7984810838700
18,8/21/2023,2917.2825898387000,749.4106138354830,1210.0089418387100,957.8630345645160
18,8/28/2023,2917.3471433870900,749.3460603548380,1210.0734953870900,957.9275880451610
18,9/4/2023,2917.3168428371700,749.2674544158210,1210.0976480752600,957.9517407079870
18,9/11/2023,2916.9450675333300,749.1382596266660,1209.9763576666600,957.8304504266660
18,9/18/2023,2916.5448360000000,749.0048491000000,1209.8429469999900,957.6970399000000
18,9/25/2023,2916.1446044666600,748.8714385733330,1209.7095363333300,957.5636293733330
18,10/2/2023,2915.7491156282600,748.7185302592930,1209.5842936666600,957.4462913459290
18,10/9/2023,2915.4105391290300,748.3316484967740,1209.5570670000000,957.5218233096770
18,10/16/2023,2915.0877716129000,747.8797741096770,1209.5570670000000,957.6509302709670
18,10/23/2023,2914.7650040967700,747.4278997225800,1209.5570670000000,957.7800372322580
18,10/30/2023,2914.4422365806400,746.9760253354830,1209.5570670000000,957.9091441935480
18,11/6/2023,2914.1720341000000,746.6606354600000,1209.5856550000000,957.9257436600000
18,11/13/2023,2913.9719183333300,746.5272249333330,1209.6523603333300,957.7923331333330
18,11/20/2023,2913.7718025666600,746.3938144066660,1209.7190656666600,957.6589226066660
18,11/27/2023,2913.5716867999900,746.2604038800000,1209.7857710000000,957.5255120800000
18,12/4/2023,2913.3333659165800,746.1278716273730,1209.8125146589800,957.3929798273730
18,12/11/2023,2912.9575066129000,745.9985011612900,1209.6953962903200,957.2636093612900
18,12/18/2023,2912.5701857741900,745.8693941774190,1209.5662894193500,957.1345023774190
18,12/25/2023,2912.1828649354800,745.7402871935480,1209.4371825483800,957.0053953935480
18,1/1/2024,2911.7464034147400,745.5927073285710,1209.2913806774100,956.8623156096770
18,1/8/2024,2909.6882993870900,744.8355223870960,1208.5946438064500,956.2581334258060
18,1/15/2024,2906.8930851290300,743.8012442290320,1207.6474819354800,955.4443592419350
18,1/22/2024,2904.0978708709600,742.7669660709670,1206.7003200645100,954.6305850580640
18,1/29/2024,2901.3026566129000,741.7326879129030,1205.7531581935400,953.8168108741930
18,2/5/2024,2899.1315609032200,740.9518729830280,1204.9696387355700,953.2100495467500
18,2/12/2024,2898.3335260000000,740.7286771551720,1204.5461325862000,953.0587165034480
18,2/19/2024,2897.5770989999900,740.5223788758620,1204.1335359310300,952.9211843172410
18,2/26/2024,2896.8206720000000,740.3160805965510,1203.7209392758600,952.7836521310340
18,3/4/2024,2896.2448748156600,740.1912694585090,1203.3662890611700,952.6873162218020
18,3/11/2024,2896.3193449677400,740.3598120290320,1203.2202460322500,952.7392869096770
18,3/18/2024,2896.4480040645100,740.5528007419350,1203.0915869354800,952.8036164806450
18,3/25/2024,2896.5766631612900,740.7457894548380,1202.9629278387000,952.8679460516130
18,4/1/2024,2896.7054097812600,740.9416226721040,1202.8328246092100,952.9309627741930
18,4/8/2024,2896.8370446666600,741.2313245333330,1202.6550650000000,952.9506555000000
18,4/15/2024,2896.9699924000000,741.5636939599990,1202.4556434000000,952.9506555000000
18,4/22/2024,2897.1029401333300,741.8960633866660,1202.2562218000000,952.9506555000000
18,4/29/2024,2897.2358878666600,742.2284328133330,1202.0568002000000,952.9506555000000
18,5/6/2024,2897.2015787741900,742.3356487516120,1201.8877053870900,952.9782253161290
18,5/13/2024,2896.9442605806400,742.1426600387090,1201.7590462903200,953.0425548870960
18,5/20/2024,2896.6869423870900,741.9496713258060,1201.6303871935400,953.1068844580640
18,5/27/2024,2896.4296241935400,741.7566826129030,1201.5017280967700,953.1712140290320
18,6/3/2024,2896.1875350359400,741.5873251709670,1201.3806834894000,953.2195268496770
18,6/10/2024,2896.0393582666600,741.5636939000000,1201.3065949000000,953.1690697100000
18,6/17/2024,2895.9064105333300,741.5636939000000,1201.2401207999900,953.1025958200000
18,6/24/2024,2895.7734628000000,741.5636939000000,1201.1736466999900,953.0361219300000
18,7/1/2024,2895.6537310737300,741.5715709903220,1201.1124677626700,952.9696918016120
18,7/8/2024,2895.9701275806400,741.8393920612900,1201.2260291935400,952.9047058064510
18,7/15/2024,2896.4847641935400,742.2253694870960,1201.4190180645100,952.8403762354830
18,7/22/2024,2896.9994008064500,742.6113469129030,1201.6120069354800,952.7760466645160
18,7/29/2024,2897.5140374193500,742.9973243387090,1201.8049958064500,952.7117170935480
18,8/5/2024,2897.7332831105900,743.1076036101380,1201.9585991705000,952.6670802483870
18,8/12/2024,2897.3026687741900,742.6113469419350,1202.0255544193500,952.6657674000000
18,8/19/2024,2896.8523617096700,742.0967103967740,1202.0898839677400,952.6657674000000
18,8/26/2024,2896.4020546451600,741.5820738516120,1202.1542135161200,952.6657674000000
18,9/2/2024,2895.9671079152000,741.0826663463590,1202.2186743493000,952.6657674000000
18,9/9/2024,2895.7164851999900,740.7660073199990,1202.2847106000000,952.6657674000000
18,9/16/2024,2895.5170636000000,740.5001117599990,1202.3511844666600,952.6657674000000
18,9/23/2024,2895.3176419999900,740.2342161999990,1202.4176583333300,952.6657674000000
18,9/30/2024,2895.1182203999900,739.9683206399990,1202.4841322000000,952.6657674000000
18,10/7/2024,2895.2533124516100,740.0749239161290,1202.5493807419300,952.6290076451610
18,10/14/2024,2895.6392897419300,740.4609013193540,1202.6137102903200,952.5646780741930
18,10/21/2024,2896.0252670322500,740.8468787225800,1202.6780398387000,952.5003485032250
18,10/28/2024,2896.4112443225800,741.2328561258060,1202.7423693870900,952.4360189322580
18,11/4/2024,2896.7184507373200,741.5400626304140,1202.8071365514500,952.3712517451610
18,11/11/2024,2896.7420820000000,741.5636939000000,1202.8734791333300,952.3049091400000
18,11/18/2024,2896.7420820000000,741.5636939000000,1202.9399529999900,952.2384352500000
18,11/25/2024,2896.7420820000000,741.5636939000000,1203.0064268666600,952.1719613600000
18,12/2/2024,2896.7342049124400,741.5597553548380,1203.0727694485400,952.1016802096770
18,12/9/2024,2896.6318027741900,741.5085542677410,1203.1375366129000,951.9857119354830
18,12/16/2024,2896.5031436774100,741.4442246967740,1203.2018661612900,951.8570527935480
18,12/23/2024,2896.3744845806400,741.3798951258060,1203.2661957096700,951.7283936516120
18,12/30/2024,2896.2458254838700,741.3155655548380,1203.3305252580600,951.5997345096770
19,3/1/2021,1531.8631913831400,397.6761400251970,629.8338524021890,504.3531988571420
19,3/8/2021,1531.6752808387000,397.6271327354830,629.6715280516120,504.3766200000000
19,3/15/2021,1531.3714946129000,397.4246086451610,629.5365119838700,504.4103740000000
19,3/22/2021,1531.0677083870900,397.2220845548380,629.4014959161290,504.4441280000000
19,3/29/2021,1530.7639221612900,397.0195604645160,629.2664798483870,504.4778820000000
19,4/5/2021,1530.4783907188900,396.8470016732710,629.1300860728110,504.5013031428570
19,4/12/2021,1530.2330198000000,396.7403665400000,628.9906613400000,504.5019920000000
19,4/19/2021,1529.9888658666600,396.6357290933330,628.8511447600000,504.5019920000000
19,4/26/2021,1529.7447119333300,396.5310916466660,628.7116281799990,504.5019920000000
19,5/3/2021,1529.5097886580600,396.4227343688470,628.5891952628570,504.4978588571420
19,5/10/2021,1529.3317877741900,396.2914381322580,628.5721115999990,504.4682380000000
19,5/17/2021,1529.1630175483800,396.1564220645160,628.5721115999990,504.4344839999990
19,5/24/2021,1528.9942473225800,396.0214059967740,628.5721115999990,504.4007299999990
19,5/31/2021,1528.8254770967700,395.8863899290320,628.5721115999990,504.3669759999990
19,6/7/2021,1529.0321801999900,396.0278353266660,628.5920425333330,504.4123028266660
19,6/14/2021,1529.5204883000000,396.3766268233330,628.6269216666660,504.5169402733330
19,6/21/2021,1530.0087964000000,396.7254183199990,628.6618007999990,504.6215777200000
19,6/28/2021,1530.4971045000000,397.0742098166660,628.6966799333330,504.7262151666660
19,7/5/2021,1530.7429348142800,397.2128997863740,628.7312146450070,504.7988207419040
19,7/12/2021,1530.4553140000000,396.8893663967740,628.7649916290320,504.8009562000000
19,7/19/2021,1530.1515280000000,396.5518262387090,628.7987456516120,504.8009562000000
19,7/26/2021,1529.8477420000000,396.2142860806450,628.8324996741930,504.8009562000000
19,8/2/2021,1529.5584220000000,395.8829456396310,628.8724534138240,504.8030227714280
19,8/9/2021,1529.4426939999900,395.6260018032250,628.9868037580640,504.8298881999990
19,8/16/2021,1529.3751860000000,395.3897236903220,629.1218198258060,504.8636421999990
19,8/23/2021,1529.3076780000000,395.1534455774190,629.2568358935480,504.8973962000000
19,8/30/2021,1529.2401699999900,394.9171674645160,629.3918519612900,504.9311502000000
19,9/6/2021,1529.1567493000000,394.6924621600000,629.4839522100000,504.9803346200000
19,9/13/2021,1529.0521116666600,394.4831872666660,629.5188313666660,505.0500929333330
19,9/20/2021,1528.9474740333300,394.2739123733330,629.5537105233330,505.1198512466660
19,9/27/2021,1528.8428364000000,394.0646374800000,629.5885896800000,505.1896095600000
19,10/4/2021,1528.6975562428500,393.8567402969580,629.5956849133180,505.2451314828570
19,10/11/2021,1528.4059630000000,393.6538028709670,629.5027580225800,505.2494024000000
19,10/18/2021,1528.1021770000000,393.4512787580640,629.4014959548380,505.2494024000000
19,10/25/2021,1527.7983910000000,393.2487546451610,629.3002338870960,505.2494024000000
19,11/1/2021,1527.4986692571400,393.0489400388470,629.2010383921660,505.2486905804760
19,11/8/2021,1527.3330680000000,392.9385391500000,629.1700398000000,505.2244887166660
19,11/15/2021,1527.2284306000000,392.8687808600000,629.1700398000000,505.1896095600000
19,11/22/2021,1527.1237932000000,392.7990225700000,629.1700398000000,505.1547304033330
19,11/29/2021,1527.0191558000000,392.7292642800000,629.1700398000000,505.1198512466660
19,12/6/2021,1527.5814012903200,393.0655185838710,629.5750879935480,504.9407942225800
19,12/13/2021,1529.0328239677400,393.9431230129030,630.5202004451610,504.5695000419350
19,12/20/2021,1530.4842466451600,394.8207274419350,631.4653128967740,504.1982058612900
19,12/27/2021,1531.9356693225800,395.6983318709670,632.4104253483870,503.8269116806450
19,1/3/2022,1533.0671891705000,396.4266595433170,633.1903105299540,503.4502187000000
19,1/10/2022,1532.2259749032200,396.2344472161290,632.9512942129030,503.0402331193540
19,1/17/2022,1531.0648578064500,395.8929581322580,632.5470506258060,502.6248487387090
19,1/24/2022,1529.9037407096700,395.5514690483870,632.1428070387090,502.2094643580640
19,1/31/2022,1528.7426236129000,395.2099799645160,631.7385634516120,501.7940799774190
19,2/7/2022,1528.0959775714200,395.0210490999990,631.4375810142850,501.6373472999990
19,2/14/2022,1527.8351848214200,394.9465369000000,631.2140444392850,501.6746033999990
19,2/21/2022,1527.5743920714200,394.8720247000000,630.9905078642850,501.7118595000000
19,2/28/2022,1527.3135993214200,394.7975125000000,630.7669712892850,501.7491156000000
19,3/7/2022,1527.0864573225800,394.7078918483870,630.6327120032250,501.7458535451610
19,3/14/2022,1526.8845533870900,394.6069398580640,630.5654106838700,501.7122028741930
19,3/21/2022,1526.6826494516100,394.5059878677410,630.4981093645160,501.6785522032250
19,3/28/2022,1526.4807455161200,394.4050358774190,630.4308080451610,501.6449015322580
19,4/4/2022,1526.2490824654300,394.2892043388630,630.3630488889400,501.5968291499230
19,4/11/2022,1525.9102865999900,394.1198064266660,630.2936415200000,501.4968386066660
19,4/18/2022,1525.5625630000000,393.9459446500000,630.2240968000000,501.3925215499990
19,4/25/2022,1525.2148393999900,393.7720828733330,630.1545520799990,501.2882044933330
19,5/2/2022,1524.8719230414700,393.5923837367120,630.0872049562210,501.1923344403990
19,5/9/2022,1524.5866935806400,393.3426362806450,630.0462289870960,501.1978284322580
19,5/16/2022,1524.3174882580600,393.0734309580640,630.0125783387090,501.2314791032250
19,5/23/2022,1524.0482829354800,392.8042256354830,629.9789276903220,501.2651297741930
19,5/30/2022,1523.7790776129000,392.5350203129030,629.9452770419350,501.2987804451610
19,6/6/2022,1523.5060265000000,392.2768716300000,629.9260481000000,501.3031069600000
19,6/13/2022,1523.2278476666600,392.0334651333330,629.9260481000000,501.2683346000000
19,6/20/2022,1522.9496688333300,391.7900586366660,629.9260481000000,501.2335622400000
19,6/27/2022,1522.6714900000000,391.5466521399990,629.9260481000000,501.1987898800000
19,7/4/2022,1522.4157449377800,391.3048480606910,629.9397830631330,501.1711139200000
19,7/11/2022,1522.2407614516100,391.0688126838700,630.0029638935480,501.1689849999990
19,7/18/2022,1522.0725080967700,390.8332580322580,630.0702652129030,501.1689849999990
19,7/25/2022,1521.9042547419300,390.5977033806450,630.1375665322580,501.1689849999990
19,8/1/2022,1521.7380616313300,390.3648957216580,630.2048678520730,501.1682982516120
19,8/8/2022,1521.6398565806400,390.2227388193540,630.2721691870960,501.1449488064510
19,8/15/2022,1521.5725551935400,390.1217868064510,630.3394705290320,501.1112981354830
19,8/22/2022,1521.5052538064500,390.0208347935480,630.4067718709670,501.0776474645160
19,8/29/2022,1521.4379524193500,389.9198827806450,630.4740732129030,501.0439967935480
19,9/5/2022,1521.3806089262600,389.8179006523040,630.5420612960830,501.0206473483870
19,9/12/2022,1521.3451728000000,389.7136522699990,630.6115602100000,501.0199606000000
19,9/19/2022,1521.3104005333300,389.6093352133330,630.6811049066660,501.0199606000000
19,9/26/2022,1521.2756282666600,389.5050181566660,630.7506496033330,501.0199606000000
19,10/3/2022,1521.2780777456200,389.4423180466350,630.8199196035020,501.0158401096770
19,10/10/2022,1521.5100613225800,389.6362557741930,630.8874956419350,500.9863099290320
19,10/17/2022,1521.7792666451600,389.8718104483870,630.9547969838710,500.9526592580640
19,10/24/2022,1522.0484719677400,390.1073651225800,631.0220983258060,500.9190085870960
19,10/31/2022,1522.3176772903200,390.3429197967740,631.0893996677420,500.8853579161290
19,11/7/2022,1522.5125307333300,390.5233514666660,631.1778528466660,500.8113264533330
19,11/14/2022,1522.6516202666600,390.6624408833330,631.2821699033330,500.7070093966660
19,11/21/2022,1522.7907098000000,390.8015303000000,631.3864869600000,500.6026923400000
19,11/28/2022,1522.9297993333300,390.9406197166660,631.4908040166660,500.4983752833330
19,12/5/2022,1522.9954067053700,391.0474319593700,631.5631872804760,500.3847871232100
19,12/12/2022,1522.8993533225800,391.0832344193540,631.5653162000000,500.2508025354830
19,12/19/2022,1522.7984011290300,391.1168850677410,631.5653162000000,500.1161998741930
19,12/26/2022,1522.6974489354800,391.1505357161290,631.5653162000000,499.9815972129030
19,1/2/2023,1522.5285686958500,391.1559272990780,631.5383328368660,499.8343089133640
19,1/9/2023,1521.5445519032200,390.8222100967740,631.1875491161290,499.5347929548380
19,1/16/2023,1520.3341082903200,390.3942960096770,630.7468208516120,499.1929915354830
19,1/23/2023,1519.1236646774100,389.9663819225800,630.3060925870960,498.8511901161290
19,1/30/2023,1517.9132210645100,389.5384678354830,629.8653643225800,498.5093886967740
19,2/6/2023,1516.9987458214200,389.1984627107140,629.5180368107140,498.2822460107140
19,2/13/2023,1516.4788950714200,388.9756695357140,629.2952436357140,498.2079816357140
19,2/20/2023,1515.9590443214200,388.7528763607140,629.0724504607140,498.1337172607140
19,2/27/2023,1515.4391935714200,388.5300831857140,628.8496572857140,498.0594528857140
19,3/6/2023,1514.9983984516100,388.3596515354830,628.6648518806450,497.9738948354830
19,3/13/2023,1514.6630108387000,388.2590352516120,628.5306968354830,497.8732785516120
19,3/20/2023,1514.3276232258000,388.1584189677410,628.3965417903220,497.7726622677410
19,3/27/2023,1513.9922356129000,388.0578026838710,628.2623867451610,497.6720459838710
19,4/3/2023,1513.6936721852500,387.9779941212900,628.1446588483870,497.5710190241470
19,4/10/2023,1513.6221912333300,388.0264998400000,628.1282316999990,497.4674595633330
19,4/17/2023,1513.5875344666600,388.0958132800000,628.1282316999990,497.3634894266660
19,4/24/2023,1513.5528777000000,388.1651267200000,628.1282316999990,497.2595192899990
19,5/1/2023,1513.5230350023000,388.2364479221190,628.1275472354830,497.1590399214280
19,5/8/2023,1513.6520565806400,388.3740252741930,628.1042754419350,497.1737559000000
19,5/15/2023,1513.8532891935400,388.5417190580640,628.0707366806450,497.2408334000000
19,5/22/2023,1514.0545218064500,388.7094128419350,628.0371979193540,497.3079109000000
19,5/29/2023,1514.2557544193500,388.8771066258060,628.0036591580640,497.3749884000000
19,6/5/2023,1514.4272127834100,389.0040747778800,627.9909965645160,497.4321411714280
19,6/12/2023,1514.5331678000000,389.0414465400000,628.0242615400000,497.4674595400000
19,6/19/2023,1514.6371378666600,389.0761032599990,628.0589182599990,497.5021162600000
19,6/26/2023,1514.7411079333300,389.1107599799990,628.0935749800000,497.5367729800000
19,7/3/2023,1514.8528809069100,389.1493865914280,628.1363083812900,497.5671860200000
19,7/10/2023,1515.0127718064500,389.2124942000000,628.2288479838710,497.5714297000000
19,7/17/2023,1515.1804656129000,389.2795716999990,628.3294642677420,497.5714297000000
19,7/24/2023,1515.3481594193500,389.3466491999990,628.4300805516130,497.5714297000000
19,7/31/2023,1515.5158532258000,389.4137267000000,628.5306968354830,497.5714297000000
19,8/7/2023,1515.6068870322500,389.4233092064510,628.5929831064510,497.5905947064510
19,8/14/2023,1515.6404258387000,389.3897704677410,628.6265218677420,497.6241334677410
19,8/21/2023,1515.6739646451600,389.3562317290320,628.6600606290320,497.6576722290320
19,8/28/2023,1515.7075034516100,389.3226929903220,628.6935993903220,497.6912109903220
19,9/4/2023,1515.6917607941600,389.2818532921650,628.7061479064510,497.7037595064510
19,9/11/2023,1515.4986048666600,389.2147301400000,628.6431315400000,497.6407431400000
19,9/18/2023,1515.2906645000000,389.1454167000000,628.5738181000000,497.5714297000000
19,9/25/2023,1515.0827241333300,389.0761032599990,628.5045046600000,497.5021162600000
19,10/2/2023,1514.8772478417800,388.9966597465430,628.4394349000000,497.4411532870960
19,10/9/2023,1514.7013404516100,388.7956553516120,628.4252893000000,497.4803959193540
19,10/16/2023,1514.5336466451600,388.5608840451610,628.4252893000000,497.5474734419350
19,10/23/2023,1514.3659528387000,388.3261127387090,628.4252893000000,497.6145509645160
19,10/30/2023,1514.1982590322500,388.0913414322580,628.4252893000000,497.6816284870960
19,11/6/2023,1514.0578753999900,387.9274806400000,628.4401421800000,497.6902527400000
19,11/13/2023,1513.9539053333300,387.8581672000000,628.4747989000000,497.6209393000000
19,11/20/2023,1513.8499352666600,387.7888537600000,628.5094556200000,497.5516258600000
19,11/27/2023,1513.7459652000000,387.7195403199990,628.5441123400000,497.4823124200000
19,12/4/2023,1513.6221456341000,387.6506831942850,628.5580069696770,497.4134552942850
19,12/11/2023,1513.4268678709600,387.5834688000000,628.4971580741930,497.3462409000000
19,12/18/2023,1513.2256352580600,387.5163913000000,628.4300805516130,497.2791634000000
19,12/25/2023,1513.0244026451600,387.4493137999990,628.3630030290320,497.2120859000000
19,1/1/2024,1512.7921362995300,387.3712323562210,628.2849644640550,497.1359396525340
19,1/8/2024,1511.5357567741900,386.9300207677410,627.8452115000000,496.7605247387090
19,1/15/2024,1509.8138712580600,386.3237500225800,627.2410429000000,496.2490786129030
19,1/22/2024,1508.0919857419300,385.7174792774190,626.6368743000000,495.7376324870960
19,1/29/2024,1506.3701002258000,385.1112085322580,626.0327057000000,495.2261863612900
19,2/5/2024,1505.0551113384700,384.6577459930390,625.5479168980290,494.8494487873660
19,2/12/2024,1504.6352950344800,384.5404615068960,625.3257636517240,494.7690700275860
19,2/19/2024,1504.2426051724100,384.4333642344820,625.1115690586200,494.6976718379310
19,2/26/2024,1503.8499153103400,384.3262669620690,624.8973744655170,494.6262736482750
19,3/4/2024,1503.5509972041900,384.2614727597330,624.7132620638960,494.5762620108210
19,3/11/2024,1503.5896574193500,384.3489696096770,624.6374455516130,494.6032419612900
19,3/18/2024,1503.6564491612900,384.4491573806450,624.5706536967740,494.6366378774190
19,3/25/2024,1503.7232409032200,384.5493451516120,624.5038618419350,494.6700337935480
19,4/1/2024,1503.7900780864800,384.6510096137170,624.4363202828410,494.7027481603680
19,4/8/2024,1503.8584148333300,384.8014048833330,624.3440384833330,494.7129713999990
19,4/15/2024,1503.9274332000000,384.9739505200000,624.2405111200000,494.7129713999990
19,4/22/2024,1503.9964515666600,385.1464961566660,624.1369837566660,494.7129713999990
19,4/29/2024,1504.0654699333300,385.3190417933330,624.0334563933330,494.7129713999990
19,5/6/2024,1504.0476588387000,385.3747016838710,623.9456728193540,494.7272839451610
19,5/13/2024,1503.9140751290300,385.2745139129030,623.8788809645160,494.7606798838710
19,5/20/2024,1503.7804914193500,385.1743261419350,623.8120891096770,494.7940758225800
19,5/27/2024,1503.6469077096700,385.0741383709670,623.7452972548380,494.8274717612900
19,6/3/2024,1503.5212299603600,384.9862184903220,623.6824583858980,494.8525527928110
19,6/10/2024,1503.4443056333300,384.9739506000000,623.6439962633330,494.8263585633330
19,6/17/2024,1503.3752872666600,384.9739506000000,623.6094871266660,494.7918494266660
19,6/24/2024,1503.3062689000000,384.9739506000000,623.5749779900000,494.7573402900000
19,7/1/2024,1503.2441114677400,384.9780398972350,623.5432177702760,494.7228538721190
19,7/8/2024,1503.4083648709600,385.1170760032250,623.6021718096770,494.6891171741930
19,7/15/2024,1503.6755322903200,385.3174515677410,623.7023596032250,494.6557212580640
19,7/22/2024,1503.9426997096700,385.5178271322580,623.8025473967740,494.6223253419350
19,7/29/2024,1504.2098671290300,385.7182026967740,623.9027351903220,494.5889294258060
19,8/5/2024,1504.3236858847900,385.7754528511520,623.9824764907830,494.5657567493080
19,8/12/2024,1504.1001375806400,385.5178271032250,624.0172355064510,494.5650752000000
19,8/19/2024,1503.8663660322500,385.2506596612900,624.0506314225800,494.5650752000000
19,8/26/2024,1503.6325944838700,384.9834922193540,624.0840273387090,494.5650752000000
19,9/2/2024,1503.4067970792600,384.7242307534560,624.1174914111980,494.5650752000000
19,9/9/2024,1503.2766894000000,384.5598409999990,624.1517733600000,494.5650752000000
19,9/16/2024,1503.1731622000000,384.4218044999990,624.1862824966660,494.5650752000000
19,9/23/2024,1503.0696349999900,384.2837679999990,624.2207916333330,494.5650752000000
19,9/30/2024,1502.9661078000000,384.1457314999990,624.2553007700000,494.5650752000000
19,10/7/2024,1503.0362392580600,384.2010733354830,624.2891737806450,494.5459918064510
19,10/14/2024,1503.2366147096700,384.4014489225800,624.3225696967740,494.5125958677410
19,10/21/2024,1503.4369901612900,384.6018245096770,624.3559656129030,494.4791999290320
19,10/28/2024,1503.6373656129000,384.8022000967740,624.3893615290320,494.4458039903220
19,11/4/2024,1503.7968481152000,384.9616827069120,624.4229846330260,494.4121808731180
19,11/11/2024,1503.8091160000000,384.9739506000000,624.4574256133330,494.3777399133330
19,11/18/2024,1503.8091160000000,384.9739506000000,624.4919347499990,494.3432308000000
19,11/25/2024,1503.8091160000000,384.9739506000000,624.5264438866660,494.3087216866660
19,12/2/2024,1503.8050267096700,384.9719059506910,624.5608848669730,494.2722360775730
19,12/9/2024,1503.7518659354800,384.9453255096770,624.5945079709670,494.2120325193540
19,12/16/2024,1503.6850741935400,384.9119295709670,624.6279038870960,494.1452406419350
19,12/23/2024,1503.6182824516100,384.8785336322580,624.6612998032250,494.0784487645160
19,12/30/2024,1503.5514907096700,384.8451376935480,624.6946957193540,494.0116568870960
20,3/1/2021,2270.0318076604600,589.3068600046080,933.3358793828340,747.3890686018430
20,3/8/2021,2269.7533475806400,589.2342372612900,933.0953347741930,747.4237758645160
20,3/15/2021,2269.3031741935400,588.9341215870960,932.8952576580640,747.4737951548380
20,3/22/2021,2268.8530008064500,588.6340059129030,932.6951805419350,747.5238144451610
20,3/29/2021,2268.4028274193500,588.3338902387090,932.4951034258060,747.5738337354840
20,4/5/2021,2267.9797052119800,588.0781794382480,932.2929847135940,747.6085409981560
20,4/12/2021,2267.6160956000000,587.9201593600000,932.0863744899990,747.6095618000000
20,4/19/2021,2267.2542894000000,587.7650996066660,931.8796281599990,747.6095618000000
20,4/26/2021,2266.8924832000000,587.6100398533330,931.6728818299990,747.6095618000000
20,5/3/2021,2266.5443557723500,587.4494677698610,931.4914513771420,747.6034369889400
20,5/10/2021,2266.2805807741900,587.2549029838700,931.4661355000000,747.5595425096770
20,5/17/2021,2266.0304845483800,587.0548258677410,931.4661355000000,747.5095232193550
20,5/24/2021,2265.7803883225800,586.8547487516120,931.4661355000000,747.4595039290320
20,5/31/2021,2265.5302920967700,586.6546716354840,931.4661355000000,747.4094846387090
20,6/7/2021,2265.8366006666600,586.8642762200000,931.4956706866660,747.4766533733330
20,6/14/2021,2266.5602128333300,587.3811420800000,931.5473572633330,747.6317131266660
20,6/21/2021,2267.2838250000000,587.8980079400000,931.5990438400000,747.7867728800000
20,6/28/2021,2268.0074371666600,588.4148738000000,931.6507304166660,747.9418326333330
20,7/5/2021,2268.3717271559100,588.6203951821190,931.7019065926420,748.0494251152380
20,7/12/2021,2267.9455083548300,588.1409587129030,931.7519598870960,748.0525896000000
20,7/19/2021,2267.4953347419300,587.6407659451610,931.8019791548380,748.0525896000000
20,7/26/2021,2267.0451611290300,587.1405731774190,931.8519984225800,748.0525896000000
20,8/2/2021,2266.6164243548300,586.6495676235020,931.9112049055300,748.0556520055300
20,8/9/2021,2266.4449296451600,586.2688086354830,932.0806579709670,748.0954632774190
20,8/16/2021,2266.3448910645100,585.9186736935480,932.2807350870960,748.1454825677420
20,8/23/2021,2266.2448524838700,585.5685387516130,932.4808122032250,748.1955018580640
20,8/30/2021,2266.1448139032200,585.2184038096770,932.6808893193540,748.2455211483870
20,9/6/2021,2266.0211949000000,584.8854183300000,932.8173705000000,748.3184063900000
20,9/13/2021,2265.8661353333300,584.5752988000000,932.8690571000000,748.4217795666660
20,9/20/2021,2265.7110757666600,584.2651792700000,932.9207437000000,748.5251527433330
20,9/27/2021,2265.5560161999900,583.9550597400000,932.9724303000000,748.6285259200000
20,10/4/2021,2265.3407292769500,583.6469818178340,932.9829445635940,748.7108025300000
20,10/11/2021,2264.9086238709600,583.3462536838700,932.8452384161290,748.7171315000000
20,10/18/2021,2264.4584502580600,583.0461380322580,932.6951805677410,748.7171315000000
20,10/25/2021,2264.0082766451600,582.7460223806450,932.5451227193540,748.7171315000000
20,11/1/2021,2263.5641257631300,582.4499218815820,932.3981272760360,748.7160766714280
20,11/8/2021,2263.3187250000000,582.2863214166660,932.3521912000000,748.6802125000000
20,11/15/2021,2263.1636652000000,582.1829482400000,932.3521912000000,748.6285259000000
20,11/22/2021,2263.0086054000000,582.0795750633330,932.3521912000000,748.5768393000000
20,11/29/2021,2262.8535456000000,581.9762018866660,932.3521912000000,748.5251527000000
20,12/6/2021,2263.6867238709600,582.4744891612900,932.9524225387090,748.2598123322580
20,12/13/2021,2265.8375529032200,583.7749903709670,934.3529623290320,747.7096002741930
20,12/20/2021,2267.9883819354800,585.0754915806450,935.7535021193540,747.1593882161290
20,12/27/2021,2270.1392109677400,586.3759927903220,937.1540419096770,746.6091761580640
20,1/3/2022,2271.8329191336400,587.4596622949300,938.3167341433180,746.0565225147460
20,1/10/2022,2270.7077152903200,587.2062029516120,938.0126997774190,745.4888124290320
20,1/17/2022,2269.1253905806400,586.7359119032250,937.4708178548380,744.9186607580640
20,1/24/2022,2267.5430658709600,586.2656208548380,936.9289359322580,744.3485090870960
20,1/31/2022,2265.9607411612900,585.7953298064510,936.3870540096770,743.7783574161290
20,2/7/2022,2265.0617065714200,585.5306635285710,935.9654799571420,743.5655631857140
20,2/14/2022,2264.6751395714200,585.4202158285710,935.6341368071420,743.6207870357140
20,2/21/2022,2264.2885725714200,585.3097681285710,935.3027936571420,743.6760108857140
20,2/28/2022,2263.9020055714200,585.1993204285710,934.9714505071420,743.7312347357140
20,3/7/2022,2263.5653182580600,585.0664777903220,934.7724410354830,743.7263994677420
20,3/14/2022,2263.2660407096700,584.9168389483870,934.6726818225800,743.6765198612900
20,3/21/2022,2262.9667631612900,584.7672001064510,934.5729226096770,743.6266402548380
20,3/28/2022,2262.6674856129000,584.6175612645160,934.4731633967740,743.5767606483870
20,4/4/2022,2262.3240967818700,584.4458668093700,934.3727255450070,743.5055040629800
20,4/11/2022,2261.8219073333300,584.1947721466660,934.2698445933330,743.3572903533330
20,4/18/2022,2261.3064845000000,583.9370608000000,934.1667600500000,743.2026635499990
20,4/25/2022,2260.7910616666600,583.6793494533330,934.0636755066660,743.0480367466660
20,5/2/2022,2260.2827645084400,583.4129855219660,933.9638484084480,742.9059307439320
20,5/9/2022,2259.8599754516100,583.0427905741930,933.9031106516130,742.9140743483870
20,5/16/2022,2259.4609386451600,582.6437536774190,933.8532310451610,742.9639539548380
20,5/23/2022,2259.0619018387000,582.2447167806450,933.8033514387090,743.0138335612900
20,5/30/2022,2258.6628650322500,581.8456798838710,933.7534718322580,743.0637131677410
20,6/6/2022,2258.2581275999900,581.4630320000000,933.7249691999990,743.0701262599990
20,6/13/2022,2257.8457893333300,581.1022361333330,933.7249691999990,743.0185840000000
20,6/20/2022,2257.4334510666600,580.7414402666660,933.7249691999990,742.9670417400000
20,6/27/2022,2257.0211128000000,580.3806444000000,933.7249691999990,742.9154994800000
20,7/4/2022,2256.6420276423900,580.0222237576030,933.7453282230410,742.8744760485710
20,7/11/2022,2256.3826536774100,579.6723539225800,933.8389797290320,742.8713204000000
20,7/18/2022,2256.1332556451600,579.3231966548380,933.9387389419350,742.8713204000000
20,7/25/2022,2255.8838576129000,578.9740393870960,934.0384981548380,742.8713204000000
20,8/1/2022,2255.6375134331800,578.6289539239630,934.1382573682020,742.8703024488470
20,8/8/2022,2255.4919463870900,578.4182380129030,934.2380165967740,742.8356921096770
20,8/15/2022,2255.3921871290300,578.2685991709670,934.3377758322580,742.7858125032250
20,8/22/2022,2255.2924278709600,578.1189603290320,934.4375350677410,742.7359328967740
20,8/29/2022,2255.1926686129000,577.9693214870960,934.5372943032250,742.6860532903220
20,9/5/2022,2255.1076696889400,577.8181557182020,934.6380714829490,742.6514429511520
20,9/12/2022,2255.0551435000000,577.6636307100000,934.7410881400000,742.6504250000000
20,9/19/2022,2255.0036013333300,577.5090039066660,934.8441726600000,742.6504250000000
20,9/26/2022,2254.9520591666600,577.3543771033330,934.9472571800000,742.6504250000000
20,10/3/2022,2254.9556899354800,577.2614381482020,935.0499345223040,742.6443172930870
20,10/10/2022,2255.2995538064500,577.5489075903220,935.1501009354830,742.6005453935480
20,10/17/2022,2255.6985906129000,577.8980648806450,935.2498601709670,742.5506657870960
20,10/24/2022,2256.0976274193500,578.2472221709670,935.3496194064510,742.5007861806450
20,10/31/2022,2256.4966642258000,578.5963794612900,935.4493786419350,742.4509065741930
20,11/7/2022,2256.7854909333300,578.8638291933330,935.5804907733330,742.3411714266660
20,11/14/2022,2256.9916600666600,579.0699982566660,935.7351175766660,742.1865446233330
20,11/21/2022,2257.1978292000000,579.2761673200000,935.8897443799990,742.0319178200000
20,11/28/2022,2257.4039983333300,579.4823363833330,936.0443711833330,741.8772910166660
20,12/5/2022,2257.5012466786400,579.6406617353760,936.1516632509520,741.7089218730100
20,12/12/2022,2257.3588692903200,579.6937309225800,936.1548188999990,741.5103195806450
20,12/19/2022,2257.2092305161200,579.7436105290320,936.1548188999990,741.3108011322580
20,12/26/2022,2257.0595917419300,579.7934901354830,936.1548188999990,741.1112826838710
20,1/2/2023,2256.8119239308700,579.8021642788010,936.1159255852530,740.8938339875570
20,1/9/2023,2255.3879076774100,579.3163728645160,935.6103124935480,740.4612223161290
20,1/16/2023,2253.6371279677400,578.6932299064510,934.9750550193540,739.9688431516130
20,1/23/2023,2251.8863482580600,578.0700869483870,934.3397975451610,739.4764639870960
20,1/30/2023,2250.1355685483800,577.4469439903220,933.7045400709670,738.9840848225800
20,2/6/2023,2248.8048535357100,576.9493182392850,933.1999917392850,738.6555439464280
20,2/13/2023,2248.0342247857100,576.6190487642850,932.8697222642850,738.5454541214280
20,2/20/2023,2247.2635960357100,576.2887792892850,932.5394527892850,738.4353642964280
20,2/27/2023,2246.4929672857100,575.9585098142850,932.2091833142850,738.3252744714280
20,3/6/2023,2245.8395309677400,575.7058612806450,931.9352270677420,738.1984428806450
20,3/13/2023,2245.3423512258000,575.5567073354830,931.7363551258060,738.0492889354830
20,3/20/2023,2244.8451714838700,575.4075533903220,931.5374831838700,737.9001349903220
20,3/27/2023,2244.3479917419300,575.2583994451610,931.3386112419350,737.7509810451610
20,4/3/2023,2243.9054002949300,575.1400909426720,931.1640909663590,737.6012183055300
20,4/10/2023,2243.7994366666600,575.2119960033330,931.1397393000000,737.4477013333330
20,4/17/2023,2243.7480613333300,575.3147465066660,931.1397393000000,737.2935755666660
20,4/24/2023,2243.6966859999900,575.4174970100000,931.1397393000000,737.1394498000000
20,5/1/2023,2243.6524470599000,575.5232238278800,931.1387246470040,736.9904987626720
20,5/8/2023,2243.8437090967700,575.7271690258060,931.1042264451610,737.0123137935480
20,5/15/2023,2244.1420170322500,575.9757589419350,931.0545084483870,737.1117497645160
20,5/22/2023,2244.4403249677400,576.2243488580640,931.0047904516120,737.2111857354830
20,5/29/2023,2244.7386329032200,576.4729387741930,930.9550724548380,737.3106217064510
20,6/5/2023,2244.9928034400900,576.6611568578340,930.9363013744230,737.3953452158980
20,6/12/2023,2245.1498717000000,576.7165569100000,930.9856135100000,737.4477013100000
20,6/19/2023,2245.3039974666600,576.7679321733330,931.0369887733330,737.4990765733330
20,6/26/2023,2245.4581232333300,576.8193074366660,931.0883640366660,737.5504518366660
20,7/3/2023,2245.6238160331700,576.8765676846080,931.1517121998150,737.5955362514280
20,7/10/2023,2245.8608388709600,576.9701186709670,931.2888932451610,737.6018271000000
20,7/17/2023,2246.1094287419300,577.0695546419350,931.4380471903220,737.6018271000000
20,7/24/2023,2246.3580186129000,577.1689906129030,931.5872011354830,737.6018271000000
20,7/31/2023,2246.6066084838700,577.2684265838710,931.7363550806450,737.6018271000000
20,8/7/2023,2246.7415573225800,577.2826317161290,931.8286884838700,737.6302373709670
20,8/14/2023,2246.7912753870900,577.2329137193540,931.8784064806450,737.6799553451610
20,8/21/2023,2246.8409934516100,577.1831957225800,931.9281244774190,737.7296733193540
20,8/28/2023,2246.8907115161200,577.1334777258060,931.9778424741930,737.7793912935480
20,9/4/2023,2246.8673745606700,577.0729367685100,931.9964444505370,737.7979932519200
20,9/11/2023,2246.5810395333300,576.9734331533330,931.9030287533330,737.7045775533330
20,9/18/2023,2246.2727879999900,576.8706826499990,931.8002782500000,737.6018270500000
20,9/25/2023,2245.9645364666600,576.7679321466660,931.6975277466660,737.4990765466660
20,10/2/2023,2245.6599376881700,576.6501647831020,931.6010680904760,737.4087048070660
20,10/9/2023,2245.3991719677400,576.3521950967740,931.5800986000000,737.4668782322580
20,10/16/2023,2245.1505820967700,576.0041692096770,931.5800986000000,737.5663142032250
20,10/23/2023,2244.9019922258000,575.6561433225800,931.5800986000000,737.6657501741930
20,10/30/2023,2244.6534023548300,575.3081174354840,931.5800986000000,737.7651861451610
20,11/6/2023,2244.4452971000000,575.0652095700000,931.6021165600000,737.7779707700000
20,11/13/2023,2244.2911713333300,574.9624590666660,931.6534918000000,737.6752202666660
20,11/20/2023,2244.1370455666600,574.8597085633330,931.7048670400000,737.5724697633330
20,11/27/2023,2243.9829198000000,574.7569580600000,931.7562422800000,737.4697192599990
20,12/4/2023,2243.7993691009200,574.6548839918430,931.7768397218430,737.3676451918430
20,12/11/2023,2243.5098886451600,574.5552450903220,931.6866370903220,737.2680062903220
20,12/18/2023,2243.2115807096700,574.4558091193540,931.5872011193540,737.1685703193540
20,12/25/2023,2242.9132727741900,574.3563731483870,931.4877651483870,737.0691343483870
20,1/1/2024,2242.5678938018400,574.2403523142850,931.3716371972350,736.9559041834100
20,1/8/2024,2240.6691706129000,573.5770309967740,930.7046739000000,736.3874656161280
20,1/15/2024,2238.0643818709600,572.6649367322580,929.7873308999990,735.6121141387090
20,1/22/2024,2235.4595931290300,571.7528424677420,928.8699879000000,734.8367626612900
20,1/29/2024,2232.8548043870900,570.8407482032250,927.9526448999990,734.0614111838710
20,2/5/2024,2230.8692168012000,570.1592710647220,927.2189303852210,733.4910152660410
20,2/12/2024,2230.2458717586200,569.9851516034480,926.8891985379310,733.3715215793100
20,2/19/2024,2229.6638067931000,569.8264066172410,926.5717085896550,733.2656915965510
20,2/26/2024,2229.0817418275800,569.6676616310340,926.2542186413790,733.1598616137930
20,3/4/2024,2228.6386701927500,569.5716203918480,925.9813180255360,733.0857318539800
20,3/11/2024,2228.6959745483800,569.7013126419350,925.8689390064510,733.1257228967740
20,3/18/2024,2228.7949769032200,569.8498160161290,925.7699367870960,733.1752240064510
20,3/25/2024,2228.8939792580600,569.9983193903220,925.6709345677410,733.2247251161290
20,4/1/2024,2228.9930489566800,570.1490115891240,925.5708210980330,733.2732159990780
20,4/8/2024,2229.0943410000000,570.3719350000000,925.4340363666660,733.2883694000000
20,4/15/2024,2229.1966432000000,570.6276907800000,925.2805828800000,733.2883694000000
20,4/22/2024,2229.2989454000000,570.8834465600000,925.1271293933330,733.2883694000000
20,4/29/2024,2229.4012476000000,571.1392023400000,924.9736759066660,733.2883694000000
20,5/6/2024,2229.3748469354800,571.2217042064510,924.8435586677420,733.3095841709670
20,5/13/2024,2229.1768424516100,571.0732008548380,924.7445564258060,733.3590853032250
20,5/20/2024,2228.9788379677400,570.9246975032250,924.6455541838710,733.4085864354830
20,5/27/2024,2228.7808334838700,570.7761941516120,924.5465519419350,733.4580875677410
20,6/3/2024,2228.5945476470000,570.6458748838710,924.4534090177880,733.4952639282940
20,6/10/2024,2228.4805268000000,570.6276908000000,924.3963985533330,733.4564375300000
20,6/17/2024,2228.3782246000000,570.6276908000000,924.3452474066660,733.4052863600000
20,6/24/2024,2228.2759223999900,570.6276908000000,924.2940962600000,733.3541351900000
20,7/1/2024,2228.1837898156600,570.6337521612900,924.2470196949300,733.3030176947000
20,7/8/2024,2228.4272545483800,570.8398384451610,924.3344043225800,733.2530114645160
20,7/15/2024,2228.8232635161200,571.1368451483870,924.4829076741930,733.2035103548380
20,7/22/2024,2229.2192724838700,571.4338518516130,924.6314110258060,733.1540092451610
20,7/29/2024,2229.6152814516100,571.7308585548380,924.7799143774190,733.1045081354830
20,8/5/2024,2229.7839893364000,571.8157176105990,924.8981109271890,733.0701604267280
20,8/12/2024,2229.4526348387100,571.4338518419350,924.9496325129030,733.0691502000000
20,8/19/2024,2229.1061269354800,571.0378428967740,924.9991336451610,733.0691502000000
20,8/26/2024,2228.7596190322500,570.6418339516130,925.0486347774190,733.0691502000000
20,9/2/2024,2228.4249307843300,570.2575436377880,925.0982369309670,733.0691502000000
20,9/9/2024,2228.2320784000000,570.0138769000000,925.1490513400000,733.0691502000000
20,9/16/2024,2228.0786248666600,569.8092722666660,925.2002024866660,733.0691502000000
20,9/23/2024,2227.9251713333300,569.6046676333330,925.2513536333330,733.0691502000000
20,9/30/2024,2227.7717178000000,569.4000629999990,925.3025047800000,733.0691502000000
20,10/7/2024,2227.8756701935400,569.4820934290320,925.3527130612900,733.0408638387090
20,10/14/2024,2228.1726770322500,569.7791001548380,925.4022141935480,732.9913627064510
20,10/21/2024,2228.4696838709600,570.0761068806450,925.4517153258060,732.9418615741930
20,10/28/2024,2228.7666907096700,570.3731136064510,925.5012164580640,732.8923604419350
20,11/4/2024,2229.0030839078300,570.6095067147460,925.5510543279570,732.8425225720430
20,11/11/2024,2229.0212680000000,570.6276908000000,925.6021044533330,732.7914724466660
20,11/18/2024,2229.0212680000000,570.6276908000000,925.6532556000000,732.7403213000000
20,11/25/2024,2229.0212680000000,570.6276908000000,925.7044067466660,732.6891701533330
20,12/2/2024,2229.0152066313300,570.6246601184330,925.7554568706600,732.6350893477720
20,12/9/2024,2228.9364088387000,570.5852612580640,925.8052947225800,732.5458526354830
20,12/16/2024,2228.8374064838700,570.5357601258060,925.8547958322580,732.4468503935480
20,12/23/2024,2228.7384041290300,570.4862589935480,925.9042969419350,732.3478481516130
20,12/30/2024,2228.6394017741900,570.4367578612900,925.9537980516120,732.2488459096770
21,3/1/2021,1084.3892948872600,281.5106151340520,445.8525351776160,357.0261450345620
21,3/8/2021,1084.2562751612900,281.4759234096770,445.7376275451610,357.0427246096770
21,3/15/2021,1084.0412283870900,281.3325588032250,445.6420511483870,357.0666187032250
21,3/22/2021,1083.8261816129000,281.1891941967740,445.5464747516120,357.0905127967740
21,3/29/2021,1083.6111348387000,281.0458295903220,445.4508983548380,357.1144068903220
21,4/5/2021,1083.4090103525300,280.9236770940090,445.3543466815660,357.1309864654370
21,4/12/2021,1083.2353148999900,280.8481912400000,445.2556494000000,357.1314741000000
21,4/19/2021,1083.0624809333300,280.7741195266660,445.1568871000000,357.1314741000000
21,4/26/2021,1082.8896469666600,280.7000478133330,445.0581248000000,357.1314741000000
21,5/3/2021,1082.7233472921600,280.6233428734560,444.9714558428570,357.1285482926260
21,5/10/2021,1082.5973424193500,280.5303997032250,444.9593625000000,357.1075800064510
21,5/17/2021,1082.4778718387000,280.4348233064510,444.9593625000000,357.0836859129030
21,5/24/2021,1082.3584012580600,280.3392469096770,444.9593625000000,357.0597918193540
21,5/31/2021,1082.2389306774100,280.2436705129030,444.9593625000000,357.0358977258060
21,6/7/2021,1082.3852535333300,280.3437981733330,444.9734714066660,357.0679840933330
21,6/14/2021,1082.7309214666600,280.5907038766660,444.9981619933330,357.1420558066660
21,6/21/2021,1083.0765894000000,280.8376095800000,445.0228525800000,357.2161275200000
21,6/28/2021,1083.4222573333300,281.0845152833330,445.0475431666660,357.2901992333330
21,7/5/2021,1083.5962779072100,281.1826924030260,445.0719899289090,357.3415959323810
21,7/12/2021,1083.3926742903200,280.9536666387090,445.0959002774190,357.3431076000000
21,7/19/2021,1083.1776275161200,280.7147256354830,445.1197943709670,357.3431076000000
21,7/26/2021,1082.9625807419300,280.4757846322580,445.1436884645160,357.3431076000000
21,8/2/2021,1082.7577742811000,280.2412323400920,445.1719712705060,357.3445705036860
21,8/9/2021,1082.6758515806400,280.0593445806450,445.2529186258060,357.3635882516120
21,8/16/2021,1082.6280632580600,279.8920858580640,445.3484950225800,357.3874823451610
21,8/23/2021,1082.5802749354800,279.7248271354830,445.4440714193540,357.4113764387090
21,8/30/2021,1082.5324866129000,279.5575684129030,445.5396478161290,357.4352705322580
21,9/6/2021,1082.4734340000000,279.3985019600000,445.6048445800000,357.4700876500000
21,9/13/2021,1082.3993623333300,279.2503585333330,445.6295351666660,357.5194687999990
21,9/20/2021,1082.3252906666600,279.1022151066660,445.6542257533330,357.5688499500000
21,9/27/2021,1082.2512190000000,278.9540716800000,445.6789163400000,357.6182310999990
21,10/4/2021,1082.1483768571400,278.8069035227650,445.6839389899530,357.6575344642850
21,10/11/2021,1081.9419610000000,278.6632463354830,445.6181570677410,357.6605578000000
21,10/18/2021,1081.7269140000000,278.5198817290320,445.5464747645160,357.6605578000000
21,10/25/2021,1081.5118670000000,278.3765171225800,445.4747924612900,357.6605578000000
21,11/1/2021,1081.2996970476100,278.2350705463280,445.4045730622110,357.6600539104760
21,11/8/2021,1081.1824696666600,278.1569189666660,445.3826295000000,357.6429216666660
21,11/15/2021,1081.1083980000000,278.1075378400000,445.3826295000000,357.6182310800000
21,11/22/2021,1081.0343263333300,278.0581567133330,445.3826295000000,357.5935404933330
21,11/29/2021,1080.9602546666600,278.0087755866660,445.3826295000000,357.5688499066660
21,12/6/2021,1081.3582621935400,278.2468063483870,445.6693587096770,357.4420973870960
21,12/13/2021,1082.3857086451600,278.8680529612900,446.3383935322580,357.1792622903220
21,12/20/2021,1083.4131550967700,279.4892995741930,447.0074283548380,356.9164271935480
21,12/27/2021,1084.4406015483800,280.1105461870960,447.6764631774190,356.6535920967740
21,1/3/2022,1085.1260916036800,280.5962635668200,448.1808034055290,356.3490244534560
21,1/10/2022,1083.7028505483800,280.2462173419350,447.6695269677410,355.7871061064510
21,1/17/2022,1081.9376530967700,279.7606418838700,446.9935559354830,355.1834552129030
21,1/24/2022,1080.1724556451600,279.2750664258060,446.3175849032250,354.5798043193540
21,1/31/2022,1078.4072581935400,278.7894909677410,445.6416138709670,353.9761534258060
21,2/7/2022,1077.5456595714200,278.5513628000000,445.2618388000000,353.7324581000000
21,2/14/2022,1077.3617600714200,278.4988201000000,445.1042107000000,353.7587294500000
21,2/21/2022,1077.1778605714200,278.4462774000000,444.9465826000000,353.7850008000000
21,2/28/2022,1076.9939610714200,278.3937347000000,444.7889545000000,353.8112721500000
21,3/7/2022,1076.8337906129000,278.3305381806450,444.6942807999990,353.8089718935480
21,3/14/2022,1076.6914169354800,278.2593512967740,444.6468229000000,353.7852429322580
21,3/21/2022,1076.5490432580600,278.1881644129030,444.5993650000000,353.7615139709670
21,3/28/2022,1076.4066695806400,278.1169775290320,444.5519071000000,353.7377850096770
21,4/4/2022,1076.2433110890900,278.0352982473110,444.5041263523800,353.7038864935480
21,4/11/2022,1076.0044072666600,277.9158463333330,444.4551833533330,353.6333775799990
21,4/18/2022,1075.7592080000000,277.7932467000000,444.4061435000000,353.5598178000000
21,4/25/2022,1075.5140087333300,277.6706470666660,444.3571036466660,353.4862580200000
21,5/2/2022,1075.2721993210400,277.5439311849460,444.3096134397850,353.4186546935480
21,5/9/2022,1075.0710681612900,277.3678203225800,444.2807189903220,353.4225288096770
21,5/16/2022,1074.8812365161200,277.1779886322580,444.2569900290320,353.4462577709670
21,5/23/2022,1074.6914048709600,276.9881569419350,444.2332610677410,353.4699867322580
21,5/30/2022,1074.5015732258000,276.7983252516120,444.2095321064510,353.4937156935480
21,6/6/2022,1074.3090297000000,276.6162902200000,444.1959727000000,353.4967665600000
21,6/13/2022,1074.1128703333300,276.4446507333330,444.1959727000000,353.4722466333330
21,6/20/2022,1073.9167109666600,276.2730112466660,444.1959727000000,353.4477267066660
21,6/27/2022,1073.7205516000000,276.1013717600000,444.1959727000000,353.4232067800000
21,7/4/2022,1073.5402115313300,275.9308622284790,444.2056579903220,353.4036909200000
21,7/11/2022,1073.4168209354800,275.7644205354830,444.2502103258060,353.4021896999990
21,7/18/2022,1073.2981761290300,275.5983178290320,444.2976682483870,353.4021896999990
21,7/25/2022,1073.1795313225800,275.4322151225800,444.3451261709670,353.4021896999990
21,8/1/2022,1073.0623393087500,275.2680494737320,444.3925840930870,353.4017054354830
21,8/8/2022,1072.9930894516100,275.1678067258060,444.4400420000000,353.3852404419350
21,8/15/2022,1072.9456314838700,275.0966198419350,444.4874999000000,353.3615114806450
21,8/22/2022,1072.8981735161200,275.0254329580640,444.5349578000000,353.3377825193540
21,8/29/2022,1072.8507155483800,274.9542460741930,444.5824157000000,353.3140535580640
21,9/5/2022,1072.8102793870900,274.8823327935480,444.6303578714280,353.2975885645160
21,9/12/2022,1072.7852912000000,274.8088214400000,444.6793654399990,353.2971043000000
21,9/19/2022,1072.7607711333300,274.7352616600000,444.7284052933330,353.2971043000000
21,9/26/2022,1072.7362510666600,274.6617018800000,444.7774451466660,353.2971043000000
21,10/3/2022,1072.7379781760300,274.6174885296770,444.8262912941930,353.2941987156680
21,10/10/2022,1072.9015628709600,274.7542448290320,444.8739429225800,353.2733753612900
21,10/17/2022,1073.0913947419300,274.9203475580640,444.9214008451610,353.2496464225800
21,10/24/2022,1073.2812266129000,275.0864502870960,444.9688587677410,353.2259174838700
21,10/31/2022,1073.4710584838700,275.2525530161290,445.0163166903220,353.2021885451610
21,11/7/2022,1073.6084604666600,275.3797854333330,445.0786899599990,353.1499848400000
21,11/14/2022,1073.7065400333300,275.4778651166660,445.1522497400000,353.0764250600000
21,11/21/2022,1073.8046196000000,275.5759448000000,445.2258095200000,353.0028652800000
21,11/28/2022,1073.9026991666600,275.6740244833330,445.2993693000000,352.9293055000000
21,12/5/2022,1073.9489624867800,275.7493437415510,445.3504107800000,352.8492081490320
21,12/12/2022,1073.8812300645100,275.7745900645160,445.3519120000000,352.7547281419350
21,12/19/2022,1073.8100432258000,275.7983190258060,445.3519120000000,352.6598122967740
21,12/26/2022,1073.7388563870900,275.8220479870960,445.3519120000000,352.5648964516120
21,1/2/2023,1073.5695437926200,275.8129627755760,445.3120418921650,352.4445391396310
21,1/9/2023,1072.2227221290300,275.4101074903220,444.7937304903220,352.0188842258060
21,1/16/2023,1070.5488146129000,274.8978716290320,444.1425187290320,351.5084244225800
21,1/23/2023,1068.8749070967700,274.3856357677410,443.4913069677410,350.9979646193540
21,1/30/2023,1067.2009995806400,273.8733999064510,442.8400952064510,350.4875048161290
21,2/6/2023,1066.0879106785700,273.5135920892850,442.4008726000000,350.1734463035710
21,2/13/2023,1065.7225799285700,273.3570216642850,442.2443022000000,350.1212561785710
21,2/20/2023,1065.3572491785700,273.2004512392850,442.0877318000000,350.0690660535710
21,2/27/2023,1064.9919184285700,273.0438808142850,441.9311613999990,350.0168759285710
21,3/6/2023,1064.6821448064500,272.9241080516120,441.8012873322580,349.9567490516120
21,3/13/2023,1064.4464473548300,272.8533988387090,441.7070083741930,349.8860398387090
21,3/20/2023,1064.2107499032200,272.7826896258060,441.6127294161290,349.8153306258060
21,3/27/2023,1063.9750524516100,272.7119804129030,441.5184504580640,349.7446214129030
21,4/3/2023,1063.7652336267200,272.6558940595390,441.4357158622110,349.6736235909670
21,4/10/2023,1063.7149996666600,272.6899820066660,441.4241715000000,349.6008460133330
21,4/17/2023,1063.6906443333300,272.7386928133330,441.4241715000000,349.5277798266660
21,4/24/2023,1063.6662890000000,272.7874036200000,441.4241715000000,349.4547136400000
21,5/1/2023,1063.6453168018400,272.8375254036860,441.4236904847920,349.3841006299530
21,5/8/2023,1063.7359880645100,272.9342094290320,441.4073359677410,349.3944424483870
21,5/15/2023,1063.8774063548300,273.0520581096770,441.3837662225800,349.4415819161290
21,5/22/2023,1064.0188246451600,273.1699067903220,441.3601964774190,349.4887213838710
21,5/29/2023,1064.1602429354800,273.2877554709670,441.3366267322580,349.5358608516120
21,6/5/2023,1064.2807371267200,273.3769837605990,441.3277279509210,349.5760256057600
21,6/12/2023,1064.3551983000000,273.4032471899990,441.3511052899990,349.6008459900000
21,6/19/2023,1064.4282645333300,273.4276025933330,441.3754606933330,349.6252013933330
21,6/26/2023,1064.5013307666600,273.4519579966660,441.3998160966660,349.6495567966660
21,7/3/2023,1064.5798805566800,273.4791032854370,441.4298474766820,349.6709299057140
21,7/10/2023,1064.6922456129000,273.5234528677410,441.4948807129030,349.6739122000000
21,7/17/2023,1064.8100942258000,273.5705923354830,441.5655899258060,349.6739122000000
21,7/24/2023,1064.9279428387000,273.6177318032250,441.6362991387090,349.6739122000000
21,7/31/2023,1065.0457914516100,273.6648712709670,441.7070083516120,349.6739122000000
21,8/7/2023,1065.1097665161200,273.6716054870960,441.7507807258060,349.6873806129030
21,8/14/2023,1065.1333364193500,273.6480357645160,441.7743504709670,349.7109503354830
21,8/21/2023,1065.1569063225800,273.6244660419350,441.7979202161290,349.7345200580640
21,8/28/2023,1065.1804762258000,273.6008963193540,441.8214899612900,349.7580897806450
21,9/4/2023,1065.1694129923100,273.5721957632870,441.8303085781870,349.7669083795690
21,9/11/2023,1065.0336704666600,273.5250242066660,441.7860231333330,349.7226229333330
21,9/18/2023,1064.8875380000000,273.4763134000000,441.7373123500000,349.6739121500000
21,9/25/2023,1064.7414055333300,273.4276025933330,441.6886015666660,349.6252013666660
21,10/2/2023,1064.5970047311800,273.3717727643620,441.6428730761900,349.5823589660520
21,10/9/2023,1064.4733839032200,273.2305146677410,441.6329321000000,349.6099371580640
21,10/16/2023,1064.3555352903200,273.0655264967740,441.6329321000000,349.6570766258060
21,10/23/2023,1064.2376866774100,272.9005383258060,441.6329321000000,349.7042160935480
21,10/30/2023,1064.1198380645100,272.7355501548380,441.6329321000000,349.7513555612900
21,11/6/2023,1064.0211819000000,272.6203951500000,441.6433701200000,349.7574163499990
21,11/13/2023,1063.9481156666600,272.5716843666660,441.6677255000000,349.7087055666660
21,11/20/2023,1063.8750494333300,272.5229735833330,441.6920808800000,349.6599947833330
21,11/27/2023,1063.8019831999900,272.4742628000000,441.7164362600000,349.6112840000000
21,12/4/2023,1063.7149675211900,272.4258726887090,441.7262008547460,349.5628938933170
21,12/11/2023,1063.5777338387000,272.3786369967740,441.6834386225800,349.5156582225800
21,12/18/2023,1063.4363153225800,272.3314975064510,441.6362991548380,349.4685187548380
21,12/25/2023,1063.2948968064500,272.2843580161290,441.5891596870960,349.4213792870960
21,1/1/2024,1063.1098649907800,272.2239127967740,441.5252545423960,349.3606979244230
21,1/8/2024,1061.4855942903200,271.7243785193540,440.9080820580640,348.8531340290320
21,1/15/2024,1059.2071240967700,271.0252583064510,440.0394244193540,348.1424417096770
21,1/22/2024,1056.9286539032200,270.3261380935480,439.1707667806450,347.4317493903220
21,1/29/2024,1054.6501837096700,269.6270178806450,438.3021091419350,346.7210570709670
21,2/5/2024,1052.9851024951500,269.1189771752100,437.6534933384390,346.2126323662640
21,2/12/2024,1052.6694770344800,269.0313113862060,437.4889695724130,346.1491964137930
21,2/19/2024,1052.3947441724100,268.9563842310340,437.3391152620680,346.0992449689650
21,2/26/2024,1052.1200113103400,268.8814570758620,437.1892609517240,346.0492935241370
21,3/4/2024,1051.9108828770000,268.8361259003490,437.0604526698230,346.0143044959630
21,3/11/2024,1051.9379303870900,268.8973402516120,437.0074100903220,346.0331801677420
21,3/18/2024,1051.9846592258000,268.9674333967740,436.9606813193540,346.0565445645160
21,3/25/2024,1052.0313880645100,269.0375265419350,436.9139525483870,346.0799089612900
21,4/1/2024,1052.0781486915500,269.1086528061750,436.8666992710440,346.1027965336400
21,4/8/2024,1052.1259583333300,269.2138720000000,436.8021372833330,346.1099489000000
21,4/15/2024,1052.1742448000000,269.3345879800000,436.7297077000000,346.1099489000000
21,4/22/2024,1052.2225312666600,269.4553039600000,436.6572781166660,346.1099489000000
21,4/29/2024,1052.2708177333300,269.5760199400000,436.5848485333330,346.1099489000000
21,5/6/2024,1052.2583567096700,269.6149605806450,436.5234335838710,346.1199622032250
21,5/13/2024,1052.1648990322500,269.5448674354830,436.4767048129030,346.1433265774190
21,5/20/2024,1052.0714413548300,269.4747742903220,436.4299760419350,346.1666909516120
21,5/27/2024,1051.9779836774100,269.4046811451610,436.3832472709670,346.1900553258060
21,6/3/2024,1051.8900571972300,269.3431708341010,436.3392840817510,346.2076024476490
21,6/10/2024,1051.8362397666600,269.3345880000000,436.3123753133330,346.1892765133330
21,6/17/2024,1051.7879535333300,269.3345880000000,436.2882321266660,346.1651333266660
21,6/24/2024,1051.7396672999900,269.3345880000000,436.2640889399990,346.1409901400000
21,7/1/2024,1051.6961810898600,269.3374489447000,436.2418689437780,346.1168628470040
21,7/8/2024,1051.8110956451600,269.4347210645160,436.2831142322580,346.0932600451610
21,7/15/2024,1051.9980105483800,269.5749073548380,436.3532073774190,346.0698956483870
21,7/22/2024,1052.1849254516100,269.7150936451610,436.4233005225800,346.0465312516120
21,7/29/2024,1052.3718403548300,269.8552799354830,436.4933936677420,346.0231668548380
21,8/5/2024,1052.4514698663500,269.8953331589860,436.5491820870960,346.0069548244240
21,8/12/2024,1052.2950715161200,269.7150936354830,436.5735001096770,346.0064779999990
21,8/19/2024,1052.1315208064500,269.5281785741930,436.5968644838700,346.0064779999990
21,8/26/2024,1051.9679700967700,269.3412635129030,436.6202288580640,346.0064779999990
21,9/2/2024,1051.8099982387000,269.1598796123040,436.6436409146540,346.0064779999990
21,9/9/2024,1051.7189726000000,269.0448696400000,436.6676251600000,346.0064779999990
21,9/16/2024,1051.6465431333300,268.9482968700000,436.6917683466660,346.0064779999990
21,9/23/2024,1051.5741136666600,268.8517241000000,436.7159115333330,346.0064779999990
21,9/30/2024,1051.5016842000000,268.7551513299990,436.7400547200000,346.0064779999990
21,10/7/2024,1051.5507494516100,268.7938694516120,436.7637528838700,345.9931269290320
21,10/14/2024,1051.6909357419300,268.9340557419350,436.7871172806450,345.9697625548380
21,10/21/2024,1051.8311220322500,269.0742420322580,436.8104816774190,345.9463981806450
21,10/28/2024,1051.9713083225800,269.2144283225800,436.8338460741930,345.9230338064510
21,11/4/2024,1052.0828851658900,269.3260051658980,436.8573694076800,345.8995104909360
21,11/11/2024,1052.0914680000000,269.3345880000000,436.8814649133330,345.8754149866660
21,11/18/2024,1052.0914680000000,269.3345880000000,436.9056081000000,345.8512718000000
21,11/25/2024,1052.0914680000000,269.3345880000000,436.9297512866660,345.8271286133330
21,12/2/2024,1052.0886070506900,269.3331575281100,436.9538467923190,345.8016026357910
21,12/9/2024,1052.0514147096700,269.3145613935480,436.9773701258060,345.7594831677410
21,12/16/2024,1052.0046858709600,269.2911970193540,437.0007345225800,345.7127543967740
21,12/23/2024,1051.9579570322500,269.2678326451610,437.0240989193540,345.6660256258060
21,12/30/2024,1051.9112281935400,269.2444682709670,437.0474633161290,345.6192968548380
22,3/1/2021,769.1978284848740,199.6859935581130,316.2598555295250,253.2519793972350
22,3/8/2021,769.1034725741930,199.6613854161290,316.1783472548380,253.2637399032250
22,3/15/2021,768.9509317580640,199.5596915387090,316.1105513516120,253.2806888677410
22,3/22/2021,768.7983909419350,199.4579976612900,316.0427554483870,253.2976378322580
22,3/29/2021,768.6458501258060,199.3563037838700,315.9749595451610,253.3145867967740
22,4/5/2021,768.5024755993080,199.2696564566820,315.9064718398610,253.3263473027650
22,4/12/2021,768.3792669100000,199.2161115399990,315.8364621699990,253.3266932000000
22,4/19/2021,768.2566693066660,199.1635697266660,315.7664063800000,253.3266932000000
22,4/26/2021,768.1340717033330,199.1110279133330,315.6963505899990,253.3266932000000
22,5/3/2021,768.0161091260820,199.0566182494930,315.6348730599990,253.3246178165890
22,5/10/2021,767.9267292096770,198.9906901741930,315.6262948000000,253.3097442354830
22,5/17/2021,767.8419843193540,198.9228942483870,315.6262948000000,253.2927952709670
22,5/24/2021,767.7572394290320,198.8550983225800,315.6262948000000,253.2758463064510
22,5/31/2021,767.6724945387090,198.7873023967740,315.6262948000000,253.2588973419350
22,6/7/2021,767.7762868600000,198.8583266800000,315.6363027733330,253.2816573933330
22,6/14/2021,768.0214820900000,199.0334661200000,315.6538167266660,253.3341992066660
22,6/21/2021,768.2666773200000,199.2086055600000,315.6713306799990,253.3867410200000
22,6/28/2021,768.5118725499990,199.3837450000000,315.6888446333330,253.4392828333330
22,7/5/2021,768.6353118475110,199.4533856989860,315.7061856309060,253.4757404180950
22,7/12/2021,768.4908880935480,199.2909291677410,315.7231461258060,253.4768127000000
22,7/19/2021,768.3383472774190,199.1214393870960,315.7400950903220,253.4768127000000
22,7/26/2021,768.1858064612900,198.9519496064510,315.7570440548380,253.4768127000000
22,8/2/2021,768.0405294940090,198.7855729036860,315.7771060986170,253.4778503930870
22,8/9/2021,767.9824187129030,198.6565531354830,315.8345250935480,253.4913404032250
22,8/16/2021,767.9485207612900,198.5379102935480,315.9023210193540,253.5082893903220
22,8/23/2021,767.9146228096770,198.4192674516120,315.9701169451610,253.5252383774190
22,8/30/2021,767.8807248580640,198.3006246096770,316.0379128709670,253.5421873645160
22,9/6/2021,767.8388366700000,198.1877928400000,316.0841593700000,253.5668844500000
22,9/13/2021,767.7862948333330,198.0827091666660,316.1016733000000,253.6019123333330
22,9/20/2021,767.7337529966660,197.9776254933330,316.1191872300000,253.6369402166660
22,9/27/2021,767.6812111600000,197.8725418200000,316.1367011600000,253.6719681000000
22,10/4/2021,767.6082613729490,197.7681499463590,316.1402638969120,253.6998474357140
22,10/11/2021,767.4618429645160,197.6662485516120,316.0936023387090,253.7019920000000
22,10/18/2021,767.3093021709670,197.5645546967740,316.0427554225800,253.7019920000000
22,10/25/2021,767.1567613774190,197.4628608419350,315.9919085064510,253.7019920000000
22,11/1/2021,767.0062613789090,197.3625275166510,315.9420992824880,253.7016345728570
22,11/8/2021,766.9231076166660,197.3070916666660,315.9265339000000,253.6894820499990
22,11/15/2021,766.8705657800000,197.2720637600000,315.9265339000000,253.6719681200000
22,11/22/2021,766.8180239433330,197.2370358533330,315.9265339000000,253.6544541900000
22,11/29/2021,766.7654821066660,197.2020079466660,315.9265339000000,253.6369402600000
22,12/6/2021,767.0478036548380,197.3708520451610,316.1299216387090,253.5470299709670
22,12/13/2021,767.7766097161290,197.8115254838700,316.6044930290320,253.3605912032250
22,12/20/2021,768.5054157774190,198.2521989225800,317.0790644193540,253.1741524354830
22,12/27/2021,769.2342218387090,198.6928723612900,317.5536358096770,252.9877136677410
22,1/3/2022,769.7803781396310,199.0528977566820,317.9361427907830,252.7913375921650
22,1/10/2022,769.2001942516120,198.9155935516120,317.7509192483870,252.5336814516120
22,1/17/2022,768.4373606032250,198.6976413032250,317.4736312967740,252.2660880032250
22,1/24/2022,767.6745269548380,198.4796890548380,317.1963433451610,251.9984945548380
22,1/31/2022,766.9116933064510,198.2617368064510,316.9190553935480,251.7309011064510
22,2/7/2022,766.5100123142850,198.1469708999990,316.7361443000000,251.6268970999990
22,2/14/2022,766.3791958142850,198.1095947499990,316.6240158500000,251.6455851749990
22,2/21/2022,766.2483793142850,198.0722185999990,316.5118874000000,251.6642732499990
22,2/28/2022,766.1175628142850,198.0348424499990,316.3997589500000,251.6829613249990
22,3/7/2022,766.0036258516120,197.9898877387090,316.3324129967740,251.6813250419350
22,3/14/2022,765.9023485419350,197.9392491064510,316.2986539161290,251.6644454903220
22,3/21/2022,765.8010712322580,197.8886104741930,316.2648948354830,251.6475659387090
22,3/28/2022,765.6997939225800,197.8379718419350,316.2311357548380,251.6306863870960
22,4/4/2022,765.5835891230410,197.7798694577570,316.1971470158210,251.6065727419350
22,4/11/2022,765.4136453600000,197.6948975666660,316.1623315066660,251.5564163600000
22,4/18/2022,765.2392233500000,197.6076865500000,316.1274471000000,251.5040897500000
22,4/25/2022,765.0648013399990,197.5204755333330,316.0925626933330,251.4517631399990
22,5/2/2022,764.8927906930870,197.4303364311820,316.0587806247310,251.4036736419350
22,5/9/2022,764.7497164032250,197.3050603032250,316.0382266129030,251.4064294870960
22,5/16/2022,764.6146799903220,197.1700238903220,316.0213470612900,251.4233090387090
22,5/23/2022,764.4796435774190,197.0349874774190,316.0044675096770,251.4401885903220
22,5/30/2022,764.3446071645160,196.8999510645160,315.9875879580640,251.4570681419350
22,6/6/2022,764.2076416700000,196.7704608000000,315.9779425000000,251.4592383700000
22,6/13/2022,764.0681040666660,196.6483654000000,315.9779425000000,251.4417961666660
22,6/20/2022,763.9285664633330,196.5262700000000,315.9779425000000,251.4243539633330
22,6/27/2022,763.7890288600000,196.4041746000000,315.9779425000000,251.4069117599990
22,7/4/2022,763.6607442863130,196.2828829834100,315.9848321129030,251.3930291899990
22,7/11/2022,763.5729706193540,196.1644849870960,316.0165243322580,251.3919613000000
22,7/18/2022,763.4885728612900,196.0463281258060,316.0502834354830,251.3919613000000
22,7/25/2022,763.4041751032250,195.9281712645160,316.0840425387090,251.3919613000000
22,8/1/2022,763.3208107870960,195.8113923262670,316.1178016414740,251.3916168193540
22,8/8/2022,763.2715500548380,195.7400848483870,316.1515607290320,251.3799044774190
22,8/15/2022,763.2377909516120,195.6894462161290,316.1853198096770,251.3630249258060
22,8/22/2022,763.2040318483870,195.6388075838710,316.2190788903220,251.3461453741930
22,8/29/2022,763.1702727451610,195.5881689516120,316.2528379709670,251.3292658225800
22,9/5/2022,763.1415086112900,195.5370135914740,316.2869415391700,251.3175534806450
22,9/12/2022,763.1237334099990,195.4847214300000,316.3218029800000,251.3172090000000
22,9/19/2022,763.1062912066660,195.4323948199990,316.3566873866660,251.3172090000000
22,9/26/2022,763.0888490033330,195.3800682100000,316.3915717933330,251.3172090000000
22,10/3/2022,763.0900776509670,195.3486171243310,316.4263184077410,251.3151421161290
22,10/10/2022,763.2064432129030,195.4458984387090,316.4602153032250,251.3003294483870
22,10/17/2022,763.3414796258060,195.5640552774190,316.4939744064510,251.2834498967740
22,10/24/2022,763.4765160387090,195.6822121161290,316.5277335096770,251.2665703451610
22,10/31/2022,763.6115524516120,195.8003689548380,316.5614926129030,251.2496907935480
22,11/7/2022,763.7092930933330,195.8908754933330,316.6058617200000,251.2125557933330
22,11/14/2022,763.7790619066660,195.9606443066660,316.6581883300000,251.1602292066660
22,11/21/2022,763.8488307199990,196.0304131200000,316.7105149400000,251.1079026200000
22,11/28/2022,763.9185995333330,196.1001819333330,316.7628415500000,251.0555760333330
22,12/5/2022,763.9515089176340,196.1537601563440,316.7991498100000,250.9985989508140
22,12/12/2022,763.9033275580640,196.1717190806450,316.8002177000000,250.9313907774190
22,12/19/2022,763.8526889032250,196.1885986322580,316.8002177000000,250.8638725709670
22,12/26/2022,763.8020502483870,196.2054781838700,316.8002177000000,250.7963543645160
22,1/2/2023,763.7119343350230,196.2067961506910,316.7844400930870,250.7206980912440
22,1/9/2023,763.1480913193540,196.0213750999990,316.5793312032250,250.5473850161290
22,1/16/2023,762.4526574419350,195.7840821000000,316.3216302903220,250.3469450516120
22,1/23/2023,761.7572235645160,195.5467891000000,316.0639293774190,250.1465050870960
22,1/30/2023,761.0617896870960,195.3094961000000,315.8062284645160,249.9460651225800
22,2/6/2023,760.5527007571420,195.1260294642850,315.6111001642850,249.8155711178570
22,2/13/2023,760.2920717571420,195.0143313142850,315.4994020142850,249.7783383928570
22,2/20/2023,760.0314427571420,194.9026331642850,315.3877038642850,249.7411056678570
22,2/27/2023,759.7708137571420,194.7909350142850,315.2760057142850,249.7038729428570
22,3/6/2023,759.5498195709670,194.7054885032250,315.1833528741930,249.6609781032250
22,3/13/2023,759.3816718032250,194.6550441774190,315.1160937806450,249.6105337774190
22,3/20/2023,759.2135240354830,194.6045998516120,315.0488346870960,249.5600894516120
22,3/27/2023,759.0453762677410,194.5541555258060,314.9815755935480,249.5096451258060
22,4/3/2023,758.8956904397230,194.5141432247920,314.9225523073730,249.4589949047920
22,4/10/2023,758.8598532400000,194.5384617433330,314.9143165000000,249.4070749966660
22,4/17/2023,758.8424779800000,194.5732122866660,314.9143165000000,249.3549491933330
22,4/24/2023,758.8251027200000,194.6079628300000,314.9143165000000,249.3028233900000
22,5/1/2023,758.8101410092160,194.6437199716590,314.9139733414740,249.2524476960820
22,5/8/2023,758.8748264225800,194.7126948580640,314.9023059516120,249.2598256129030
22,5/15/2023,758.9757150741930,194.7967687193540,314.8854911838700,249.2934551709670
22,5/22/2023,759.0766037258060,194.8808425806450,314.8686764161290,249.3270847290320
22,5/29/2023,759.1774923774190,194.9649164419350,314.8518616483870,249.3607142870960
22,6/5/2023,759.2634536264970,195.0285723711980,314.8455132156680,249.3893680396310
22,6/12/2023,759.3165745900000,195.0473088500000,314.8621907200000,249.4070750200000
22,6/19/2023,759.3687003933330,195.0646841333330,314.8795659799990,249.4244502800000
22,6/26/2023,759.4208261966660,195.0820594166660,314.8969412400000,249.4418255400000
22,7/3/2023,759.4768640098610,195.1014250165890,314.9183657733640,249.4570732171420
22,7/10/2023,759.5570258838700,195.1330642354830,314.9647608258060,249.4592008000000
22,7/17/2023,759.6410997677410,195.1666937709670,315.0152051516120,249.4592008000000
22,7/24/2023,759.7251736516120,195.2003233064510,315.0656494774190,249.4592008000000
22,7/31/2023,759.8092475354830,195.2339528419350,315.1160938032250,249.4592008000000
22,8/7/2023,759.8548876387090,195.2387570612900,315.1473212387090,249.4688092516120
22,8/14/2023,759.8717024064510,195.2219422935480,315.1641360064510,249.4856240419350
22,8/21/2023,759.8885171741930,195.2051275258060,315.1809507741930,249.5024388322580
22,8/28/2023,759.9053319419350,195.1883127580640,315.1977655419350,249.5192536225800
22,9/4/2023,759.8974392863280,195.1678376279560,315.2040567815660,249.5255448754220
22,9/11/2023,759.8005999066660,195.1341851933330,315.1724633200000,249.4939513933330
22,9/18/2023,759.6963483000000,195.0994346499990,315.1377128000000,249.4592008500000
22,9/25/2023,759.5920966933330,195.0646841066660,315.1029622800000,249.4244503066660
22,10/2/2023,759.4890804574500,195.0248548158210,315.0703393428570,249.3938863001530
22,10/9/2023,759.4008886709670,194.9240805548380,315.0632474000000,249.4135607354830
22,10/16/2023,759.3168147870960,194.8063771354830,315.0632474000000,249.4471902935480
22,10/23/2023,759.2327409032250,194.6886737161290,315.0632474000000,249.4808198516120
22,10/30/2023,759.1486670193540,194.5709702967740,315.0632474000000,249.5144494096770
22,11/6/2023,759.0782851700000,194.4888181100000,315.0706939400000,249.5187732100000
22,11/13/2023,759.0261593666660,194.4540675666660,315.0880692000000,249.4840226666660
22,11/20/2023,758.9740335633330,194.4193170233330,315.1054444600000,249.4492721233330
22,11/27/2023,758.9219077600000,194.3845664799990,315.1228197199990,249.4145215799990
22,12/4/2023,758.8598303549770,194.3500447137780,315.1297858334560,249.3799998091700
22,12/11/2023,758.7619271838710,194.3163465451610,315.0992790193540,249.3463016193540
22,12/18/2023,758.6610385322580,194.2827170096770,315.0656494612900,249.3126720612900
22,12/25/2023,758.5601498806450,194.2490874741930,315.0320199032250,249.2790425032250
22,1/1/2024,758.4399962317970,194.2089938746540,314.9913545622120,249.2396477949300
22,1/8/2024,757.6840976741930,193.9555861612900,314.7185083838710,249.0100031290320
22,1/15/2024,756.6392241580640,193.6052174870960,314.3401254612900,248.6938812096770
22,1/22/2024,755.5943506419350,193.2548488129030,313.9617425387090,248.3777592903220
22,1/29/2024,754.5494771258060,192.9044801387090,313.5833596161290,248.0616373709670
22,2/5/2024,753.7642587458600,192.6449478781500,313.2879696019380,247.8313412657710
22,2/12/2024,753.5502816655170,192.5852557275860,313.1751639862060,247.7898619517240
22,2/19/2024,753.3536149275860,192.5316193379310,313.0678912310340,247.7541043586200
22,2/26/2024,753.1569481896550,192.4779829482750,312.9606184758620,247.7183467655170
22,3/4/2024,753.0072441842840,192.4455327559820,312.8684114561100,247.6932999721910
22,3/11/2024,753.0266060161290,192.4893528741930,312.8304410838700,247.7068120580640
22,3/18/2024,753.0600566677420,192.5395288516120,312.7969904322580,247.7235373838700
22,3/25/2024,753.0935073193540,192.5897048290320,312.7635397806450,247.7402627096770
22,4/1/2024,753.1269807260360,192.6406203611980,312.7297136630100,247.7566467023040
22,4/8/2024,753.1612050500000,192.7159412000000,312.6834971666660,247.7617667000000
22,4/15/2024,753.1957707000000,192.8023553600000,312.6316486800000,247.7617667000000
22,4/22/2024,753.2303363500000,192.8887695199990,312.5798001933330,247.7617667000000
22,4/29/2024,753.2649020000000,192.9751836799990,312.5279517066660,247.7617667000000
22,5/6/2024,753.2559818225800,193.0030592193540,312.4839880064510,247.7689346967740
22,5/13/2024,753.1890805419350,192.9528832645160,312.4505373548380,247.7856600225800
22,5/20/2024,753.1221792612900,192.9027073096770,312.4170867032250,247.8023853483870
22,5/27/2024,753.0552779806450,192.8525313548380,312.3836360516120,247.8191106741930
22,6/3/2024,752.9923361621190,192.8084993944700,312.3521651324420,247.8316717352070
22,6/10/2024,752.9538110266660,192.8023553999990,312.3329025633330,247.8185531633330
22,6/17/2024,752.9192453533330,192.8023553999990,312.3156197266660,247.8012703266660
22,6/24/2024,752.8846796800000,192.8023553999990,312.2983368900000,247.7839874900000
22,7/1/2024,752.8535500935480,192.8044033986170,312.2824307638240,247.7667160311060
22,7/8/2024,752.9358113741930,192.8740353516120,312.3119560838710,247.7498200387090
22,7/15/2024,753.0696139580640,192.9743872838700,312.3621320612900,247.7330947129030
22,7/22/2024,753.2034165419350,193.0747392161290,312.4123080387090,247.7163693870960
22,7/29/2024,753.3372191258060,193.1750911483870,312.4624840161290,247.6996440612900
22,8/5/2024,753.3942217580640,193.2037631267280,312.5024199912440,247.6880387331790
22,8/12/2024,753.2822644967740,193.0747392064510,312.5198279612900,247.6876974000000
22,8/19/2024,753.1651872387090,192.9409366225800,312.5365532645160,247.6876974000000
22,8/26/2024,753.0481099806450,192.8071340387090,312.5532785677420,247.6876974000000
22,9/2/2024,752.9350263194000,192.6772909183410,312.5700380056680,247.6876974000000
22,9/9/2024,752.8698658200000,192.5949613600000,312.5872070599990,247.6876974000000
22,9/16/2024,752.8180173100000,192.5258300133330,312.6044898966660,247.6876974000000
22,9/23/2024,752.7661688000000,192.4566986666660,312.6217727333330,247.6876974000000
22,9/30/2024,752.7143202900000,192.3875673200000,312.6390555700000,247.6876974000000
22,10/7/2024,752.7494434741930,192.4152835741930,312.6560198290320,247.6781400709670
22,10/14/2024,752.8497954290320,192.5156355290320,312.6727451548380,247.6614147451610
22,10/21/2024,752.9501473838710,192.6159874838700,312.6894704806450,247.6446894193540
22,10/28/2024,753.0504993387090,192.7163394387090,312.7061958064510,247.6279640935480
22,11/4/2024,753.1303713027650,192.7962114027640,312.7230349099840,247.6111249900150
22,11/11/2024,753.1365153000000,192.8023553999990,312.7402836133330,247.5938762866660
22,11/18/2024,753.1365153000000,192.8023553999990,312.7575664500000,247.5765934500000
22,11/25/2024,753.1365153000000,192.8023553999990,312.7748492866660,247.5593106133330
22,12/2/2024,753.1344673009210,192.8013314004600,312.7920979900150,247.5410379104450
22,12/9/2024,753.1078433129030,192.7880194064510,312.8089370935480,247.5108868129030
22,12/16/2024,753.0743926612900,192.7712940806450,312.8256624193540,247.4774361612900
22,12/23/2024,753.0409420096770,192.7545687548380,312.8423877451610,247.4439855096770
22,12/30/2024,753.0074913580640,192.7378434290320,312.8591130709670,247.4105348580640
23,3/1/2021,1078.6733883479200,280.0267489510690,443.5024088418360,355.1442300645160
23,3/8/2021,1078.5410696774100,279.9922400838700,443.3881069000000,355.1607222580640
23,3/15/2021,1078.3271562258000,279.8496311612900,443.2930343000000,355.1844904193540
23,3/22/2021,1078.1132427741900,279.7070222387090,443.1979617000000,355.2082585806450
23,3/29/2021,1077.8993293225800,279.5644133161290,443.1028890999990,355.2320267419350
23,4/5/2021,1077.6982700806400,279.4429046933170,443.0068463642850,355.2485189354830
23,4/12/2021,1077.5254901000000,279.3678167299990,442.9086693300000,355.2490039999990
23,4/19/2021,1077.3535670666600,279.2941354533330,442.8104276200000,355.2490039999990
23,4/26/2021,1077.1816440333300,279.2204541766660,442.7121859099990,355.2490039999990
23,5/3/2021,1077.0162208645100,279.1441535542850,442.6259737971420,355.2460936129030
23,5/10/2021,1076.8908801935400,279.0517003000000,442.6139442000000,355.2252358387090
23,5/17/2021,1076.7720393870900,278.9566277000000,442.6139442000000,355.2014676774190
23,5/24/2021,1076.6531985806400,278.8615551000000,442.6139442000000,355.1776995161290
23,5/31/2021,1076.5343577741900,278.7664825000000,442.6139442000000,355.1539313548380
23,6/7/2021,1076.6799094666600,278.8660823800000,442.6279787333330,355.1858485866660
23,6/14/2021,1077.0237555333300,279.1116866200000,442.6525391666660,355.2595298633330
23,6/21/2021,1077.3676016000000,279.3572908600000,442.6770995999990,355.3332111400000
23,6/28/2021,1077.7114476666600,279.6028950999990,442.7016600333330,355.4068924166660
23,7/5/2021,1077.8845510236500,279.7005547188010,442.7259779344080,355.4580182004760
23,7/12/2021,1077.6820204193500,279.4727361709670,442.7497622645160,355.4595218999990
23,7/19/2021,1077.4681069677400,279.2350546483870,442.7735304258060,355.4595218999990
23,7/26/2021,1077.2541935161200,278.9973731258060,442.7972985870960,355.4595218999990
23,8/2/2021,1077.0504664193500,278.7640571811060,442.8254323262670,355.4609770935480
23,8/9/2021,1076.9689755806400,278.5831281709670,442.9059530000000,355.4798946096770
23,8/16/2021,1076.9214392580600,278.4167510870960,443.0010256000000,355.5036627709670
23,8/23/2021,1076.8739029354800,278.2503740032250,443.0960982000000,355.5274309322580
23,8/30/2021,1076.8263666129000,278.0839969193540,443.1911708000000,355.5511990935480
23,9/6/2021,1076.7676253000000,277.9257689200000,443.2560239000000,355.5858326900000
23,9/13/2021,1076.6939440000000,277.7784063666660,443.2805843333330,355.6349535333330
23,9/20/2021,1076.6202627000000,277.6310438133330,443.3051447666660,355.6840743766660
23,9/27/2021,1076.5465814000000,277.4836812600000,443.3297052000000,355.7331952200000
23,10/4/2021,1076.4442813396300,277.3372888353910,443.3347013691240,355.7722914014280
23,10/11/2021,1076.2389537419300,277.1943888741930,443.2692661870960,355.7752987999990
23,10/18/2021,1076.0250405161200,277.0517799516120,443.1979617258060,355.7752987999990
23,10/25/2021,1075.8111272903200,276.9091710290320,443.1266572645160,355.7752987999990
23,11/1/2021,1075.6000759405500,276.7684700264360,443.0568079963130,355.7747975666660
23,11/8/2021,1075.4834665000000,276.6907303833330,443.0349800999990,355.7577556333330
23,11/15/2021,1075.4097852000000,276.6416095400000,443.0349800999990,355.7331951999990
23,11/22/2021,1075.3361039000000,276.5924886966660,443.0349800999990,355.7086347666660
23,11/29/2021,1075.2624226000000,276.5433678533330,443.0349800999990,355.6840743333330
23,12/6/2021,1075.6583320645100,276.7801439387090,443.3201979387090,355.5579899354830
23,12/13/2021,1076.6803625483800,277.3981159290320,443.9857062290320,355.2965402516120
23,12/20/2021,1077.7023930322500,278.0160879193540,444.6512145193540,355.0350905677410
23,12/27/2021,1078.7244235161200,278.6340599096770,445.3167228096770,354.7736408838710
23,1/3/2022,1079.4045058156600,279.1167532069120,445.8176631055290,354.4700896894000
23,1/10/2022,1077.9759076451600,278.7652278967740,445.3037674354830,353.9069125129030
23,1/17/2022,1076.2053612903200,278.2784238935480,444.6253037709670,353.3016338258060
23,1/24/2022,1074.4348149354800,277.7916198903220,443.9468401064510,352.6963551387090
23,1/31/2022,1072.6642685806400,277.3048158870960,443.2683764419350,352.0910764516120
23,2/7/2022,1071.8009378571400,277.0663212571420,442.8880133142850,351.8466034571420
23,2/14/2022,1071.6180188571400,277.0140586571420,442.7312255892850,351.8727347321420
23,2/21/2022,1071.4350998571400,276.9617960571420,442.5744378642850,351.8988660071420
23,2/28/2022,1071.2521808571400,276.9095334571420,442.4176501392850,351.9249972821420
23,3/7/2022,1071.0928642903200,276.8466738580640,442.3234811677410,351.9227092903220
23,3/14/2022,1070.9512495483800,276.7758665096770,442.2762762612900,351.8991068483870
23,3/21/2022,1070.8096348064500,276.7050591612900,442.2290713548380,351.8755044064510
23,3/28/2022,1070.6680200645100,276.6342518129030,442.1818664483870,351.8519019645160
23,4/4/2022,1070.5055324331700,276.5530080009210,442.1343404201220,351.8181841807980
23,4/11/2022,1070.2679024000000,276.4341929200000,442.0856583533330,351.7480511666660
23,4/18/2022,1070.0240105000000,276.3122469000000,442.0368799500000,351.6748835499990
23,4/25/2022,1069.7801186000000,276.1903008800000,441.9881015466660,351.6017159333330
23,5/2/2022,1069.5395984608200,276.0642605576030,441.9408645273420,351.5344730155140
23,5/9/2022,1069.3395394516100,275.8890886064510,441.9121241161280,351.5383264838710
23,5/16/2022,1069.1507196451600,275.7002689806450,441.8885216516120,351.5619289483870
23,5/23/2022,1068.9618998387000,275.5114493548380,441.8649191870960,351.5855314129030
23,5/30/2022,1068.7730800322500,275.3226297290320,441.8413167225800,351.6091338774190
23,6/6/2022,1068.5815629000000,275.1415651900000,441.8278296000000,351.6121684800000
23,6/13/2022,1068.3864493333300,274.9708407666660,441.8278296000000,351.5877792666660
23,6/20/2022,1068.1913357666600,274.8001163433330,441.8278296000000,351.5633900533330
23,6/27/2022,1067.9962222000000,274.6293919200000,441.8278296000000,351.5390008400000
23,7/4/2022,1067.8168435811000,274.4597914230870,441.8374632543770,351.5195890171420
23,7/11/2022,1067.6941107741900,274.2942370612900,441.8817780645160,351.5180958000000
23,7/18/2022,1067.5760984516100,274.1290198774190,441.9289829709670,351.5180958000000
23,7/25/2022,1067.4580861290300,273.9638026935480,441.9761878774190,351.5180958000000
23,8/1/2022,1067.3415188571400,273.8005122405530,442.0233927838700,351.5176141175110
23,8/8/2022,1067.2726382580600,273.7008039064510,442.0705976903220,351.5012369129030
23,8/15/2022,1067.2254334193500,273.6299965354830,442.1178025967740,351.4776344709670
23,8/22/2022,1067.1782285806400,273.5591891645160,442.1650075032250,351.4540320290320
23,8/29/2022,1067.1310237419300,273.4883817935480,442.2122124096770,351.4304295870960
23,9/5/2022,1067.0908032926200,273.4168519055290,442.2598990059900,351.4140523824880
23,9/12/2022,1067.0659484999900,273.3437324800000,442.3086453200000,351.4135707000000
23,9/19/2022,1067.0415593333300,273.2705648866660,442.3574237466660,351.4135707000000
23,9/26/2022,1067.0171701666600,273.1973972933330,442.4062021733330,351.4135707000000
23,10/3/2022,1067.0188881935400,273.1534196727180,442.4547879240550,351.4106806023040
23,10/10/2022,1067.1816005806400,273.2894468838710,442.5021855064510,351.3899682354830
23,10/17/2022,1067.3704201612900,273.4546640677410,442.5493904129030,351.3663657709670
23,10/24/2022,1067.5592397419300,273.6198812516120,442.5965953193540,351.3427633064510
23,10/31/2022,1067.7480593225800,273.7850984354830,442.6438002258060,351.3191608419350
23,11/7/2022,1067.8847288000000,273.9116525466660,442.7058409533330,351.2672354333330
23,11/14/2022,1067.9822857000000,274.0092093533330,442.7790085466660,351.1940678166660
23,11/21/2022,1068.0798426000000,274.1067661600000,442.8521761400000,351.1209002000000
23,11/28/2022,1068.1773994999900,274.2043229666660,442.9253437333330,351.0477325833330
23,12/5/2022,1068.2234162824800,274.2792406820890,442.9761130838090,350.9680622535330
23,12/12/2022,1068.1560448064500,274.3043523967740,442.9776063000000,350.8740859548380
23,12/19/2022,1068.0852373225800,274.3279548387090,442.9776063000000,350.7796761419350
23,12/26/2022,1068.0144298387000,274.3515572806450,442.9776063000000,350.6852663290320
23,1/2/2023,1067.8451115898600,274.3422874700460,442.9375718806450,350.5652524078340
23,1/9/2023,1066.4936641612900,273.9385506290320,442.4171244290320,350.1379891870960
23,1/16/2023,1064.8138475161200,273.4252396129030,441.7632289129030,349.6253789387090
23,1/23/2023,1063.1340308709600,272.9119285967740,441.1093333967740,349.1127686903220
23,1/30/2023,1061.4542142258000,272.3986175806450,440.4554378806450,348.6001584419350
23,2/6/2023,1060.3385929642800,272.0385572750000,440.0150435750000,348.2849917142850
23,2/13/2023,1059.9752322142800,271.8828312500000,439.8593175500000,348.2330830142850
23,2/20/2023,1059.6118714642800,271.7271052250000,439.7035915250000,348.1811743142850
23,2/27/2023,1059.2485107142800,271.5713791999990,439.5478655000000,348.1292656142850
23,3/6/2023,1058.9404075483800,271.4522523741930,439.4186918290320,348.0694629838700
23,3/13/2023,1058.7059811612900,271.3819244806450,439.3249212967740,347.9991351129030
23,3/20/2023,1058.4715547741900,271.3115965870960,439.2311507645160,347.9288072419350
23,3/27/2023,1058.2371283870900,271.2412686935480,439.1373802322580,347.8584793709670
23,4/3/2023,1058.0284410718800,271.1854847988010,439.0550918059900,347.7878644446080
23,4/10/2023,1057.9784780333300,271.2193888966660,439.0436097000000,347.7154793433330
23,4/17/2023,1057.9542540666600,271.2678369933330,439.0436097000000,347.6428071866660
23,4/24/2023,1057.9300301000000,271.3162850900000,439.0436097000000,347.5701350300000
23,5/1/2023,1057.9091710253400,271.3661365550690,439.0431312792620,347.4999028205060
23,5/8/2023,1057.9993533870900,271.4622991774190,439.0268649741930,347.5101888677410
23,5/15/2023,1058.1400091290300,271.5795123258060,439.0034223580640,347.5570741225800
23,5/22/2023,1058.2806648709600,271.6967254741930,438.9799797419350,347.6039593774190
23,5/29/2023,1058.4213206129000,271.8139386225800,438.9565371258060,347.6508446322580
23,6/5/2023,1058.5411650460800,271.9026857235020,438.9476863421650,347.6907927866350
23,6/12/2023,1058.6152246000000,271.9288075200000,438.9709375900000,347.7154793200000
23,6/19/2023,1058.6878967333300,271.9530315799990,438.9951616266660,347.7397033800000
23,6/26/2023,1058.7605688666600,271.9772556400000,439.0193856633330,347.7639274400000
23,7/3/2023,1058.8386950073700,272.0042545401840,439.0492550702300,347.7851852885710
23,7/10/2023,1058.9504541935400,272.0483649548380,439.1139375935480,347.7881515000000
23,7/17/2023,1059.0676673870900,272.0952502096770,439.1842654870960,347.7881515000000
23,7/24/2023,1059.1848805806400,272.1421354645160,439.2545933806450,347.7881515000000
23,7/31/2023,1059.3020937741900,272.1890207193540,439.3249212741930,347.7881515000000
23,8/7/2023,1059.3657237419300,272.1957186064510,439.3684575935480,347.8015472806450
23,8/14/2023,1059.3891662903200,272.1722759677410,439.3919002322580,347.8249898967740
23,8/21/2023,1059.4126088387000,272.1488333290320,439.4153428709670,347.8484325129030
23,8/28/2023,1059.4360513870900,272.1253906903220,439.4387855096770,347.8718751290320
23,9/4/2023,1059.4250476466900,272.0968448969270,439.4475565649760,347.8806461711210
23,9/11/2023,1059.2900372666600,272.0499277466660,439.4035099200000,347.8365995466660
23,9/18/2023,1059.1446930000000,272.0014796500000,439.3550618000000,347.7881514500000
23,9/25/2023,1058.9993487333300,271.9530315533330,439.3066136800000,347.7397033533330
23,10/2/2023,1058.8557267772600,271.8975028256520,439.2611317714280,347.6970919924730
23,10/9/2023,1058.7327725483800,271.7570065258060,439.2512444000000,347.7245214612900
23,10/16/2023,1058.6155593548300,271.5929081225800,439.2512444000000,347.7714067161290
23,10/23/2023,1058.4983461612900,271.4288097193540,439.2512444000000,347.8182919709670
23,10/30/2023,1058.3811329677400,271.2647113161290,439.2512444000000,347.8651772258060
23,11/6/2023,1058.2830087999900,271.1501773299990,439.2616261400000,347.8712053300000
23,11/13/2023,1058.2103366666600,271.1017292333330,439.2858502000000,347.8227572333330
23,11/20/2023,1058.1376645333300,271.0532811366660,439.3100742600000,347.7743091366660
23,11/27/2023,1058.0649924000000,271.0048330400000,439.3342983200000,347.7258610400000
23,12/4/2023,1057.9784460608200,270.9567038906450,439.3440102749300,347.6777318906450
23,12/11/2023,1057.8419525806400,270.9097229516120,439.3014786516120,347.6307509516120
23,12/18/2023,1057.7012968387000,270.8628376967740,439.2545933967740,347.5838656967740
23,12/25/2023,1057.5606410967700,270.8159524419350,439.2077081419350,347.5369804419350
23,1/1/2024,1057.3838362903200,270.7576807834100,439.1471523235020,347.4790030884790
23,1/8/2024,1056.0141123548300,270.3236578032250,438.6354679064510,347.0549864806450
23,1/15/2024,1054.1021524516100,269.7188387677410,437.9187250354830,346.4645883935480
23,1/22/2024,1052.1901925483800,269.1140197322580,437.2019821645160,345.8741903064510
23,1/29/2024,1050.2782326451600,268.5092006967740,436.4852392935480,345.2837922193540
23,2/5/2024,1048.8677929199100,268.0666829884790,435.9422127912440,344.8588966641980
23,2/12/2024,1048.5606975862000,267.9812282000000,435.7813623000000,344.7981066793100
23,2/19/2024,1048.2870369310300,267.9065935000000,435.6320929000000,344.7483501965510
23,2/26/2024,1048.0133762758600,267.8319588000000,435.4828235000000,344.6985937137930
23,3/4/2024,1047.8050639966600,267.7868045608290,435.3545179847920,344.6637412466070
23,3/11/2024,1047.8320058709600,267.8477799806450,435.3016824548380,344.6825432354830
23,3/18/2024,1047.8785522580600,267.9175995387090,435.2551360903220,344.7058164290320
23,3/25/2024,1047.9250986451600,267.9874190967740,435.2085897258060,344.7290896225800
23,4/1/2024,1047.9716766964600,268.0582677416120,435.1615209018580,344.7518878529950
23,4/8/2024,1048.0192996666600,268.1630762500000,435.0972109166660,344.7590123000000
23,4/15/2024,1048.0673976000000,268.2833210600000,435.0250640399990,344.7590123000000
23,4/22/2024,1048.1154955333300,268.4035658699990,434.9529171633330,344.7590123000000
23,4/29/2024,1048.1635934666600,268.5238106799990,434.8807702866660,344.7590123000000
23,5/6/2024,1048.1511810967700,268.5625993322580,434.8195950483870,344.7689865258060
23,5/13/2024,1048.0580883225800,268.4927797741930,434.7730486612900,344.7922597193540
23,5/20/2024,1047.9649955483800,268.4229602161290,434.7265022741930,344.8155329129030
23,5/27/2024,1047.8719027741900,268.3531406580640,434.6799558870960,344.8388061064510
23,6/3/2024,1047.7843195723500,268.2918704336400,434.6361642890320,344.8562847497690
23,6/10/2024,1047.7307120666600,268.2833211000000,434.6093605566660,344.8380303333330
23,6/17/2024,1047.6826141333300,268.2833211000000,434.5853116133330,344.8139813666660
23,6/24/2024,1047.6345162000000,268.2833211000000,434.5612626699990,344.7899324000000
23,7/1/2024,1047.5911995622100,268.2861708778800,434.5391294103680,344.7658992654370
23,7/8/2024,1047.7056656774100,268.3830633258060,434.5802137129030,344.7423885903220
23,7/15/2024,1047.8918512258000,268.5227024419350,434.6500332709670,344.7191153967740
23,7/22/2024,1048.0780367741900,268.6623415580640,434.7198528290320,344.6958422032250
23,7/29/2024,1048.2642223225800,268.8019806741930,434.7896723870960,344.6725690096770
23,8/5/2024,1048.3435411658900,268.8418775599070,434.8452430511520,344.6564202631330
23,8/12/2024,1048.1877532580600,268.6623415387090,434.8694661483870,344.6559453000000
23,8/19/2024,1048.0248409032200,268.4761560354830,434.8927393193540,344.6559453000000
23,8/26/2024,1047.8619285483800,268.2899705322580,434.9160124903220,344.6559453000000
23,9/2/2024,1047.7045732622100,268.1092946014740,434.9393331589860,344.6559453000000
23,9/9/2024,1047.6139028000000,267.9947335400000,434.9632238000000,344.6559453000000
23,9/16/2024,1047.5417559000000,267.8985377200000,434.9872727666660,344.6559453000000
23,9/23/2024,1047.4696090000000,267.8023419000000,435.0113217333330,344.6559453000000
23,9/30/2024,1047.3974621000000,267.7061460800000,435.0353707000000,344.6559453000000
23,10/7/2024,1047.4463358064500,267.7447130806450,435.0589763677410,344.6426463451610
23,10/14/2024,1047.5859749677400,267.8843521967740,435.0822495612900,344.6193731741930
23,10/21/2024,1047.7256141290300,268.0239913129030,435.1055227548380,344.5961000032250
23,10/28/2024,1047.8652532903200,268.1636304290320,435.1287959483870,344.5728268322580
23,11/4/2024,1047.9763946635900,268.2747717663590,435.1522274582180,344.5493953356370
23,11/11/2024,1047.9849440000000,268.2833211000000,435.1762289066660,344.5253938666660
23,11/18/2024,1047.9849440000000,268.2833211000000,435.2002778500000,344.5013449000000
23,11/25/2024,1047.9849440000000,268.2833211000000,435.2243267933330,344.4772959333330
23,12/2/2024,1047.9820942211900,268.2818962105990,435.2483282417810,344.4518695749610
23,12/9/2024,1047.9450470967700,268.2633726483870,435.2717597516120,344.4099145161290
23,12/16/2024,1047.8985007096700,268.2400994548380,435.2950329451610,344.3633681516120
23,12/23/2024,1047.8519543225800,268.2168262612900,435.3183061387090,344.3168217870960
23,12/30/2024,1047.8054079354800,268.1935530677410,435.3415793322580,344.2702754225800
24,3/1/2021,558.5258117136430,144.9949252684820,229.6409141838710,183.8899722612900
24,3/8/2021,558.4572985096770,144.9770569290320,229.5817298354830,183.8985117451610
24,3/15/2021,558.3465364032250,144.9032155096770,229.5325022451610,183.9108186483870
24,3/22/2021,558.2357742967740,144.8293740903220,229.4832746548380,183.9231255516120
24,3/29/2021,558.1250121903220,144.7555326709670,229.4340470645160,183.9354324548380
24,4/5/2021,558.0209058582940,144.6926167748840,229.3843171447000,183.9439719387090
24,4/12/2021,557.9314422300000,144.6537370300000,229.3334821000000,183.9442231000000
24,4/19/2021,557.8424223200000,144.6155856533330,229.2826135666660,183.9442231000000
24,4/26/2021,557.7534024099990,144.5774342766660,229.2317450333330,183.9442231000000
24,5/3/2021,557.6677480584330,144.5379266261750,229.1871053000000,183.9427161322580
24,5/10/2021,557.6028479838700,144.4900552870960,229.1808765000000,183.9319161967740
24,5/17/2021,557.5413134677410,144.4408276741930,229.1808765000000,183.9196092935480
24,5/24/2021,557.4797789516120,144.3916000612900,229.1808765000000,183.9073023903220
24,5/31/2021,557.4182444354830,144.3423724483870,229.1808765000000,183.8949954870960
24,6/7/2021,557.4936095533330,144.3939442200000,229.1881434333330,183.9115219000000
24,6/14/2021,557.6716493966660,144.5211155300000,229.2008605666660,183.9496733000000
24,6/21/2021,557.8496892400000,144.6482868400000,229.2135777000000,183.9878246999990
24,6/28/2021,558.0277290833330,144.7754581500000,229.2262948333330,184.0259760999990
24,7/5/2021,558.1173601665280,144.8260252805060,229.2388863860210,184.0524485000000
24,7/12/2021,558.0124919774190,144.7080632161290,229.2512016612900,184.0532271000000
24,7/19/2021,557.9017298709670,144.5849942064510,229.2635085645160,184.0532271000000
24,7/26/2021,557.7909677645160,144.4619251967740,229.2758154677410,184.0532271000000
24,8/2/2021,557.6854800437780,144.3411166387090,229.2903828211980,184.0539805838700
24,8/9/2021,557.6432849516120,144.2474335000000,229.3320755774190,184.0637758741930
24,8/16/2021,557.6186711451610,144.1612852000000,229.3813031677410,184.0760827774190
24,8/23/2021,557.5940573387090,144.0751369000000,229.4305307580640,184.0883896806450
24,8/30/2021,557.5694435322580,143.9889886000000,229.4797583483870,184.1006965838700
24,9/6/2021,557.5390279000000,143.9070598000000,229.5133386000000,184.1186295000000
24,9/13/2021,557.5008765000000,143.8307570000000,229.5260557333330,184.1440637666660
24,9/20/2021,557.4627251000000,143.7544542000000,229.5387728666660,184.1694980333330
24,9/27/2021,557.4245737000000,143.6781514000000,229.5514900000000,184.1949322999990
24,10/4/2021,557.3716037884790,143.6023509271880,229.5540769658980,184.2151759000000
24,10/11/2021,557.2652872354830,143.5283588322580,229.5201953290320,184.2167331000000
24,10/18/2021,557.1545251290320,143.4545174354830,229.4832746419350,184.2167331000000
24,10/25/2021,557.0437630225800,143.3806760387090,229.4463539548380,184.2167331000000
24,11/1/2021,556.9344827672810,143.3078225425490,229.4101867511520,184.2164735666660
24,11/8/2021,556.8741036000000,143.2675697666660,229.3988845000000,184.2076494333330
24,11/15/2021,556.8359522000000,143.2421355000000,229.3988845000000,184.1949323000000
24,11/22/2021,556.7978008000000,143.2167012333330,229.3988845000000,184.1822151666660
24,11/29/2021,556.7596494000000,143.1912669666660,229.3988845000000,184.1694980333330
24,12/6/2021,556.9646472161290,143.3138671451610,229.5465673096770,184.1042128516120
24,12/13/2021,557.4938439870960,143.6338465838700,229.8911605322580,183.9688369387090
24,12/20/2021,558.0230407580640,143.9538260225800,230.2357537548380,183.8334610258060
24,12/27/2021,558.5522375290320,144.2738054612900,230.5803469774190,183.6980851129030
24,1/3/2022,558.8990859110590,144.5223711912440,230.8375419714280,183.5391727511520
24,1/10/2022,558.1214525612900,144.3305523838700,230.5557812225800,183.2351189548380
24,1/17/2022,557.1614708225800,144.0673198677410,230.1866222451610,182.9075287096770
24,1/24/2022,556.2014890838700,143.8040873516120,229.8174632677410,182.5799384645160
24,1/31/2022,555.2415073451610,143.5408548354830,229.4483042903220,182.2523482193540
24,2/7/2022,554.7759832285710,143.4125828000000,229.2437189857140,182.1196814428570
24,2/14/2022,554.6813023285710,143.3855311250000,229.1625639357140,182.1332072678570
24,2/21/2022,554.5866214285710,143.3584794500000,229.0814088857140,182.1467330928570
24,2/28/2022,554.4919405285710,143.3314277750000,229.0002538357140,182.1602589178570
24,3/7/2022,554.4094765225800,143.2988909612900,228.9515109322580,182.1590746290320
24,3/14/2022,554.3361751870960,143.2622402935480,228.9270771387090,182.1468577548380
24,3/21/2022,554.2628738516120,143.2255896258060,228.9026433451610,182.1346408806450
24,3/28/2022,554.1895725161290,143.1889389580640,228.8782095516120,182.1224240064510
24,4/4/2022,554.1054671225800,143.1468862612900,228.8536095465430,182.1049713147460
24,4/11/2022,553.9824671200000,143.0853862599990,228.8284111800000,182.0686696800000
24,4/18/2022,553.8562258999990,143.0222656499990,228.8031629499990,182.0307973000000
24,4/25/2022,553.7299846799990,142.9591450400000,228.7779147199990,181.9929249200000
24,5/2/2022,553.6054887308750,142.8939051737320,228.7534643267280,181.9581192304140
24,5/9/2022,553.5019360322580,142.8032342322580,228.7385879741930,181.9601138258060
24,5/16/2022,553.4042009032250,142.7054991032250,228.7263710774190,181.9723307225800
24,5/23/2022,553.3064657741930,142.6077639741930,228.7141541806450,181.9845476193540
24,5/30/2022,553.2087306451610,142.5100288451610,228.7019372838710,181.9967645161290
24,6/6/2022,553.1095993100000,142.4163078400000,228.6949562000000,181.9983352600000
24,6/13/2022,553.0086063666660,142.3279390000000,228.6949562000000,181.9857111333330
24,6/20/2022,552.9076134233330,142.2395701600000,228.6949562000000,181.9730870066660
24,6/27/2022,552.8066204800000,142.1512013199990,228.6949562000000,181.9604628800000
24,7/4/2022,552.7137721248380,142.0634142366820,228.6999426884790,181.9504151057140
24,7/11/2022,552.6502442870960,141.9777214774190,228.7228805354830,181.9496422000000
24,7/18/2022,552.5891598258060,141.8922032451610,228.7473143290320,181.9496422000000
24,7/25/2022,552.5280753645160,141.8066850129030,228.7717481225800,181.9496422000000
24,8/1/2022,552.4677388764970,141.7221640778800,228.7961819156680,181.9493928760360
24,8/8/2022,552.4320855064510,141.6705539516120,228.8206156935480,181.9409158612900
24,8/15/2022,552.4076517354830,141.6339032838700,228.8450494645160,181.9286989870960
24,8/22/2022,552.3832179645160,141.5972526161290,228.8694832354830,181.9164821129030
24,8/29/2022,552.3587841935480,141.5606019483870,228.8939170064510,181.9042652387090
24,9/5/2022,552.3379656198150,141.5235772942390,228.9186001087550,181.8957882239630
24,9/12/2022,552.3251004800000,141.4857298700000,228.9438317399990,181.8955389000000
24,9/19/2022,552.3124763533330,141.4478575133330,228.9690799933330,181.8955389000000
24,9/26/2022,552.2998522266660,141.4099851566660,228.9943282466660,181.8955389000000
24,10/3/2022,552.3007414782480,141.3872218517050,229.0194767674650,181.8940429534560
24,10/10/2022,552.3849632290320,141.4576310322580,229.0440102709670,181.8833220032250
24,10/17/2022,552.4826983580640,141.5431492645160,229.0684440419350,181.8711051064510
24,10/24/2022,552.5804334870960,141.6286674967740,229.0928778129030,181.8588882096770
24,10/31/2022,552.6781686161290,141.7141857290320,229.1173115838710,181.8466713129030
24,11/7/2022,552.7489102333330,141.7796915333330,229.1494245466660,181.8197941533330
24,11/14/2022,552.7994067166660,141.8301880166660,229.1872969033330,181.7819217966660
24,11/21/2022,552.8499032000000,141.8806845000000,229.2251692600000,181.7440494400000
24,11/28/2022,552.9003996833330,141.9311809833330,229.2630416166660,181.7061770833330
24,12/5/2022,552.9242184604450,141.9699592189700,229.2893203947610,181.6649388467120
24,12/12/2022,552.8893462838710,141.9829573096770,229.2900933000000,181.6162956741930
24,12/19/2022,552.8526955935480,141.9951741838700,229.2900933000000,181.5674281096770
24,12/26/2022,552.8160449032250,142.0073910580640,229.2900933000000,181.5185605451610
24,1/2/2023,552.7030127433180,141.9960779299530,229.2588342525340,181.4481005608290
24,1/9/2023,551.6734029483870,141.7024047741930,228.8524666354830,181.1185315387090
24,1/16/2023,550.3891882548380,141.3302982774190,228.3419021935480,180.7169877838700
24,1/23/2023,549.1049735612900,140.9581917806450,227.8313377516120,180.3154440290320
24,1/30/2023,547.8207588677410,140.5860852838700,227.3207733096770,179.9139002741930
24,2/6/2023,547.0065860785710,140.3390233607140,226.9945925607140,179.6729701571420
24,2/13/2023,546.8191358285710,140.2586875357140,226.9142567357140,179.6461915571420
24,2/20/2023,546.6316855785710,140.1783517107140,226.8339209107140,179.6194129571420
24,2/27/2023,546.4442353285710,140.0980158857140,226.7535850857140,179.5926343571420
24,3/6/2023,546.2852913419350,140.0365608354830,226.6869470806450,179.5617834258060
24,3/13/2023,546.1643557064510,140.0002801516120,226.6385728354830,179.5255027193540
24,3/20/2023,546.0434200709670,139.9639994677410,226.5901985903220,179.4892220129030
24,3/27/2023,545.9224844354830,139.9277187838700,226.5418243451610,179.4529413064510
24,4/3/2023,545.8148270394470,139.8989410441470,226.4993734769580,179.4165125183410
24,4/10/2023,545.7890521200000,139.9164314599990,226.4934501000000,179.3791705600000
24,4/17/2023,545.7765554399990,139.9414248199990,226.4934501000000,179.3416805199990
24,4/24/2023,545.7640587600000,139.9664181799990,226.4934501000000,179.3041904800000
24,5/1/2023,545.7532979589860,139.9921355087550,226.4932032926260,179.2679591576030
24,5/8/2023,545.7998211645160,140.0417438064510,226.4848118419350,179.2732655161290
24,5/15/2023,545.8723825548380,140.1022116354830,226.4727182806450,179.2974526387090
24,5/22/2023,545.9449439451610,140.1626794645160,226.4606247193540,179.3216397612900
24,5/29/2023,546.0175053354830,140.2231472935480,226.4485311580640,179.3458268838700
24,6/5/2023,546.0793305981560,140.2689300769580,226.4439652216580,179.3664352995390
24,6/12/2023,546.1175363799990,140.2824057600000,226.4559600600000,179.3791705600000
24,6/19/2023,546.1550264199990,140.2949024400000,226.4684567400000,179.3916672400000
24,6/26/2023,546.1925164600000,140.3073991200000,226.4809534200000,179.4041639200000
24,7/3/2023,546.2328201068200,140.3213272827650,226.4963624270040,179.4151303942850
24,7/10/2023,546.2904743290320,140.3440829225800,226.5297307838700,179.4166606000000
24,7/17/2023,546.3509421580640,140.3682700451610,226.5660114677410,179.4166606000000
24,7/24/2023,546.4114099870960,140.3924571677410,226.6022921516120,179.4166606000000
24,7/31/2023,546.4718778161290,140.4166442903220,226.6385728354830,179.4166606000000
24,8/7/2023,546.5047032064510,140.4200995935480,226.6610323064510,179.4235712064510
24,8/14/2023,546.5167967677420,140.4080060322580,226.6731258677410,179.4356647677410
24,8/21/2023,546.5288903290320,140.3959124709670,226.6852194290320,179.4477583290320
24,8/28/2023,546.5409838903220,140.3838189096770,226.6973129903220,179.4598518903220
24,9/4/2023,546.5353073159750,140.3690927364050,226.7018377921650,179.4643766921650
24,9/11/2023,546.4656582533330,140.3448891600000,226.6791150600000,179.4416539600000
24,9/18/2023,546.3906781500000,140.3198958000000,226.6541217000000,179.4166606000000
24,9/25/2023,546.3156980466660,140.2949024400000,226.6291283400000,179.3916672400000
24,10/2/2023,546.2416064513050,140.2662563294930,226.6056651857140,179.3696849299530
24,10/9/2023,546.1781769516120,140.1937772129030,226.6005645000000,179.3838352193540
24,10/16/2023,546.1177091451610,140.1091222612900,226.6005645000000,179.4080223419350
24,10/23/2023,546.0572413387090,140.0244673096770,226.6005645000000,179.4322094645160
24,10/30/2023,545.9967735322580,139.9398123580640,226.6005645000000,179.4563965870960
24,11/6/2023,545.9461533299990,139.8807266600000,226.6059202199990,179.4595063600000
24,11/13/2023,545.9086632666660,139.8557332999990,226.6184169000000,179.4345129999990
24,11/20/2023,545.8711732033330,139.8307399400000,226.6309135800000,179.4095196400000
24,11/27/2023,545.8336831400000,139.8057465799990,226.6434102599990,179.3845262800000
24,12/4/2023,545.7890356629950,139.7809177536400,226.6484204496770,179.3596974582480
24,12/11/2023,545.7186214967740,139.7566812483870,226.6264792741930,179.3354609741930
24,12/18/2023,545.6460601064510,139.7324941032250,226.6022921516120,179.3112738516120
24,12/25/2023,545.5734987161290,139.7083069580640,226.5781050290320,179.2870867290320
24,1/1/2024,545.4737206576030,139.6760559972350,226.5433042682020,179.2543603926260
24,1/8/2024,544.4757925483870,139.3776991193540,226.1582534451610,178.9398400000000
24,1/15/2024,543.0696144161290,138.9583850064510,225.6139980483870,178.4972314000000
24,1/22/2024,541.6634362838710,138.5390708935480,225.0697426516120,178.0546228000000
24,1/29/2024,540.2572581516130,138.1197567806450,224.5254872548380,177.6120142000000
24,2/5/2024,539.2384741365480,137.8170581555060,224.1243486948670,177.2970673783250
24,2/12/2024,539.0719571793100,137.7709136034480,224.0380671758620,177.2629764689650
24,2/19/2024,538.9312664965510,137.7325434172410,223.9613267793100,177.2373963448270
24,2/26/2024,538.7905758137930,137.6941732310340,223.8845863827580,177.2118162206890
24,3/4/2024,538.6834811466070,137.6709591420780,223.8186236602890,177.1938983457170
24,3/11/2024,538.6973321354830,137.7023070032250,223.7914605645160,177.2035645677410
24,3/18/2024,538.7212619290320,137.7382016935480,223.7675307709670,177.2155294645160
24,3/25/2024,538.7451917225800,137.7740963838700,223.7436009774190,177.2274943612900
24,4/1/2024,538.7691377949000,137.8105201342550,223.7194025841470,177.2392150764970
24,4/8/2024,538.7936210666660,137.8644028666660,223.6863404000000,177.2428778000000
24,4/15/2024,538.8183485200000,137.9262215000000,223.6492492200000,177.2428778000000
24,4/22/2024,538.8430759733330,137.9880401333330,223.6121580400000,177.2428778000000
24,4/29/2024,538.8678034266660,138.0498587666660,223.5750668600000,177.2428778000000
24,5/6/2024,538.8614221483870,138.0698002612900,223.5436162741930,177.2480056129030
24,5/13/2024,538.8135625612900,138.0339055709670,223.5196864806450,177.2599705096770
24,5/20/2024,538.7657029741930,137.9980108806450,223.4957566870960,177.2719354064510
24,5/27/2024,538.7178433870960,137.9621161903220,223.4718268935480,177.2839003032250
24,6/3/2024,538.6728163033170,137.9306167682020,223.4493133530870,177.2928861848840
24,6/10/2024,538.6452563233330,137.9262215000000,223.4355333733330,177.2835014733330
24,6/17/2024,538.6205288466660,137.9262215000000,223.4231696466660,177.2711377466660
24,6/24/2024,538.5958013700000,137.9262215000000,223.4108059200000,177.2587740200000
24,7/1/2024,538.5735319887090,137.9276865894000,223.3994270589860,177.2464184327180
24,7/8/2024,538.6323797548380,137.9774996290320,223.4205487645160,177.2343314451610
24,7/15/2024,538.7280989516120,138.0492890096770,223.4564434548380,177.2223665483870
24,7/22/2024,538.8238181483870,138.1210783903220,223.4923381451610,177.2104016516120
24,7/29/2024,538.9195373451610,138.1928677709670,223.5282328354830,177.1984367548380
24,8/5/2024,538.9603156824880,138.2133790225800,223.5568020788010,177.1901345815660
24,8/12/2024,538.8802241290320,138.1210783903220,223.5692553387090,177.1898904000000
24,8/19/2024,538.7964698516120,138.0253592161290,223.5812202354830,177.1898904000000
24,8/26/2024,538.7127155741930,137.9296400419350,223.5931851322580,177.1898904000000
24,9/2/2024,538.6318182196770,137.8367533739170,223.6051744471880,177.1898904000000
24,9/9/2024,538.5852039399990,137.7778567800000,223.6174567800000,177.1898904000000
24,9/16/2024,538.5481127366660,137.7284018733330,223.6298205066660,177.1898904000000
24,9/23/2024,538.5110215333330,137.6789469666660,223.6421842333330,177.1898904000000
24,9/30/2024,538.4739303300000,137.6294920600000,223.6545479600000,177.1898904000000
24,10/7/2024,538.4990566161290,137.6493196032250,223.6666837838700,177.1830533161290
24,10/14/2024,538.5708460193540,137.7211089838700,223.6786486806450,177.1710884193540
24,10/21/2024,538.6426354225800,137.7928983645160,223.6906135774190,177.1591235225800
24,10/28/2024,538.7144248258060,137.8646877451610,223.7025784741930,177.1471586258060
24,11/4/2024,538.7715633304140,137.9218262317970,223.7146247648230,177.1351123351760
24,11/11/2024,538.7759586000000,137.9262215000000,223.7269640733330,177.1227730266660
24,11/18/2024,538.7759586000000,137.9262215000000,223.7393277999990,177.1104093000000
24,11/25/2024,538.7759586000000,137.9262215000000,223.7516915266660,177.0980455733330
24,12/2/2024,538.7744935105990,137.9254889552990,223.7640308351760,177.0849737201220
24,12/9/2024,538.7554473483870,137.9159658741930,223.7760771258060,177.0634043483870
24,12/16/2024,538.7315175548380,137.9040009774190,223.7880420225800,177.0394745548380
24,12/23/2024,538.7075877612900,137.8920360806450,223.8000069193540,177.0155447612900
24,12/30/2024,538.6836579677410,137.8800711838700,223.8119718161290,176.9916149677410
25,3/1/2021,1059.0759913143500,274.9392076540980,435.4448329645160,348.6919503516120
25,3/8/2021,1058.9460766451600,274.9053257612900,435.3326076580640,348.7081429064510
25,3/15/2021,1058.7360495483800,274.7653077870960,435.2392623193540,348.7314792354830
25,3/22/2021,1058.5260224516100,274.6252898129030,435.1459169806450,348.7548155645160
25,3/29/2021,1058.3159953548300,274.4852718387090,435.0525716419350,348.7781518935480
25,4/5/2021,1058.1185889815600,274.3659708025340,434.9582738069120,348.7943444483870
25,4/12/2021,1057.9489482000000,274.2922470300000,434.8618804799990,348.7948207000000
25,4/19/2021,1057.7801488000000,274.2199043866660,434.7654236533330,348.7948207000000
25,4/26/2021,1057.6113493999900,274.1475617433330,434.6689668266660,348.7948207000000
25,5/3/2021,1057.4489317658900,274.0726473441470,434.5843210400000,348.7919631903220
25,5/10/2021,1057.3258683548300,273.9818737838710,434.5725100000000,348.7714843709670
25,5/17/2021,1057.2091867096700,273.8885284677410,434.5725100000000,348.7481480419350
25,5/24/2021,1057.0925050645100,273.7951831516120,434.5725100000000,348.7248117129030
25,5/31/2021,1056.9758234193500,273.7018378354830,434.5725100000000,348.7014753838700
25,6/7/2021,1057.1187306000000,273.7996281800000,434.5862895466660,348.7328127400000
25,6/14/2021,1057.4563294000000,274.0407702700000,434.6104037533330,348.8051553599990
25,6/21/2021,1057.7939282000000,274.2819123600000,434.6345179600000,348.8774979800000
25,6/28/2021,1058.1315270000000,274.5230544499990,434.6586321666660,348.9498405999990
25,7/5/2021,1058.3014852884700,274.6189397840090,434.6825082475260,349.0000375200000
25,7/12/2021,1058.1026344516100,274.3952602548380,434.7058604516120,349.0015139000000
25,7/19/2021,1057.8926075806400,274.1618969419350,434.7291967806450,349.0015139000000
25,7/26/2021,1057.6825807096700,273.9285336290320,434.7525331096770,349.0015139000000
25,8/2/2021,1057.4825551198100,273.6994565806450,434.7801557032250,349.0029426562210
25,8/9/2021,1057.4025449032200,273.5218147064510,434.8592134709670,349.0215164870960
25,8/16/2021,1057.3558722903200,273.3584603806450,434.9525587870960,349.0448528387090
25,8/23/2021,1057.3091996774100,273.1951060548380,435.0459041032250,349.0681891903220
25,8/30/2021,1057.2625270645100,273.0317517290320,435.1392494193540,349.0915255419350
25,9/6/2021,1057.2048530000000,272.8763984300000,435.2029242700000,349.1255299200000
25,9/13/2021,1057.1325103333300,272.7317131666660,435.2270385000000,349.1737583333330
25,9/20/2021,1057.0601676666600,272.5870279033330,435.2511527300000,349.2219867466660
25,9/27/2021,1056.9878250000000,272.4423426400000,435.2752669600000,349.2702151600000
25,10/4/2021,1056.8873834700400,272.2986098800460,435.2801723655760,349.3086010400000
25,10/11/2021,1056.6857860322500,272.1583061322580,435.2159260032250,349.3115538000000
25,10/18/2021,1056.4757589354800,272.0182881354830,435.1459169935480,349.3115538000000
25,10/25/2021,1056.2657318387000,271.8782701387090,435.0759079838700,349.3115538000000
25,11/1/2021,1056.0585146282600,271.7401253987400,435.0073277294930,349.3110616733330
25,11/8/2021,1055.9440236666600,271.6637981333330,434.9858964000000,349.2943293666660
25,11/15/2021,1055.8716810000000,271.6155697200000,434.9858964000000,349.2702151600000
25,11/22/2021,1055.7993383333300,271.5673413066660,434.9858964000000,349.2461009533330
25,11/29/2021,1055.7269956666600,271.5191128933330,434.9858964000000,349.2219867466660
25,12/6/2021,1056.1157123225800,271.7515872096770,435.2659323870960,349.0981930580640
25,12/13/2021,1057.1191747419300,272.3583318322580,435.9193496903220,348.8414933935480
25,12/20/2021,1058.1226371612900,272.9650764548380,436.5727669935480,348.5847937290320
25,12/27/2021,1059.1260995806400,273.5718210774190,437.2261842967740,348.3280940645160
25,1/3/2022,1059.8103354838700,274.0500125147460,437.7248460995390,348.0354766027640
25,1/10/2022,1058.5260078709600,273.7354593096770,437.2691823161290,347.5213660580640
25,1/17/2022,1056.9224537419300,273.2923529193540,436.6587630322580,346.9713377161280
25,1/24/2022,1055.3188996129000,272.8492465290320,436.0483437483870,346.4213093741930
25,1/31/2022,1053.7153454838700,272.4061401387090,435.4379244645160,345.8712810322580
25,2/7/2022,1052.9254237142800,272.1868990142850,435.0883010285710,345.6502237857140
25,2/14/2022,1052.7457262142800,272.1355568392850,434.9342744785710,345.6758948607140
25,2/21/2022,1052.5660287142800,272.0842146642850,434.7802479285710,345.7015659357140
25,2/28/2022,1052.3863312142800,272.0328724892850,434.6262213785710,345.7272370107140
25,3/7/2022,1052.2298203225800,271.9711199129030,434.5337108129030,345.7249893129030
25,3/14/2022,1052.0906993870900,271.9015595354830,434.4873372354830,345.7018025354830
25,3/21/2022,1051.9515784516100,271.8319991580640,434.4409636580640,345.6786157580640
25,3/28/2022,1051.8124575161200,271.7624387806450,434.3945900806450,345.6554289806450
25,4/4/2022,1051.6528313225800,271.6826257414740,434.3479010367120,345.6223050033790
25,4/11/2022,1051.4193862000000,271.5659031200000,434.3000763133330,345.5534071066660
25,4/18/2022,1051.1797895000000,271.4461047000000,434.2521569499990,345.4815280500000
25,4/25/2022,1050.9401928000000,271.3263062800000,434.2042375866660,345.4096489933330
25,5/2/2022,1050.7039084884700,271.2024856612900,434.1578324619040,345.3435902938550
25,5/9/2022,1050.5073728387000,271.0303986580640,434.1295982000000,345.3473758806450
25,5/16/2022,1050.3218784838700,270.8449043258060,434.1064114000000,345.3705626580640
25,5/23/2022,1050.1363841290300,270.6594099935480,434.0832246000000,345.3937494354830
25,5/30/2022,1049.9508897741900,270.4739156612900,434.0600378000000,345.4169362129030
25,6/6/2022,1049.7627455000000,270.2960398500000,434.0467882000000,345.4199173700000
25,6/13/2022,1049.5710680000000,270.1283220666660,434.0467882000000,345.3959577000000
25,6/20/2022,1049.3793905000000,269.9606042833330,434.0467882000000,345.3719980300000
25,6/27/2022,1049.1877130000000,269.7928865000000,434.0467882000000,345.3480383600000
25,7/4/2022,1049.0114933571400,269.6262728495390,434.0562521953910,345.3289684185710
25,7/11/2022,1048.8909220000000,269.4636340774190,434.0997865741930,345.3275015000000
25,7/18/2022,1048.7749880000000,269.3013265451610,434.1461601516120,345.3275015000000
25,7/25/2022,1048.6590540000000,269.1390190129030,434.1925337290320,345.3275015000000
25,8/1/2022,1048.5445396036800,268.9786042797230,434.2389073069120,345.3270283000000
25,8/8/2022,1048.4768721290300,268.8806519161290,434.2852809000000,345.3109395000000
25,8/15/2022,1048.4304987096700,268.8110915387090,434.3316545000000,345.2877527000000
25,8/22/2022,1048.3841252903200,268.7415311612900,434.3780281000000,345.2645659000000
25,8/29/2022,1048.3377518709600,268.6719707838700,434.4244017000000,345.2413791000000
25,9/5/2022,1048.2982397534500,268.6017006066820,434.4712484928570,345.2252903000000
25,9/12/2022,1048.2738225000000,268.5298688700000,434.5191363099990,345.2248171000000
25,9/19/2022,1048.2498626666600,268.4579898133330,434.5670556733330,345.2248171000000
25,9/26/2022,1048.2259028333300,268.3861107566660,434.6149750366660,345.2248171000000
25,10/3/2022,1048.2275904516100,268.3429076116120,434.6627051200920,345.2219779027650
25,10/10/2022,1048.3874373548300,268.4765392548380,434.7092679774190,345.2016303225800
25,10/17/2022,1048.5729317096700,268.6388468096770,434.7556415548380,345.1784435451610
25,10/24/2022,1048.7584260645100,268.8011543645160,434.8020151322580,345.1552567677410
25,10/31/2022,1048.9439204193500,268.9634619193540,434.8483887096770,345.1320699903220
25,11/7/2022,1049.0781830666600,269.0877872866660,434.9093368466660,345.0810590533330
25,11/14/2022,1049.1740219333300,269.1836260133330,434.9812159033330,345.0091799966660
25,11/21/2022,1049.2698608000000,269.2794647400000,435.0530949600000,344.9373009400000
25,11/28/2022,1049.3656996666600,269.3753034666660,435.1249740166660,344.8654218833330
25,12/5/2022,1049.4109060494600,269.4489018076190,435.1748492804760,344.7871546264360
25,12/12/2022,1049.3447209677400,269.4735713000000,435.1763162000000,344.6948333290320
25,12/19/2022,1049.2751603870900,269.4967580999990,435.1763162000000,344.6020861516120
25,12/26/2022,1049.2055998064500,269.5199449000000,435.1763162000000,344.5093389741930
25,1/2/2023,1049.0249068801800,269.5071547281100,435.1310292105990,344.3867233875570
25,1/9/2023,1047.5106258064500,269.0626408935480,434.5422983483870,343.9056868903220
25,1/16/2023,1045.6259035806400,268.4982038193540,433.8026108548380,343.3250890290320
25,1/23/2023,1043.7411813548300,267.9337667451610,433.0629233612900,342.7444911677410
25,1/30/2023,1041.8564591290300,267.3693296709670,432.3232358677410,342.1638933064510
25,2/6/2023,1040.6266438571400,266.9812951785710,431.8350582785710,341.8102900857140
25,2/13/2023,1040.2700378571400,266.8284641285710,431.6822272285710,341.7593463857140
25,2/20/2023,1039.9134318571400,266.6756330785710,431.5293961785710,341.7084026857140
25,2/27/2023,1039.5568258571400,266.5228020285710,431.3765651285710,341.6574589857140
25,3/6/2023,1039.2544503870900,266.4058897967740,431.2497928258060,341.5987680967740
25,3/13/2023,1039.0243822903200,266.3368693225800,431.1577655193540,341.5297476225800
25,3/20/2023,1038.7943141935400,266.2678488483870,431.0657382129030,341.4607271483870
25,3/27/2023,1038.5642460967700,266.1988283741930,430.9737109064510,341.3917066741930
25,4/3/2023,1038.3594385179700,266.1440815209210,430.8929522497690,341.3224044837780
25,4/10/2023,1038.3104041333300,266.1773553300000,430.8816836000000,341.2513650433330
25,4/17/2023,1038.2866302666600,266.2249027600000,430.8816836000000,341.1800438866660
25,4/24/2023,1038.2628564000000,266.2724501900000,430.8816836000000,341.1087227300000
25,5/1/2023,1038.2423848801800,266.3213748997690,430.8812140728110,341.0397961615200
25,5/8/2023,1038.3308908064500,266.4157498419350,430.8652501483870,341.0498910032250
25,5/15/2023,1038.4689319354800,266.5307839806450,430.8422433161290,341.0959046677420
25,5/22/2023,1038.6069730645100,266.6458181193540,430.8192364838700,341.1419183322580
25,5/29/2023,1038.7450141935400,266.7608522580640,430.7962296516120,341.1879319967740
25,6/5/2023,1038.8626308341000,266.8479495288010,430.7875433986170,341.2271375099070
25,6/12/2023,1038.9353136000000,266.8735856900000,430.8103624200000,341.2513650900000
25,6/19/2023,1039.0066347333300,266.8973593933330,430.8341361466660,341.2751387933330
25,6/26/2023,1039.0779558666600,266.9211330966660,430.8579098733330,341.2989124966660
25,7/3/2023,1039.1546296156600,266.9476300605530,430.8872240180640,341.3197751342850
25,7/10/2023,1039.2643111612900,266.9909204645160,430.9507040741930,341.3226862000000
25,7/17/2023,1039.3793453225800,267.0369341290320,431.0197245483870,341.3226862000000
25,7/24/2023,1039.4943794838700,267.0829477935480,431.0887450225800,341.3226862000000
25,7/31/2023,1039.6094136451600,267.1289614580640,431.1577654967740,341.3226862000000
25,8/7/2023,1039.6718607096700,267.1355348387090,431.2004924612900,341.3358329612900
25,8/14/2023,1039.6948674516100,267.1125280064510,431.2234992935480,341.3588397935480
25,8/21/2023,1039.7178741935400,267.0895211741930,431.2465061258060,341.3818466258060
25,8/28/2023,1039.7408809354800,267.0665143419350,431.2695129580640,341.4048534580640
25,9/4/2023,1039.7300817572900,267.0384992244240,431.2781209565280,341.4134614612900
25,9/11/2023,1039.5975812666600,266.9924542800000,431.2348931533330,341.3702336800000
25,9/18/2023,1039.4549390000000,266.9449068500000,431.1873457000000,341.3226862500000
25,9/25/2023,1039.3122967333300,266.8973594200000,431.1397982466660,341.2751388200000
25,10/2/2023,1039.1713447588300,266.8428629889400,431.0951618619040,341.2333196188940
25,10/9/2023,1039.0506762903200,266.7049785451610,431.0854583000000,341.2602391645160
25,10/16/2023,1038.9356421290300,266.5439307645160,431.0854583000000,341.3062528064510
25,10/23/2023,1038.8206079677400,266.3828829838700,431.0854583000000,341.3522664483870
25,10/30/2023,1038.7055738064500,266.2218352032250,431.0854583000000,341.3982800903220
25,11/6/2023,1038.6092738000000,266.1094304200000,431.0956470400000,341.4041961299990
25,11/13/2023,1038.5379526666600,266.0618829666660,431.1194207666660,341.3566486999990
25,11/20/2023,1038.4666315333300,266.0143355133330,431.1431944933330,341.3091012700000
25,11/27/2023,1038.3953104000000,265.9667880600000,431.1669682200000,341.2615538400000
25,12/4/2023,1038.3103729410100,265.9195536294000,431.1764996265430,341.2143194233640
25,12/11/2023,1038.1764167096700,265.8734460806450,431.1347586806450,341.1682118548380
25,12/18/2023,1038.0383755806400,265.8274324387090,431.0887450387090,341.1221981903220
25,12/25/2023,1037.9003344516100,265.7814187967740,431.0427313967740,341.0761845258060
25,1/1/2024,1037.7257599400900,265.7239604511520,430.9828622682020,341.0189376626720
25,1/8/2024,1036.3455838064500,265.2888268838700,430.4657620806450,340.5909952451610
25,1/15/2024,1034.4174069354800,264.6820227612900,429.7408295935480,339.9945548483870
25,1/22/2024,1032.4892300645100,264.0752186387090,429.0158971064510,339.3981144516120
25,1/29/2024,1030.5610531935400,263.4684145161290,428.2909646193540,338.8016740548380
25,2/5/2024,1029.1409365434600,263.0249491319870,427.7431149893210,338.3728723692510
25,2/12/2024,1028.8385523793100,262.9408289724130,427.5848476448270,338.3128758482750
25,2/19/2024,1028.5700388965500,262.8675980620680,427.4383858241380,338.2640552413790
25,2/26/2024,1028.3015254137900,262.7943671517240,427.2919240034480,338.2152346344820
25,3/4/2024,1028.0971312000600,262.7500622099150,427.1660317603840,338.1810377116790
25,3/11/2024,1028.1235663548300,262.8098907548380,427.1141899967740,338.1994860516120
25,3/18/2024,1028.1692372903200,262.8783970903220,427.0685191064510,338.2223214967740
25,3/25/2024,1028.2149082258000,262.9469034258060,427.0228482161290,338.2451569419350
25,4/1/2024,1028.2606102299500,263.0164194918580,426.9766646933640,338.2675263576030
25,4/8/2024,1028.3073375000000,263.1192566666660,426.9135643000000,338.2745168000000
25,4/15/2024,1028.3545308000000,263.2372398000000,426.8427744199990,338.2745168000000
25,4/22/2024,1028.4017241000000,263.3552229333330,426.7719845400000,338.2745168000000
25,4/29/2024,1028.4489174000000,263.4732060666660,426.7011946600000,338.2745168000000
25,5/6/2024,1028.4367384838700,263.5112651419350,426.6411700612900,338.2843034193540
25,5/13/2024,1028.3453966129000,263.4427588064510,426.5954991709670,338.3071388645160
25,5/20/2024,1028.2540547419300,263.3742524709670,426.5498282806450,338.3299743096770
25,5/27/2024,1028.1627128709600,263.3057461354830,426.5041573903220,338.3528097548380
25,6/3/2024,1028.0767769760300,263.2456283308750,426.4611894710590,338.3699596401840
25,6/10/2024,1028.0241779333300,263.2372398000000,426.4348898733330,338.3520485733330
25,6/17/2024,1027.9769848666600,263.2372398000000,426.4112932466660,338.3284519466660
25,6/24/2024,1027.9297918000000,263.2372398000000,426.3876966200000,338.3048553200000
25,7/1/2024,1027.8872900921600,263.2400359769580,426.3659796456220,338.2812742276490
25,7/8/2024,1027.9996032258000,263.3351059935480,426.4062911967740,338.2582057677410
25,7/15/2024,1028.1822867419300,263.4721186645160,426.4747975322580,338.2353703225800
25,7/22/2024,1028.3649702580600,263.6091313354830,426.5433038677410,338.2125348774190
25,7/29/2024,1028.5476537741900,263.7461440064510,426.6118102032250,338.1896994322580
25,8/5/2024,1028.6254806543700,263.7852904838710,426.6663356539170,338.1738544294930
25,8/12/2024,1028.4726229354800,263.6091313354830,426.6901031580640,338.1733884000000
25,8/19/2024,1028.3127747741900,263.4264477741930,426.7129386032250,338.1733884000000
25,8/26/2024,1028.1529266129000,263.2437642129030,426.7357740483870,338.1733884000000
25,9/2/2024,1027.9985310023000,263.0664865937320,426.7586560964970,338.1733884000000
25,9/9/2024,1027.9095660000000,262.9540802800000,426.7820973800000,338.1733884000000
25,9/16/2024,1027.8387761666600,262.8596937733330,426.8056940066660,338.1733884000000
25,9/23/2024,1027.7679863333300,262.7653072666660,426.8292906333330,338.1733884000000
25,9/30/2024,1027.6971965000000,262.6709207600000,426.8528872600000,338.1733884000000
25,10/7/2024,1027.7451509032200,262.7087623548380,426.8760489258060,338.1603395741930
25,10/14/2024,1027.8821634838700,262.8457750258060,426.8988843709670,338.1375041290320
25,10/21/2024,1028.0191760645100,262.9827876967740,426.9217198161290,338.1146686838710
25,10/28/2024,1028.1561886451600,263.1198003677410,426.9445552612900,338.0918332387090
25,11/4/2024,1028.2652394746500,263.2288512691240,426.9675460496160,338.0688424503840
25,11/11/2024,1028.2736280000000,263.2372398000000,426.9910960733330,338.0452924266660
25,11/18/2024,1028.2736280000000,263.2372398000000,427.0146927000000,338.0216958000000
25,11/25/2024,1028.2736280000000,263.2372398000000,427.0382893266660,337.9980991733330
25,12/2/2024,1028.2708318202700,263.2358417115200,427.0618393503840,337.9731510597540
25,12/9/2024,1028.2344814838700,263.2176665612900,427.0848301387090,337.9319851032250
25,12/16/2024,1028.1888105483800,263.1948311161290,427.1076655838710,337.8863141903220
25,12/23/2024,1028.1431396129000,263.1719956709670,427.1305010290320,337.8406432774190
25,12/30/2024,1028.0974686774100,263.1491602258060,427.1533364741930,337.7949723645160
26,3/1/2021,1411.0125774590100,366.3029690907990,580.1454674972680,464.5641405124420
26,3/8/2021,1410.8394913870900,366.2578280387090,579.9959491258060,464.5857139354830
26,3/15/2021,1410.5596711290300,366.0712813129030,579.8715846419350,464.6168050451610
26,3/22/2021,1410.2798508709600,365.8847345870960,579.7472201580640,464.6478961548380
26,3/29/2021,1410.0000306129000,365.6981878612900,579.6228556741930,464.6789872645160
26,4/5/2021,1409.7370250460800,365.5392424403220,579.4972221649770,464.7005606875570
26,4/12/2021,1409.5110117999900,365.4410198900000,579.3687968000000,464.7011952000000
26,4/19/2021,1409.2861195333300,365.3446374266660,579.2402868333330,464.7011952000000
26,4/26/2021,1409.0612272666600,365.2482549633330,579.1117768666660,464.7011952000000
26,5/3/2021,1408.8448374276400,365.1484461301380,578.9990028142850,464.6973881253450
26,5/10/2021,1408.6808792258000,365.0275080161290,578.9832669000000,464.6701040903220
26,5/17/2021,1408.5254234516100,364.9031435322580,578.9832669000000,464.6390129806450
26,5/24/2021,1408.3699676774100,364.7787790483870,578.9832669000000,464.6079218709670
26,5/31/2021,1408.2145119032200,364.6544145645160,578.9832669000000,464.5768307612900
26,6/7/2021,1408.4049080000000,364.7847011666660,579.0016254733330,464.6185816933330
26,6/14/2021,1408.8546930000000,365.1059760833330,579.0337529766660,464.7149641566660
26,6/21/2021,1409.3044780000000,365.4272510000000,579.0658804800000,464.8113466200000
26,6/28/2021,1409.7542630000000,365.7485259166660,579.0980079833330,464.9077290833330
26,7/5/2021,1409.9806995207300,365.8762744681250,579.1298182233020,464.9746067109520
26,7/12/2021,1409.7157693870900,365.5782650161290,579.1609304838710,464.9765737000000
26,7/19/2021,1409.4359493548300,365.2673538064510,579.1920215935480,464.9765737000000
26,7/26/2021,1409.1561293225800,364.9564425967740,579.2231127032250,464.9765737000000
26,8/2/2021,1408.8896340460800,364.6512420018430,579.2599144276490,464.9784772373270
26,8/9/2021,1408.7830358387000,364.4145687838700,579.3652435290320,465.0032232225800
26,8/16/2021,1408.7208534838700,364.1969309483870,579.4896080129030,465.0343143322580
26,8/23/2021,1408.6586711290300,363.9792931129030,579.6139724967740,465.0654054419350
26,8/30/2021,1408.5964887741900,363.7616552774190,579.7383369806450,465.0964965516120
26,9/6/2021,1408.5196492000000,363.5546772600000,579.8231713199990,465.1418007500000
26,9/13/2021,1408.4232666666600,363.3619123333330,579.8552988000000,465.2060557333330
26,9/20/2021,1408.3268841333300,363.1691474066660,579.8874262800000,465.2703107166660
26,9/27/2021,1408.2305015999900,362.9763824800000,579.9195537600000,465.3345657000000
26,10/4/2021,1408.0966828423900,362.7848865739170,579.9260892335480,465.3857074214280
26,10/11/2021,1407.8280936774100,362.5979591419350,579.8404934838710,465.3896414000000
26,10/18/2021,1407.5482736451600,362.4114124161290,579.7472201322580,465.3896414000000
26,10/25/2021,1407.2684536129000,362.2248656903220,579.6539467806450,465.3896414000000
26,11/1/2021,1406.9923772078300,362.0408147143620,579.5625769668200,465.3889857371420
26,11/8/2021,1406.8398405000000,361.9391234833330,579.5340239000000,465.3666932000000
26,11/15/2021,1406.7434582000000,361.8748685000000,579.5340239000000,465.3345657200000
26,11/22/2021,1406.6470759000000,361.8106135166660,579.5340239000000,465.3024382400000
26,11/29/2021,1406.5506936000000,361.7463585333330,579.5340239000000,465.2703107600000
26,12/6/2021,1407.0685828709600,362.0560853096770,579.9071173322580,465.1053797774190
26,12/13/2021,1408.4055009032200,362.8644544322580,580.7776686741930,464.7633774580640
26,12/20/2021,1409.7424189354800,363.6728235548380,581.6482200161290,464.4213751387090
26,12/27/2021,1411.0793369677400,364.4811926774190,582.5187713580640,464.0793728193540
26,1/3/2022,1412.1872997557600,365.1690482470040,583.2642858686630,463.7539656345620
26,1/10/2022,1411.8833718709600,365.1137369064510,583.2387399193540,463.5308951129030
26,1/17/2022,1411.3504887419300,364.9379120129030,583.0881571387090,463.3244197258060
26,1/24/2022,1410.8176056129000,364.7620871193540,582.9375743580640,463.1179443387090
26,1/31/2022,1410.2847224838700,364.5862622258060,582.7869915774190,462.9114689516120
26,2/7/2022,1409.9188447142800,364.4716231571420,582.6045994714280,462.8426222714280
26,2/14/2022,1409.6782209642800,364.4028734571420,582.3983503714280,462.8769971214280
26,2/21/2022,1409.4375972142800,364.3341237571420,582.1921012714280,462.9113719714280
26,2/28/2022,1409.1969734642800,364.2653740571420,581.9858521714280,462.9457468214280
26,3/7/2022,1408.9873977741900,364.1826843258060,581.8619759838700,462.9427370419350
26,3/14/2022,1408.8011081290300,364.0895395709670,581.7998794806450,462.9116887903220
26,3/21/2022,1408.6148184838700,363.9963948161290,581.7377829774190,462.8806405387090
26,3/28/2022,1408.4285288387000,363.9032500612900,581.6756864741930,462.8495922870960
26,4/4/2022,1408.2147815837100,363.7963764877110,581.6131675457750,462.8052376419350
26,4/11/2022,1407.9021869333300,363.6400791666660,581.5491278866660,462.7129799800000
26,4/18/2022,1407.5813550000000,363.4796632000000,581.4849615000000,462.6167304000000
26,4/25/2022,1407.2605230666600,363.3192472333330,581.4207951133330,462.5204808200000
26,5/2/2022,1406.9441266006100,363.1534453454680,581.3586563675880,462.4320249847920
26,5/9/2022,1406.6809557419300,362.9230124032250,581.3208493129030,462.4370940870960
26,5/16/2022,1406.4325697741900,362.6746263903220,581.2898010612900,462.4681423387090
26,5/23/2022,1406.1841838064500,362.4262403774190,581.2587528096770,462.4991905903220
26,5/30/2022,1405.9357978387100,362.1778543645160,581.2277045580640,462.5302388419350
26,6/6/2022,1405.6838635000000,361.9396699200000,581.2099627000000,462.5342307599990
26,6/13/2022,1405.4271980000000,361.7150875666660,581.2099627000000,462.5021475666660
26,6/20/2022,1405.1705325000000,361.4905052133330,581.2099627000000,462.4700643733330
26,6/27/2022,1404.9138670000000,361.2659228600000,581.2099627000000,462.4379811800000
26,7/4/2022,1404.6779003248800,361.0428189948380,581.2226354557600,462.4124455771420
26,7/11/2022,1404.5164494193500,360.8250376870960,581.2809301322580,462.4104813000000
26,7/18/2022,1404.3612081612900,360.6076999258060,581.3430266354830,462.4104813000000
26,7/25/2022,1404.2059669032200,360.3903621645160,581.4051231387090,462.4104813000000
26,8/1/2022,1404.0526265576000,360.1755589543770,581.4672196419350,462.4098476622120
26,8/8/2022,1403.9620163225800,360.0443959322580,581.5293161451610,462.3883039774190
26,8/15/2022,1403.8999197741900,359.9512511774190,581.5914126483870,462.3572557258060
26,8/22/2022,1403.8378232258000,359.8581064225800,581.6535091516120,462.3262074741930
26,8/29/2022,1403.7757266774100,359.7649616677410,581.7156056548380,462.2951592225800
26,9/5/2022,1403.7228179193500,359.6708664562210,581.7783357958520,462.2736155377880
26,9/12/2022,1403.6901223000000,359.5746802400000,581.8424599400000,462.2729819000000
26,9/19/2022,1403.6580392000000,359.4784306600000,581.9066263266660,462.2729819000000
26,9/26/2022,1403.6259561000000,359.3821810800000,581.9707927133330,462.2729819000000
26,10/3/2022,1403.6282161511500,359.3243299499530,582.0347056448840,462.2691800732710
26,10/10/2022,1403.8422589677400,359.5032692612900,582.0970556032250,462.2419336483870
26,10/17/2022,1404.0906449354800,359.7206070225800,582.1591521064510,462.2108853967740
26,10/24/2022,1404.3390309032200,359.9379447838710,582.2212486096770,462.1798371451610
26,10/31/2022,1404.5874168709600,360.1552825451610,582.2833451129030,462.1487888935480
26,11/7/2022,1404.7672009333300,360.3217603133330,582.3649576600000,462.0804827400000
26,11/14/2022,1404.8955335666600,360.4500930866660,582.4612072399990,461.9842331600000
26,11/21/2022,1405.0238662000000,360.5784258600000,582.5574568200000,461.8879835799990
26,11/28/2022,1405.1521988333300,360.7067586333330,582.6537064000000,461.7917340000000
26,12/5/2022,1405.2127322800300,360.8053104306290,582.7204918228570,461.6869303098610
26,12/12/2022,1405.1241075161200,360.8383440806450,582.7224561000000,461.5633075774190
26,12/19/2022,1405.0309628064500,360.8693923322580,582.7224561000000,461.4391145709670
26,12/26/2022,1404.9378180967700,360.9004405838710,582.7224561000000,461.3149215645160
26,1/2/2023,1404.8369634700400,360.9195182907830,582.7203687331790,461.1970765608290
26,1/9/2023,1404.6435898387000,360.7949494612900,582.6932329645160,461.1554075903220
26,1/16/2023,1404.4245164838700,360.6304788161290,582.6591393064510,461.1348986290320
26,1/23/2023,1404.2054431290300,360.4660081709670,582.6250456483870,461.1143896677410
26,1/30/2023,1403.9863697741900,360.3015375258060,582.5909519903220,461.0938807064510
26,2/6/2023,1403.6550380714200,360.1192055750000,582.4831211857140,461.0527117250000
26,2/13/2023,1403.1740285714200,359.9130585500000,582.2769741857140,460.9839960500000
26,2/20/2023,1402.6930190714200,359.7069115250000,582.0708271857140,460.9152803750000
26,2/27/2023,1402.2120095714200,359.5007645000000,581.8646801857140,460.8465647000000
26,3/6/2023,1401.8041488709600,359.3430667806450,581.6936826677410,460.7673991709670
26,3/13/2023,1401.4938199032200,359.2499681354830,581.5695511258060,460.6743005032250
26,3/20/2023,1401.1834909354800,359.1568694903220,581.4454195838710,460.5812018354830
26,3/27/2023,1400.8731619677400,359.0637708451610,581.3212880419350,460.4881031677410
26,4/3/2023,1400.5969058654300,358.9899252541010,581.2123562806450,460.3946245082940
26,4/10/2023,1400.5307657666600,359.0348068300000,581.1971565000000,460.2988025666660
26,4/17/2023,1400.4986985333300,359.0989414600000,581.1971565000000,460.2026006333330
26,4/24/2023,1400.4666313000000,359.1630760900000,581.1971565000000,460.1063987000000
26,5/1/2023,1400.4390184447000,359.2290684707370,581.1965231755760,460.0134267198150
26,5/8/2023,1400.5584000645100,359.3563666258060,581.1749901451610,460.0270431935480
26,5/15/2023,1400.7445973548300,359.5115310419350,581.1439572483870,460.0891089645160
26,5/22/2023,1400.9307946451600,359.6666954580640,581.1129243516130,460.1511747354830
26,5/29/2023,1401.1169919354800,359.8218598741930,581.0818914548380,460.2132405064510
26,6/5/2023,1401.2756396267200,359.9393415078340,581.0701749529950,460.2661230730410
26,6/12/2023,1401.3736781999900,359.9739210200000,581.1009545200000,460.2988025900000
26,6/19/2023,1401.4698801333300,360.0059883466660,581.1330218466660,460.3308698933330
26,6/26/2023,1401.5660820666600,360.0380556733330,581.1650891733330,460.3629371966660
26,7/3/2023,1401.6695039041400,360.0737962761290,581.2046297226720,460.3910778914280
26,7/10/2023,1401.8174484838700,360.1321887483870,581.2902551451610,460.3950045000000
26,7/17/2023,1401.9726129677400,360.1942544967740,581.3833537903220,460.3950045000000
26,7/24/2023,1402.1277774516100,360.2563202451610,581.4764524354830,460.3950045000000
26,7/31/2023,1402.2829419354800,360.3183859935480,581.5695510806450,460.3950045000000
26,8/7/2023,1402.3671740322500,360.3272525290320,581.6271835838710,460.4127375838710
26,8/14/2023,1402.3982068387000,360.2962196548380,581.6582164806450,460.4437704806450
26,8/21/2023,1402.4292396451600,360.2651867806450,581.6892493774190,460.4748033774190
26,8/28/2023,1402.4602724516100,360.2341539064510,581.7202822741930,460.5058362741930
26,9/4/2023,1402.4457059370200,360.1963655718890,581.7318932267280,460.5174472267280
26,9/11/2023,1402.2669818666600,360.1342575800000,581.6735851800000,460.4591391800000
26,9/18/2023,1402.0745780000000,360.0701229500000,581.6094505499990,460.3950045500000
26,9/25/2023,1401.8821741333300,360.0059883200000,581.5453159199990,460.3308699200000
26,10/2/2023,1401.6920502288700,359.9324804926260,581.4851079000000,460.2744618451610
26,10/9/2023,1401.5292858709600,359.7464942967740,581.4720192000000,460.3107724322580
26,10/16/2023,1401.3741213870900,359.5292641096770,581.4720192000000,460.3728382032250
26,10/23/2023,1401.2189569032200,359.3120339225800,581.4720192000000,460.4349039741930
26,10/30/2023,1401.0637924193500,359.0948037354830,581.4720192000000,460.4969697451610
26,11/6/2023,1400.9338976000000,358.9431859299990,581.4857623300000,460.5049496300000
26,11/13/2023,1400.8376956666600,358.8790513000000,581.5178296333330,460.4408150000000
26,11/20/2023,1400.7414937333300,358.8149166700000,581.5498969366660,460.3766803700000
26,11/27/2023,1400.6452918000000,358.7507820400000,581.5819642399990,460.3125457400000
26,12/4/2023,1400.5307234672800,358.6870696261290,581.5948207118430,460.2488333261290
26,12/11/2023,1400.3500360967700,358.6248771903220,581.5385181903220,460.1866408903220
26,12/18/2023,1400.1638388064500,358.5628114193540,581.4764524193540,460.1245751193540
26,12/25/2023,1399.9776415161200,358.5007456483870,581.4143866483870,460.0625093483870
26,1/1/2024,1399.7733532903200,358.4312133682020,581.3465946271880,459.9955454032250
26,1/8/2024,1398.9720641935400,358.1152862838700,581.0898363483870,459.7669417096770
26,1/15/2024,1397.8994110645100,357.6873615612900,580.7471843161290,459.4648654032250
26,1/22/2024,1396.8267579354800,357.2594368387090,580.4045322838700,459.1627890967740
26,1/29/2024,1395.7541048064500,356.8315121161290,580.0618802516120,458.8607127903220
26,2/5/2024,1394.8984012348600,356.5041991984900,579.7633505951690,458.6308517880970
26,2/12/2024,1394.5199866896500,356.3982322517240,579.5618901655170,458.5598644551720
26,2/19/2024,1394.1560354482700,356.2989727586200,579.3633712275860,458.4936914758620
26,2/26/2024,1393.7920842068900,356.1997132655170,579.1648522896550,458.4275184965510
26,3/4/2024,1393.5150421392000,356.1396609454630,578.9942140013340,458.3811669165730
26,3/11/2024,1393.5508730967700,356.2207544483870,578.9239460516120,458.4061723741930
26,3/18/2024,1393.6127768064500,356.3136101032250,578.8620422967740,458.4371242516120
26,3/25/2024,1393.6746805161200,356.4064657580640,578.8001385419350,458.4680761290320
26,4/1/2024,1393.7366263371700,356.5006900328720,578.7375399485560,458.4983963354830
26,4/8/2024,1393.7999618333300,356.6400787666660,578.6520116833330,458.5078714000000
26,4/15/2024,1393.8639289999900,356.7999968000000,578.5560608400000,458.5078714000000
26,4/22/2024,1393.9278961666600,356.9599148333330,578.4601099966660,458.5078714000000
26,4/29/2024,1393.9918633333300,357.1198328666660,578.3641591533330,458.5078714000000
26,5/6/2024,1393.9753556774100,357.1714193290320,578.2827999193540,458.5211364903220
26,5/13/2024,1393.8515482580600,357.0785636967740,578.2208961645160,458.5520883677410
26,5/20/2024,1393.7277408387000,356.9857080645160,578.1589924096770,458.5830402451610
26,5/27/2024,1393.6039334193500,356.8928524322580,578.0970886548380,458.6139921225800
26,6/3/2024,1393.4874533493000,356.8113668774190,578.0388485916120,458.6372376141930
26,6/10/2024,1393.4161585999900,356.7999968000000,578.0032012933330,458.6129603933330
26,6/17/2024,1393.3521911999900,356.7999968000000,577.9712176866660,458.5809767866660
26,6/24/2024,1393.2882238000000,356.7999968000000,577.9392340799990,458.5489931799990
26,7/1/2024,1393.2306152258000,356.8037868258060,577.9097982129030,458.5170306290320
26,7/8/2024,1393.3828479032200,356.9326477032250,577.9644377516120,458.4857629161290
26,7/15/2024,1393.6304629677400,357.1183589677410,578.0572933838710,458.4548110387090
26,7/22/2024,1393.8780780322500,357.3040702322580,578.1501490161290,458.4238591612900
26,7/29/2024,1394.1256930967700,357.4897814967740,578.2430046483870,458.3929072838700
26,8/5/2024,1394.2311821935400,357.5428418580640,578.3169101585250,458.3714304709670
26,8/12/2024,1394.0239941612900,357.3040702322580,578.3491253999990,458.3707988000000
26,8/19/2024,1393.8073310645100,357.0564552129030,578.3800773000000,458.3707988000000
26,8/26/2024,1393.5906679677400,356.8088401935480,578.4110291999990,458.3707988000000
26,9/2/2024,1393.3813954156600,356.5685525559900,578.4420442657140,458.3707988000000
26,9/9/2024,1393.2608094000000,356.4161935000000,578.4738173200000,458.3707988000000
26,9/16/2024,1393.1648585333300,356.2882590499990,578.5058009266660,458.3707988000000
26,9/23/2024,1393.0689076666600,356.1603246000000,578.5377845333330,458.3707988000000
26,9/30/2024,1392.9729568000000,356.0323901500000,578.5697681400000,458.3707988000000
26,10/7/2024,1393.0379557741900,356.0836818354830,578.6011621870960,458.3531120129030
26,10/14/2024,1393.2236671290300,356.2693931225800,578.6321140645160,458.3221601354830
26,10/21/2024,1393.4093784838700,356.4551044096770,578.6630659419350,458.2912082580640
26,10/28/2024,1393.5950898387000,356.6408156967740,578.6940178193540,458.2602563806450
26,11/4/2024,1393.7429009170500,356.7886267211980,578.7251802537630,458.2290939462360
26,11/11/2024,1393.7542710000000,356.7999968000000,578.7571006933330,458.1971735066660
26,11/18/2024,1393.7542710000000,356.7999968000000,578.7890843000000,458.1651899000000
26,11/25/2024,1393.7542710000000,356.7999968000000,578.8210679066660,458.1332062933330
26,12/2/2024,1393.7504809769500,356.7981017870960,578.8529883462360,458.0993908394770
26,12/9/2024,1393.7012106774100,356.7734666193540,578.8841507806450,458.0435932193540
26,12/16/2024,1393.6393069677400,356.7425147419350,578.9151026580640,457.9816894419350
26,12/23/2024,1393.5774032580600,356.7115628645160,578.9460545354830,457.9197856645160
26,12/30/2024,1393.5154995483800,356.6806109870960,578.9770064129030,457.8578818870960
27,3/1/2021,909.6458396326690,236.1467057894830,374.0058163960000,299.4933174548380
27,3/8/2021,909.5342552612900,236.1176044354830,373.9094255064510,299.5072253193540
27,3/15/2021,909.3538619870960,235.9973422451610,373.8292507354830,299.5272690064510
27,3/22/2021,909.1734687129030,235.8770800548380,373.7490759645160,299.5473126935480
27,3/29/2021,908.9930754387090,235.7568178645160,373.6689011935480,299.5673563806450
27,4/5/2021,908.8235221239630,235.6543495732710,373.5879083055300,299.5812642451610
27,4/12/2021,908.6778167200000,235.5910278600000,373.5051155600000,299.5816733000000
27,4/19/2021,908.5328339800000,235.5288924066660,373.4222682733330,299.5816733000000
27,4/26/2021,908.3878512399990,235.4667569533330,373.3394209866660,299.5816733000000
27,5/3/2021,908.2483498378800,235.4024126039630,373.2667182657140,299.5792189709670
27,5/10/2021,908.1426500193540,235.3244467290320,373.2565737000000,299.5616296129030
27,5/17/2021,908.0424315387090,235.2442719580640,373.2565737000000,299.5415859258060
27,5/24/2021,907.9422130580640,235.1640971870960,373.2565737000000,299.5215422387090
27,5/31/2021,907.8419945774190,235.0839224161290,373.2565737000000,299.5014985516120
27,6/7/2021,907.9647383600000,235.1679150533330,373.2684090200000,299.5284143733330
27,6/14/2021,908.2547038399990,235.3750332466660,373.2891208299990,299.5905498266660
27,6/21/2021,908.5446693200000,235.5821514400000,373.3098326399990,299.6526852800000
27,6/28/2021,908.8346347999990,235.7892696333330,373.3305444500000,299.7148207333330
27,7/5/2021,908.9806129062670,235.8716260446390,373.3510517394930,299.7579351295230
27,7/12/2021,908.8098187903220,235.6795065354830,373.3711090838710,299.7592031999990
27,7/19/2021,908.6294255161290,235.4790695741930,373.3911527935480,299.7592031999990
27,7/26/2021,908.4490322419350,235.2786326129030,373.4111965032250,299.7592031999990
27,8/2/2021,908.2772291235020,235.0818771465430,373.4349217064510,299.7604303645160
27,8/9/2021,908.2085078741930,234.9292996193540,373.5028248322580,299.7763835032250
27,8/16/2021,908.1684204774190,234.7889937419350,373.5829996032250,299.7964271903220
27,8/23/2021,908.1283330806450,234.6486878645160,373.6631743741930,299.8164708774190
27,8/30/2021,908.0882456838700,234.5083819870960,373.7433491451610,299.8365145645160
27,9/6/2021,908.0387091200000,234.3749482300000,373.7980397999990,299.8657210900000
27,9/13/2021,907.9765736666660,234.2506773000000,373.8187516333330,299.9071447333330
27,9/20/2021,907.9144382133330,234.1264063699990,373.8394634666660,299.9485683766660
27,9/27/2021,907.8523027600000,234.0021354400000,373.8601753000000,299.9899920200000
27,10/4/2021,907.7660330621200,233.8786826247460,373.8643885788010,300.0229618585710
27,10/11/2021,907.5928800838710,233.7581750225800,373.8092070612900,300.0254980000000
27,10/18/2021,907.4124868322580,233.6379128548380,373.7490759774190,300.0254980000000
27,10/25/2021,907.2320935806450,233.5176506870960,373.6889448935480,300.0254980000000
27,11/1/2021,907.0541137530100,233.3989974688320,373.6300409746540,300.0250753100000
27,11/8/2021,906.9557769166660,233.3334395833330,373.6116335000000,300.0107038500000
27,11/15/2021,906.8936414400000,233.2920159400000,373.6116335000000,299.9899920400000
27,11/22/2021,906.8315059633330,233.2505922966660,373.6116335000000,299.9692802300000
27,11/29/2021,906.7693704866660,233.2091686533330,373.6116335000000,299.9485684200000
27,12/6/2021,907.1032411935480,233.4088420483870,373.8521578516120,299.8422413838710
27,12/13/2021,907.9651201451610,233.9299781612900,374.4133813387090,299.6217607129030
27,12/20/2021,908.8269990967740,234.4511142741930,374.9746048258060,299.4012800419350
27,12/27/2021,909.6888780483870,234.9722503870960,375.5358283129030,299.1807993709670
27,1/3/2022,910.3905999953910,235.4124487285710,376.0112550350230,298.9668962345620
27,1/10/2022,910.1046870806450,235.3535308129030,375.9576017064510,298.7935545612900
27,1/17/2022,909.6586171612900,235.2136751258060,375.8181516129030,298.6267904225800
27,1/24/2022,909.2125472419350,235.0738194387090,375.6787015193540,298.4600262838700
27,1/31/2022,908.7664773225800,234.9339637516120,375.5392514258060,298.2932621451610
27,2/7/2022,908.4867062285710,234.8487118000000,375.4035457285710,298.2344487000000
27,2/14/2022,908.3316592535710,234.8044126500000,375.2706483285710,298.2565982750000
27,2/21/2022,908.1766122785710,234.7601135000000,375.1377509285710,298.2787478500000
27,2/28/2022,908.0215653035710,234.7158143500000,375.0048535285710,298.3008974250000
27,3/7/2022,907.8865243935480,234.6625328967740,374.9250334225800,298.2989580612900
27,3/14/2022,907.7664880322580,234.6025147161290,374.8850212870960,298.2789519935480
27,3/21/2022,907.6464516709670,234.5424965354830,374.8450091516120,298.2589459258060
27,3/28/2022,907.5264153096770,234.4824783548380,374.8049970161290,298.2389398580640
27,4/4/2022,907.3886865078340,234.4136139539170,374.7647126940090,298.2103597660520
27,4/11/2022,907.1872649200000,234.3129031600000,374.7234485000000,298.1509131866660
27,4/18/2022,906.9805355999990,234.2095385000000,374.6821026500000,298.0888944000000
27,4/25/2022,906.7738062799990,234.1061738399990,374.6407567999990,298.0268756133330
27,5/2/2022,906.5699349695850,233.9993387410130,374.6007174672810,297.9698787565280
27,5/9/2022,906.4003597741930,233.8508583741930,374.5763563419350,297.9731450580640
27,5/16/2022,906.2403112774190,233.6908098774190,374.5563502741930,297.9931511258060
27,5/23/2022,906.0802627806450,233.5307613806450,374.5363442064510,298.0131571935480
27,5/30/2022,905.9202142838710,233.3707128838700,374.5163381387090,298.0331632612900
27,6/6/2022,905.7578793800000,233.2172378100000,374.5049061000000,298.0357354700000
27,6/13/2022,905.5924959333330,233.0725273000000,374.5049061000000,298.0150625333330
27,6/20/2022,905.4271124866660,232.9278167899990,374.5049061000000,297.9943895966660
27,6/27/2022,905.2617290400000,232.7831062800000,374.5049061000000,297.9737166600000
27,7/4/2022,905.1096829715200,232.6393484395850,374.5130718419350,297.9572626900000
27,7/11/2022,905.0056514645160,232.4990202096770,374.5506342548380,297.9559970000000
27,7/18/2022,904.9056211709670,232.3589777806450,374.5906463903220,297.9559970000000
27,7/25/2022,904.8055908774190,232.2189353516120,374.6306585258060,297.9559970000000
27,8/1/2022,904.7067854442390,232.0805260705060,374.6706706608290,297.9555887129030
27,8/8/2022,904.6484004032250,231.9960106709670,374.7106827806450,297.9417069516120
27,8/15/2022,904.6083882677410,231.9359924903220,374.7506948935480,297.9217008838710
27,8/22/2022,904.5683761322580,231.8759743096770,374.7907070064510,297.9016948161290
27,8/29/2022,904.5283639967740,231.8159561290320,374.8307191193540,297.8816887483870
27,9/5/2022,904.4942720241930,231.7553255108290,374.8711395262670,297.8678069870960
27,9/12/2022,904.4732044100000,231.6933475300000,374.9124581800000,297.8673987000000
27,9/19/2022,904.4525314733330,231.6313287200000,374.9538040533330,297.8673987000000
27,9/26/2022,904.4318585366660,231.5693099100000,374.9951499266660,297.8673987000000
27,10/3/2022,904.4333147551150,231.5320332952990,375.0363324823960,297.8649489774190
27,10/10/2022,904.5712340967740,231.6473335516120,375.0765079129030,297.8473926322580
27,10/17/2022,904.7312825935480,231.7873760032250,375.1165200258060,297.8273865645160
27,10/24/2022,904.8913310903220,231.9274184548380,375.1565321387090,297.8073804967740
27,10/31/2022,905.0513795870960,232.0674609064510,375.1965442516120,297.7873744290320
27,11/7/2022,905.1672242133330,232.1747315133330,375.2491316066660,297.7433610933330
27,11/14/2022,905.2499159366660,232.2574232366660,375.3111503933330,297.6813423066660
27,11/21/2022,905.3326076600000,232.3401149600000,375.3731691800000,297.6193235199990
27,11/28/2022,905.4152993833330,232.4228066833330,375.4351879666660,297.5573047333330
27,12/5/2022,905.4543044013670,232.4863089133480,375.4782214104760,297.4897740706290
27,12/12/2022,905.3971986677410,232.5075942580640,375.4794871000000,297.4101172806450
27,12/19/2022,905.3371804870960,232.5276003032250,375.4794871000000,297.3300930322580
27,12/26/2022,905.2771623064510,232.5476063483870,375.4794871000000,297.2500687838710
27,1/2/2023,905.1531132801840,232.5447445562210,375.4536322801840,297.1547363497690
27,1/9/2023,904.2606941064510,232.2674687161290,375.1175196225800,296.8757056870960
27,1/16/2023,903.1548387806450,231.9139667516120,374.6952242322580,296.5456477387090
27,1/23/2023,902.0489834548380,231.5604647870960,374.2729288419350,296.2155897903220
27,1/30/2023,900.9431281290320,231.2069628225800,373.8506334516120,295.8855318419350
27,2/6/2023,900.1790065107140,230.9483027142850,373.5526628249990,295.6780409714280
27,2/13/2023,899.8705298357140,230.8160984142850,373.4204585500000,295.6339728714280
27,2/20/2023,899.5620531607140,230.6838941142850,373.2882542750000,295.5899047714280
27,2/27/2023,899.2535764857140,230.5516898142850,373.1560500000000,295.5458366714280
27,3/6/2023,898.9920110129030,230.4505565709670,373.0463874612900,295.4950669709670
27,3/13/2023,898.7929938096770,230.3908514032250,372.9667805709670,295.4353618032250
27,3/20/2023,898.5939766064510,230.3311462354830,372.8871736806450,295.3756566354830
27,3/27/2023,898.3949594032250,230.2714410677410,372.8075667903220,295.3159514677410
27,4/3/2023,898.2177934763130,230.2240830911520,372.7377076824880,295.2560026082950
27,4/10/2023,898.1753770866660,230.2528661266660,372.7279599000000,295.1945509833330
27,4/17/2023,898.1548119733330,230.2939963533330,372.7279599000000,295.1328556666660
27,4/24/2023,898.1342468600000,230.3351265799990,372.7279599000000,295.0711603499990
27,5/1/2023,898.1165383884790,230.3774482023040,372.7275537423960,295.0115364361750
27,5/8/2023,898.1930990967740,230.4590858806450,372.7137443838700,295.0202688161290
27,5/15/2023,898.3125094322580,230.5585944935480,372.6938426612900,295.0600722387090
27,5/22/2023,898.4319197677420,230.6581031064510,372.6739409387090,295.0998756612900
27,5/29/2023,898.5513301032250,230.7576117193540,372.6540392161290,295.1396790838700
27,6/5/2023,898.6530725758060,230.8329539548380,372.6465253004600,295.1735932281100
27,6/12/2023,898.7159457500000,230.8551301600000,372.6662645600000,295.1945509599990
27,6/19/2023,898.7776410666660,230.8756952733330,372.6868296733330,295.2151160733330
27,6/26/2023,898.8393363833330,230.8962603866660,372.7073947866660,295.2356811866660
27,7/3/2023,898.9056618995390,230.9191812141010,372.7327525597230,295.2537281228570
27,7/10/2023,899.0005403129030,230.9566289451610,372.7876650677410,295.2562463000000
27,7/17/2023,899.1000489258060,230.9964323903220,372.8473702354830,295.2562463000000
27,7/24/2023,899.1995575387090,231.0362358354830,372.9070754032250,295.2562463000000
27,7/31/2023,899.2990661516120,231.0760392806450,372.9667805709670,295.2562463000000
27,8/7/2023,899.3530851129030,231.0817254870960,373.0037409129030,295.2676187129030
27,8/14/2023,899.3729868354830,231.0618237645160,373.0236426354830,295.2875204354830
27,8/21/2023,899.3928885580640,231.0419220419350,373.0435443580640,295.3074221580640
27,8/28/2023,899.4127902806450,231.0220203193540,373.0634460806450,295.3273238806450
27,9/4/2023,899.4034486557600,230.9977862490010,373.0708923033790,295.3347701033790
27,9/11/2023,899.2888309800000,230.9579557266660,373.0334987266660,295.2973765266660
27,9/18/2023,899.1654403000000,230.9168255000000,372.9923685000000,295.2562463000000
27,9/25/2023,899.0420496200000,230.8756952733330,372.9512382733330,295.2151160733330
27,10/2/2023,898.9201211087550,230.8285539141320,372.9126262238090,295.1789409694310
27,10/9/2023,898.8157386225800,230.7092789645160,372.9042323000000,295.2022273387090
27,10/16/2023,898.7162300322580,230.5699669064510,372.9042323000000,295.2420307838710
27,10/23/2023,898.6167214419350,230.4306548483870,372.9042323000000,295.2818342290320
27,10/30/2023,898.5172128516130,230.2913427903220,372.9042323000000,295.3216376741930
27,11/6/2023,898.4339099400000,230.1941086700000,372.9130459200000,295.3267552600000
27,11/13/2023,898.3722146000000,230.1529784666660,372.9336110333330,295.2856250333330
27,11/20/2023,898.3105192600000,230.1118482633330,372.9541761466660,295.2444948066660
27,11/27/2023,898.2488239200000,230.0707180600000,372.9747412600000,295.2033645800000
27,12/4/2023,898.1753500094930,230.0298586236400,372.9829862593540,295.1625051296770
27,12/11/2023,898.0594732451610,229.9899739483870,372.9468788483870,295.1226204741930
27,12/18/2023,897.9400629096770,229.9501705032250,372.9070754032250,295.0828170516120
27,12/25/2023,897.8206525741930,229.9103670580640,372.8672719580640,295.0430136290320
27,1/1/2024,897.6771232041470,229.8625761797230,372.8185935506910,294.9959535663590
27,1/8/2024,896.7376656935480,229.5512000064510,372.4770413903220,294.7094243806450
27,1/15/2024,895.4364226645160,229.1200123354830,372.0023647967740,294.3140455935480
27,1/22/2024,894.1351796354840,228.6888246645160,371.5276882032250,293.9186668064510
27,1/29/2024,892.8339366064510,228.2576369935480,371.0530116096770,293.5232880193540
27,2/5/2024,891.8597994181150,227.9390181321300,370.6847893449070,293.2359919415380
27,2/12/2024,891.6052950793100,227.8680506517240,370.5507666034480,293.1864778241370
27,2/19/2024,891.3725977965510,227.8045877586200,370.4238408172410,293.1441692206890
27,2/26/2024,891.1399005137930,227.7411248655170,370.2969150310340,293.1018606172410
27,3/4/2024,890.9627698226440,227.7027296062920,370.1878151162720,293.0722251000790
27,3/11/2024,890.9856788612900,227.7545778290320,370.1428883387090,293.0882126935480
27,3/18/2024,891.0252578774190,227.8139463419350,370.1033093225800,293.1080022129030
27,3/25/2024,891.0648368935480,227.8733148548380,370.0637303064510,293.1277917322580
27,4/1/2024,891.1044428337020,227.9335584140090,370.0237070362970,293.1471773838710
27,4/8/2024,891.1449372666660,228.0226785000000,369.9690233833330,293.1532354000000
27,4/15/2024,891.1858355600000,228.1249242800000,369.9076759200000,293.1532354000000
27,4/22/2024,891.2267338533330,228.2271700600000,369.8463284566660,293.1532354000000
27,4/29/2024,891.2676321466660,228.3294158400000,369.7849809933330,293.1532354000000
27,5/6/2024,891.2570777387090,228.3623983516120,369.7329628645160,293.1617166129030
27,5/13/2024,891.1779197290320,228.3030298387090,369.6933838483870,293.1815061096770
27,5/20/2024,891.0987617193540,228.2436613258060,369.6538048322580,293.2012956064510
27,5/27/2024,891.0196037096770,228.1842928129030,369.6142258161290,293.2210851032250
27,6/3/2024,890.9451305603680,228.1321939138240,369.5769892329950,293.2359474191700
27,6/10/2024,890.8995473833330,228.1249243000000,369.5541976533330,293.2204254533330
27,6/17/2024,890.8586490666660,228.1249243000000,369.5337485066660,293.1999763066660
27,6/24/2024,890.8177507500000,228.1249243000000,369.5132993600000,293.1795271600000
27,7/1/2024,890.7809180324880,228.1273475046080,369.4944791451610,293.1590914751150
27,7/8/2024,890.8782500870960,228.2097364612900,369.5294136806450,293.1391000290320
27,7/15/2024,891.0365661290320,228.3284734870960,369.5887821935480,293.1193105096770
27,7/22/2024,891.1948821709670,228.4472105129030,369.6481507064510,293.0995209903220
27,7/29/2024,891.3531982129030,228.5659475387090,369.7075192193540,293.0797314709670
27,8/5/2024,891.4206440820270,228.5998724009210,369.7547717069120,293.0659999677410
27,8/12/2024,891.2881755709670,228.4472105032250,369.7753689387090,293.0655960999990
27,8/19/2024,891.1496490483870,228.2888944612900,369.7951584354830,293.0655960999990
27,8/26/2024,891.0111225258060,228.1305784193540,369.8149479322580,293.0655960999990
27,9/2/2024,890.8773212517510,227.9769472405990,369.8347778171880,293.0655960999990
27,9/9/2024,890.8002229600000,227.8795344200000,369.8550923600000,293.0655960999990
27,9/16/2024,890.7388754966660,227.7977378100000,369.8755415300000,293.0655960999990
27,9/23/2024,890.6775280333330,227.7159412000000,369.8959906999990,293.0655960999990
27,9/30/2024,890.6161805700000,227.6341445900000,369.9164398700000,293.0655960999990
27,10/7/2024,890.6577385290320,227.6669386290320,369.9365120838710,293.0542878161290
27,10/14/2024,890.7764755548380,227.7856756548380,369.9563015806450,293.0344983193540
27,10/21/2024,890.8952125806450,227.9044126806450,369.9760910774190,293.0147088225800
27,10/28/2024,891.0139496064510,228.0231497064510,369.9958805741930,292.9949193258060
27,11/4/2024,891.1084545861750,228.1176546861750,370.0158046933940,292.9749952066050
27,11/11/2024,891.1157242000000,228.1249243000000,370.0362134533330,292.9545864466660
27,11/18/2024,891.1157242000000,228.1249243000000,370.0566626000000,292.9341373000000
27,11/25/2024,891.1157242000000,228.1249243000000,370.0771117466660,292.9136881533330
27,12/2/2024,891.1133009949300,228.1237126967740,370.0975205079870,292.8920677901690
27,12/9/2024,891.0817993290320,228.1079618548380,370.1174446451610,292.8563928290320
27,12/16/2024,891.0422203129030,228.0881723354830,370.1372341645160,292.8168138129030
27,12/23/2024,891.0026412967740,228.0683828161290,370.1570236838710,292.7772347967740
27,12/30/2024,890.9630622806450,228.0485932967740,370.1768132032250,292.7376557806450
28,3/1/2021,866.3682547776000,224.9117188367670,356.2120028549370,285.2445329940090
28,3/8/2021,866.2619791838710,224.8840020225800,356.1201978870960,285.2577791903220
28,3/15/2021,866.0901683612900,224.7694614741930,356.0438375290320,285.2768692967740
28,3/22/2021,865.9183575387090,224.6549209258060,355.9674771709670,285.2959594032250
28,3/29/2021,865.7465467161290,224.5403803774190,355.8911168129030,285.3150495096770
28,4/5/2021,865.5850601290320,224.4427871550690,355.8139772675110,285.3282957059900
28,4/12/2021,865.4462868600000,224.3824780500000,355.7351235100000,285.3286853000000
28,4/19/2021,865.3082018733330,224.3232987666660,355.6562178066660,285.3286853000000
28,4/26/2021,865.1701168866660,224.2641194833330,355.5773121033330,285.3286853000000
28,5/3/2021,865.0372524537320,224.2028363949300,355.5080683228570,285.3263477359440
28,5/10/2021,864.9365814354840,224.1285798419350,355.4984064000000,285.3095951935480
28,5/17/2021,864.8411309709670,224.0522194838700,355.4984064000000,285.2905050870960
28,5/24/2021,864.7456805064510,223.9758591258060,355.4984064000000,285.2714149806450
28,5/31/2021,864.6502300419350,223.8994987677410,355.4984064000000,285.2523248741930
28,6/7/2021,864.7671341266660,223.9794953400000,355.5096786400000,285.2779601333330
28,6/14/2021,865.0433041233330,224.1767596100000,355.5294050600000,285.3371394166660
28,6/21/2021,865.3194741199990,224.3740238800000,355.5491314800000,285.3963187000000
28,6/28/2021,865.5956441166660,224.5712881500000,355.5688578999990,285.4554979833330
28,7/5/2021,865.7346771278490,224.6497263455760,355.5883895232250,285.4965611595230
28,7/12/2021,865.5720087709670,224.4667471774190,355.6074925935480,285.4977689000000
28,7/19/2021,865.4001979483870,224.2758462709670,355.6265826774190,285.4977689000000
28,7/26/2021,865.2283871258060,224.0849453645160,355.6456727612900,285.4977689000000
28,8/2/2021,865.0647577705060,223.8975508013820,355.6682691898610,285.4989376820270
28,8/9/2021,864.9993060225800,223.7522323580640,355.7329417548380,285.5141318483870
28,8/16/2021,864.9611258322580,223.6186017258060,355.8093021354830,285.5332219548380
28,8/23/2021,864.9229456419350,223.4849710935480,355.8856625161290,285.5523120612900
28,8/30/2021,864.8847654516120,223.3513404612900,355.9620228967740,285.5714021677410
28,9/6/2021,864.8375856499990,223.2242550000000,356.0141115800000,285.5992191600000
28,9/13/2021,864.7784063666660,223.1058964333330,356.0338380000000,285.6386720000000
28,9/20/2021,864.7192270833330,222.9875378666660,356.0535644200000,285.6781248399990
28,9/27/2021,864.6600478000000,222.8691793000000,356.0732908399990,285.7175776800000
28,10/4/2021,864.5778824882480,222.7515999207370,356.0773036489400,285.7489789199990
28,10/11/2021,864.4129674741930,222.6368256161290,356.0247474580640,285.7513944000000
28,10/18/2021,864.2411566516130,222.5222850677410,355.9674771838700,285.7513944000000
28,10/25/2021,864.0693458290320,222.4077445193540,355.9102069096770,285.7513944000000
28,11/1/2021,863.8998336092930,222.2947363727030,355.8541054165890,285.7509918199990
28,11/8/2021,863.8061752833330,222.2322974833330,355.8365737000000,285.7373040999990
28,11/15/2021,863.7469960000000,222.1928446200000,355.8365737000000,285.7175776800000
28,11/22/2021,863.6878167166660,222.1533917566660,355.8365737000000,285.6978512600000
28,11/29/2021,863.6286374333330,222.1139388933330,355.8365737000000,285.6781248400000
28,12/6/2021,863.9466238096770,222.3041125645160,356.0656547935480,285.5768564516120
28,12/13/2021,864.7674977322580,222.8004549483870,356.6001773451610,285.3668654387090
28,12/20/2021,865.5883716548380,223.2967973322580,357.1346998967740,285.1568744258060
28,12/27/2021,866.4092455774190,223.7931397161290,357.6692224483870,284.9468834129030
28,1/3/2022,867.0246370603680,224.1987083101380,358.1001499345620,284.7257788184330
28,1/10/2022,866.3728868322580,224.0445052000000,357.8922411838710,284.4361404709670
28,1/17/2022,865.5156541645160,223.7995283000000,357.5807373677410,284.1353885419350
28,1/24/2022,864.6584214967740,223.5545513999990,357.2692335516120,283.8346366129030
28,1/31/2022,863.8011888290320,223.3095745000000,356.9577297354830,283.5338846838700
28,2/7/2022,863.3496070285710,223.1805282857140,356.7520597714280,283.4170190428570
28,2/14/2022,863.2022633785710,223.1384300857140,356.6257651964280,283.4380681178570
28,2/21/2022,863.0549197285710,223.0963318857140,356.4994706214280,283.4591171928570
28,2/28/2022,862.9075760785710,223.0542336857140,356.3731760464280,283.4801662678570
28,3/7/2022,862.7792445161290,223.0035994580640,356.2973217096770,283.4783232612900
28,3/14/2022,862.6651720193540,222.9465632096770,356.2592975516120,283.4593111935480
28,3/21/2022,862.5510995225800,222.8895269612900,356.2212733935480,283.4402991258060
28,3/28/2022,862.4370270258060,222.8324907129030,356.1832492354830,283.4212870580640
28,4/4/2022,862.3061411161290,222.7670477628260,356.1449664049150,283.3941269470040
28,4/11/2022,862.1147269200000,222.6713406866660,356.1057523533330,283.3376338800000
28,4/18/2022,861.9182687000000,222.5731116000000,356.0664607000000,283.2786964000000
28,4/25/2022,861.7218104800000,222.4748825133330,356.0271690466660,283.2197589200000
28,5/2/2022,861.5280682728110,222.3733554109060,355.9891190006140,283.1655938626720
28,5/9/2022,861.3669182193540,222.2322521193540,355.9659682419350,283.1686978774190
28,5/16/2022,861.2148215419350,222.0801554419350,355.9469561741930,283.1877099677410
28,5/23/2022,861.0627248645160,221.9280587645160,355.9279441064510,283.2067220580640
28,5/30/2022,860.9106281870960,221.7759620870960,355.9089320387090,283.2257341483870
28,6/6/2022,860.7563587100000,221.6301122400000,355.8980680000000,283.2281785600000
28,6/13/2022,860.5991921666660,221.4925915000000,355.8980680000000,283.2085327333330
28,6/20/2022,860.4420256233330,221.3550707600000,355.8980680000000,283.1888869066660
28,6/27/2022,860.2848590800000,221.2175500200000,355.8980680000000,283.1692410800000
28,7/4/2022,860.1403672538710,221.0809346127180,355.9058280322580,283.1536046057140
28,7/11/2022,860.0415044096770,220.9475784032250,355.9415241806450,283.1524018000000
28,7/18/2022,859.9464439806450,220.8144937935480,355.9795483387090,283.1524018000000
28,7/25/2022,859.8513835516120,220.6814091838700,356.0175724967740,283.1524018000000
28,8/1/2022,859.7574871281100,220.5498765815660,356.0555966552990,283.1520137986170
28,8/8/2022,859.7020028870960,220.4695602225800,356.0936208290320,283.1388217516120
28,8/15/2022,859.6639787290320,220.4125239741930,356.1316450096770,283.1198096838710
28,8/22/2022,859.6259545709670,220.3554877258060,356.1696691903220,283.1007976161290
28,8/29/2022,859.5879304129030,220.2984514774190,356.2076933709670,283.0817855483870
28,9/5/2022,859.5555322746540,220.2408332264970,356.2461055463130,283.0685935013820
28,9/12/2022,859.5355113799990,220.1819345700000,356.2853713099990,283.0682055000000
28,9/19/2022,859.5158655533330,220.1229971133330,356.3246629400000,283.0682055000000
28,9/26/2022,859.4962197266660,220.0640596566660,356.3639545700000,283.0682055000000
28,10/3/2022,859.4976035943770,220.0286351033170,356.4030909993540,283.0658774889400
28,10/10/2022,859.6286705774190,220.1382067870960,356.4412703580640,283.0491934096770
28,10/17/2022,859.7807672548380,220.2712913741930,356.4792945161290,283.0301813193540
28,10/24/2022,859.9328639322580,220.4043759612900,356.5173186741930,283.0111692290320
28,10/31/2022,860.0849606096770,220.5374605483870,356.5553428322580,282.9921571387090
28,11/7/2022,860.1950496333330,220.6394015333330,356.6053174600000,282.9503305533330
28,11/14/2022,860.2736329166660,220.7179848166660,356.6642549400000,282.8913930966660
28,11/21/2022,860.3522162000000,220.7965681000000,356.7231924200000,282.8324556400000
28,11/28/2022,860.4307994833330,220.8751513833330,356.7821299000000,282.7735181833330
28,12/5/2022,860.4678665765740,220.9354985871730,356.8230252942850,282.7093427015510
28,12/12/2022,860.4135980516120,220.9557264161290,356.8242280999990,282.6336435645160
28,12/19/2022,860.3565617806450,220.9747385064510,356.8242280999990,282.5575952258060
28,12/26/2022,860.2995255096770,220.9937505967740,356.8242280999990,282.4815468870960
28,1/2/2023,860.1867896046080,220.9923523917050,356.8017949460830,282.3926423608290
28,1/9/2023,859.4056580903220,220.7460306419350,356.5101639451610,282.1494635838700
28,1/16/2023,858.4388611290320,220.4316745741930,356.1437557645160,281.8634308483870
28,1/23/2023,857.4720641677410,220.1173185064510,355.7773475838700,281.5773981129030
28,1/30/2023,856.5052672064510,219.8029624387090,355.4109394032250,281.2913653774190
28,2/6/2023,855.8271212178570,219.5694630107140,355.1476959107140,281.1099623071420
28,2/13/2023,855.5338431928570,219.4437724357140,355.0220053357140,281.0680654571420
28,2/20/2023,855.2405651678570,219.3180818607140,354.8963147607140,281.0261686071420
28,2/27/2023,854.9472871428570,219.1923912857140,354.7706241857140,280.9842717571420
28,3/6/2023,854.6986090129030,219.0962408870960,354.6663647193540,280.9360034870960
28,3/13/2023,854.5093974096770,219.0394773903220,354.5906800645160,280.8792399903220
28,3/20/2023,854.3201858064510,218.9827138935480,354.5149954096770,280.8224764935480
28,3/27/2023,854.1309742032250,218.9259503967740,354.4393107548380,280.7657129967740
28,4/3/2023,853.9625372591700,218.8809257436860,354.3728936087550,280.7087178151150
28,4/10/2023,853.9222107133330,218.9082906266660,354.3636261000000,280.6502939100000
28,4/17/2023,853.9026588266660,218.9473943533330,354.3636261000000,280.5916383200000
28,4/24/2023,853.8831069400000,218.9864980800000,354.3636261000000,280.5329827300000
28,5/1/2023,853.8662709483870,219.0267345023040,354.3632399539170,280.4762964850230
28,5/8/2023,853.9390594935480,219.1043498806450,354.3501109870960,280.4845986258060
28,5/15/2023,854.0525864645160,219.1989556935480,354.3311898290320,280.5224409419350
28,5/22/2023,854.1661134354830,219.2935615064510,354.3122686709670,280.5602832580640
28,5/29/2023,854.2796404064510,219.3881673193540,354.2933475129030,280.5981255741930
28,6/5/2023,854.3763700230410,219.4597974334100,354.2862038103680,280.6303687721190
28,6/12/2023,854.4361454600000,219.4808810100000,354.3049705099990,280.6502939100000
28,6/19/2023,854.4948010733330,219.5004328733330,354.3245223733330,280.6698457733330
28,6/26/2023,854.5534566866660,219.5199847366660,354.3440742366660,280.6893976366660
28,7/3/2023,854.6165143652530,219.5417762500460,354.3681826265430,280.7065553942850
28,7/10/2023,854.7067181129030,219.5773789387090,354.4203895967740,280.7089495000000
28,7/17/2023,854.8013239258060,219.6152212774190,354.4771530935480,280.7089495000000
28,7/24/2023,854.8959297387090,219.6530636161290,354.5339165903220,280.7089495000000
28,7/31/2023,854.9905355516120,219.6909059548380,354.5906800870960,280.7089495000000
28,8/7/2023,855.0418929903220,219.6963120096770,354.6258193903220,280.7197615903220
28,8/14/2023,855.0608141483870,219.6773908516120,354.6447405483870,280.7386827483870
28,8/21/2023,855.0797353064510,219.6584696935480,354.6636617064510,280.7576039064510
28,8/28/2023,855.0986564645160,219.6395485354830,354.6825828645160,280.7765250645160
28,9/4/2023,855.0897750998460,219.6165084811050,354.6896622093700,280.7836044093700
28,9/11/2023,854.9808046533330,219.5786403999990,354.6541110266660,280.7480532266660
28,9/18/2023,854.8634934500000,219.5395366499990,354.6150073000000,280.7089495000000
28,9/25/2023,854.7461822466660,219.5004329000000,354.5759035733330,280.6698457733330
28,10/2/2023,854.6302611692780,219.4556141880180,354.5391939523800,280.6354530288780
28,10/9/2023,854.5310216032250,219.3422159322580,354.5312135999990,280.6575920709670
28,10/16/2023,854.4364157903220,219.2097678032250,354.5312135999990,280.6954343870960
28,10/23/2023,854.3418099774190,219.0773196741930,354.5312135999990,280.7332767032250
28,10/30/2023,854.2472041645160,218.9448715451610,354.5312135999990,280.7711190193540
28,11/6/2023,854.1680055899990,218.8524281600000,354.5395929700000,280.7759844600000
28,11/13/2023,854.1093500000000,218.8133244333330,354.5591448333330,280.7368807333330
28,11/20/2023,854.0506944099990,218.7742207066660,354.5786966966660,280.6977770066660
28,11/27/2023,853.9920388200000,218.7351169800000,354.5982485600000,280.6586732800000
28,12/4/2023,853.9221849889860,218.6962706794470,354.6060873208750,280.6198269840550
28,12/11/2023,853.8120174903220,218.6583511129030,354.5717589129030,280.5819074387090
28,12/18/2023,853.6984905193540,218.6205087741930,354.5339165741930,280.5440651225800
28,12/25/2023,853.5849635483870,218.5826664354830,354.4960742354830,280.5062228064510
28,1/1/2024,853.4540291437780,218.5386418188930,354.4520899078340,280.4632973248840
28,1/8/2024,852.7486494290320,218.2906020322580,354.2054199451610,280.2526273838710
28,1/15/2024,851.7821582096770,217.9498280774190,353.8666201483870,279.9657099612900
28,1/22/2024,850.8156669903220,217.6090541225800,353.5278203516120,279.6787925387090
28,1/29/2024,849.8491757709670,217.2682801677410,353.1890205548380,279.3918751161290
28,2/5/2024,849.1107293263620,217.0133284330680,352.9169423140790,279.1804586709040
28,2/12/2024,848.8739813862060,216.9471855827580,352.7916514965510,279.1351443758620
28,2/19/2024,848.6524364310340,216.8867642137930,352.6708087827580,279.0948634793100
28,2/26/2024,848.4308914758620,216.8263428448270,352.5499660689650,279.0545825827580
28,3/4/2024,848.2622500072620,216.7897877177180,352.4460949030820,279.0263673925470
28,3/11/2024,848.2840610903220,216.8391510612900,352.4033213096770,279.0415887451610
28,3/18/2024,848.3217432193540,216.8956742774190,352.3656391806450,279.0604298096770
28,3/25/2024,848.3594253483870,216.9521974935480,352.3279570516120,279.0792708741930
28,4/1/2024,848.3971331115200,217.0095538175110,352.2898519594310,279.0977274271880
28,4/8/2024,848.4356867999990,217.0944027000000,352.2377890833330,279.1034951000000
28,4/15/2024,848.4746250000000,217.1917482000000,352.1793817600000,279.1034951000000
28,4/22/2024,848.5135631999990,217.2890937000000,352.1209744366660,279.1034951000000
28,4/29/2024,848.5525013999990,217.3864392000000,352.0625671133330,279.1034951000000
28,5/6/2024,848.5424528322580,217.4178409741930,352.0130420161290,279.1115698419350
28,5/13/2024,848.4670885741930,217.3613177806450,351.9753598870960,279.1304109064510
28,5/20/2024,848.3917243161290,217.3047945870960,351.9376777580640,279.1492519709670
28,5/27/2024,848.3163600580640,217.2482713935480,351.8999956290320,279.1680930354830
28,6/3/2024,848.2454561336400,217.1986694073730,351.8645436668200,279.1822430594470
28,6/10/2024,848.2020575999990,217.1917482000000,351.8428444000000,279.1674650000000
28,6/17/2024,848.1631193999990,217.1917482000000,351.8233753000000,279.1479958999990
28,6/24/2024,848.1241812000000,217.1917482000000,351.8039062000000,279.1285268000000
28,7/1/2024,848.0891137493080,217.1940552695850,351.7859879631330,279.1090705170500
28,7/8/2024,848.1817810258060,217.2724956354830,351.8192482096770,279.0900371967740
28,7/15/2024,848.3325095419350,217.3855420451610,351.8757714032250,279.0711961322580
28,7/22/2024,848.4832380580640,217.4985884548380,351.9322945967740,279.0523550677410
28,7/29/2024,848.6339665741930,217.6116348645160,351.9888177903220,279.0335140032250
28,8/5/2024,848.6981799981560,217.6439338410130,352.0338056451610,279.0204406115200
28,8/12/2024,848.5720602193540,217.4985884645160,352.0534157548380,279.0200561000000
28,8/19/2024,848.4401727677420,217.3478599258060,352.0722568419350,279.0200561000000
28,8/26/2024,848.3082853161290,217.1971313870960,352.0910979290320,279.0200561000000
28,9/2/2024,848.1808966478800,217.0508631819810,352.1099774658980,279.0200561000000
28,9/9/2024,848.1074933799990,216.9581189800000,352.1293184000000,279.0200561000000
28,9/16/2024,848.0490860566660,216.8802425566660,352.1487874999990,279.0200561000000
28,9/23/2024,847.9906787333330,216.8023661333330,352.1682566000000,279.0200561000000
28,9/30/2024,847.9322714100000,216.7244897100000,352.1877257000000,279.0200561000000
28,10/7/2024,847.9718376483870,216.7557120483870,352.2068359225800,279.0092897645160
28,10/14/2024,848.0848840580640,216.8687584580640,352.2256769870960,278.9904486774190
28,10/21/2024,848.1979304677410,216.9818048677410,352.2445180516120,278.9716075903220
28,10/28/2024,848.3109768774190,217.0948512774190,352.2633591161290,278.9527665032250
28,11/4/2024,848.4009525912440,217.1848269912440,352.2823283511520,278.9337972502300
28,11/11/2024,848.4078738000000,217.1917482000000,352.3017590000000,278.9143666000000
28,11/18/2024,848.4078738000000,217.1917482000000,352.3212281000000,278.8948975000000
28,11/25/2024,848.4078738000000,217.1917482000000,352.3406971999990,278.8754284000000
28,12/2/2024,848.4055667308750,217.1905946654370,352.3601278488470,278.8548442165890
28,12/9/2024,848.3755748322580,217.1755987161290,352.3790970838700,278.8208790322580
28,12/16/2024,848.3378927032250,217.1567576516120,352.3979381483870,278.7831969032250
28,12/23/2024,848.3002105741930,217.1379165870960,352.4167792129030,278.7455147741930
28,12/30/2024,848.2625284451610,217.1190755225800,352.4356202774190,278.7078326451610
29,3/1/2021,1286.8957296637500,334.0818746070600,529.1141532256250,423.6997021990780
29,3/8/2021,1286.7378688387000,334.0407042935480,528.9777869290320,423.7193779677410
29,3/15/2021,1286.4826626129000,333.8705667645160,528.8643619096770,423.7477342225800
29,3/22/2021,1286.2274563870900,333.7004292354830,528.7509368903220,423.7760904774190
29,3/29/2021,1285.9722501612900,333.5302917064510,528.6375118709670,423.8044467322580
29,4/5/2021,1285.7323794331700,333.3853275944700,528.5229294605990,423.8241225009210
29,4/12/2021,1285.5262468000000,333.2957449999990,528.4058007900000,423.8247012000000
29,4/19/2021,1285.3211365333300,333.2078406333330,528.2885949600000,423.8247012000000
29,4/26/2021,1285.1160262666600,333.1199362666660,528.1713891300000,423.8247012000000
29,5/3/2021,1284.9186705843300,333.0289069221190,528.0685350342850,423.8212290055290
29,5/10/2021,1284.7691348387000,332.9186068806450,528.0541833000000,423.7963449451610
29,5/17/2021,1284.6273536774100,332.8051818612900,528.0541833000000,423.7679886903220
29,5/24/2021,1284.4855725161200,332.6917568419350,528.0541833000000,423.7396324354830
29,5/31/2021,1284.3437913548300,332.5783318225800,528.0541833000000,423.7112761806450
29,6/7/2021,1284.5174397333300,332.6971580200000,528.0709269933330,423.7493545800000
29,6/14/2021,1284.9276602666600,332.9901726300000,528.1002284566660,423.8372589699990
29,6/21/2021,1285.3378808000000,333.2831872400000,528.1295299200000,423.9251633600000
29,6/28/2021,1285.7481013333300,333.5762018500000,528.1588313833330,424.0130677500000
29,7/5/2021,1285.9546197284100,333.6927132551610,528.1878434902150,424.0740626328570
29,7/12/2021,1285.7129934193500,333.4209176096770,528.2162190129030,424.0758566000000
29,7/19/2021,1285.4577869677400,333.1373550838710,528.2445752451610,424.0758566000000
29,7/26/2021,1285.2025805161200,332.8537925580640,528.2729314774190,424.0758566000000
29,8/2/2021,1284.9595267603600,332.5754383239630,528.3064960027650,424.0775926972350
29,8/9/2021,1284.8623053548300,332.3595835903220,528.4025600451610,424.1001619612900
29,8/16/2021,1284.8055929354800,332.1610898290320,528.5159850645160,424.1285182161290
29,8/23/2021,1284.7488805161200,331.9625960677410,528.6294100838710,424.1568744709670
29,8/30/2021,1284.6921680967700,331.7641023064510,528.7428351032250,424.1852307258060
29,9/6/2021,1284.6220876999900,331.5753306900000,528.8202071700000,424.2265498300000
29,9/13/2021,1284.5341833333300,331.3995219333330,528.8495086333330,424.2851527333330
29,9/20/2021,1284.4462789666600,331.2237131766660,528.8788100966660,424.3437556366660
29,9/27/2021,1284.3583746000000,331.0479044200000,528.9081115600000,424.4023585400000
29,10/4/2021,1284.2363269967700,330.8732530567280,528.9140721605060,424.4490016671420
29,10/11/2021,1283.9913637419300,330.7027683096770,528.8360056548380,424.4525896000000
29,10/18/2021,1283.7361575161200,330.5326307806450,528.7509368903220,424.4525896000000
29,10/25/2021,1283.4809512903200,330.3624932516120,528.6658681258060,424.4525896000000
29,11/1/2021,1283.2291593881700,330.1946319389550,528.5825354585250,424.4519916114280
29,11/8/2021,1283.0900401666600,330.1018857666660,528.5564940000000,424.4316600000000
29,11/15/2021,1283.0021358000000,330.0432828400000,528.5564940000000,424.4023585600000
29,11/22/2021,1282.9142314333300,329.9846799133330,528.5564940000000,424.3730571200000
29,11/29/2021,1282.8263270666600,329.9260769866660,528.5564940000000,424.3437556800000
29,12/6/2021,1283.2986611612900,330.2085592774190,528.8967690290320,424.1933325225800
29,12/13/2021,1284.5179798709600,330.9458218580640,529.6907440967740,423.8814137419350
29,12/20/2021,1285.7372985806400,331.6830844387090,530.4847191645160,423.5694949612900
29,12/27/2021,1286.9566172903200,332.4203470193540,531.2786942322580,423.2575761806450
29,1/3/2022,1287.8790773179700,333.0249369391700,531.9222462474650,422.9318943926260
29,1/10/2022,1286.9709088064500,332.8113787838700,531.6381894387090,422.5213407258060
29,1/17/2022,1285.7658816129000,332.4651479677410,531.2037095774190,422.0970240516120
29,1/24/2022,1284.5608544193500,332.1189171516120,530.7692297161290,421.6727073774190
29,1/31/2022,1283.3558272258000,331.7726863354830,530.3347498548380,421.2483907032250
29,2/7/2022,1282.7142928571400,331.5885605428570,530.0413207285710,421.0844112857140
29,2/14/2022,1282.4953781071400,331.5260135178570,529.8536796535710,421.1156848107140
29,2/21/2022,1282.2764633571400,331.4634664928570,529.6660385785710,421.1469583357140
29,2/28/2022,1282.0575486071400,331.4009194678570,529.4783975035710,421.1782318607140
29,3/7/2022,1281.8668810322500,331.3256901032250,529.3656975645160,421.1754936258060
29,3/14/2022,1281.6973988387000,331.2409489838700,529.3092034774190,421.1472465709670
29,3/21/2022,1281.5279166451600,331.1562078645160,529.2527093903220,421.1189995161290
29,3/28/2022,1281.3584344516100,331.0714667451610,529.1962153032250,421.0907524612900
29,4/4/2022,1281.1639718894000,330.9742354365590,529.1393369073730,421.0503995353300
29,4/11/2022,1280.8795800000000,330.8320394466660,529.0810750000000,420.9664654733330
29,4/18/2022,1280.5876940000000,330.6860964000000,529.0226978000000,420.8788996500000
29,4/25/2022,1280.2958080000000,330.5401533533330,528.9643206000000,420.7913338266660
29,5/2/2022,1280.0079572764900,330.3893103099840,528.9077881027640,420.7108585877110
29,5/9/2022,1279.7685298709600,330.1796673064510,528.8733920387090,420.7154703612900
29,5/16/2022,1279.5425533870900,329.9536909806450,528.8451449838700,420.7437174161290
29,5/23/2022,1279.3165769032200,329.7277146548380,528.8168979290320,420.7719644709670
29,5/30/2022,1279.0906004193500,329.5017383290320,528.7886508741930,420.8002115258060
29,6/6/2022,1278.8613958000000,329.2850431700000,528.7725097000000,420.8038432900000
29,6/13/2022,1278.6278870000000,329.0807229000000,528.7725097000000,420.7746546666660
29,6/20/2022,1278.3943782000000,328.8764026300000,528.7725097000000,420.7454660433330
29,6/27/2022,1278.1608694000000,328.6720823600000,528.7725097000000,420.7162774200000
29,7/4/2022,1277.9461919548300,328.4691071872350,528.7840391055290,420.6930456585710
29,7/11/2022,1277.7993073870900,328.2709743645160,528.8370743709670,420.6912586000000
29,7/18/2022,1277.6580722258000,328.0732450709670,528.8935684580640,420.6912586000000
29,7/25/2022,1277.5168370645100,327.8755157774190,528.9500625451610,420.6912586000000
29,8/1/2022,1277.3773313133600,327.6800923649770,529.0065566322580,420.6906821299530
29,8/8/2022,1277.2948960967700,327.5607630290320,529.0630507193540,420.6710821483870
29,8/15/2022,1277.2384020322500,327.4760219096770,529.1195448064510,420.6428351161290
29,8/22/2022,1277.1819079677400,327.3912807903220,529.1760388935480,420.6145880838700
29,8/29/2022,1277.1254139032200,327.3065396709670,529.2325329806450,420.5863410516120
29,9/5/2022,1277.0772786543700,327.2209338463130,529.2896035380180,420.5667410700460
29,9/12/2022,1277.0475328000000,327.1334256700000,529.3479423299990,420.5661646000000
29,9/19/2022,1277.0183442000000,327.0458598466660,529.4063195533330,420.5661646000000
29,9/26/2022,1276.9891556000000,326.9582940233330,529.4646967766660,420.5661646000000
29,10/3/2022,1276.9912116764900,326.9056622931790,529.5228434091240,420.5627057769580
29,10/10/2022,1277.1859432580600,327.0684574709670,529.5795680645160,420.5379175451610
29,10/17/2022,1277.4119195161200,327.2661867419350,529.6360621290320,420.5096704903220
29,10/24/2022,1277.6378957741900,327.4639160129030,529.6925561935480,420.4814234354830
29,10/31/2022,1277.8638720322500,327.6616452838710,529.7490502580640,420.4531763806450
29,11/7/2022,1278.0274358000000,327.8131032266660,529.8232996266660,420.3910328866660
29,11/14/2022,1278.1441902000000,327.9298576733330,529.9108654733330,420.3034670633330
29,11/21/2022,1278.2609446000000,328.0466121200000,529.9984313200000,420.2159012400000
29,11/28/2022,1278.3776990000000,328.1633665666660,530.0859971666660,420.1283354166660
29,12/5/2022,1278.4327711050600,328.2530269068810,530.1467571419040,420.0329872479410
29,12/12/2022,1278.3521421612900,328.2830802129030,530.1485442000000,419.9205179193540
29,12/19/2022,1278.2674010645100,328.3113272451610,530.1485442000000,419.8075297677410
29,12/26/2022,1278.1826599677400,328.3395742774190,530.1485442000000,419.6945416161290
29,1/2/2023,1278.0249008202700,328.3399952949300,530.1192550603680,419.5656505668200
29,1/9/2023,1276.9909250645100,328.0065041354830,529.7384962451610,419.2459247451610
29,1/16/2023,1275.7135558064500,327.5802595935480,529.2601069645160,418.8731892645160
29,1/23/2023,1274.4361865483800,327.1540150516120,528.7817176838710,418.5004537838700
29,1/30/2023,1273.1588172903200,326.7277705096770,528.3033284032250,418.1277183032250
29,2/6/2023,1272.2420448214200,326.4041248607140,527.9498857607140,417.8880341535710
29,2/13/2023,1271.8060680714200,326.2172777357140,527.7630386357140,417.8257517785710
29,2/20/2023,1271.3700913214200,326.0304306107140,527.5761915107140,417.7634694035710
29,2/27/2023,1270.9341145714200,325.8435834857140,527.3893443857140,417.7011870285710
29,3/6/2023,1270.5644385161200,325.7006497451610,527.2343559870960,417.6294331451610
29,3/13/2023,1270.2831633870900,325.6162671838710,527.1218458903220,417.5450505838710
29,3/20/2023,1270.0018882580600,325.5318846225800,527.0093357935480,417.4606680225800
29,3/27/2023,1269.7206131290300,325.4475020612900,526.8968256967740,417.3762854612900
29,4/3/2023,1269.4702208525300,325.3805700442390,526.7980923465430,417.2915584785250
29,4/10/2023,1269.4102728333300,325.4212497166660,526.7843156000000,417.2047075633330
29,4/17/2023,1269.3812076666600,325.4793799333330,526.7843156000000,417.1175122266660
29,4/24/2023,1269.3521425000000,325.5375101500000,526.7843156000000,417.0303168900000
29,5/1/2023,1269.3271146889400,325.5973241910130,526.7837415691240,416.9460491122120
29,5/8/2023,1269.4353196129000,325.7127044354830,526.7642245193540,416.9583907774190
29,5/15/2023,1269.6040848709600,325.8533420451610,526.7360970064510,417.0146458258060
29,5/22/2023,1269.7728501290300,325.9939796548380,526.7079694935480,417.0709008741930
29,5/29/2023,1269.9416153870900,326.1346172645160,526.6798419806450,417.1271559225800
29,6/5/2023,1270.0854102396300,326.2411000304140,526.6692224094470,417.1750875235020
29,6/12/2023,1270.1742702000000,326.2724421399990,526.6971203100000,417.2047075400000
29,6/19/2023,1270.2614654666600,326.3015072600000,526.7261854066660,417.2337726600000
29,6/26/2023,1270.3486607333300,326.3305723800000,526.7552505033330,417.2628377800000
29,7/3/2023,1270.4423999686600,326.3629668789860,526.7910891698610,417.2883439057140
29,7/10/2023,1270.5764936774100,326.4158925483870,526.8686981838710,417.2919029000000
29,7/17/2023,1270.7171313548300,326.4721475967740,526.9530807677420,417.2919029000000
29,7/24/2023,1270.8577690322500,326.5284026451610,527.0374633516120,417.2919029000000
29,7/31/2023,1270.9984067096700,326.5846576935480,527.1218459354830,417.2919029000000
29,8/7/2023,1271.0747527741900,326.5926941225800,527.1740827645160,417.3079757645160
29,8/14/2023,1271.1028801290300,326.5645665870960,527.2022102774190,417.3361032774190
29,8/21/2023,1271.1310074838700,326.5364390516120,527.2303377903220,417.3642307903220
29,8/28/2023,1271.1591348387000,326.5083115161290,527.2584653032250,417.3923583032250
29,9/4/2023,1271.1459320122800,326.4740609844850,527.2689891978490,417.4028821978490
29,9/11/2023,1270.9839405333300,326.4177676666660,527.2161400666660,417.3500330666660
29,9/18/2023,1270.8095500000000,326.3596374500000,527.1580098500000,417.2919028500000
29,9/25/2023,1270.6351594666600,326.3015072333330,527.0998796333330,417.2337726333330
29,10/2/2023,1270.4628354347100,326.2348813569890,527.0453084095230,417.1826455961590
29,10/9/2023,1270.3153094193500,326.0663075645160,527.0334451000000,417.2155567129030
29,10/16/2023,1270.1746717419300,325.8694149064510,527.0334451000000,417.2718117612900
29,10/23/2023,1270.0340340645100,325.6725222483870,527.0334451000000,417.3280668096770
29,10/30/2023,1269.8933963870900,325.4756295903220,527.0334451000000,417.3843218580640
29,11/6/2023,1269.7756625999900,325.3382065500000,527.0459015800000,417.3915546499990
29,11/13/2023,1269.6884673333300,325.2800763333330,527.0749667000000,417.3334244333330
29,11/20/2023,1269.6012720666600,325.2219461166660,527.1040318200000,417.2752942166660
29,11/27/2023,1269.5140767999900,325.1638159000000,527.1330969400000,417.2171640000000
29,12/4/2023,1269.4102346423900,325.1060683707370,527.1447497807370,417.1594164707370
29,12/11/2023,1269.2464636774100,325.0496985161290,527.0937184161290,417.1030466161290
29,12/18/2023,1269.0776986451600,324.9934434677410,527.0374633677410,417.0467915677410
29,12/25/2023,1268.9089336129000,324.9371884193540,526.9812083193540,416.9905365193540
29,1/1/2024,1268.7005746589800,324.8682373663590,526.9101215783410,416.9222152520730
29,1/8/2024,1267.1856162903200,324.3803181612900,526.3495889806450,416.4557087612900
29,1/15/2024,1265.0767490967700,323.7019588870960,525.5665809935480,415.8082089870960
29,1/22/2024,1262.9678819032200,323.0235996129030,524.7835730064510,415.1607092129030
29,1/29/2024,1260.8590147096700,322.3452403387090,524.0005650193540,414.5132094387090
29,2/5/2024,1259.2951381946600,321.8471109165730,523.4023910469570,414.0456364426820
29,2/12/2024,1258.9302411724100,321.7454871689650,523.2108519068960,413.9739023586200
29,2/19/2024,1258.6016768620600,321.6558787448270,523.0316350344820,413.9141633931030
29,2/26/2024,1258.2731125517200,321.5662703206890,522.8524181620690,413.8544244275860
29,3/4/2024,1258.0230072513900,321.5120569291270,522.6983710970600,413.8125796222460
29,3/11/2024,1258.0553543870900,321.5852656548380,522.6349353387090,413.8351537935480
29,3/18/2024,1258.1112392258000,321.6690928903220,522.5790505225800,413.8630962129030
29,3/25/2024,1258.1671240645100,321.7529201258060,522.5231657064510,413.8910386322580
29,4/1/2024,1258.2230469201200,321.8379829109060,522.4666536110590,413.9184107981560
29,4/8/2024,1258.2802243333300,321.9638188333330,522.3894413000000,413.9269645999990
29,4/15/2024,1258.3379720000000,322.1081880000000,522.3028198000000,413.9269645999990
29,4/22/2024,1258.3957196666600,322.2525571666660,522.2161983000000,413.9269645999990
29,4/29/2024,1258.4534673333300,322.3969263333330,522.1295768000000,413.9269645999990
29,5/6/2024,1258.4385647096700,322.4434970322580,522.0561281645160,413.9389399225800
29,5/13/2024,1258.3267950322500,322.3596697741930,522.0002433483870,413.9668823419350
29,5/20/2024,1258.2150253548300,322.2758425161290,521.9443585322580,413.9948247612900
29,5/27/2024,1258.1032556774100,322.1920152580640,521.8884737161290,414.0227671806450
29,6/3/2024,1257.9981009686600,322.1184525622120,521.8358963672810,414.0437525078340
29,6/10/2024,1257.9337385666600,322.1081880000000,521.8037150666660,414.0218357666660
29,6/17/2024,1257.8759911333300,322.1081880000000,521.7748412333330,413.9929619333330
29,6/24/2024,1257.8182437000000,322.1081880000000,521.7459674000000,413.9640881000000
29,7/1/2024,1257.7662368087500,322.1116095202760,521.7193935884790,413.9352332751150
29,7/8/2024,1257.9036678064500,322.2279412096770,521.7687204967740,413.9070057290320
29,7/15/2024,1258.1272069354800,322.3955957032250,521.8525477322580,413.8790633096770
29,7/22/2024,1258.3507460645100,322.5632501967740,521.9363749677420,413.8511208903220
29,7/29/2024,1258.5742851935400,322.7309046903220,522.0202022032250,413.8231784709670
29,8/5/2024,1258.6695173640500,322.7788059718890,522.0869218419350,413.8037898534560
29,8/12/2024,1258.4824742258000,322.5632501870960,522.1160047677420,413.8032196000000
29,8/19/2024,1258.2868772903200,322.3397108548380,522.1439471870960,413.8032196000000
29,8/26/2024,1258.0912803548300,322.1161715225800,522.1718896064510,413.8032196000000
29,9/2/2024,1257.9023553990700,321.8992471304600,522.1998890511520,413.8032196000000
29,9/9/2024,1257.7934942000000,321.7617020200000,522.2285728000000,413.8032196000000
29,9/16/2024,1257.7068729333300,321.6462067100000,522.2574466333330,413.8032196000000
29,9/23/2024,1257.6202516666600,321.5307114000000,522.2863204666660,413.8032196000000
29,9/30/2024,1257.5336304000000,321.4152160899990,522.3151943000000,413.8032196000000
29,10/7/2024,1257.5923094516100,321.4615206677410,522.3435358967740,413.7872525032250
29,10/14/2024,1257.7599637419300,321.6291751612900,522.3714783161290,413.7593100838700
29,10/21/2024,1257.9276180322500,321.7968296548380,522.3994207354830,413.7313676645160
29,10/28/2024,1258.0952723225800,321.9644841483870,522.4273631548380,413.7034252451610
29,11/4/2024,1258.2287114516100,322.0979234391700,522.4554956586790,413.6752927460820
29,11/11/2024,1258.2389760000000,322.1081880000000,522.4843124666660,413.6464759600000
29,11/18/2024,1258.2389760000000,322.1081880000000,522.5131862999990,413.6176021500000
29,11/25/2024,1258.2389760000000,322.1081880000000,522.5420601333330,413.5887283399990
29,12/2/2024,1258.2355544792600,322.1064772396310,522.5708769399380,413.5582007935480
29,12/9/2024,1258.1910747096700,322.0842373548380,522.5990094258060,413.5078284096770
29,12/16/2024,1258.1351898709600,322.0562949354830,522.6269518225800,413.4519435709670
29,12/23/2024,1258.0793050322500,322.0283525161290,522.6548942193540,413.3960587322580
29,12/30/2024,1258.0234201935400,322.0004100967740,522.6828366161290,413.3401738935480
30,3/1/2021,1198.7074437445600,311.1879389769580,492.8550615103680,394.6644434419350
30,3/8/2021,1198.5604007741900,311.1495899935480,492.7280401129030,394.6827708677410
30,3/15/2021,1198.3226832580600,310.9911116645160,492.6223878709670,394.7091839225800
30,3/22/2021,1198.0849657419300,310.8326333354830,492.5167356290320,394.7355969774190
30,3/29/2021,1197.8472482258000,310.6741550064510,492.4110833870960,394.7620100322580
30,4/5/2021,1197.6238153064500,310.5391249944700,492.3043530682020,394.7803374580640
30,4/12/2021,1197.4318084999900,310.4556812800000,492.1952509799990,394.7808765000000
30,4/19/2021,1197.2407540000000,310.3738007866660,492.0860770200000,394.7808765000000
30,4/26/2021,1197.0496994999900,310.2919202933330,491.9769030600000,394.7808765000000
30,5/3/2021,1196.8658681843300,310.2071289764050,491.8810973400000,394.7776422483870
30,5/10/2021,1196.7265798387100,310.1043875806450,491.8677291000000,394.7544634451610
30,5/17/2021,1196.5945146774100,309.9987353612900,491.8677291000000,394.7280503903220
30,5/24/2021,1196.4624495161200,309.8930831419350,491.8677291000000,394.7016373354830
30,5/31/2021,1196.3303843548300,309.7874309225800,491.8677291000000,394.6752242806450
30,6/7/2021,1196.4921328666600,309.8981142133330,491.8833253800000,394.7106932400000
30,6/14/2021,1196.8742416333300,310.1710491366660,491.9106188700000,394.7925737100000
30,6/21/2021,1197.2563504000000,310.4439840600000,491.9379123600000,394.8744541800000
30,6/28/2021,1197.6384591666600,310.7169189833330,491.9652058500000,394.9563346500000
30,7/5/2021,1197.8308251937000,310.8254461022880,491.9922298190320,395.0131496699990
30,7/12/2021,1197.6057571935400,310.5722760516120,492.0186608419350,395.0148206999990
30,7/19/2021,1197.3680396774100,310.3081454806450,492.0450738967740,395.0148206999990
30,7/26/2021,1197.1303221612900,310.0440149096770,492.0714869516120,395.0148206999990
30,8/2/2021,1196.9039245299500,309.7847357161290,492.1027513852530,395.0164378258060
30,8/9/2021,1196.8133655161200,309.5836730516120,492.1922323645160,395.0374604612900
30,8/16/2021,1196.7605394516100,309.3987816451610,492.2978846064510,395.0638735161290
30,8/23/2021,1196.7077133870900,309.2138902387090,492.4035368483870,395.0902865709670
30,8/30/2021,1196.6548873225800,309.0289988322580,492.5091890903220,395.1166996258060
30,9/6/2021,1196.5896094000000,308.8531633300000,492.5812590100000,395.1551872300000
30,9/13/2021,1196.5077290000000,308.6894023666660,492.6085525000000,395.2097742333330
30,9/20/2021,1196.4258486000000,308.5256414033330,492.6358459899990,395.2643612366660
30,9/27/2021,1196.3439682000000,308.3618804400000,492.6631394800000,395.3189482400000
30,10/4/2021,1196.2302843069100,308.1991975652990,492.6686916073270,395.3623950385710
30,10/11/2021,1196.0021078387000,308.0403958096770,492.5959748290320,395.3657371000000
30,10/18/2021,1195.7643903225800,307.8819174806450,492.5167356419350,395.3657371000000
30,10/25/2021,1195.5266728064500,307.7234391516120,492.4374964548380,395.3657371000000
30,11/1/2021,1195.2921356396300,307.5670810541930,492.3598743940090,395.3651800895230
30,11/8/2021,1195.1625499999900,307.4806906000000,492.3356175000000,395.3462417333330
30,11/15/2021,1195.0806696000000,307.4261036200000,492.3356175000000,395.3189482200000
30,11/22/2021,1194.9987892000000,307.3715166400000,492.3356175000000,395.2916547066660
30,11/29/2021,1194.9169088000000,307.3169296599990,492.3356175000000,395.2643611933330
30,12/6/2021,1195.3568748387000,307.5800540258060,492.6525741967740,395.1242462032250
30,12/13/2021,1196.4926361290300,308.2667935193540,493.3921398225800,394.8337025774190
30,12/20/2021,1197.6283974193500,308.9535330129030,494.1317054483870,394.5431589516120
30,12/27/2021,1198.7641587096700,309.6402725064510,494.8712710741930,394.2526153258060
30,1/3/2022,1199.8982052442300,310.2744693447000,495.5842865092160,394.0394497516120
30,1/10/2022,1201.0216774516100,310.5846531419350,496.1335757677410,394.3034488290320
30,1/17/2022,1202.1434349032200,310.8422942838710,496.6563148354830,394.6448259580640
30,1/24/2022,1203.2651923548300,311.0999354258060,497.1790539032250,394.9862030870960
30,1/31/2022,1204.3869498064500,311.3575765677410,497.7017929709670,395.3275802161290
30,2/7/2022,1204.7502122857100,311.4344254142850,497.8251176285710,395.4906691000000
30,2/14/2022,1204.5446035357100,311.3756800392850,497.6488814785710,395.5200418000000
30,2/21/2022,1204.3389947857100,311.3169346642850,497.4726453285710,395.5494144999990
30,2/28/2022,1204.1333860357100,311.2581892892850,497.2964091785710,395.5787872000000
30,3/7/2022,1203.9543073548300,311.1875324032250,497.1905592064510,395.5762153967740
30,3/14/2022,1203.7951262258000,311.1079418838700,497.1374988677410,395.5496852161290
30,3/21/2022,1203.6359450967700,311.0283513645160,497.0844385290320,395.5231550354830
30,3/28/2022,1203.4767639677400,310.9487608451610,497.0313781903220,395.4966248548380
30,4/4/2022,1203.2941207834100,310.8574392984630,496.9779568969270,395.4587246062980
30,4/11/2022,1203.0270141999900,310.7238860533330,496.9232361666660,395.3798921133330
30,4/18/2022,1202.7528690000000,310.5868135000000,496.8684071500000,395.2976486000000
30,4/25/2022,1202.4787238000000,310.4497409466660,496.8135781333330,395.2154050866660
30,5/2/2022,1202.2083686313300,310.3080662218120,496.7604816984630,395.1398211858670
30,5/9/2022,1201.9834938387000,310.1111654387090,496.7281762451610,395.1441526354830
30,5/16/2022,1201.7712524838700,309.8989240838700,496.7016460645160,395.1706827935480
30,5/23/2022,1201.5590111290300,309.6866827290320,496.6751158838710,395.1972129516120
30,5/30/2022,1201.3467697741900,309.4744413741930,496.6485857032250,395.2237431096770
30,6/6/2022,1201.1314963999900,309.2709170700000,496.6334256000000,395.2271541300000
30,6/13/2022,1200.9121803333300,309.0790155000000,496.6334256000000,395.1997396333330
30,6/20/2022,1200.6928642666600,308.8871139300000,496.6334256000000,395.1723251366660
30,6/27/2022,1200.4735481999900,308.6952123599990,496.6334256000000,395.1449106400000
30,7/4/2022,1200.2719189474600,308.5045741314740,496.6442542451610,395.1230909385710
30,7/11/2022,1200.1339622258000,308.3184839322580,496.6940660129030,395.1214125000000
30,7/18/2022,1200.0013115483800,308.1327727354830,496.7471263741930,395.1214125000000
30,7/25/2022,1199.8686608709600,307.9470615387090,496.8001867354830,395.1214125000000
30,8/1/2022,1199.7376344838700,307.7635160700460,496.8532470963130,395.1208710677420
30,8/8/2022,1199.6602096774100,307.6514396290320,496.9063074419350,395.1024623709670
30,8/15/2022,1199.6071492258000,307.5718491096770,496.9593677806450,395.0759321903220
30,8/22/2022,1199.5540887741900,307.4922585903220,497.0124281193540,395.0494020096770
30,8/29/2022,1199.5010283225800,307.4126680709670,497.0654884580640,395.0228718290320
30,9/5/2022,1199.4558186520700,307.3322654034560,497.1190902288010,395.0044631322580
30,9/12/2022,1199.4278806999900,307.2500760100000,497.1738831500000,395.0039217000000
30,9/19/2022,1199.4004661333300,307.1678324733330,497.2287121666660,395.0039217000000
30,9/26/2022,1199.3730515666600,307.0855889366660,497.2835411833330,395.0039217000000
30,10/3/2022,1199.3749826230400,307.0361561836860,497.3381536271880,395.0006731064510
30,10/10/2022,1199.5578783548300,307.1890565967740,497.3914305387090,394.9773915193540
30,10/17/2022,1199.7701197096700,307.3747677935480,497.4444908774190,394.9508613387090
30,10/24/2022,1199.9823610645100,307.5604789903220,497.4975512161290,394.9243311580640
30,10/31/2022,1200.1946024193500,307.7461901870960,497.5506115548380,394.8978009774190
30,11/7/2022,1200.3482247333300,307.8884424466660,497.6203480066660,394.8394346066660
30,11/14/2022,1200.4578827666600,307.9981005033330,497.7025915433330,394.7571910933330
30,11/21/2022,1200.5675408000000,308.1077585600000,497.7848350800000,394.6749475800000
30,11/28/2022,1200.6771988333300,308.2174166166660,497.8670786166660,394.5927040666660
30,12/5/2022,1200.7289236569800,308.3016273574340,497.9241455604760,394.5031512104760
30,12/12/2022,1200.6531954193500,308.3298540032250,497.9258240000000,394.3975178000000
30,12/19/2022,1200.5736049677400,308.3563841612900,497.9258240000000,394.2913971000000
30,12/26/2022,1200.4940145161200,308.3829143193540,497.9258240000000,394.1852764000000
30,1/2/2023,1200.4951712211900,308.4216246156680,497.9602825433180,394.1132641834100
30,1/9/2023,1201.4652938064500,308.6064965709670,498.4082436064510,394.4505537677410
30,1/16/2023,1202.7045735806400,308.8319689870960,498.9710664806450,394.9015382967740
30,1/23/2023,1203.9438533548300,309.0574414032250,499.5338893548380,395.3525228258060
30,1/30/2023,1205.1831331290300,309.2829138193540,500.0967122290320,395.8035073548380
30,2/6/2023,1205.7142165000000,309.3358652607140,500.3424353500000,396.0359161571420
30,2/13/2023,1205.3010379999900,309.1587887357140,500.1653588000000,395.9768906571420
30,2/20/2023,1204.8878595000000,308.9817122107140,499.9882822500000,395.9178651571420
30,2/27/2023,1204.4746810000000,308.8046356857140,499.8112056999990,395.8588396571420
30,3/6/2023,1204.1243360967700,308.6691762193540,499.6643219193540,395.7908379193540
30,3/13/2023,1203.8577693225800,308.5892061645160,499.5576951645160,395.7108678645160
30,3/20/2023,1203.5912025483800,308.5092361096770,499.4510684096770,395.6308978096770
30,3/27/2023,1203.3246357741900,308.4292660548380,499.3444416548380,395.5509277548380
30,4/3/2023,1203.0873369437700,308.3658340230410,499.2508712373270,395.4706312916120
30,4/10/2023,1203.0305237666600,308.4043864666660,499.2378149000000,395.3883219766660
30,4/17/2023,1203.0029785333300,308.4594769333330,499.2378149000000,395.3056862533330
30,4/24/2023,1202.9754333000000,308.5145674000000,499.2378149000000,395.2230505299990
30,5/1/2023,1202.9517142972300,308.5712536414740,499.2372708861750,395.1431892776490
30,5/8/2023,1203.0542609032200,308.6806004516120,499.2187744161290,395.1548855677410
30,5/15/2023,1203.2142009677400,308.8138838838710,499.1921177387090,395.2081989225800
30,5/22/2023,1203.3741410322500,308.9471673161290,499.1654610612900,395.2615122774190
30,5/29/2023,1203.5340810967700,309.0804507483870,499.1388043838710,395.3148256322580
30,6/5/2023,1203.6703565599000,309.1813653442390,499.1287401281100,395.3602507937780
30,6/12/2023,1203.7545699000000,309.2110685000000,499.1551792000000,395.3883219300000
30,6/19/2023,1203.8372056000000,309.2386137333330,499.1827244333330,395.4158671866660
30,6/26/2023,1203.9198413000000,309.2661589666660,499.2102696666660,395.4434124433330
30,7/3/2023,1204.0086787576000,309.2968594829490,499.2442342658980,395.4675848114280
30,7/10/2023,1204.1357603870900,309.3470175774190,499.3177849548380,395.4709577000000
30,7/17/2023,1204.2690437741900,309.4003309548380,499.3977550096770,395.4709577000000
30,7/24/2023,1204.4023271612900,309.4536443322580,499.4777250645160,395.4709577000000
30,7/31/2023,1204.5356105483800,309.5069577096770,499.5576951193540,395.4709577000000
30,8/7/2023,1204.6079643870900,309.5145739000000,499.6072003999990,395.4861900870960
30,8/14/2023,1204.6346210645100,309.4879172000000,499.6338571000000,395.5128467645160
30,8/21/2023,1204.6612777419300,309.4612605000000,499.6605138000000,395.5395034419350
30,8/28/2023,1204.6879344193500,309.4346038000000,499.6871705000000,395.5661601193540
30,9/4/2023,1204.6754221013800,309.4021442904760,499.6971441000000,395.5761337013820
30,9/11/2023,1204.5219014000000,309.3487946666660,499.6470585400000,395.5260481400000
30,9/18/2023,1204.3566300000000,309.2937042000000,499.5919680500000,395.4709576500000
30,9/25/2023,1204.1913585999900,309.2386137333330,499.5368775600000,395.4158671599990
30,10/2/2023,1204.0280456497600,309.1754718592930,499.4851599571420,395.3674136414740
30,10/9/2023,1203.8882340967700,309.0157130967740,499.4739170000000,395.3986037806450
30,10/16/2023,1203.7549507096700,308.8291163096770,499.4739170000000,395.4519171580640
30,10/23/2023,1203.6216673225800,308.6425195225800,499.4739170000000,395.5052305354830
30,10/30/2023,1203.4883839354800,308.4559227354830,499.4739170000000,395.5585439129030
30,11/6/2023,1203.3768066999900,308.3256857900000,499.4857220999990,395.5653984900000
30,11/13/2023,1203.2941709999900,308.2705952999990,499.5132673333330,395.5103080000000
30,11/20/2023,1203.2115352999900,308.2155048099990,499.5408125666660,395.4552175099990
30,11/27/2023,1203.1288996000000,308.1604143200000,499.5683578000000,395.4001270200000
30,12/4/2023,1203.0304874529900,308.1056865060360,499.5794012806450,395.3453992106450
30,12/11/2023,1202.8752800967700,308.0522643258060,499.5310384516120,395.2919770516120
30,12/18/2023,1202.7153398064500,307.9989509483870,499.4777250967740,395.2386636967740
30,12/25/2023,1202.5553995161200,307.9456375709670,499.4244117419350,395.1853503419350
30,1/1/2024,1202.4113906958500,307.8939539027650,499.3792604497690,395.1381766792620
30,1/8/2024,1202.7931203870900,307.8960506387090,499.6034572258060,395.2936128580640
30,1/15/2024,1203.4138221290300,307.9225930129030,499.9500849419350,395.5411444193540
30,1/22/2024,1204.0345238709600,307.9491353870960,500.2967126580640,395.7886759806450
30,1/29/2024,1204.6552256129000,307.9756777612900,500.6433403741930,396.0362075419350
30,2/5/2024,1204.9896688588900,307.9678455248050,500.8313587767990,396.1904645443500
30,2/12/2024,1204.6943434137900,307.8843891448270,500.6704366896550,396.1395175172410
30,2/19/2024,1204.3799340689600,307.7986411241370,500.4989406482750,396.0823521862060
30,2/26/2024,1204.0655247241300,307.7128931034480,500.3274446068960,396.0251868551720
30,3/4/2024,1203.8261942844400,307.6610152686790,500.1800340295240,395.9851447799770
30,3/11/2024,1203.8571479032200,307.7310701032250,500.1193311225800,396.0067464258060
30,3/18/2024,1203.9106251935400,307.8112859935480,500.0658538548380,396.0334850483870
30,3/25/2024,1203.9641024838700,307.8915018838700,500.0123765870960,396.0602236709670
30,4/1/2024,1204.0176161533000,307.9729000947310,499.9582990645460,396.0864166073730
30,4/8/2024,1204.0723303333300,308.0933148833330,499.8844131333330,396.0946019000000
30,4/15/2024,1204.1275902000000,308.2314644800000,499.8015233800000,396.0946019000000
30,4/22/2024,1204.1828500666600,308.3696140766660,499.7186336266660,396.0946019000000
30,4/29/2024,1204.2381099333300,308.5077636733330,499.6357438733330,396.0946019000000
30,5/6/2024,1204.2238493225800,308.5523280612900,499.5654594709670,396.1060613096770
30,5/13/2024,1204.1168947419300,308.4721121709670,499.5119822032250,396.1327999322580
30,5/20/2024,1204.0099401612900,308.3918962806450,499.4585049354830,396.1595385548380
30,5/27/2024,1203.9029855806400,308.3116803903220,499.4050276677420,396.1862771774190
30,6/3/2024,1203.8023609649700,308.2412868539170,499.3547153825800,396.2063584286630
30,6/10/2024,1203.7407711333300,308.2314645000000,499.3239204900000,396.1853858899990
30,6/17/2024,1203.6855112666600,308.2314645000000,499.2962905800000,396.1577559800000
30,6/24/2024,1203.6302514000000,308.2314645000000,499.2686606700000,396.1301260700000
30,7/1/2024,1203.5804847741900,308.2347386179720,499.2432316947000,396.1025143495390
30,7/8/2024,1203.7119950967700,308.3460586290320,499.2904335645160,396.0755028838700
30,7/15/2024,1203.9259040322500,308.5064904096770,499.3706494548380,396.0487642612900
30,7/22/2024,1204.1398129677400,308.6669221903220,499.4508653451610,396.0220256387090
30,7/29/2024,1204.3537219032200,308.8273539709670,499.5310812354830,395.9952870161290
30,8/5/2024,1204.4448514838700,308.8731916202760,499.5949265336400,395.9767336861750
30,8/12/2024,1204.2658664838700,308.6669221806450,499.6227565290320,395.9761880000000
30,8/19/2024,1204.0786961935400,308.4530131322580,499.6494951516120,395.9761880000000
30,8/26/2024,1203.8915259032200,308.2391040838710,499.6762337741930,395.9761880000000
30,9/2/2024,1203.7107401327100,308.0315249978340,499.7030269668200,395.9761880000000
30,9/9/2024,1203.6065686000000,307.8999054599990,499.7304750000000,395.9761880000000
30,9/16/2024,1203.5236788000000,307.7893857966660,499.7581049333330,395.9761880000000
30,9/23/2024,1203.4407890000000,307.6788661333330,499.7857348666660,395.9761880000000
30,9/30/2024,1203.3578992000000,307.5683464700000,499.8133648000000,395.9761880000000
30,10/7/2024,1203.4140503548300,307.6126562032250,499.8404854129030,395.9609087741930
30,10/14/2024,1203.5744822258000,307.7730879838700,499.8672240354830,395.9341701290320
30,10/21/2024,1203.7349140967700,307.9335197645160,499.8939626580640,395.9074314838700
30,10/28/2024,1203.8953459677400,308.0939515451610,499.9207012806450,395.8806928387090
30,11/4/2024,1204.0230366405500,308.2216421460820,499.9476217986170,395.8537723027650
30,11/11/2024,1204.0328590000000,308.2314645000000,499.9751971400000,395.8261969600000
30,11/18/2024,1204.0328590000000,308.2314645000000,500.0028270500000,395.7985670500000
30,11/25/2024,1204.0328590000000,308.2314645000000,500.0304569600000,395.7709371400000
30,12/2/2024,1204.0295848801800,308.2298274414740,500.0580323027640,395.7417247387090
30,12/9/2024,1203.9870213225800,308.2085456806450,500.0849528387090,395.6935224419350
30,12/16/2024,1203.9335440322500,308.1818070580640,500.1116914838700,395.6400451741930
30,12/23/2024,1203.8800667419300,308.1550684354830,500.1384301290320,395.5865679064510
30,12/30/2024,1203.8265894516100,308.1283298129030,500.1651687741930,395.5330906387090