Geo,Week,TotalDemandSeasonality
1,3/1/2021,0.966291498286165
1,3/8/2021,0.979546554198338
1,3/15/2021,1.011942790475210
1,3/22/2021,1.018054913286510
1,3/29/2021,0.941146276322846
1,4/5/2021,0.939847551660035
1,4/12/2021,0.943953839675632
1,4/19/2021,1.033760828735820
1,4/26/2021,0.984779381419877
1,5/3/2021,0.977181698603377
1,5/10/2021,0.953269136250711
1,5/17/2021,0.991877441938633
1,5/24/2021,1.016288036794020
1,5/31/2021,0.991201454507183
1,6/7/2021,1.008287009637490
1,6/14/2021,1.048903126893930
1,6/21/2021,1.011037922436230
1,6/28/2021,0.971099367599741
1,7/5/2021,0.961456206448779
1,7/12/2021,0.973238507672943
1,7/19/2021,1.073343600615120
1,7/26/2021,1.005195044170280
1,8/2/2021,0.989920122906565
1,8/9/2021,0.987262591699077
1,8/16/2021,1.045260963387950
1,8/23/2021,1.010950818560570
1,8/30/2021,0.983573271879225
1,9/6/2021,1.021360428574430
1,9/13/2021,1.010887105621540
1,9/20/2021,1.108582217607390
1,9/27/2021,1.028713570668770
1,10/4/2021,0.946110860150946
1,10/11/2021,0.973122783363227
1,10/18/2021,0.990341793268644
1,10/25/2021,0.989668146566218
1,11/1/2021,0.983854117341369
1,11/8/2021,0.961795824485828
1,11/15/2021,1.031831512954680
1,11/22/2021,1.003136349952260
1,11/29/2021,0.994723507211584
1,12/6/2021,1.015310609344110
1,12/13/2021,1.006355628476320
1,12/20/2021,1.099757209196670
1,12/27/2021,0.989331407381218
1,1/3/2022,0.875497583049355
1,1/10/2022,0.968651218100250
1,1/17/2022,1.016137021993860
1,1/24/2022,1.039216770002540
1,1/31/2022,1.000901414151060
1,2/7/2022,1.020208433306250
1,2/14/2022,1.031742334810470
1,2/21/2022,1.051513272752730
1,2/28/2022,0.977618511229603
1,3/7/2022,0.987903553183744
1,3/14/2022,0.999928955827027
1,3/21/2022,1.019976662745620
1,3/28/2022,0.959855312990371
1,4/4/2022,0.946601875102056
1,4/11/2022,0.952366653472280
1,4/18/2022,1.024019309367750
1,4/25/2022,0.991207764170990
1,5/2/2022,0.975004372526950
1,5/9/2022,0.946287392874293
1,5/16/2022,0.996922929965300
1,5/23/2022,1.006353902826320
1,5/30/2022,0.977861888761269
1,6/6/2022,1.003364705250130
1,6/13/2022,1.026104305649150
1,6/20/2022,1.020202416122220
1,6/27/2022,0.978860791456004
1,7/4/2022,0.968190228815876
1,7/11/2022,0.974393026913149
1,7/18/2022,1.063309753082120
1,7/25/2022,1.008420872784760
1,8/1/2022,0.995490069601643
1,8/8/2022,0.991595069130793
1,8/15/2022,1.033714840198430
1,8/22/2022,1.003562546362890
1,8/29/2022,0.989922505333154
1,9/5/2022,1.014523888136000
1,9/12/2022,1.008216693186660
1,9/19/2022,1.091926024060810
1,9/26/2022,1.060373158356770
1,10/3/2022,0.942310167016572
1,10/10/2022,0.969635713795060
1,10/17/2022,1.014297705892280
1,10/24/2022,0.992605385232816
1,10/31/2022,0.979521848233402
1,11/7/2022,0.965828862284406
1,11/14/2022,1.009831678298040
1,11/21/2022,1.021153607023190
1,11/28/2022,1.008858539728970
1,12/5/2022,1.023017725403500
1,12/12/2022,1.013766620800080
1,12/19/2022,1.096773531908390
1,12/26/2022,1.047901809647200
1,1/2/2023,0.845641322981442
1,1/9/2023,0.962350224083389
1,1/16/2023,1.019963993863260
1,1/23/2023,1.005355063803230
1,1/30/2023,1.006597095496170
1,2/6/2023,1.003541289827210
1,2/13/2023,1.012816760145380
1,2/20/2023,1.036961953162730
1,2/27/2023,0.987095248445288
1,3/6/2023,0.994081386354196
1,3/13/2023,0.993484737741775
1,3/20/2023,1.029890284863260
1,3/27/2023,0.983102028789341
1,4/3/2023,0.955761688285248
1,4/10/2023,0.956055268754282
1,4/17/2023,1.019805999436900
1,4/24/2023,0.987257581944826
1,5/1/2023,0.970802267306509
1,5/8/2023,0.946598657450099
1,5/15/2023,0.989388424157985
1,5/22/2023,1.005645885624590
1,5/29/2023,0.964769957451473
1,6/5/2023,0.999908748019242
1,6/12/2023,1.013210628928400
1,6/19/2023,1.016420585830040
1,6/26/2023,0.988204878955271
1,7/3/2023,0.976940636985192
1,7/10/2023,0.973381466407270
1,7/17/2023,1.054713643972750
1,7/24/2023,1.008721829382190
1,7/31/2023,0.995358483196451
1,8/7/2023,0.996896138939650
1,8/14/2023,1.017415850104360
1,8/21/2023,1.010912634874390
1,8/28/2023,0.997225289603641
1,9/4/2023,1.010930828489640
1,9/11/2023,1.001171347371730
1,9/18/2023,1.066030857120650
1,9/25/2023,1.062152811088890
1,10/2/2023,0.955165076593931
1,10/9/2023,0.967807100945201
1,10/16/2023,1.040764920066030
1,10/23/2023,0.996926636088181
1,10/30/2023,0.972325531894630
1,11/6/2023,0.977087085584454
1,11/13/2023,0.992093661631758
1,11/20/2023,1.031441079500870
1,11/27/2023,1.027217779166070
1,12/4/2023,1.027249139694950
1,12/11/2023,1.028113057177720
1,12/18/2023,1.095971048443050
1,12/25/2023,1.082895451606060
1,1/1/2024,0.831972035660427
1,1/8/2024,0.955467351697492
1,1/15/2024,1.021022218872340
1,1/22/2024,0.976933653295422
1,1/29/2024,1.008677178125750
1,2/5/2024,0.986122794438486
1,2/12/2024,1.001761816853910
1,2/19/2024,1.019151898015270
1,2/26/2024,0.991683789045903
1,3/4/2024,0.995491660481187
1,3/11/2024,0.987589977535055
1,3/18/2024,1.048652943631820
1,3/25/2024,1.008843736450560
1,4/1/2024,0.965217705756713
1,4/8/2024,0.954109973883946
1,4/15/2024,1.025341242061130
1,4/22/2024,0.975167121363211
1,4/29/2024,0.964070641383960
1,5/6/2024,0.953399269022628
1,5/13/2024,0.973672600166536
1,5/20/2024,1.014997740382430
1,5/27/2024,0.949806112091722
1,6/3/2024,1.000846597770430
1,6/10/2024,1.013788122095850
1,6/17/2024,1.002856967756650
1,6/24/2024,0.997014435510721
1,7/1/2024,0.987787887609157
1,7/8/2024,0.973365740633430
1,7/15/2024,1.050679505805090
1,7/22/2024,1.007001807429620
1,7/29/2024,0.990086581383059
1,8/5/2024,1.004409675355990
1,8/12/2024,0.997028347121590
1,8/19/2024,1.031995985678950
1,8/26/2024,1.004978884633650
1,9/2/2024,1.011459325777660
1,9/9/2024,0.989308946936764
1,9/16/2024,1.031199508514150
1,9/23/2024,1.031037743413410
1,9/30/2024,0.984552970363004
1,10/7/2024,0.968073364410136
1,10/14/2024,1.071419980201640
1,10/21/2024,1.000800191553720
1,10/28/2024,0.964040855858586
1,11/4/2024,0.993392065388683
1,11/11/2024,0.975456187027108
1,11/18/2024,1.038621751309980
1,11/25/2024,1.047527869516220
1,12/2/2024,1.027977052518480
1,12/9/2024,1.048206638430950
1,12/16/2024,1.097237013959320
1,12/23/2024,1.099408612633350
1,12/30/2024,0.827881252129393
2,3/1/2021,0.966000000000000
2,3/8/2021,0.980000000000000
2,3/15/2021,1.012000000000000
2,3/22/2021,1.018000000000000
2,3/29/2021,0.941000000000000
2,4/5/2021,0.940000000000000
2,4/12/2021,0.944000000000000
2,4/19/2021,1.034000000000000
2,4/26/2021,0.985000000000000
2,5/3/2021,0.977000000000000
2,5/10/2021,0.953000000000000
2,5/17/2021,0.992000000000000
2,5/24/2021,1.016000000000000
2,5/31/2021,0.991000000000000
2,6/7/2021,1.008000000000000
2,6/14/2021,1.049000000000000
2,6/21/2021,1.011000000000000
2,6/28/2021,0.971000000000000
2,7/5/2021,0.961000000000000
2,7/12/2021,0.973000000000000
2,7/19/2021,1.073000000000000
2,7/26/2021,1.005000000000000
2,8/2/2021,0.990000000000000
2,8/9/2021,0.987000000000000
2,8/16/2021,1.045000000000000
2,8/23/2021,1.011000000000000
2,8/30/2021,0.984000000000000
2,9/6/2021,1.021000000000000
2,9/13/2021,1.011000000000000
2,9/20/2021,1.109000000000000
2,9/27/2021,1.029000000000000
2,10/4/2021,0.946000000000000
2,10/11/2021,0.973000000000000
2,10/18/2021,0.990000000000000
2,10/25/2021,0.990000000000000
2,11/1/2021,0.984000000000000
2,11/8/2021,0.962000000000000
2,11/15/2021,1.032000000000000
2,11/22/2021,1.003000000000000
2,11/29/2021,0.995000000000000
2,12/6/2021,1.015000000000000
2,12/13/2021,1.006000000000000
2,12/20/2021,1.100000000000000
2,12/27/2021,0.989000000000000
2,1/3/2022,0.875000000000000
2,1/10/2022,0.969000000000000
2,1/17/2022,1.016000000000000
2,1/24/2022,1.039000000000000
2,1/31/2022,1.001000000000000
2,2/7/2022,1.020000000000000
2,2/14/2022,1.032000000000000
2,2/21/2022,1.052000000000000
2,2/28/2022,0.978000000000000
2,3/7/2022,0.988000000000000
2,3/14/2022,1.000000000000000
2,3/21/2022,1.020000000000000
2,3/28/2022,0.960000000000000
2,4/4/2022,0.947000000000000
2,4/11/2022,0.952000000000000
2,4/18/2022,1.024000000000000
2,4/25/2022,0.991000000000000
2,5/2/2022,0.975000000000000
2,5/9/2022,0.946000000000000
2,5/16/2022,0.997000000000000
2,5/23/2022,1.006000000000000
2,5/30/2022,0.978000000000000
2,6/6/2022,1.003000000000000
2,6/13/2022,1.026000000000000
2,6/20/2022,1.020000000000000
2,6/27/2022,0.979000000000000
2,7/4/2022,0.968000000000000
2,7/11/2022,0.974000000000000
2,7/18/2022,1.063000000000000
2,7/25/2022,1.008000000000000
2,8/1/2022,0.995000000000000
2,8/8/2022,0.992000000000000
2,8/15/2022,1.034000000000000
2,8/22/2022,1.004000000000000
2,8/29/2022,0.990000000000000
2,9/5/2022,1.015000000000000
2,9/12/2022,1.008000000000000
2,9/19/2022,1.092000000000000
2,9/26/2022,1.060000000000000
2,10/3/2022,0.942000000000000
2,10/10/2022,0.970000000000000
2,10/17/2022,1.014000000000000
2,10/24/2022,0.993000000000000
2,10/31/2022,0.980000000000000
2,11/7/2022,0.966000000000000
2,11/14/2022,1.010000000000000
2,11/21/2022,1.021000000000000
2,11/28/2022,1.009000000000000
2,12/5/2022,1.023000000000000
2,12/12/2022,1.014000000000000
2,12/19/2022,1.097000000000000
2,12/26/2022,1.048000000000000
2,1/2/2023,0.846000000000000
2,1/9/2023,0.962000000000000
2,1/16/2023,1.020000000000000
2,1/23/2023,1.005000000000000
2,1/30/2023,1.007000000000000
2,2/6/2023,1.004000000000000
2,2/13/2023,1.013000000000000
2,2/20/2023,1.037000000000000
2,2/27/2023,0.987000000000000
2,3/6/2023,0.994000000000000
2,3/13/2023,0.993000000000000
2,3/20/2023,1.030000000000000
2,3/27/2023,0.983000000000000
2,4/3/2023,0.956000000000000
2,4/10/2023,0.956000000000000
2,4/17/2023,1.020000000000000
2,4/24/2023,0.987000000000000
2,5/1/2023,0.971000000000000
2,5/8/2023,0.947000000000000
2,5/15/2023,0.989000000000000
2,5/22/2023,1.006000000000000
2,5/29/2023,0.965000000000000
2,6/5/2023,1.000000000000000
2,6/12/2023,1.013000000000000
2,6/19/2023,1.016000000000000
2,6/26/2023,0.988000000000000
2,7/3/2023,0.977000000000000
2,7/10/2023,0.973000000000000
2,7/17/2023,1.055000000000000
2,7/24/2023,1.009000000000000
2,7/31/2023,0.995000000000000
2,8/7/2023,0.997000000000000
2,8/14/2023,1.017000000000000
2,8/21/2023,1.011000000000000
2,8/28/2023,0.997000000000000
2,9/4/2023,1.011000000000000
2,9/11/2023,1.001000000000000
2,9/18/2023,1.066000000000000
2,9/25/2023,1.062000000000000
2,10/2/2023,0.955000000000000
2,10/9/2023,0.968000000000000
2,10/16/2023,1.041000000000000
2,10/23/2023,0.997000000000000
2,10/30/2023,0.972000000000000
2,11/6/2023,0.977000000000000
2,11/13/2023,0.992000000000000
2,11/20/2023,1.031000000000000
2,11/27/2023,1.027000000000000
2,12/4/2023,1.027000000000000
2,12/11/2023,1.028000000000000
2,12/18/2023,1.096000000000000
2,12/25/2023,1.083000000000000
2,1/1/2024,0.832000000000000
2,1/8/2024,0.955000000000000
2,1/15/2024,1.021000000000000
2,1/22/2024,0.977000000000000
2,1/29/2024,1.009000000000000
2,2/5/2024,0.986000000000000
2,2/12/2024,1.002000000000000
2,2/19/2024,1.019000000000000
2,2/26/2024,0.992000000000000
2,3/4/2024,0.995000000000000
2,3/11/2024,0.988000000000000
2,3/18/2024,1.049000000000000
2,3/25/2024,1.009000000000000
2,4/1/2024,0.965000000000000
2,4/8/2024,0.954000000000000
2,4/15/2024,1.025000000000000
2,4/22/2024,0.975000000000000
2,4/29/2024,0.964000000000000
2,5/6/2024,0.953000000000000
2,5/13/2024,0.974000000000000
2,5/20/2024,1.015000000000000
2,5/27/2024,0.950000000000000
2,6/3/2024,1.001000000000000
2,6/10/2024,1.014000000000000
2,6/17/2024,1.003000000000000
2,6/24/2024,0.997000000000000
2,7/1/2024,0.988000000000000
2,7/8/2024,0.973000000000000
2,7/15/2024,1.051000000000000
2,7/22/2024,1.007000000000000
2,7/29/2024,0.990000000000000
2,8/5/2024,1.004000000000000
2,8/12/2024,0.997000000000000
2,8/19/2024,1.032000000000000
2,8/26/2024,1.005000000000000
2,9/2/2024,1.011000000000000
2,9/9/2024,0.989000000000000
2,9/16/2024,1.031000000000000
2,9/23/2024,1.031000000000000
2,9/30/2024,0.985000000000000
2,10/7/2024,0.968000000000000
2,10/14/2024,1.071000000000000
2,10/21/2024,1.001000000000000
2,10/28/2024,0.964000000000000
2,11/4/2024,0.993000000000000
2,11/11/2024,0.975000000000000
2,11/18/2024,1.039000000000000
2,11/25/2024,1.048000000000000
2,12/2/2024,1.028000000000000
2,12/9/2024,1.048000000000000
2,12/16/2024,1.097000000000000
2,12/23/2024,1.099000000000000
2,12/30/2024,0.828000000000000
3,3/1/2021,0.966000000000000
3,3/8/2021,0.980000000000000
3,3/15/2021,1.012000000000000
3,3/22/2021,1.018000000000000
3,3/29/2021,0.941000000000000
3,4/5/2021,0.940000000000000
3,4/12/2021,0.944000000000000
3,4/19/2021,1.034000000000000
3,4/26/2021,0.985000000000000
3,5/3/2021,0.977000000000000
3,5/10/2021,0.953000000000000
3,5/17/2021,0.992000000000000
3,5/24/2021,1.016000000000000
3,5/31/2021,0.991000000000000
3,6/7/2021,1.008000000000000
3,6/14/2021,1.049000000000000
3,6/21/2021,1.011000000000000
3,6/28/2021,0.971000000000000
3,7/5/2021,0.961000000000000
3,7/12/2021,0.973000000000000
3,7/19/2021,1.073000000000000
3,7/26/2021,1.005000000000000
3,8/2/2021,0.990000000000000
3,8/9/2021,0.987000000000000
3,8/16/2021,1.045000000000000
3,8/23/2021,1.011000000000000
3,8/30/2021,0.984000000000000
3,9/6/2021,1.021000000000000
3,9/13/2021,1.011000000000000
3,9/20/2021,1.109000000000000
3,9/27/2021,1.029000000000000
3,10/4/2021,0.946000000000000
3,10/11/2021,0.973000000000000
3,10/18/2021,0.990000000000000
3,10/25/2021,0.990000000000000
3,11/1/2021,0.984000000000000
3,11/8/2021,0.962000000000000
3,11/15/2021,1.032000000000000
3,11/22/2021,1.003000000000000
3,11/29/2021,0.995000000000000
3,12/6/2021,1.015000000000000
3,12/13/2021,1.006000000000000
3,12/20/2021,1.100000000000000
3,12/27/2021,0.989000000000000
3,1/3/2022,0.875000000000000
3,1/10/2022,0.969000000000000
3,1/17/2022,1.016000000000000
3,1/24/2022,1.039000000000000
3,1/31/2022,1.001000000000000
3,2/7/2022,1.020000000000000
3,2/14/2022,1.032000000000000
3,2/21/2022,1.052000000000000
3,2/28/2022,0.978000000000000
3,3/7/2022,0.988000000000000
3,3/14/2022,1.000000000000000
3,3/21/2022,1.020000000000000
3,3/28/2022,0.960000000000000
3,4/4/2022,0.947000000000000
3,4/11/2022,0.952000000000000
3,4/18/2022,1.024000000000000
3,4/25/2022,0.991000000000000
3,5/2/2022,0.975000000000000
3,5/9/2022,0.946000000000000
3,5/16/2022,0.997000000000000
3,5/23/2022,1.006000000000000
3,5/30/2022,0.978000000000000
3,6/6/2022,1.003000000000000
3,6/13/2022,1.026000000000000
3,6/20/2022,1.020000000000000
3,6/27/2022,0.979000000000000
3,7/4/2022,0.968000000000000
3,7/11/2022,0.974000000000000
3,7/18/2022,1.063000000000000
3,7/25/2022,1.008000000000000
3,8/1/2022,0.995000000000000
3,8/8/2022,0.992000000000000
3,8/15/2022,1.034000000000000
3,8/22/2022,1.004000000000000
3,8/29/2022,0.990000000000000
3,9/5/2022,1.015000000000000
3,9/12/2022,1.008000000000000
3,9/19/2022,1.092000000000000
3,9/26/2022,1.060000000000000
3,10/3/2022,0.942000000000000
3,10/10/2022,0.970000000000000
3,10/17/2022,1.014000000000000
3,10/24/2022,0.993000000000000
3,10/31/2022,0.980000000000000
3,11/7/2022,0.966000000000000
3,11/14/2022,1.010000000000000
3,11/21/2022,1.021000000000000
3,11/28/2022,1.009000000000000
3,12/5/2022,1.023000000000000
3,12/12/2022,1.014000000000000
3,12/19/2022,1.097000000000000
3,12/26/2022,1.048000000000000
3,1/2/2023,0.846000000000000
3,1/9/2023,0.962000000000000
3,1/16/2023,1.020000000000000
3,1/23/2023,1.005000000000000
3,1/30/2023,1.007000000000000
3,2/6/2023,1.004000000000000
3,2/13/2023,1.013000000000000
3,2/20/2023,1.037000000000000
3,2/27/2023,0.987000000000000
3,3/6/2023,0.994000000000000
3,3/13/2023,0.993000000000000
3,3/20/2023,1.030000000000000
3,3/27/2023,0.983000000000000
3,4/3/2023,0.956000000000000
3,4/10/2023,0.956000000000000
3,4/17/2023,1.020000000000000
3,4/24/2023,0.987000000000000
3,5/1/2023,0.971000000000000
3,5/8/2023,0.947000000000000
3,5/15/2023,0.989000000000000
3,5/22/2023,1.006000000000000
3,5/29/2023,0.965000000000000
3,6/5/2023,1.000000000000000
3,6/12/2023,1.013000000000000
3,6/19/2023,1.016000000000000
3,6/26/2023,0.988000000000000
3,7/3/2023,0.977000000000000
3,7/10/2023,0.973000000000000
3,7/17/2023,1.055000000000000
3,7/24/2023,1.009000000000000
3,7/31/2023,0.995000000000000
3,8/7/2023,0.997000000000000
3,8/14/2023,1.017000000000000
3,8/21/2023,1.011000000000000
3,8/28/2023,0.997000000000000
3,9/4/2023,1.011000000000000
3,9/11/2023,1.001000000000000
3,9/18/2023,1.066000000000000
3,9/25/2023,1.062000000000000
3,10/2/2023,0.955000000000000
3,10/9/2023,0.968000000000000
3,10/16/2023,1.041000000000000
3,10/23/2023,0.997000000000000
3,10/30/2023,0.972000000000000
3,11/6/2023,0.977000000000000
3,11/13/2023,0.992000000000000
3,11/20/2023,1.031000000000000
3,11/27/2023,1.027000000000000
3,12/4/2023,1.027000000000000
3,12/11/2023,1.028000000000000
3,12/18/2023,1.096000000000000
3,12/25/2023,1.083000000000000
3,1/1/2024,0.832000000000000
3,1/8/2024,0.955000000000000
3,1/15/2024,1.021000000000000
3,1/22/2024,0.977000000000000
3,1/29/2024,1.009000000000000
3,2/5/2024,0.986000000000000
3,2/12/2024,1.002000000000000
3,2/19/2024,1.019000000000000
3,2/26/2024,0.992000000000000
3,3/4/2024,0.995000000000000
3,3/11/2024,0.988000000000000
3,3/18/2024,1.049000000000000
3,3/25/2024,1.009000000000000
3,4/1/2024,0.965000000000000
3,4/8/2024,0.954000000000000
3,4/15/2024,1.025000000000000
3,4/22/2024,0.975000000000000
3,4/29/2024,0.964000000000000
3,5/6/2024,0.953000000000000
3,5/13/2024,0.974000000000000
3,5/20/2024,1.015000000000000
3,5/27/2024,0.950000000000000
3,6/3/2024,1.001000000000000
3,6/10/2024,1.014000000000000
3,6/17/2024,1.003000000000000
3,6/24/2024,0.997000000000000
3,7/1/2024,0.988000000000000
3,7/8/2024,0.973000000000000
3,7/15/2024,1.051000000000000
3,7/22/2024,1.007000000000000
3,7/29/2024,0.990000000000000
3,8/5/2024,1.004000000000000
3,8/12/2024,0.997000000000000
3,8/19/2024,1.032000000000000
3,8/26/2024,1.005000000000000
3,9/2/2024,1.011000000000000
3,9/9/2024,0.989000000000000
3,9/16/2024,1.031000000000000
3,9/23/2024,1.031000000000000
3,9/30/2024,0.985000000000000
3,10/7/2024,0.968000000000000
3,10/14/2024,1.071000000000000
3,10/21/2024,1.001000000000000
3,10/28/2024,0.964000000000000
3,11/4/2024,0.993000000000000
3,11/11/2024,0.975000000000000
3,11/18/2024,1.039000000000000
3,11/25/2024,1.048000000000000
3,12/2/2024,1.028000000000000
3,12/9/2024,1.048000000000000
3,12/16/2024,1.097000000000000
3,12/23/2024,1.099000000000000
3,12/30/2024,0.828000000000000
4,3/1/2021,0.966000000000000
4,3/8/2021,0.980000000000000
4,3/15/2021,1.012000000000000
4,3/22/2021,1.018000000000000
4,3/29/2021,0.941000000000000
4,4/5/2021,0.940000000000000
4,4/12/2021,0.944000000000000
4,4/19/2021,1.034000000000000
4,4/26/2021,0.985000000000000
4,5/3/2021,0.977000000000000
4,5/10/2021,0.953000000000000
4,5/17/2021,0.992000000000000
4,5/24/2021,1.016000000000000
4,5/31/2021,0.991000000000000
4,6/7/2021,1.008000000000000
4,6/14/2021,1.049000000000000
4,6/21/2021,1.011000000000000
4,6/28/2021,0.971000000000000
4,7/5/2021,0.961000000000000
4,7/12/2021,0.973000000000000
4,7/19/2021,1.073000000000000
4,7/26/2021,1.005000000000000
4,8/2/2021,0.990000000000000
4,8/9/2021,0.987000000000000
4,8/16/2021,1.045000000000000
4,8/23/2021,1.011000000000000
4,8/30/2021,0.984000000000000
4,9/6/2021,1.021000000000000
4,9/13/2021,1.011000000000000
4,9/20/2021,1.109000000000000
4,9/27/2021,1.029000000000000
4,10/4/2021,0.946000000000000
4,10/11/2021,0.973000000000000
4,10/18/2021,0.990000000000000
4,10/25/2021,0.990000000000000
4,11/1/2021,0.984000000000000
4,11/8/2021,0.962000000000000
4,11/15/2021,1.032000000000000
4,11/22/2021,1.003000000000000
4,11/29/2021,0.995000000000000
4,12/6/2021,1.015000000000000
4,12/13/2021,1.006000000000000
4,12/20/2021,1.100000000000000
4,12/27/2021,0.989000000000000
4,1/3/2022,0.875000000000000
4,1/10/2022,0.969000000000000
4,1/17/2022,1.016000000000000
4,1/24/2022,1.039000000000000
4,1/31/2022,1.001000000000000
4,2/7/2022,1.020000000000000
4,2/14/2022,1.032000000000000
4,2/21/2022,1.052000000000000
4,2/28/2022,0.978000000000000
4,3/7/2022,0.988000000000000
4,3/14/2022,1.000000000000000
4,3/21/2022,1.020000000000000
4,3/28/2022,0.960000000000000
4,4/4/2022,0.947000000000000
4,4/11/2022,0.952000000000000
4,4/18/2022,1.024000000000000
4,4/25/2022,0.991000000000000
4,5/2/2022,0.975000000000000
4,5/9/2022,0.946000000000000
4,5/16/2022,0.997000000000000
4,5/23/2022,1.006000000000000
4,5/30/2022,0.978000000000000
4,6/6/2022,1.003000000000000
4,6/13/2022,1.026000000000000
4,6/20/2022,1.020000000000000
4,6/27/2022,0.979000000000000
4,7/4/2022,0.968000000000000
4,7/11/2022,0.974000000000000
4,7/18/2022,1.063000000000000
4,7/25/2022,1.008000000000000
4,8/1/2022,0.995000000000000
4,8/8/2022,0.992000000000000
4,8/15/2022,1.034000000000000
4,8/22/2022,1.004000000000000
4,8/29/2022,0.990000000000000
4,9/5/2022,1.015000000000000
4,9/12/2022,1.008000000000000
4,9/19/2022,1.092000000000000
4,9/26/2022,1.060000000000000
4,10/3/2022,0.942000000000000
4,10/10/2022,0.970000000000000
4,10/17/2022,1.014000000000000
4,10/24/2022,0.993000000000000
4,10/31/2022,0.980000000000000
4,11/7/2022,0.966000000000000
4,11/14/2022,1.010000000000000
4,11/21/2022,1.021000000000000
4,11/28/2022,1.009000000000000
4,12/5/2022,1.023000000000000
4,12/12/2022,1.014000000000000
4,12/19/2022,1.097000000000000
4,12/26/2022,1.048000000000000
4,1/2/2023,0.846000000000000
4,1/9/2023,0.962000000000000
4,1/16/2023,1.020000000000000
4,1/23/2023,1.005000000000000
4,1/30/2023,1.007000000000000
4,2/6/2023,1.004000000000000
4,2/13/2023,1.013000000000000
4,2/20/2023,1.037000000000000
4,2/27/2023,0.987000000000000
4,3/6/2023,0.994000000000000
4,3/13/2023,0.993000000000000
4,3/20/2023,1.030000000000000
4,3/27/2023,0.983000000000000
4,4/3/2023,0.956000000000000
4,4/10/2023,0.956000000000000
4,4/17/2023,1.020000000000000
4,4/24/2023,0.987000000000000
4,5/1/2023,0.971000000000000
4,5/8/2023,0.947000000000000
4,5/15/2023,0.989000000000000
4,5/22/2023,1.006000000000000
4,5/29/2023,0.965000000000000
4,6/5/2023,1.000000000000000
4,6/12/2023,1.013000000000000
4,6/19/2023,1.016000000000000
4,6/26/2023,0.988000000000000
4,7/3/2023,0.977000000000000
4,7/10/2023,0.973000000000000
4,7/17/2023,1.055000000000000
4,7/24/2023,1.009000000000000
4,7/31/2023,0.995000000000000
4,8/7/2023,0.997000000000000
4,8/14/2023,1.017000000000000
4,8/21/2023,1.011000000000000
4,8/28/2023,0.997000000000000
4,9/4/2023,1.011000000000000
4,9/11/2023,1.001000000000000
4,9/18/2023,1.066000000000000
4,9/25/2023,1.062000000000000
4,10/2/2023,0.955000000000000
4,10/9/2023,0.968000000000000
4,10/16/2023,1.041000000000000
4,10/23/2023,0.997000000000000
4,10/30/2023,0.972000000000000
4,11/6/2023,0.977000000000000
4,11/13/2023,0.992000000000000
4,11/20/2023,1.031000000000000
4,11/27/2023,1.027000000000000
4,12/4/2023,1.027000000000000
4,12/11/2023,1.028000000000000
4,12/18/2023,1.096000000000000
4,12/25/2023,1.083000000000000
4,1/1/2024,0.832000000000000
4,1/8/2024,0.955000000000000
4,1/15/2024,1.021000000000000
4,1/22/2024,0.977000000000000
4,1/29/2024,1.009000000000000
4,2/5/2024,0.986000000000000
4,2/12/2024,1.002000000000000
4,2/19/2024,1.019000000000000
4,2/26/2024,0.992000000000000
4,3/4/2024,0.995000000000000
4,3/11/2024,0.988000000000000
4,3/18/2024,1.049000000000000
4,3/25/2024,1.009000000000000
4,4/1/2024,0.965000000000000
4,4/8/2024,0.954000000000000
4,4/15/2024,1.025000000000000
4,4/22/2024,0.975000000000000
4,4/29/2024,0.964000000000000
4,5/6/2024,0.953000000000000
4,5/13/2024,0.974000000000000
4,5/20/2024,1.015000000000000
4,5/27/2024,0.950000000000000
4,6/3/2024,1.001000000000000
4,6/10/2024,1.014000000000000
4,6/17/2024,1.003000000000000
4,6/24/2024,0.997000000000000
4,7/1/2024,0.988000000000000
4,7/8/2024,0.973000000000000
4,7/15/2024,1.051000000000000
4,7/22/2024,1.007000000000000
4,7/29/2024,0.990000000000000
4,8/5/2024,1.004000000000000
4,8/12/2024,0.997000000000000
4,8/19/2024,1.032000000000000
4,8/26/2024,1.005000000000000
4,9/2/2024,1.011000000000000
4,9/9/2024,0.989000000000000
4,9/16/2024,1.031000000000000
4,9/23/2024,1.031000000000000
4,9/30/2024,0.985000000000000
4,10/7/2024,0.968000000000000
4,10/14/2024,1.071000000000000
4,10/21/2024,1.001000000000000
4,10/28/2024,0.964000000000000
4,11/4/2024,0.993000000000000
4,11/11/2024,0.975000000000000
4,11/18/2024,1.039000000000000
4,11/25/2024,1.048000000000000
4,12/2/2024,1.028000000000000
4,12/9/2024,1.048000000000000
4,12/16/2024,1.097000000000000
4,12/23/2024,1.099000000000000
4,12/30/2024,0.828000000000000
5,3/1/2021,0.966000000000000
5,3/8/2021,0.980000000000000
5,3/15/2021,1.012000000000000
5,3/22/2021,1.018000000000000
5,3/29/2021,0.941000000000000
5,4/5/2021,0.940000000000000
5,4/12/2021,0.944000000000000
5,4/19/2021,1.034000000000000
5,4/26/2021,0.985000000000000
5,5/3/2021,0.977000000000000
5,5/10/2021,0.953000000000000
5,5/17/2021,0.992000000000000
5,5/24/2021,1.016000000000000
5,5/31/2021,0.991000000000000
5,6/7/2021,1.008000000000000
5,6/14/2021,1.049000000000000
5,6/21/2021,1.011000000000000
5,6/28/2021,0.971000000000000
5,7/5/2021,0.961000000000000
5,7/12/2021,0.973000000000000
5,7/19/2021,1.073000000000000
5,7/26/2021,1.005000000000000
5,8/2/2021,0.990000000000000
5,8/9/2021,0.987000000000000
5,8/16/2021,1.045000000000000
5,8/23/2021,1.011000000000000
5,8/30/2021,0.984000000000000
5,9/6/2021,1.021000000000000
5,9/13/2021,1.011000000000000
5,9/20/2021,1.109000000000000
5,9/27/2021,1.029000000000000
5,10/4/2021,0.946000000000000
5,10/11/2021,0.973000000000000
5,10/18/2021,0.990000000000000
5,10/25/2021,0.990000000000000
5,11/1/2021,0.984000000000000
5,11/8/2021,0.962000000000000
5,11/15/2021,1.032000000000000
5,11/22/2021,1.003000000000000
5,11/29/2021,0.995000000000000
5,12/6/2021,1.015000000000000
5,12/13/2021,1.006000000000000
5,12/20/2021,1.100000000000000
5,12/27/2021,0.989000000000000
5,1/3/2022,0.875000000000000
5,1/10/2022,0.969000000000000
5,1/17/2022,1.016000000000000
5,1/24/2022,1.039000000000000
5,1/31/2022,1.001000000000000
5,2/7/2022,1.020000000000000
5,2/14/2022,1.032000000000000
5,2/21/2022,1.052000000000000
5,2/28/2022,0.978000000000000
5,3/7/2022,0.988000000000000
5,3/14/2022,1.000000000000000
5,3/21/2022,1.020000000000000
5,3/28/2022,0.960000000000000
5,4/4/2022,0.947000000000000
5,4/11/2022,0.952000000000000
5,4/18/2022,1.024000000000000
5,4/25/2022,0.991000000000000
5,5/2/2022,0.975000000000000
5,5/9/2022,0.946000000000000
5,5/16/2022,0.997000000000000
5,5/23/2022,1.006000000000000
5,5/30/2022,0.978000000000000
5,6/6/2022,1.003000000000000
5,6/13/2022,1.026000000000000
5,6/20/2022,1.020000000000000
5,6/27/2022,0.979000000000000
5,7/4/2022,0.968000000000000
5,7/11/2022,0.974000000000000
5,7/18/2022,1.063000000000000
5,7/25/2022,1.008000000000000
5,8/1/2022,0.995000000000000
5,8/8/2022,0.992000000000000
5,8/15/2022,1.034000000000000
5,8/22/2022,1.004000000000000
5,8/29/2022,0.990000000000000
5,9/5/2022,1.015000000000000
5,9/12/2022,1.008000000000000
5,9/19/2022,1.092000000000000
5,9/26/2022,1.060000000000000
5,10/3/2022,0.942000000000000
5,10/10/2022,0.970000000000000
5,10/17/2022,1.014000000000000
5,10/24/2022,0.993000000000000
5,10/31/2022,0.980000000000000
5,11/7/2022,0.966000000000000
5,11/14/2022,1.010000000000000
5,11/21/2022,1.021000000000000
5,11/28/2022,1.009000000000000
5,12/5/2022,1.023000000000000
5,12/12/2022,1.014000000000000
5,12/19/2022,1.097000000000000
5,12/26/2022,1.048000000000000
5,1/2/2023,0.846000000000000
5,1/9/2023,0.962000000000000
5,1/16/2023,1.020000000000000
5,1/23/2023,1.005000000000000
5,1/30/2023,1.007000000000000
5,2/6/2023,1.004000000000000
5,2/13/2023,1.013000000000000
5,2/20/2023,1.037000000000000
5,2/27/2023,0.987000000000000
5,3/6/2023,0.994000000000000
5,3/13/2023,0.993000000000000
5,3/20/2023,1.030000000000000
5,3/27/2023,0.983000000000000
5,4/3/2023,0.956000000000000
5,4/10/2023,0.956000000000000
5,4/17/2023,1.020000000000000
5,4/24/2023,0.987000000000000
5,5/1/2023,0.971000000000000
5,5/8/2023,0.947000000000000
5,5/15/2023,0.989000000000000
5,5/22/2023,1.006000000000000
5,5/29/2023,0.965000000000000
5,6/5/2023,1.000000000000000
5,6/12/2023,1.013000000000000
5,6/19/2023,1.016000000000000
5,6/26/2023,0.988000000000000
5,7/3/2023,0.977000000000000
5,7/10/2023,0.973000000000000
5,7/17/2023,1.055000000000000
5,7/24/2023,1.009000000000000
5,7/31/2023,0.995000000000000
5,8/7/2023,0.997000000000000
5,8/14/2023,1.017000000000000
5,8/21/2023,1.011000000000000
5,8/28/2023,0.997000000000000
5,9/4/2023,1.011000000000000
5,9/11/2023,1.001000000000000
5,9/18/2023,1.066000000000000
5,9/25/2023,1.062000000000000
5,10/2/2023,0.955000000000000
5,10/9/2023,0.968000000000000
5,10/16/2023,1.041000000000000
5,10/23/2023,0.997000000000000
5,10/30/2023,0.972000000000000
5,11/6/2023,0.977000000000000
5,11/13/2023,0.992000000000000
5,11/20/2023,1.031000000000000
5,11/27/2023,1.027000000000000
5,12/4/2023,1.027000000000000
5,12/11/2023,1.028000000000000
5,12/18/2023,1.096000000000000
5,12/25/2023,1.083000000000000
5,1/1/2024,0.832000000000000
5,1/8/2024,0.955000000000000
5,1/15/2024,1.021000000000000
5,1/22/2024,0.977000000000000
5,1/29/2024,1.009000000000000
5,2/5/2024,0.986000000000000
5,2/12/2024,1.002000000000000
5,2/19/2024,1.019000000000000
5,2/26/2024,0.992000000000000
5,3/4/2024,0.995000000000000
5,3/11/2024,0.988000000000000
5,3/18/2024,1.049000000000000
5,3/25/2024,1.009000000000000
5,4/1/2024,0.965000000000000
5,4/8/2024,0.954000000000000
5,4/15/2024,1.025000000000000
5,4/22/2024,0.975000000000000
5,4/29/2024,0.964000000000000
5,5/6/2024,0.953000000000000
5,5/13/2024,0.974000000000000
5,5/20/2024,1.015000000000000
5,5/27/2024,0.950000000000000
5,6/3/2024,1.001000000000000
5,6/10/2024,1.014000000000000
5,6/17/2024,1.003000000000000
5,6/24/2024,0.997000000000000
5,7/1/2024,0.988000000000000
5,7/8/2024,0.973000000000000
5,7/15/2024,1.051000000000000
5,7/22/2024,1.007000000000000
5,7/29/2024,0.990000000000000
5,8/5/2024,1.004000000000000
5,8/12/2024,0.997000000000000
5,8/19/2024,1.032000000000000
5,8/26/2024,1.005000000000000
5,9/2/2024,1.011000000000000
5,9/9/2024,0.989000000000000
5,9/16/2024,1.031000000000000
5,9/23/2024,1.031000000000000
5,9/30/2024,0.985000000000000
5,10/7/2024,0.968000000000000
5,10/14/2024,1.071000000000000
5,10/21/2024,1.001000000000000
5,10/28/2024,0.964000000000000
5,11/4/2024,0.993000000000000
5,11/11/2024,0.975000000000000
5,11/18/2024,1.039000000000000
5,11/25/2024,1.048000000000000
5,12/2/2024,1.028000000000000
5,12/9/2024,1.048000000000000
5,12/16/2024,1.097000000000000
5,12/23/2024,1.099000000000000
5,12/30/2024,0.828000000000000
6,3/1/2021,0.966000000000000
6,3/8/2021,0.980000000000000
6,3/15/2021,1.012000000000000
6,3/22/2021,1.018000000000000
6,3/29/2021,0.941000000000000
6,4/5/2021,0.940000000000000
6,4/12/2021,0.944000000000000
6,4/19/2021,1.034000000000000
6,4/26/2021,0.985000000000000
6,5/3/2021,0.977000000000000
6,5/10/2021,0.953000000000000
6,5/17/2021,0.992000000000000
6,5/24/2021,1.016000000000000
6,5/31/2021,0.991000000000000
6,6/7/2021,1.008000000000000
6,6/14/2021,1.049000000000000
6,6/21/2021,1.011000000000000
6,6/28/2021,0.971000000000000
6,7/5/2021,0.961000000000000
6,7/12/2021,0.973000000000000
6,7/19/2021,1.073000000000000
6,7/26/2021,1.005000000000000
6,8/2/2021,0.990000000000000
6,8/9/2021,0.987000000000000
6,8/16/2021,1.045000000000000
6,8/23/2021,1.011000000000000
6,8/30/2021,0.984000000000000
6,9/6/2021,1.021000000000000
6,9/13/2021,1.011000000000000
6,9/20/2021,1.109000000000000
6,9/27/2021,1.029000000000000
6,10/4/2021,0.946000000000000
6,10/11/2021,0.973000000000000
6,10/18/2021,0.990000000000000
6,10/25/2021,0.990000000000000
6,11/1/2021,0.984000000000000
6,11/8/2021,0.962000000000000
6,11/15/2021,1.032000000000000
6,11/22/2021,1.003000000000000
6,11/29/2021,0.995000000000000
6,12/6/2021,1.015000000000000
6,12/13/2021,1.006000000000000
6,12/20/2021,1.100000000000000
6,12/27/2021,0.989000000000000
6,1/3/2022,0.875000000000000
6,1/10/2022,0.969000000000000
6,1/17/2022,1.016000000000000
6,1/24/2022,1.039000000000000
6,1/31/2022,1.001000000000000
6,2/7/2022,1.020000000000000
6,2/14/2022,1.032000000000000
6,2/21/2022,1.052000000000000
6,2/28/2022,0.978000000000000
6,3/7/2022,0.988000000000000
6,3/14/2022,1.000000000000000
6,3/21/2022,1.020000000000000
6,3/28/2022,0.960000000000000
6,4/4/2022,0.947000000000000
6,4/11/2022,0.952000000000000
6,4/18/2022,1.024000000000000
6,4/25/2022,0.991000000000000
6,5/2/2022,0.975000000000000
6,5/9/2022,0.946000000000000
6,5/16/2022,0.997000000000000
6,5/23/2022,1.006000000000000
6,5/30/2022,0.978000000000000
6,6/6/2022,1.003000000000000
6,6/13/2022,1.026000000000000
6,6/20/2022,1.020000000000000
6,6/27/2022,0.979000000000000
6,7/4/2022,0.968000000000000
6,7/11/2022,0.974000000000000
6,7/18/2022,1.063000000000000
6,7/25/2022,1.008000000000000
6,8/1/2022,0.995000000000000
6,8/8/2022,0.992000000000000
6,8/15/2022,1.034000000000000
6,8/22/2022,1.004000000000000
6,8/29/2022,0.990000000000000
6,9/5/2022,1.015000000000000
6,9/12/2022,1.008000000000000
6,9/19/2022,1.092000000000000
6,9/26/2022,1.060000000000000
6,10/3/2022,0.942000000000000
6,10/10/2022,0.970000000000000
6,10/17/2022,1.014000000000000
6,10/24/2022,0.993000000000000
6,10/31/2022,0.980000000000000
6,11/7/2022,0.966000000000000
6,11/14/2022,1.010000000000000
6,11/21/2022,1.021000000000000
6,11/28/2022,1.009000000000000
6,12/5/2022,1.023000000000000
6,12/12/2022,1.014000000000000
6,12/19/2022,1.097000000000000
6,12/26/2022,1.048000000000000
6,1/2/2023,0.846000000000000
6,1/9/2023,0.962000000000000
6,1/16/2023,1.020000000000000
6,1/23/2023,1.005000000000000
6,1/30/2023,1.007000000000000
6,2/6/2023,1.004000000000000
6,2/13/2023,1.013000000000000
6,2/20/2023,1.037000000000000
6,2/27/2023,0.987000000000000
6,3/6/2023,0.994000000000000
6,3/13/2023,0.993000000000000
6,3/20/2023,1.030000000000000
6,3/27/2023,0.983000000000000
6,4/3/2023,0.956000000000000
6,4/10/2023,0.956000000000000
6,4/17/2023,1.020000000000000
6,4/24/2023,0.987000000000000
6,5/1/2023,0.971000000000000
6,5/8/2023,0.947000000000000
6,5/15/2023,0.989000000000000
6,5/22/2023,1.006000000000000
6,5/29/2023,0.965000000000000
6,6/5/2023,1.000000000000000
6,6/12/2023,1.013000000000000
6,6/19/2023,1.016000000000000
6,6/26/2023,0.988000000000000
6,7/3/2023,0.977000000000000
6,7/10/2023,0.973000000000000
6,7/17/2023,1.055000000000000
6,7/24/2023,1.009000000000000
6,7/31/2023,0.995000000000000
6,8/7/2023,0.997000000000000
6,8/14/2023,1.017000000000000
6,8/21/2023,1.011000000000000
6,8/28/2023,0.997000000000000
6,9/4/2023,1.011000000000000
6,9/11/2023,1.001000000000000
6,9/18/2023,1.066000000000000
6,9/25/2023,1.062000000000000
6,10/2/2023,0.955000000000000
6,10/9/2023,0.968000000000000
6,10/16/2023,1.041000000000000
6,10/23/2023,0.997000000000000
6,10/30/2023,0.972000000000000
6,11/6/2023,0.977000000000000
6,11/13/2023,0.992000000000000
6,11/20/2023,1.031000000000000
6,11/27/2023,1.027000000000000
6,12/4/2023,1.027000000000000
6,12/11/2023,1.028000000000000
6,12/18/2023,1.096000000000000
6,12/25/2023,1.083000000000000
6,1/1/2024,0.832000000000000
6,1/8/2024,0.955000000000000
6,1/15/2024,1.021000000000000
6,1/22/2024,0.977000000000000
6,1/29/2024,1.009000000000000
6,2/5/2024,0.986000000000000
6,2/12/2024,1.002000000000000
6,2/19/2024,1.019000000000000
6,2/26/2024,0.992000000000000
6,3/4/2024,0.995000000000000
6,3/11/2024,0.988000000000000
6,3/18/2024,1.049000000000000
6,3/25/2024,1.009000000000000
6,4/1/2024,0.965000000000000
6,4/8/2024,0.954000000000000
6,4/15/2024,1.025000000000000
6,4/22/2024,0.975000000000000
6,4/29/2024,0.964000000000000
6,5/6/2024,0.953000000000000
6,5/13/2024,0.974000000000000
6,5/20/2024,1.015000000000000
6,5/27/2024,0.950000000000000
6,6/3/2024,1.001000000000000
6,6/10/2024,1.014000000000000
6,6/17/2024,1.003000000000000
6,6/24/2024,0.997000000000000
6,7/1/2024,0.988000000000000
6,7/8/2024,0.973000000000000
6,7/15/2024,1.051000000000000
6,7/22/2024,1.007000000000000
6,7/29/2024,0.990000000000000
6,8/5/2024,1.004000000000000
6,8/12/2024,0.997000000000000
6,8/19/2024,1.032000000000000
6,8/26/2024,1.005000000000000
6,9/2/2024,1.011000000000000
6,9/9/2024,0.989000000000000
6,9/16/2024,1.031000000000000
6,9/23/2024,1.031000000000000
6,9/30/2024,0.985000000000000
6,10/7/2024,0.968000000000000
6,10/14/2024,1.071000000000000
6,10/21/2024,1.001000000000000
6,10/28/2024,0.964000000000000
6,11/4/2024,0.993000000000000
6,11/11/2024,0.975000000000000
6,11/18/2024,1.039000000000000
6,11/25/2024,1.048000000000000
6,12/2/2024,1.028000000000000
6,12/9/2024,1.048000000000000
6,12/16/2024,1.097000000000000
6,12/23/2024,1.099000000000000
6,12/30/2024,0.828000000000000
7,3/1/2021,0.966000000000000
7,3/8/2021,0.980000000000000
7,3/15/2021,1.012000000000000
7,3/22/2021,1.018000000000000
7,3/29/2021,0.941000000000000
7,4/5/2021,0.940000000000000
7,4/12/2021,0.944000000000000
7,4/19/2021,1.034000000000000
7,4/26/2021,0.985000000000000
7,5/3/2021,0.977000000000000
7,5/10/2021,0.953000000000000
7,5/17/2021,0.992000000000000
7,5/24/2021,1.016000000000000
7,5/31/2021,0.991000000000000
7,6/7/2021,1.008000000000000
7,6/14/2021,1.049000000000000
7,6/21/2021,1.011000000000000
7,6/28/2021,0.971000000000000
7,7/5/2021,0.961000000000000
7,7/12/2021,0.973000000000000
7,7/19/2021,1.073000000000000
7,7/26/2021,1.005000000000000
7,8/2/2021,0.990000000000000
7,8/9/2021,0.987000000000000
7,8/16/2021,1.045000000000000
7,8/23/2021,1.011000000000000
7,8/30/2021,0.984000000000000
7,9/6/2021,1.021000000000000
7,9/13/2021,1.011000000000000
7,9/20/2021,1.109000000000000
7,9/27/2021,1.029000000000000
7,10/4/2021,0.946000000000000
7,10/11/2021,0.973000000000000
7,10/18/2021,0.990000000000000
7,10/25/2021,0.990000000000000
7,11/1/2021,0.984000000000000
7,11/8/2021,0.962000000000000
7,11/15/2021,1.032000000000000
7,11/22/2021,1.003000000000000
7,11/29/2021,0.995000000000000
7,12/6/2021,1.015000000000000
7,12/13/2021,1.006000000000000
7,12/20/2021,1.100000000000000
7,12/27/2021,0.989000000000000
7,1/3/2022,0.875000000000000
7,1/10/2022,0.969000000000000
7,1/17/2022,1.016000000000000
7,1/24/2022,1.039000000000000
7,1/31/2022,1.001000000000000
7,2/7/2022,1.020000000000000
7,2/14/2022,1.032000000000000
7,2/21/2022,1.052000000000000
7,2/28/2022,0.978000000000000
7,3/7/2022,0.988000000000000
7,3/14/2022,1.000000000000000
7,3/21/2022,1.020000000000000
7,3/28/2022,0.960000000000000
7,4/4/2022,0.947000000000000
7,4/11/2022,0.952000000000000
7,4/18/2022,1.024000000000000
7,4/25/2022,0.991000000000000
7,5/2/2022,0.975000000000000
7,5/9/2022,0.946000000000000
7,5/16/2022,0.997000000000000
7,5/23/2022,1.006000000000000
7,5/30/2022,0.978000000000000
7,6/6/2022,1.003000000000000
7,6/13/2022,1.026000000000000
7,6/20/2022,1.020000000000000
7,6/27/2022,0.979000000000000
7,7/4/2022,0.968000000000000
7,7/11/2022,0.974000000000000
7,7/18/2022,1.063000000000000
7,7/25/2022,1.008000000000000
7,8/1/2022,0.995000000000000
7,8/8/2022,0.992000000000000
7,8/15/2022,1.034000000000000
7,8/22/2022,1.004000000000000
7,8/29/2022,0.990000000000000
7,9/5/2022,1.015000000000000
7,9/12/2022,1.008000000000000
7,9/19/2022,1.092000000000000
7,9/26/2022,1.060000000000000
7,10/3/2022,0.942000000000000
7,10/10/2022,0.970000000000000
7,10/17/2022,1.014000000000000
7,10/24/2022,0.993000000000000
7,10/31/2022,0.980000000000000
7,11/7/2022,0.966000000000000
7,11/14/2022,1.010000000000000
7,11/21/2022,1.021000000000000
7,11/28/2022,1.009000000000000
7,12/5/2022,1.023000000000000
7,12/12/2022,1.014000000000000
7,12/19/2022,1.097000000000000
7,12/26/2022,1.048000000000000
7,1/2/2023,0.846000000000000
7,1/9/2023,0.962000000000000
7,1/16/2023,1.020000000000000
7,1/23/2023,1.005000000000000
7,1/30/2023,1.007000000000000
7,2/6/2023,1.004000000000000
7,2/13/2023,1.013000000000000
7,2/20/2023,1.037000000000000
7,2/27/2023,0.987000000000000
7,3/6/2023,0.994000000000000
7,3/13/2023,0.993000000000000
7,3/20/2023,1.030000000000000
7,3/27/2023,0.983000000000000
7,4/3/2023,0.956000000000000
7,4/10/2023,0.956000000000000
7,4/17/2023,1.020000000000000
7,4/24/2023,0.987000000000000
7,5/1/2023,0.971000000000000
7,5/8/2023,0.947000000000000
7,5/15/2023,0.989000000000000
7,5/22/2023,1.006000000000000
7,5/29/2023,0.965000000000000
7,6/5/2023,1.000000000000000
7,6/12/2023,1.013000000000000
7,6/19/2023,1.016000000000000
7,6/26/2023,0.988000000000000
7,7/3/2023,0.977000000000000
7,7/10/2023,0.973000000000000
7,7/17/2023,1.055000000000000
7,7/24/2023,1.009000000000000
7,7/31/2023,0.995000000000000
7,8/7/2023,0.997000000000000
7,8/14/2023,1.017000000000000
7,8/21/2023,1.011000000000000
7,8/28/2023,0.997000000000000
7,9/4/2023,1.011000000000000
7,9/11/2023,1.001000000000000
7,9/18/2023,1.066000000000000
7,9/25/2023,1.062000000000000
7,10/2/2023,0.955000000000000
7,10/9/2023,0.968000000000000
7,10/16/2023,1.041000000000000
7,10/23/2023,0.997000000000000
7,10/30/2023,0.972000000000000
7,11/6/2023,0.977000000000000
7,11/13/2023,0.992000000000000
7,11/20/2023,1.031000000000000
7,11/27/2023,1.027000000000000
7,12/4/2023,1.027000000000000
7,12/11/2023,1.028000000000000
7,12/18/2023,1.096000000000000
7,12/25/2023,1.083000000000000
7,1/1/2024,0.832000000000000
7,1/8/2024,0.955000000000000
7,1/15/2024,1.021000000000000
7,1/22/2024,0.977000000000000
7,1/29/2024,1.009000000000000
7,2/5/2024,0.986000000000000
7,2/12/2024,1.002000000000000
7,2/19/2024,1.019000000000000
7,2/26/2024,0.992000000000000
7,3/4/2024,0.995000000000000
7,3/11/2024,0.988000000000000
7,3/18/2024,1.049000000000000
7,3/25/2024,1.009000000000000
7,4/1/2024,0.965000000000000
7,4/8/2024,0.954000000000000
7,4/15/2024,1.025000000000000
7,4/22/2024,0.975000000000000
7,4/29/2024,0.964000000000000
7,5/6/2024,0.953000000000000
7,5/13/2024,0.974000000000000
7,5/20/2024,1.015000000000000
7,5/27/2024,0.950000000000000
7,6/3/2024,1.001000000000000
7,6/10/2024,1.014000000000000
7,6/17/2024,1.003000000000000
7,6/24/2024,0.997000000000000
7,7/1/2024,0.988000000000000
7,7/8/2024,0.973000000000000
7,7/15/2024,1.051000000000000
7,7/22/2024,1.007000000000000
7,7/29/2024,0.990000000000000
7,8/5/2024,1.004000000000000
7,8/12/2024,0.997000000000000
7,8/19/2024,1.032000000000000
7,8/26/2024,1.005000000000000
7,9/2/2024,1.011000000000000
7,9/9/2024,0.989000000000000
7,9/16/2024,1.031000000000000
7,9/23/2024,1.031000000000000
7,9/30/2024,0.985000000000000
7,10/7/2024,0.968000000000000
7,10/14/2024,1.071000000000000
7,10/21/2024,1.001000000000000
7,10/28/2024,0.964000000000000
7,11/4/2024,0.993000000000000
7,11/11/2024,0.975000000000000
7,11/18/2024,1.039000000000000
7,11/25/2024,1.048000000000000
7,12/2/2024,1.028000000000000
7,12/9/2024,1.048000000000000
7,12/16/2024,1.097000000000000
7,12/23/2024,1.099000000000000
7,12/30/2024,0.828000000000000
8,3/1/2021,0.966000000000000
8,3/8/2021,0.980000000000000
8,3/15/2021,1.012000000000000
8,3/22/2021,1.018000000000000
8,3/29/2021,0.941000000000000
8,4/5/2021,0.940000000000000
8,4/12/2021,0.944000000000000
8,4/19/2021,1.034000000000000
8,4/26/2021,0.985000000000000
8,5/3/2021,0.977000000000000
8,5/10/2021,0.953000000000000
8,5/17/2021,0.992000000000000
8,5/24/2021,1.016000000000000
8,5/31/2021,0.991000000000000
8,6/7/2021,1.008000000000000
8,6/14/2021,1.049000000000000
8,6/21/2021,1.011000000000000
8,6/28/2021,0.971000000000000
8,7/5/2021,0.961000000000000
8,7/12/2021,0.973000000000000
8,7/19/2021,1.073000000000000
8,7/26/2021,1.005000000000000
8,8/2/2021,0.990000000000000
8,8/9/2021,0.987000000000000
8,8/16/2021,1.045000000000000
8,8/23/2021,1.011000000000000
8,8/30/2021,0.984000000000000
8,9/6/2021,1.021000000000000
8,9/13/2021,1.011000000000000
8,9/20/2021,1.109000000000000
8,9/27/2021,1.029000000000000
8,10/4/2021,0.946000000000000
8,10/11/2021,0.973000000000000
8,10/18/2021,0.990000000000000
8,10/25/2021,0.990000000000000
8,11/1/2021,0.984000000000000
8,11/8/2021,0.962000000000000
8,11/15/2021,1.032000000000000
8,11/22/2021,1.003000000000000
8,11/29/2021,0.995000000000000
8,12/6/2021,1.015000000000000
8,12/13/2021,1.006000000000000
8,12/20/2021,1.100000000000000
8,12/27/2021,0.989000000000000
8,1/3/2022,0.875000000000000
8,1/10/2022,0.969000000000000
8,1/17/2022,1.016000000000000
8,1/24/2022,1.039000000000000
8,1/31/2022,1.001000000000000
8,2/7/2022,1.020000000000000
8,2/14/2022,1.032000000000000
8,2/21/2022,1.052000000000000
8,2/28/2022,0.978000000000000
8,3/7/2022,0.988000000000000
8,3/14/2022,1.000000000000000
8,3/21/2022,1.020000000000000
8,3/28/2022,0.960000000000000
8,4/4/2022,0.947000000000000
8,4/11/2022,0.952000000000000
8,4/18/2022,1.024000000000000
8,4/25/2022,0.991000000000000
8,5/2/2022,0.975000000000000
8,5/9/2022,0.946000000000000
8,5/16/2022,0.997000000000000
8,5/23/2022,1.006000000000000
8,5/30/2022,0.978000000000000
8,6/6/2022,1.003000000000000
8,6/13/2022,1.026000000000000
8,6/20/2022,1.020000000000000
8,6/27/2022,0.979000000000000
8,7/4/2022,0.968000000000000
8,7/11/2022,0.974000000000000
8,7/18/2022,1.063000000000000
8,7/25/2022,1.008000000000000
8,8/1/2022,0.995000000000000
8,8/8/2022,0.992000000000000
8,8/15/2022,1.034000000000000
8,8/22/2022,1.004000000000000
8,8/29/2022,0.990000000000000
8,9/5/2022,1.015000000000000
8,9/12/2022,1.008000000000000
8,9/19/2022,1.092000000000000
8,9/26/2022,1.060000000000000
8,10/3/2022,0.942000000000000
8,10/10/2022,0.970000000000000
8,10/17/2022,1.014000000000000
8,10/24/2022,0.993000000000000
8,10/31/2022,0.980000000000000
8,11/7/2022,0.966000000000000
8,11/14/2022,1.010000000000000
8,11/21/2022,1.021000000000000
8,11/28/2022,1.009000000000000
8,12/5/2022,1.023000000000000
8,12/12/2022,1.014000000000000
8,12/19/2022,1.097000000000000
8,12/26/2022,1.048000000000000
8,1/2/2023,0.846000000000000
8,1/9/2023,0.962000000000000
8,1/16/2023,1.020000000000000
8,1/23/2023,1.005000000000000
8,1/30/2023,1.007000000000000
8,2/6/2023,1.004000000000000
8,2/13/2023,1.013000000000000
8,2/20/2023,1.037000000000000
8,2/27/2023,0.987000000000000
8,3/6/2023,0.994000000000000
8,3/13/2023,0.993000000000000
8,3/20/2023,1.030000000000000
8,3/27/2023,0.983000000000000
8,4/3/2023,0.956000000000000
8,4/10/2023,0.956000000000000
8,4/17/2023,1.020000000000000
8,4/24/2023,0.987000000000000
8,5/1/2023,0.971000000000000
8,5/8/2023,0.947000000000000
8,5/15/2023,0.989000000000000
8,5/22/2023,1.006000000000000
8,5/29/2023,0.965000000000000
8,6/5/2023,1.000000000000000
8,6/12/2023,1.013000000000000
8,6/19/2023,1.016000000000000
8,6/26/2023,0.988000000000000
8,7/3/2023,0.977000000000000
8,7/10/2023,0.973000000000000
8,7/17/2023,1.055000000000000
8,7/24/2023,1.009000000000000
8,7/31/2023,0.995000000000000
8,8/7/2023,0.997000000000000
8,8/14/2023,1.017000000000000
8,8/21/2023,1.011000000000000
8,8/28/2023,0.997000000000000
8,9/4/2023,1.011000000000000
8,9/11/2023,1.001000000000000
8,9/18/2023,1.066000000000000
8,9/25/2023,1.062000000000000
8,10/2/2023,0.955000000000000
8,10/9/2023,0.968000000000000
8,10/16/2023,1.041000000000000
8,10/23/2023,0.997000000000000
8,10/30/2023,0.972000000000000
8,11/6/2023,0.977000000000000
8,11/13/2023,0.992000000000000
8,11/20/2023,1.031000000000000
8,11/27/2023,1.027000000000000
8,12/4/2023,1.027000000000000
8,12/11/2023,1.028000000000000
8,12/18/2023,1.096000000000000
8,12/25/2023,1.083000000000000
8,1/1/2024,0.832000000000000
8,1/8/2024,0.955000000000000
8,1/15/2024,1.021000000000000
8,1/22/2024,0.977000000000000
8,1/29/2024,1.009000000000000
8,2/5/2024,0.986000000000000
8,2/12/2024,1.002000000000000
8,2/19/2024,1.019000000000000
8,2/26/2024,0.992000000000000
8,3/4/2024,0.995000000000000
8,3/11/2024,0.988000000000000
8,3/18/2024,1.049000000000000
8,3/25/2024,1.009000000000000
8,4/1/2024,0.965000000000000
8,4/8/2024,0.954000000000000
8,4/15/2024,1.025000000000000
8,4/22/2024,0.975000000000000
8,4/29/2024,0.964000000000000
8,5/6/2024,0.953000000000000
8,5/13/2024,0.974000000000000
8,5/20/2024,1.015000000000000
8,5/27/2024,0.950000000000000
8,6/3/2024,1.001000000000000
8,6/10/2024,1.014000000000000
8,6/17/2024,1.003000000000000
8,6/24/2024,0.997000000000000
8,7/1/2024,0.988000000000000
8,7/8/2024,0.973000000000000
8,7/15/2024,1.051000000000000
8,7/22/2024,1.007000000000000
8,7/29/2024,0.990000000000000
8,8/5/2024,1.004000000000000
8,8/12/2024,0.997000000000000
8,8/19/2024,1.032000000000000
8,8/26/2024,1.005000000000000
8,9/2/2024,1.011000000000000
8,9/9/2024,0.989000000000000
8,9/16/2024,1.031000000000000
8,9/23/2024,1.031000000000000
8,9/30/2024,0.985000000000000
8,10/7/2024,0.968000000000000
8,10/14/2024,1.071000000000000
8,10/21/2024,1.001000000000000
8,10/28/2024,0.964000000000000
8,11/4/2024,0.993000000000000
8,11/11/2024,0.975000000000000
8,11/18/2024,1.039000000000000
8,11/25/2024,1.048000000000000
8,12/2/2024,1.028000000000000
8,12/9/2024,1.048000000000000
8,12/16/2024,1.097000000000000
8,12/23/2024,1.099000000000000
8,12/30/2024,0.828000000000000
9,3/1/2021,0.966000000000000
9,3/8/2021,0.980000000000000
9,3/15/2021,1.012000000000000
9,3/22/2021,1.018000000000000
9,3/29/2021,0.941000000000000
9,4/5/2021,0.940000000000000
9,4/12/2021,0.944000000000000
9,4/19/2021,1.034000000000000
9,4/26/2021,0.985000000000000
9,5/3/2021,0.977000000000000
9,5/10/2021,0.953000000000000
9,5/17/2021,0.992000000000000
9,5/24/2021,1.016000000000000
9,5/31/2021,0.991000000000000
9,6/7/2021,1.008000000000000
9,6/14/2021,1.049000000000000
9,6/21/2021,1.011000000000000
9,6/28/2021,0.971000000000000
9,7/5/2021,0.961000000000000
9,7/12/2021,0.973000000000000
9,7/19/2021,1.073000000000000
9,7/26/2021,1.005000000000000
9,8/2/2021,0.990000000000000
9,8/9/2021,0.987000000000000
9,8/16/2021,1.045000000000000
9,8/23/2021,1.011000000000000
9,8/30/2021,0.984000000000000
9,9/6/2021,1.021000000000000
9,9/13/2021,1.011000000000000
9,9/20/2021,1.109000000000000
9,9/27/2021,1.029000000000000
9,10/4/2021,0.946000000000000
9,10/11/2021,0.973000000000000
9,10/18/2021,0.990000000000000
9,10/25/2021,0.990000000000000
9,11/1/2021,0.984000000000000
9,11/8/2021,0.962000000000000
9,11/15/2021,1.032000000000000
9,11/22/2021,1.003000000000000
9,11/29/2021,0.995000000000000
9,12/6/2021,1.015000000000000
9,12/13/2021,1.006000000000000
9,12/20/2021,1.100000000000000
9,12/27/2021,0.989000000000000
9,1/3/2022,0.875000000000000
9,1/10/2022,0.969000000000000
9,1/17/2022,1.016000000000000
9,1/24/2022,1.039000000000000
9,1/31/2022,1.001000000000000
9,2/7/2022,1.020000000000000
9,2/14/2022,1.032000000000000
9,2/21/2022,1.052000000000000
9,2/28/2022,0.978000000000000
9,3/7/2022,0.988000000000000
9,3/14/2022,1.000000000000000
9,3/21/2022,1.020000000000000
9,3/28/2022,0.960000000000000
9,4/4/2022,0.947000000000000
9,4/11/2022,0.952000000000000
9,4/18/2022,1.024000000000000
9,4/25/2022,0.991000000000000
9,5/2/2022,0.975000000000000
9,5/9/2022,0.946000000000000
9,5/16/2022,0.997000000000000
9,5/23/2022,1.006000000000000
9,5/30/2022,0.978000000000000
9,6/6/2022,1.003000000000000
9,6/13/2022,1.026000000000000
9,6/20/2022,1.020000000000000
9,6/27/2022,0.979000000000000
9,7/4/2022,0.968000000000000
9,7/11/2022,0.974000000000000
9,7/18/2022,1.063000000000000
9,7/25/2022,1.008000000000000
9,8/1/2022,0.995000000000000
9,8/8/2022,0.992000000000000
9,8/15/2022,1.034000000000000
9,8/22/2022,1.004000000000000
9,8/29/2022,0.990000000000000
9,9/5/2022,1.015000000000000
9,9/12/2022,1.008000000000000
9,9/19/2022,1.092000000000000
9,9/26/2022,1.060000000000000
9,10/3/2022,0.942000000000000
9,10/10/2022,0.970000000000000
9,10/17/2022,1.014000000000000
9,10/24/2022,0.993000000000000
9,10/31/2022,0.980000000000000
9,11/7/2022,0.966000000000000
9,11/14/2022,1.010000000000000
9,11/21/2022,1.021000000000000
9,11/28/2022,1.009000000000000
9,12/5/2022,1.023000000000000
9,12/12/2022,1.014000000000000
9,12/19/2022,1.097000000000000
9,12/26/2022,1.048000000000000
9,1/2/2023,0.846000000000000
9,1/9/2023,0.962000000000000
9,1/16/2023,1.020000000000000
9,1/23/2023,1.005000000000000
9,1/30/2023,1.007000000000000
9,2/6/2023,1.004000000000000
9,2/13/2023,1.013000000000000
9,2/20/2023,1.037000000000000
9,2/27/2023,0.987000000000000
9,3/6/2023,0.994000000000000
9,3/13/2023,0.993000000000000
9,3/20/2023,1.030000000000000
9,3/27/2023,0.983000000000000
9,4/3/2023,0.956000000000000
9,4/10/2023,0.956000000000000
9,4/17/2023,1.020000000000000
9,4/24/2023,0.987000000000000
9,5/1/2023,0.971000000000000
9,5/8/2023,0.947000000000000
9,5/15/2023,0.989000000000000
9,5/22/2023,1.006000000000000
9,5/29/2023,0.965000000000000
9,6/5/2023,1.000000000000000
9,6/12/2023,1.013000000000000
9,6/19/2023,1.016000000000000
9,6/26/2023,0.988000000000000
9,7/3/2023,0.977000000000000
9,7/10/2023,0.973000000000000
9,7/17/2023,1.055000000000000
9,7/24/2023,1.009000000000000
9,7/31/2023,0.995000000000000
9,8/7/2023,0.997000000000000
9,8/14/2023,1.017000000000000
9,8/21/2023,1.011000000000000
9,8/28/2023,0.997000000000000
9,9/4/2023,1.011000000000000
9,9/11/2023,1.001000000000000
9,9/18/2023,1.066000000000000
9,9/25/2023,1.062000000000000
9,10/2/2023,0.955000000000000
9,10/9/2023,0.968000000000000
9,10/16/2023,1.041000000000000
9,10/23/2023,0.997000000000000
9,10/30/2023,0.972000000000000
9,11/6/2023,0.977000000000000
9,11/13/2023,0.992000000000000
9,11/20/2023,1.031000000000000
9,11/27/2023,1.027000000000000
9,12/4/2023,1.027000000000000
9,12/11/2023,1.028000000000000
9,12/18/2023,1.096000000000000
9,12/25/2023,1.083000000000000
9,1/1/2024,0.832000000000000
9,1/8/2024,0.955000000000000
9,1/15/2024,1.021000000000000
9,1/22/2024,0.977000000000000
9,1/29/2024,1.009000000000000
9,2/5/2024,0.986000000000000
9,2/12/2024,1.002000000000000
9,2/19/2024,1.019000000000000
9,2/26/2024,0.992000000000000
9,3/4/2024,0.995000000000000
9,3/11/2024,0.988000000000000
9,3/18/2024,1.049000000000000
9,3/25/2024,1.009000000000000
9,4/1/2024,0.965000000000000
9,4/8/2024,0.954000000000000
9,4/15/2024,1.025000000000000
9,4/22/2024,0.975000000000000
9,4/29/2024,0.964000000000000
9,5/6/2024,0.953000000000000
9,5/13/2024,0.974000000000000
9,5/20/2024,1.015000000000000
9,5/27/2024,0.950000000000000
9,6/3/2024,1.001000000000000
9,6/10/2024,1.014000000000000
9,6/17/2024,1.003000000000000
9,6/24/2024,0.997000000000000
9,7/1/2024,0.988000000000000
9,7/8/2024,0.973000000000000
9,7/15/2024,1.051000000000000
9,7/22/2024,1.007000000000000
9,7/29/2024,0.990000000000000
9,8/5/2024,1.004000000000000
9,8/12/2024,0.997000000000000
9,8/19/2024,1.032000000000000
9,8/26/2024,1.005000000000000
9,9/2/2024,1.011000000000000
9,9/9/2024,0.989000000000000
9,9/16/2024,1.031000000000000
9,9/23/2024,1.031000000000000
9,9/30/2024,0.985000000000000
9,10/7/2024,0.968000000000000
9,10/14/2024,1.071000000000000
9,10/21/2024,1.001000000000000
9,10/28/2024,0.964000000000000
9,11/4/2024,0.993000000000000
9,11/11/2024,0.975000000000000
9,11/18/2024,1.039000000000000
9,11/25/2024,1.048000000000000
9,12/2/2024,1.028000000000000
9,12/9/2024,1.048000000000000
9,12/16/2024,1.097000000000000
9,12/23/2024,1.099000000000000
9,12/30/2024,0.828000000000000
10,3/1/2021,0.966000000000000
10,3/8/2021,0.980000000000000
10,3/15/2021,1.012000000000000
10,3/22/2021,1.018000000000000
10,3/29/2021,0.941000000000000
10,4/5/2021,0.940000000000000
10,4/12/2021,0.944000000000000
10,4/19/2021,1.034000000000000
10,4/26/2021,0.985000000000000
10,5/3/2021,0.977000000000000
10,5/10/2021,0.953000000000000
10,5/17/2021,0.992000000000000
10,5/24/2021,1.016000000000000
10,5/31/2021,0.991000000000000
10,6/7/2021,1.008000000000000
10,6/14/2021,1.049000000000000
10,6/21/2021,1.011000000000000
10,6/28/2021,0.971000000000000
10,7/5/2021,0.961000000000000
10,7/12/2021,0.973000000000000
10,7/19/2021,1.073000000000000
10,7/26/2021,1.005000000000000
10,8/2/2021,0.990000000000000
10,8/9/2021,0.987000000000000
10,8/16/2021,1.045000000000000
10,8/23/2021,1.011000000000000
10,8/30/2021,0.984000000000000
10,9/6/2021,1.021000000000000
10,9/13/2021,1.011000000000000
10,9/20/2021,1.109000000000000
10,9/27/2021,1.029000000000000
10,10/4/2021,0.946000000000000
10,10/11/2021,0.973000000000000
10,10/18/2021,0.990000000000000
10,10/25/2021,0.990000000000000
10,11/1/2021,0.984000000000000
10,11/8/2021,0.962000000000000
10,11/15/2021,1.032000000000000
10,11/22/2021,1.003000000000000
10,11/29/2021,0.995000000000000
10,12/6/2021,1.015000000000000
10,12/13/2021,1.006000000000000
10,12/20/2021,1.100000000000000
10,12/27/2021,0.989000000000000
10,1/3/2022,0.875000000000000
10,1/10/2022,0.969000000000000
10,1/17/2022,1.016000000000000
10,1/24/2022,1.039000000000000
10,1/31/2022,1.001000000000000
10,2/7/2022,1.020000000000000
10,2/14/2022,1.032000000000000
10,2/21/2022,1.052000000000000
10,2/28/2022,0.978000000000000
10,3/7/2022,0.988000000000000
10,3/14/2022,1.000000000000000
10,3/21/2022,1.020000000000000
10,3/28/2022,0.960000000000000
10,4/4/2022,0.947000000000000
10,4/11/2022,0.952000000000000
10,4/18/2022,1.024000000000000
10,4/25/2022,0.991000000000000
10,5/2/2022,0.975000000000000
10,5/9/2022,0.946000000000000
10,5/16/2022,0.997000000000000
10,5/23/2022,1.006000000000000
10,5/30/2022,0.978000000000000
10,6/6/2022,1.003000000000000
10,6/13/2022,1.026000000000000
10,6/20/2022,1.020000000000000
10,6/27/2022,0.979000000000000
10,7/4/2022,0.968000000000000
10,7/11/2022,0.974000000000000
10,7/18/2022,1.063000000000000
10,7/25/2022,1.008000000000000
10,8/1/2022,0.995000000000000
10,8/8/2022,0.992000000000000
10,8/15/2022,1.034000000000000
10,8/22/2022,1.004000000000000
10,8/29/2022,0.990000000000000
10,9/5/2022,1.015000000000000
10,9/12/2022,1.008000000000000
10,9/19/2022,1.092000000000000
10,9/26/2022,1.060000000000000
10,10/3/2022,0.942000000000000
10,10/10/2022,0.970000000000000
10,10/17/2022,1.014000000000000
10,10/24/2022,0.993000000000000
10,10/31/2022,0.980000000000000
10,11/7/2022,0.966000000000000
10,11/14/2022,1.010000000000000
10,11/21/2022,1.021000000000000
10,11/28/2022,1.009000000000000
10,12/5/2022,1.023000000000000
10,12/12/2022,1.014000000000000
10,12/19/2022,1.097000000000000
10,12/26/2022,1.048000000000000
10,1/2/2023,0.846000000000000
10,1/9/2023,0.962000000000000
10,1/16/2023,1.020000000000000
10,1/23/2023,1.005000000000000
10,1/30/2023,1.007000000000000
10,2/6/2023,1.004000000000000
10,2/13/2023,1.013000000000000
10,2/20/2023,1.037000000000000
10,2/27/2023,0.987000000000000
10,3/6/2023,0.994000000000000
10,3/13/2023,0.993000000000000
10,3/20/2023,1.030000000000000
10,3/27/2023,0.983000000000000
10,4/3/2023,0.956000000000000
10,4/10/2023,0.956000000000000
10,4/17/2023,1.020000000000000
10,4/24/2023,0.987000000000000
10,5/1/2023,0.971000000000000
10,5/8/2023,0.947000000000000
10,5/15/2023,0.989000000000000
10,5/22/2023,1.006000000000000
10,5/29/2023,0.965000000000000
10,6/5/2023,1.000000000000000
10,6/12/2023,1.013000000000000
10,6/19/2023,1.016000000000000
10,6/26/2023,0.988000000000000
10,7/3/2023,0.977000000000000
10,7/10/2023,0.973000000000000
10,7/17/2023,1.055000000000000
10,7/24/2023,1.009000000000000
10,7/31/2023,0.995000000000000
10,8/7/2023,0.997000000000000
10,8/14/2023,1.017000000000000
10,8/21/2023,1.011000000000000
10,8/28/2023,0.997000000000000
10,9/4/2023,1.011000000000000
10,9/11/2023,1.001000000000000
10,9/18/2023,1.066000000000000
10,9/25/2023,1.062000000000000
10,10/2/2023,0.955000000000000
10,10/9/2023,0.968000000000000
10,10/16/2023,1.041000000000000
10,10/23/2023,0.997000000000000
10,10/30/2023,0.972000000000000
10,11/6/2023,0.977000000000000
10,11/13/2023,0.992000000000000
10,11/20/2023,1.031000000000000
10,11/27/2023,1.027000000000000
10,12/4/2023,1.027000000000000
10,12/11/2023,1.028000000000000
10,12/18/2023,1.096000000000000
10,12/25/2023,1.083000000000000
10,1/1/2024,0.832000000000000
10,1/8/2024,0.955000000000000
10,1/15/2024,1.021000000000000
10,1/22/2024,0.977000000000000
10,1/29/2024,1.009000000000000
10,2/5/2024,0.986000000000000
10,2/12/2024,1.002000000000000
10,2/19/2024,1.019000000000000
10,2/26/2024,0.992000000000000
10,3/4/2024,0.995000000000000
10,3/11/2024,0.988000000000000
10,3/18/2024,1.049000000000000
10,3/25/2024,1.009000000000000
10,4/1/2024,0.965000000000000
10,4/8/2024,0.954000000000000
10,4/15/2024,1.025000000000000
10,4/22/2024,0.975000000000000
10,4/29/2024,0.964000000000000
10,5/6/2024,0.953000000000000
10,5/13/2024,0.974000000000000
10,5/20/2024,1.015000000000000
10,5/27/2024,0.950000000000000
10,6/3/2024,1.001000000000000
10,6/10/2024,1.014000000000000
10,6/17/2024,1.003000000000000
10,6/24/2024,0.997000000000000
10,7/1/2024,0.988000000000000
10,7/8/2024,0.973000000000000
10,7/15/2024,1.051000000000000
10,7/22/2024,1.007000000000000
10,7/29/2024,0.990000000000000
10,8/5/2024,1.004000000000000
10,8/12/2024,0.997000000000000
10,8/19/2024,1.032000000000000
10,8/26/2024,1.005000000000000
10,9/2/2024,1.011000000000000
10,9/9/2024,0.989000000000000
10,9/16/2024,1.031000000000000
10,9/23/2024,1.031000000000000
10,9/30/2024,0.985000000000000
10,10/7/2024,0.968000000000000
10,10/14/2024,1.071000000000000
10,10/21/2024,1.001000000000000
10,10/28/2024,0.964000000000000
10,11/4/2024,0.993000000000000
10,11/11/2024,0.975000000000000
10,11/18/2024,1.039000000000000
10,11/25/2024,1.048000000000000
10,12/2/2024,1.028000000000000
10,12/9/2024,1.048000000000000
10,12/16/2024,1.097000000000000
10,12/23/2024,1.099000000000000
10,12/30/2024,0.828000000000000
11,3/1/2021,0.966000000000000
11,3/8/2021,0.980000000000000
11,3/15/2021,1.012000000000000
11,3/22/2021,1.018000000000000
11,3/29/2021,0.941000000000000
11,4/5/2021,0.940000000000000
11,4/12/2021,0.944000000000000
11,4/19/2021,1.034000000000000
11,4/26/2021,0.985000000000000
11,5/3/2021,0.977000000000000
11,5/10/2021,0.953000000000000
11,5/17/2021,0.992000000000000
11,5/24/2021,1.016000000000000
11,5/31/2021,0.991000000000000
11,6/7/2021,1.008000000000000
11,6/14/2021,1.049000000000000
11,6/21/2021,1.011000000000000
11,6/28/2021,0.971000000000000
11,7/5/2021,0.961000000000000
11,7/12/2021,0.973000000000000
11,7/19/2021,1.073000000000000
11,7/26/2021,1.005000000000000
11,8/2/2021,0.990000000000000
11,8/9/2021,0.987000000000000
11,8/16/2021,1.045000000000000
11,8/23/2021,1.011000000000000
11,8/30/2021,0.984000000000000
11,9/6/2021,1.021000000000000
11,9/13/2021,1.011000000000000
11,9/20/2021,1.109000000000000
11,9/27/2021,1.029000000000000
11,10/4/2021,0.946000000000000
11,10/11/2021,0.973000000000000
11,10/18/2021,0.990000000000000
11,10/25/2021,0.990000000000000
11,11/1/2021,0.984000000000000
11,11/8/2021,0.962000000000000
11,11/15/2021,1.032000000000000
11,11/22/2021,1.003000000000000
11,11/29/2021,0.995000000000000
11,12/6/2021,1.015000000000000
11,12/13/2021,1.006000000000000
11,12/20/2021,1.100000000000000
11,12/27/2021,0.989000000000000
11,1/3/2022,0.875000000000000
11,1/10/2022,0.969000000000000
11,1/17/2022,1.016000000000000
11,1/24/2022,1.039000000000000
11,1/31/2022,1.001000000000000
11,2/7/2022,1.020000000000000
11,2/14/2022,1.032000000000000
11,2/21/2022,1.052000000000000
11,2/28/2022,0.978000000000000
11,3/7/2022,0.988000000000000
11,3/14/2022,1.000000000000000
11,3/21/2022,1.020000000000000
11,3/28/2022,0.960000000000000
11,4/4/2022,0.947000000000000
11,4/11/2022,0.952000000000000
11,4/18/2022,1.024000000000000
11,4/25/2022,0.991000000000000
11,5/2/2022,0.975000000000000
11,5/9/2022,0.946000000000000
11,5/16/2022,0.997000000000000
11,5/23/2022,1.006000000000000
11,5/30/2022,0.978000000000000
11,6/6/2022,1.003000000000000
11,6/13/2022,1.026000000000000
11,6/20/2022,1.020000000000000
11,6/27/2022,0.979000000000000
11,7/4/2022,0.968000000000000
11,7/11/2022,0.974000000000000
11,7/18/2022,1.063000000000000
11,7/25/2022,1.008000000000000
11,8/1/2022,0.995000000000000
11,8/8/2022,0.992000000000000
11,8/15/2022,1.034000000000000
11,8/22/2022,1.004000000000000
11,8/29/2022,0.990000000000000
11,9/5/2022,1.015000000000000
11,9/12/2022,1.008000000000000
11,9/19/2022,1.092000000000000
11,9/26/2022,1.060000000000000
11,10/3/2022,0.942000000000000
11,10/10/2022,0.970000000000000
11,10/17/2022,1.014000000000000
11,10/24/2022,0.993000000000000
11,10/31/2022,0.980000000000000
11,11/7/2022,0.966000000000000
11,11/14/2022,1.010000000000000
11,11/21/2022,1.021000000000000
11,11/28/2022,1.009000000000000
11,12/5/2022,1.023000000000000
11,12/12/2022,1.014000000000000
11,12/19/2022,1.097000000000000
11,12/26/2022,1.048000000000000
11,1/2/2023,0.846000000000000
11,1/9/2023,0.962000000000000
11,1/16/2023,1.020000000000000
11,1/23/2023,1.005000000000000
11,1/30/2023,1.007000000000000
11,2/6/2023,1.004000000000000
11,2/13/2023,1.013000000000000
11,2/20/2023,1.037000000000000
11,2/27/2023,0.987000000000000
11,3/6/2023,0.994000000000000
11,3/13/2023,0.993000000000000
11,3/20/2023,1.030000000000000
11,3/27/2023,0.983000000000000
11,4/3/2023,0.956000000000000
11,4/10/2023,0.956000000000000
11,4/17/2023,1.020000000000000
11,4/24/2023,0.987000000000000
11,5/1/2023,0.971000000000000
11,5/8/2023,0.947000000000000
11,5/15/2023,0.989000000000000
11,5/22/2023,1.006000000000000
11,5/29/2023,0.965000000000000
11,6/5/2023,1.000000000000000
11,6/12/2023,1.013000000000000
11,6/19/2023,1.016000000000000
11,6/26/2023,0.988000000000000
11,7/3/2023,0.977000000000000
11,7/10/2023,0.973000000000000
11,7/17/2023,1.055000000000000
11,7/24/2023,1.009000000000000
11,7/31/2023,0.995000000000000
11,8/7/2023,0.997000000000000
11,8/14/2023,1.017000000000000
11,8/21/2023,1.011000000000000
11,8/28/2023,0.997000000000000
11,9/4/2023,1.011000000000000
11,9/11/2023,1.001000000000000
11,9/18/2023,1.066000000000000
11,9/25/2023,1.062000000000000
11,10/2/2023,0.955000000000000
11,10/9/2023,0.968000000000000
11,10/16/2023,1.041000000000000
11,10/23/2023,0.997000000000000
11,10/30/2023,0.972000000000000
11,11/6/2023,0.977000000000000
11,11/13/2023,0.992000000000000
11,11/20/2023,1.031000000000000
11,11/27/2023,1.027000000000000
11,12/4/2023,1.027000000000000
11,12/11/2023,1.028000000000000
11,12/18/2023,1.096000000000000
11,12/25/2023,1.083000000000000
11,1/1/2024,0.832000000000000
11,1/8/2024,0.955000000000000
11,1/15/2024,1.021000000000000
11,1/22/2024,0.977000000000000
11,1/29/2024,1.009000000000000
11,2/5/2024,0.986000000000000
11,2/12/2024,1.002000000000000
11,2/19/2024,1.019000000000000
11,2/26/2024,0.992000000000000
11,3/4/2024,0.995000000000000
11,3/11/2024,0.988000000000000
11,3/18/2024,1.049000000000000
11,3/25/2024,1.009000000000000
11,4/1/2024,0.965000000000000
11,4/8/2024,0.954000000000000
11,4/15/2024,1.025000000000000
11,4/22/2024,0.975000000000000
11,4/29/2024,0.964000000000000
11,5/6/2024,0.953000000000000
11,5/13/2024,0.974000000000000
11,5/20/2024,1.015000000000000
11,5/27/2024,0.950000000000000
11,6/3/2024,1.001000000000000
11,6/10/2024,1.014000000000000
11,6/17/2024,1.003000000000000
11,6/24/2024,0.997000000000000
11,7/1/2024,0.988000000000000
11,7/8/2024,0.973000000000000
11,7/15/2024,1.051000000000000
11,7/22/2024,1.007000000000000
11,7/29/2024,0.990000000000000
11,8/5/2024,1.004000000000000
11,8/12/2024,0.997000000000000
11,8/19/2024,1.032000000000000
11,8/26/2024,1.005000000000000
11,9/2/2024,1.011000000000000
11,9/9/2024,0.989000000000000
11,9/16/2024,1.031000000000000
11,9/23/2024,1.031000000000000
11,9/30/2024,0.985000000000000
11,10/7/2024,0.968000000000000
11,10/14/2024,1.071000000000000
11,10/21/2024,1.001000000000000
11,10/28/2024,0.964000000000000
11,11/4/2024,0.993000000000000
11,11/11/2024,0.975000000000000
11,11/18/2024,1.039000000000000
11,11/25/2024,1.048000000000000
11,12/2/2024,1.028000000000000
11,12/9/2024,1.048000000000000
11,12/16/2024,1.097000000000000
11,12/23/2024,1.099000000000000
11,12/30/2024,0.828000000000000
12,3/1/2021,0.966000000000000
12,3/8/2021,0.980000000000000
12,3/15/2021,1.012000000000000
12,3/22/2021,1.018000000000000
12,3/29/2021,0.941000000000000
12,4/5/2021,0.940000000000000
12,4/12/2021,0.944000000000000
12,4/19/2021,1.034000000000000
12,4/26/2021,0.985000000000000
12,5/3/2021,0.977000000000000
12,5/10/2021,0.953000000000000
12,5/17/2021,0.992000000000000
12,5/24/2021,1.016000000000000
12,5/31/2021,0.991000000000000
12,6/7/2021,1.008000000000000
12,6/14/2021,1.049000000000000
12,6/21/2021,1.011000000000000
12,6/28/2021,0.971000000000000
12,7/5/2021,0.961000000000000
12,7/12/2021,0.973000000000000
12,7/19/2021,1.073000000000000
12,7/26/2021,1.005000000000000
12,8/2/2021,0.990000000000000
12,8/9/2021,0.987000000000000
12,8/16/2021,1.045000000000000
12,8/23/2021,1.011000000000000
12,8/30/2021,0.984000000000000
12,9/6/2021,1.021000000000000
12,9/13/2021,1.011000000000000
12,9/20/2021,1.109000000000000
12,9/27/2021,1.029000000000000
12,10/4/2021,0.946000000000000
12,10/11/2021,0.973000000000000
12,10/18/2021,0.990000000000000
12,10/25/2021,0.990000000000000
12,11/1/2021,0.984000000000000
12,11/8/2021,0.962000000000000
12,11/15/2021,1.032000000000000
12,11/22/2021,1.003000000000000
12,11/29/2021,0.995000000000000
12,12/6/2021,1.015000000000000
12,12/13/2021,1.006000000000000
12,12/20/2021,1.100000000000000
12,12/27/2021,0.989000000000000
12,1/3/2022,0.875000000000000
12,1/10/2022,0.969000000000000
12,1/17/2022,1.016000000000000
12,1/24/2022,1.039000000000000
12,1/31/2022,1.001000000000000
12,2/7/2022,1.020000000000000
12,2/14/2022,1.032000000000000
12,2/21/2022,1.052000000000000
12,2/28/2022,0.978000000000000
12,3/7/2022,0.988000000000000
12,3/14/2022,1.000000000000000
12,3/21/2022,1.020000000000000
12,3/28/2022,0.960000000000000
12,4/4/2022,0.947000000000000
12,4/11/2022,0.952000000000000
12,4/18/2022,1.024000000000000
12,4/25/2022,0.991000000000000
12,5/2/2022,0.975000000000000
12,5/9/2022,0.946000000000000
12,5/16/2022,0.997000000000000
12,5/23/2022,1.006000000000000
12,5/30/2022,0.978000000000000
12,6/6/2022,1.003000000000000
12,6/13/2022,1.026000000000000
12,6/20/2022,1.020000000000000
12,6/27/2022,0.979000000000000
12,7/4/2022,0.968000000000000
12,7/11/2022,0.974000000000000
12,7/18/2022,1.063000000000000
12,7/25/2022,1.008000000000000
12,8/1/2022,0.995000000000000
12,8/8/2022,0.992000000000000
12,8/15/2022,1.034000000000000
12,8/22/2022,1.004000000000000
12,8/29/2022,0.990000000000000
12,9/5/2022,1.015000000000000
12,9/12/2022,1.008000000000000
12,9/19/2022,1.092000000000000
12,9/26/2022,1.060000000000000
12,10/3/2022,0.942000000000000
12,10/10/2022,0.970000000000000
12,10/17/2022,1.014000000000000
12,10/24/2022,0.993000000000000
12,10/31/2022,0.980000000000000
12,11/7/2022,0.966000000000000
12,11/14/2022,1.010000000000000
12,11/21/2022,1.021000000000000
12,11/28/2022,1.009000000000000
12,12/5/2022,1.023000000000000
12,12/12/2022,1.014000000000000
12,12/19/2022,1.097000000000000
12,12/26/2022,1.048000000000000
12,1/2/2023,0.846000000000000
12,1/9/2023,0.962000000000000
12,1/16/2023,1.020000000000000
12,1/23/2023,1.005000000000000
12,1/30/2023,1.007000000000000
12,2/6/2023,1.004000000000000
12,2/13/2023,1.013000000000000
12,2/20/2023,1.037000000000000
12,2/27/2023,0.987000000000000
12,3/6/2023,0.994000000000000
12,3/13/2023,0.993000000000000
12,3/20/2023,1.030000000000000
12,3/27/2023,0.983000000000000
12,4/3/2023,0.956000000000000
12,4/10/2023,0.956000000000000
12,4/17/2023,1.020000000000000
12,4/24/2023,0.987000000000000
12,5/1/2023,0.971000000000000
12,5/8/2023,0.947000000000000
12,5/15/2023,0.989000000000000
12,5/22/2023,1.006000000000000
12,5/29/2023,0.965000000000000
12,6/5/2023,1.000000000000000
12,6/12/2023,1.013000000000000
12,6/19/2023,1.016000000000000
12,6/26/2023,0.988000000000000
12,7/3/2023,0.977000000000000
12,7/10/2023,0.973000000000000
12,7/17/2023,1.055000000000000
12,7/24/2023,1.009000000000000
12,7/31/2023,0.995000000000000
12,8/7/2023,0.997000000000000
12,8/14/2023,1.017000000000000
12,8/21/2023,1.011000000000000
12,8/28/2023,0.997000000000000
12,9/4/2023,1.011000000000000
12,9/11/2023,1.001000000000000
12,9/18/2023,1.066000000000000
12,9/25/2023,1.062000000000000
12,10/2/2023,0.955000000000000
12,10/9/2023,0.968000000000000
12,10/16/2023,1.041000000000000
12,10/23/2023,0.997000000000000
12,10/30/2023,0.972000000000000
12,11/6/2023,0.977000000000000
12,11/13/2023,0.992000000000000
12,11/20/2023,1.031000000000000
12,11/27/2023,1.027000000000000
12,12/4/2023,1.027000000000000
12,12/11/2023,1.028000000000000
12,12/18/2023,1.096000000000000
12,12/25/2023,1.083000000000000
12,1/1/2024,0.832000000000000
12,1/8/2024,0.955000000000000
12,1/15/2024,1.021000000000000
12,1/22/2024,0.977000000000000
12,1/29/2024,1.009000000000000
12,2/5/2024,0.986000000000000
12,2/12/2024,1.002000000000000
12,2/19/2024,1.019000000000000
12,2/26/2024,0.992000000000000
12,3/4/2024,0.995000000000000
12,3/11/2024,0.988000000000000
12,3/18/2024,1.049000000000000
12,3/25/2024,1.009000000000000
12,4/1/2024,0.965000000000000
12,4/8/2024,0.954000000000000
12,4/15/2024,1.025000000000000
12,4/22/2024,0.975000000000000
12,4/29/2024,0.964000000000000
12,5/6/2024,0.953000000000000
12,5/13/2024,0.974000000000000
12,5/20/2024,1.015000000000000
12,5/27/2024,0.950000000000000
12,6/3/2024,1.001000000000000
12,6/10/2024,1.014000000000000
12,6/17/2024,1.003000000000000
12,6/24/2024,0.997000000000000
12,7/1/2024,0.988000000000000
12,7/8/2024,0.973000000000000
12,7/15/2024,1.051000000000000
12,7/22/2024,1.007000000000000
12,7/29/2024,0.990000000000000
12,8/5/2024,1.004000000000000
12,8/12/2024,0.997000000000000
12,8/19/2024,1.032000000000000
12,8/26/2024,1.005000000000000
12,9/2/2024,1.011000000000000
12,9/9/2024,0.989000000000000
12,9/16/2024,1.031000000000000
12,9/23/2024,1.031000000000000
12,9/30/2024,0.985000000000000
12,10/7/2024,0.968000000000000
12,10/14/2024,1.071000000000000
12,10/21/2024,1.001000000000000
12,10/28/2024,0.964000000000000
12,11/4/2024,0.993000000000000
12,11/11/2024,0.975000000000000
12,11/18/2024,1.039000000000000
12,11/25/2024,1.048000000000000
12,12/2/2024,1.028000000000000
12,12/9/2024,1.048000000000000
12,12/16/2024,1.097000000000000
12,12/23/2024,1.099000000000000
12,12/30/2024,0.828000000000000
13,3/1/2021,0.966000000000000
13,3/8/2021,0.980000000000000
13,3/15/2021,1.012000000000000
13,3/22/2021,1.018000000000000
13,3/29/2021,0.941000000000000
13,4/5/2021,0.940000000000000
13,4/12/2021,0.944000000000000
13,4/19/2021,1.034000000000000
13,4/26/2021,0.985000000000000
13,5/3/2021,0.977000000000000
13,5/10/2021,0.953000000000000
13,5/17/2021,0.992000000000000
13,5/24/2021,1.016000000000000
13,5/31/2021,0.991000000000000
13,6/7/2021,1.008000000000000
13,6/14/2021,1.049000000000000
13,6/21/2021,1.011000000000000
13,6/28/2021,0.971000000000000
13,7/5/2021,0.961000000000000
13,7/12/2021,0.973000000000000
13,7/19/2021,1.073000000000000
13,7/26/2021,1.005000000000000
13,8/2/2021,0.990000000000000
13,8/9/2021,0.987000000000000
13,8/16/2021,1.045000000000000
13,8/23/2021,1.011000000000000
13,8/30/2021,0.984000000000000
13,9/6/2021,1.021000000000000
13,9/13/2021,1.011000000000000
13,9/20/2021,1.109000000000000
13,9/27/2021,1.029000000000000
13,10/4/2021,0.946000000000000
13,10/11/2021,0.973000000000000
13,10/18/2021,0.990000000000000
13,10/25/2021,0.990000000000000
13,11/1/2021,0.984000000000000
13,11/8/2021,0.962000000000000
13,11/15/2021,1.032000000000000
13,11/22/2021,1.003000000000000
13,11/29/2021,0.995000000000000
13,12/6/2021,1.015000000000000
13,12/13/2021,1.006000000000000
13,12/20/2021,1.100000000000000
13,12/27/2021,0.989000000000000
13,1/3/2022,0.875000000000000
13,1/10/2022,0.969000000000000
13,1/17/2022,1.016000000000000
13,1/24/2022,1.039000000000000
13,1/31/2022,1.001000000000000
13,2/7/2022,1.020000000000000
13,2/14/2022,1.032000000000000
13,2/21/2022,1.052000000000000
13,2/28/2022,0.978000000000000
13,3/7/2022,0.988000000000000
13,3/14/2022,1.000000000000000
13,3/21/2022,1.020000000000000
13,3/28/2022,0.960000000000000
13,4/4/2022,0.947000000000000
13,4/11/2022,0.952000000000000
13,4/18/2022,1.024000000000000
13,4/25/2022,0.991000000000000
13,5/2/2022,0.975000000000000
13,5/9/2022,0.946000000000000
13,5/16/2022,0.997000000000000
13,5/23/2022,1.006000000000000
13,5/30/2022,0.978000000000000
13,6/6/2022,1.003000000000000
13,6/13/2022,1.026000000000000
13,6/20/2022,1.020000000000000
13,6/27/2022,0.979000000000000
13,7/4/2022,0.968000000000000
13,7/11/2022,0.974000000000000
13,7/18/2022,1.063000000000000
13,7/25/2022,1.008000000000000
13,8/1/2022,0.995000000000000
13,8/8/2022,0.992000000000000
13,8/15/2022,1.034000000000000
13,8/22/2022,1.004000000000000
13,8/29/2022,0.990000000000000
13,9/5/2022,1.015000000000000
13,9/12/2022,1.008000000000000
13,9/19/2022,1.092000000000000
13,9/26/2022,1.060000000000000
13,10/3/2022,0.942000000000000
13,10/10/2022,0.970000000000000
13,10/17/2022,1.014000000000000
13,10/24/2022,0.993000000000000
13,10/31/2022,0.980000000000000
13,11/7/2022,0.966000000000000
13,11/14/2022,1.010000000000000
13,11/21/2022,1.021000000000000
13,11/28/2022,1.009000000000000
13,12/5/2022,1.023000000000000
13,12/12/2022,1.014000000000000
13,12/19/2022,1.097000000000000
13,12/26/2022,1.048000000000000
13,1/2/2023,0.846000000000000
13,1/9/2023,0.962000000000000
13,1/16/2023,1.020000000000000
13,1/23/2023,1.005000000000000
13,1/30/2023,1.007000000000000
13,2/6/2023,1.004000000000000
13,2/13/2023,1.013000000000000
13,2/20/2023,1.037000000000000
13,2/27/2023,0.987000000000000
13,3/6/2023,0.994000000000000
13,3/13/2023,0.993000000000000
13,3/20/2023,1.030000000000000
13,3/27/2023,0.983000000000000
13,4/3/2023,0.956000000000000
13,4/10/2023,0.956000000000000
13,4/17/2023,1.020000000000000
13,4/24/2023,0.987000000000000
13,5/1/2023,0.971000000000000
13,5/8/2023,0.947000000000000
13,5/15/2023,0.989000000000000
13,5/22/2023,1.006000000000000
13,5/29/2023,0.965000000000000
13,6/5/2023,1.000000000000000
13,6/12/2023,1.013000000000000
13,6/19/2023,1.016000000000000
13,6/26/2023,0.988000000000000
13,7/3/2023,0.977000000000000
13,7/10/2023,0.973000000000000
13,7/17/2023,1.055000000000000
13,7/24/2023,1.009000000000000
13,7/31/2023,0.995000000000000
13,8/7/2023,0.997000000000000
13,8/14/2023,1.017000000000000
13,8/21/2023,1.011000000000000
13,8/28/2023,0.997000000000000
13,9/4/2023,1.011000000000000
13,9/11/2023,1.001000000000000
13,9/18/2023,1.066000000000000
13,9/25/2023,1.062000000000000
13,10/2/2023,0.955000000000000
13,10/9/2023,0.968000000000000
13,10/16/2023,1.041000000000000
13,10/23/2023,0.997000000000000
13,10/30/2023,0.972000000000000
13,11/6/2023,0.977000000000000
13,11/13/2023,0.992000000000000
13,11/20/2023,1.031000000000000
13,11/27/2023,1.027000000000000
13,12/4/2023,1.027000000000000
13,12/11/2023,1.028000000000000
13,12/18/2023,1.096000000000000
13,12/25/2023,1.083000000000000
13,1/1/2024,0.832000000000000
13,1/8/2024,0.955000000000000
13,1/15/2024,1.021000000000000
13,1/22/2024,0.977000000000000
13,1/29/2024,1.009000000000000
13,2/5/2024,0.986000000000000
13,2/12/2024,1.002000000000000
13,2/19/2024,1.019000000000000
13,2/26/2024,0.992000000000000
13,3/4/2024,0.995000000000000
13,3/11/2024,0.988000000000000
13,3/18/2024,1.049000000000000
13,3/25/2024,1.009000000000000
13,4/1/2024,0.965000000000000
13,4/8/2024,0.954000000000000
13,4/15/2024,1.025000000000000
13,4/22/2024,0.975000000000000
13,4/29/2024,0.964000000000000
13,5/6/2024,0.953000000000000
13,5/13/2024,0.974000000000000
13,5/20/2024,1.015000000000000
13,5/27/2024,0.950000000000000
13,6/3/2024,1.001000000000000
13,6/10/2024,1.014000000000000
13,6/17/2024,1.003000000000000
13,6/24/2024,0.997000000000000
13,7/1/2024,0.988000000000000
13,7/8/2024,0.973000000000000
13,7/15/2024,1.051000000000000
13,7/22/2024,1.007000000000000
13,7/29/2024,0.990000000000000
13,8/5/2024,1.004000000000000
13,8/12/2024,0.997000000000000
13,8/19/2024,1.032000000000000
13,8/26/2024,1.005000000000000
13,9/2/2024,1.011000000000000
13,9/9/2024,0.989000000000000
13,9/16/2024,1.031000000000000
13,9/23/2024,1.031000000000000
13,9/30/2024,0.985000000000000
13,10/7/2024,0.968000000000000
13,10/14/2024,1.071000000000000
13,10/21/2024,1.001000000000000
13,10/28/2024,0.964000000000000
13,11/4/2024,0.993000000000000
13,11/11/2024,0.975000000000000
13,11/18/2024,1.039000000000000
13,11/25/2024,1.048000000000000
13,12/2/2024,1.028000000000000
13,12/9/2024,1.048000000000000
13,12/16/2024,1.097000000000000
13,12/23/2024,1.099000000000000
13,12/30/2024,0.828000000000000
14,3/1/2021,0.966000000000000
14,3/8/2021,0.980000000000000
14,3/15/2021,1.012000000000000
14,3/22/2021,1.018000000000000
14,3/29/2021,0.941000000000000
14,4/5/2021,0.940000000000000
14,4/12/2021,0.944000000000000
14,4/19/2021,1.034000000000000
14,4/26/2021,0.985000000000000
14,5/3/2021,0.977000000000000
14,5/10/2021,0.953000000000000
14,5/17/2021,0.992000000000000
14,5/24/2021,1.016000000000000
14,5/31/2021,0.991000000000000
14,6/7/2021,1.008000000000000
14,6/14/2021,1.049000000000000
14,6/21/2021,1.011000000000000
14,6/28/2021,0.971000000000000
14,7/5/2021,0.961000000000000
14,7/12/2021,0.973000000000000
14,7/19/2021,1.073000000000000
14,7/26/2021,1.005000000000000
14,8/2/2021,0.990000000000000
14,8/9/2021,0.987000000000000
14,8/16/2021,1.045000000000000
14,8/23/2021,1.011000000000000
14,8/30/2021,0.984000000000000
14,9/6/2021,1.021000000000000
14,9/13/2021,1.011000000000000
14,9/20/2021,1.109000000000000
14,9/27/2021,1.029000000000000
14,10/4/2021,0.946000000000000
14,10/11/2021,0.973000000000000
14,10/18/2021,0.990000000000000
14,10/25/2021,0.990000000000000
14,11/1/2021,0.984000000000000
14,11/8/2021,0.962000000000000
14,11/15/2021,1.032000000000000
14,11/22/2021,1.003000000000000
14,11/29/2021,0.995000000000000
14,12/6/2021,1.015000000000000
14,12/13/2021,1.006000000000000
14,12/20/2021,1.100000000000000
14,12/27/2021,0.989000000000000
14,1/3/2022,0.875000000000000
14,1/10/2022,0.969000000000000
14,1/17/2022,1.016000000000000
14,1/24/2022,1.039000000000000
14,1/31/2022,1.001000000000000
14,2/7/2022,1.020000000000000
14,2/14/2022,1.032000000000000
14,2/21/2022,1.052000000000000
14,2/28/2022,0.978000000000000
14,3/7/2022,0.988000000000000
14,3/14/2022,1.000000000000000
14,3/21/2022,1.020000000000000
14,3/28/2022,0.960000000000000
14,4/4/2022,0.947000000000000
14,4/11/2022,0.952000000000000
14,4/18/2022,1.024000000000000
14,4/25/2022,0.991000000000000
14,5/2/2022,0.975000000000000
14,5/9/2022,0.946000000000000
14,5/16/2022,0.997000000000000
14,5/23/2022,1.006000000000000
14,5/30/2022,0.978000000000000
14,6/6/2022,1.003000000000000
14,6/13/2022,1.026000000000000
14,6/20/2022,1.020000000000000
14,6/27/2022,0.979000000000000
14,7/4/2022,0.968000000000000
14,7/11/2022,0.974000000000000
14,7/18/2022,1.063000000000000
14,7/25/2022,1.008000000000000
14,8/1/2022,0.995000000000000
14,8/8/2022,0.992000000000000
14,8/15/2022,1.034000000000000
14,8/22/2022,1.004000000000000
14,8/29/2022,0.990000000000000
14,9/5/2022,1.015000000000000
14,9/12/2022,1.008000000000000
14,9/19/2022,1.092000000000000
14,9/26/2022,1.060000000000000
14,10/3/2022,0.942000000000000
14,10/10/2022,0.970000000000000
14,10/17/2022,1.014000000000000
14,10/24/2022,0.993000000000000
14,10/31/2022,0.980000000000000
14,11/7/2022,0.966000000000000
14,11/14/2022,1.010000000000000
14,11/21/2022,1.021000000000000
14,11/28/2022,1.009000000000000
14,12/5/2022,1.023000000000000
14,12/12/2022,1.014000000000000
14,12/19/2022,1.097000000000000
14,12/26/2022,1.048000000000000
14,1/2/2023,0.846000000000000
14,1/9/2023,0.962000000000000
14,1/16/2023,1.020000000000000
14,1/23/2023,1.005000000000000
14,1/30/2023,1.007000000000000
14,2/6/2023,1.004000000000000
14,2/13/2023,1.013000000000000
14,2/20/2023,1.037000000000000
14,2/27/2023,0.987000000000000
14,3/6/2023,0.994000000000000
14,3/13/2023,0.993000000000000
14,3/20/2023,1.030000000000000
14,3/27/2023,0.983000000000000
14,4/3/2023,0.956000000000000
14,4/10/2023,0.956000000000000
14,4/17/2023,1.020000000000000
14,4/24/2023,0.987000000000000
14,5/1/2023,0.971000000000000
14,5/8/2023,0.947000000000000
14,5/15/2023,0.989000000000000
14,5/22/2023,1.006000000000000
14,5/29/2023,0.965000000000000
14,6/5/2023,1.000000000000000
14,6/12/2023,1.013000000000000
14,6/19/2023,1.016000000000000
14,6/26/2023,0.988000000000000
14,7/3/2023,0.977000000000000
14,7/10/2023,0.973000000000000
14,7/17/2023,1.055000000000000
14,7/24/2023,1.009000000000000
14,7/31/2023,0.995000000000000
14,8/7/2023,0.997000000000000
14,8/14/2023,1.017000000000000
14,8/21/2023,1.011000000000000
14,8/28/2023,0.997000000000000
14,9/4/2023,1.011000000000000
14,9/11/2023,1.001000000000000
14,9/18/2023,1.066000000000000
14,9/25/2023,1.062000000000000
14,10/2/2023,0.955000000000000
14,10/9/2023,0.968000000000000
14,10/16/2023,1.041000000000000
14,10/23/2023,0.997000000000000
14,10/30/2023,0.972000000000000
14,11/6/2023,0.977000000000000
14,11/13/2023,0.992000000000000
14,11/20/2023,1.031000000000000
14,11/27/2023,1.027000000000000
14,12/4/2023,1.027000000000000
14,12/11/2023,1.028000000000000
14,12/18/2023,1.096000000000000
14,12/25/2023,1.083000000000000
14,1/1/2024,0.832000000000000
14,1/8/2024,0.955000000000000
14,1/15/2024,1.021000000000000
14,1/22/2024,0.977000000000000
14,1/29/2024,1.009000000000000
14,2/5/2024,0.986000000000000
14,2/12/2024,1.002000000000000
14,2/19/2024,1.019000000000000
14,2/26/2024,0.992000000000000
14,3/4/2024,0.995000000000000
14,3/11/2024,0.988000000000000
14,3/18/2024,1.049000000000000
14,3/25/2024,1.009000000000000
14,4/1/2024,0.965000000000000
14,4/8/2024,0.954000000000000
14,4/15/2024,1.025000000000000
14,4/22/2024,0.975000000000000
14,4/29/2024,0.964000000000000
14,5/6/2024,0.953000000000000
14,5/13/2024,0.974000000000000
14,5/20/2024,1.015000000000000
14,5/27/2024,0.950000000000000
14,6/3/2024,1.001000000000000
14,6/10/2024,1.014000000000000
14,6/17/2024,1.003000000000000
14,6/24/2024,0.997000000000000
14,7/1/2024,0.988000000000000
14,7/8/2024,0.973000000000000
14,7/15/2024,1.051000000000000
14,7/22/2024,1.007000000000000
14,7/29/2024,0.990000000000000
14,8/5/2024,1.004000000000000
14,8/12/2024,0.997000000000000
14,8/19/2024,1.032000000000000
14,8/26/2024,1.005000000000000
14,9/2/2024,1.011000000000000
14,9/9/2024,0.989000000000000
14,9/16/2024,1.031000000000000
14,9/23/2024,1.031000000000000
14,9/30/2024,0.985000000000000
14,10/7/2024,0.968000000000000
14,10/14/2024,1.071000000000000
14,10/21/2024,1.001000000000000
14,10/28/2024,0.964000000000000
14,11/4/2024,0.993000000000000
14,11/11/2024,0.975000000000000
14,11/18/2024,1.039000000000000
14,11/25/2024,1.048000000000000
14,12/2/2024,1.028000000000000
14,12/9/2024,1.048000000000000
14,12/16/2024,1.097000000000000
14,12/23/2024,1.099000000000000
14,12/30/2024,0.828000000000000
15,3/1/2021,0.966000000000000
15,3/8/2021,0.980000000000000
15,3/15/2021,1.012000000000000
15,3/22/2021,1.018000000000000
15,3/29/2021,0.941000000000000
15,4/5/2021,0.940000000000000
15,4/12/2021,0.944000000000000
15,4/19/2021,1.034000000000000
15,4/26/2021,0.985000000000000
15,5/3/2021,0.977000000000000
15,5/10/2021,0.953000000000000
15,5/17/2021,0.992000000000000
15,5/24/2021,1.016000000000000
15,5/31/2021,0.991000000000000
15,6/7/2021,1.008000000000000
15,6/14/2021,1.049000000000000
15,6/21/2021,1.011000000000000
15,6/28/2021,0.971000000000000
15,7/5/2021,0.961000000000000
15,7/12/2021,0.973000000000000
15,7/19/2021,1.073000000000000
15,7/26/2021,1.005000000000000
15,8/2/2021,0.990000000000000
15,8/9/2021,0.987000000000000
15,8/16/2021,1.045000000000000
15,8/23/2021,1.011000000000000
15,8/30/2021,0.984000000000000
15,9/6/2021,1.021000000000000
15,9/13/2021,1.011000000000000
15,9/20/2021,1.109000000000000
15,9/27/2021,1.029000000000000
15,10/4/2021,0.946000000000000
15,10/11/2021,0.973000000000000
15,10/18/2021,0.990000000000000
15,10/25/2021,0.990000000000000
15,11/1/2021,0.984000000000000
15,11/8/2021,0.962000000000000
15,11/15/2021,1.032000000000000
15,11/22/2021,1.003000000000000
15,11/29/2021,0.995000000000000
15,12/6/2021,1.015000000000000
15,12/13/2021,1.006000000000000
15,12/20/2021,1.100000000000000
15,12/27/2021,0.989000000000000
15,1/3/2022,0.875000000000000
15,1/10/2022,0.969000000000000
15,1/17/2022,1.016000000000000
15,1/24/2022,1.039000000000000
15,1/31/2022,1.001000000000000
15,2/7/2022,1.020000000000000
15,2/14/2022,1.032000000000000
15,2/21/2022,1.052000000000000
15,2/28/2022,0.978000000000000
15,3/7/2022,0.988000000000000
15,3/14/2022,1.000000000000000
15,3/21/2022,1.020000000000000
15,3/28/2022,0.960000000000000
15,4/4/2022,0.947000000000000
15,4/11/2022,0.952000000000000
15,4/18/2022,1.024000000000000
15,4/25/2022,0.991000000000000
15,5/2/2022,0.975000000000000
15,5/9/2022,0.946000000000000
15,5/16/2022,0.997000000000000
15,5/23/2022,1.006000000000000
15,5/30/2022,0.978000000000000
15,6/6/2022,1.003000000000000
15,6/13/2022,1.026000000000000
15,6/20/2022,1.020000000000000
15,6/27/2022,0.979000000000000
15,7/4/2022,0.968000000000000
15,7/11/2022,0.974000000000000
15,7/18/2022,1.063000000000000
15,7/25/2022,1.008000000000000
15,8/1/2022,0.995000000000000
15,8/8/2022,0.992000000000000
15,8/15/2022,1.034000000000000
15,8/22/2022,1.004000000000000
15,8/29/2022,0.990000000000000
15,9/5/2022,1.015000000000000
15,9/12/2022,1.008000000000000
15,9/19/2022,1.092000000000000
15,9/26/2022,1.060000000000000
15,10/3/2022,0.942000000000000
15,10/10/2022,0.970000000000000
15,10/17/2022,1.014000000000000
15,10/24/2022,0.993000000000000
15,10/31/2022,0.980000000000000
15,11/7/2022,0.966000000000000
15,11/14/2022,1.010000000000000
15,11/21/2022,1.021000000000000
15,11/28/2022,1.009000000000000
15,12/5/2022,1.023000000000000
15,12/12/2022,1.014000000000000
15,12/19/2022,1.097000000000000
15,12/26/2022,1.048000000000000
15,1/2/2023,0.846000000000000
15,1/9/2023,0.962000000000000
15,1/16/2023,1.020000000000000
15,1/23/2023,1.005000000000000
15,1/30/2023,1.007000000000000
15,2/6/2023,1.004000000000000
15,2/13/2023,1.013000000000000
15,2/20/2023,1.037000000000000
15,2/27/2023,0.987000000000000
15,3/6/2023,0.994000000000000
15,3/13/2023,0.993000000000000
15,3/20/2023,1.030000000000000
15,3/27/2023,0.983000000000000
15,4/3/2023,0.956000000000000
15,4/10/2023,0.956000000000000
15,4/17/2023,1.020000000000000
15,4/24/2023,0.987000000000000
15,5/1/2023,0.971000000000000
15,5/8/2023,0.947000000000000
15,5/15/2023,0.989000000000000
15,5/22/2023,1.006000000000000
15,5/29/2023,0.965000000000000
15,6/5/2023,1.000000000000000
15,6/12/2023,1.013000000000000
15,6/19/2023,1.016000000000000
15,6/26/2023,0.988000000000000
15,7/3/2023,0.977000000000000
15,7/10/2023,0.973000000000000
15,7/17/2023,1.055000000000000
15,7/24/2023,1.009000000000000
15,7/31/2023,0.995000000000000
15,8/7/2023,0.997000000000000
15,8/14/2023,1.017000000000000
15,8/21/2023,1.011000000000000
15,8/28/2023,0.997000000000000
15,9/4/2023,1.011000000000000
15,9/11/2023,1.001000000000000
15,9/18/2023,1.066000000000000
15,9/25/2023,1.062000000000000
15,10/2/2023,0.955000000000000
15,10/9/2023,0.968000000000000
15,10/16/2023,1.041000000000000
15,10/23/2023,0.997000000000000
15,10/30/2023,0.972000000000000
15,11/6/2023,0.977000000000000
15,11/13/2023,0.992000000000000
15,11/20/2023,1.031000000000000
15,11/27/2023,1.027000000000000
15,12/4/2023,1.027000000000000
15,12/11/2023,1.028000000000000
15,12/18/2023,1.096000000000000
15,12/25/2023,1.083000000000000
15,1/1/2024,0.832000000000000
15,1/8/2024,0.955000000000000
15,1/15/2024,1.021000000000000
15,1/22/2024,0.977000000000000
15,1/29/2024,1.009000000000000
15,2/5/2024,0.986000000000000
15,2/12/2024,1.002000000000000
15,2/19/2024,1.019000000000000
15,2/26/2024,0.992000000000000
15,3/4/2024,0.995000000000000
15,3/11/2024,0.988000000000000
15,3/18/2024,1.049000000000000
15,3/25/2024,1.009000000000000
15,4/1/2024,0.965000000000000
15,4/8/2024,0.954000000000000
15,4/15/2024,1.025000000000000
15,4/22/2024,0.975000000000000
15,4/29/2024,0.964000000000000
15,5/6/2024,0.953000000000000
15,5/13/2024,0.974000000000000
15,5/20/2024,1.015000000000000
15,5/27/2024,0.950000000000000
15,6/3/2024,1.001000000000000
15,6/10/2024,1.014000000000000
15,6/17/2024,1.003000000000000
15,6/24/2024,0.997000000000000
15,7/1/2024,0.988000000000000
15,7/8/2024,0.973000000000000
15,7/15/2024,1.051000000000000
15,7/22/2024,1.007000000000000
15,7/29/2024,0.990000000000000
15,8/5/2024,1.004000000000000
15,8/12/2024,0.997000000000000
15,8/19/2024,1.032000000000000
15,8/26/2024,1.005000000000000
15,9/2/2024,1.011000000000000
15,9/9/2024,0.989000000000000
15,9/16/2024,1.031000000000000
15,9/23/2024,1.031000000000000
15,9/30/2024,0.985000000000000
15,10/7/2024,0.968000000000000
15,10/14/2024,1.071000000000000
15,10/21/2024,1.001000000000000
15,10/28/2024,0.964000000000000
15,11/4/2024,0.993000000000000
15,11/11/2024,0.975000000000000
15,11/18/2024,1.039000000000000
15,11/25/2024,1.048000000000000
15,12/2/2024,1.028000000000000
15,12/9/2024,1.048000000000000
15,12/16/2024,1.097000000000000
15,12/23/2024,1.099000000000000
15,12/30/2024,0.828000000000000
16,3/1/2021,0.966000000000000
16,3/8/2021,0.980000000000000
16,3/15/2021,1.012000000000000
16,3/22/2021,1.018000000000000
16,3/29/2021,0.941000000000000
16,4/5/2021,0.940000000000000
16,4/12/2021,0.944000000000000
16,4/19/2021,1.034000000000000
16,4/26/2021,0.985000000000000
16,5/3/2021,0.977000000000000
16,5/10/2021,0.953000000000000
16,5/17/2021,0.992000000000000
16,5/24/2021,1.016000000000000
16,5/31/2021,0.991000000000000
16,6/7/2021,1.008000000000000
16,6/14/2021,1.049000000000000
16,6/21/2021,1.011000000000000
16,6/28/2021,0.971000000000000
16,7/5/2021,0.961000000000000
16,7/12/2021,0.973000000000000
16,7/19/2021,1.073000000000000
16,7/26/2021,1.005000000000000
16,8/2/2021,0.990000000000000
16,8/9/2021,0.987000000000000
16,8/16/2021,1.045000000000000
16,8/23/2021,1.011000000000000
16,8/30/2021,0.984000000000000
16,9/6/2021,1.021000000000000
16,9/13/2021,1.011000000000000
16,9/20/2021,1.109000000000000
16,9/27/2021,1.029000000000000
16,10/4/2021,0.946000000000000
16,10/11/2021,0.973000000000000
16,10/18/2021,0.990000000000000
16,10/25/2021,0.990000000000000
16,11/1/2021,0.984000000000000
16,11/8/2021,0.962000000000000
16,11/15/2021,1.032000000000000
16,11/22/2021,1.003000000000000
16,11/29/2021,0.995000000000000
16,12/6/2021,1.015000000000000
16,12/13/2021,1.006000000000000
16,12/20/2021,1.100000000000000
16,12/27/2021,0.989000000000000
16,1/3/2022,0.875000000000000
16,1/10/2022,0.969000000000000
16,1/17/2022,1.016000000000000
16,1/24/2022,1.039000000000000
16,1/31/2022,1.001000000000000
16,2/7/2022,1.020000000000000
16,2/14/2022,1.032000000000000
16,2/21/2022,1.052000000000000
16,2/28/2022,0.978000000000000
16,3/7/2022,0.988000000000000
16,3/14/2022,1.000000000000000
16,3/21/2022,1.020000000000000
16,3/28/2022,0.960000000000000
16,4/4/2022,0.947000000000000
16,4/11/2022,0.952000000000000
16,4/18/2022,1.024000000000000
16,4/25/2022,0.991000000000000
16,5/2/2022,0.975000000000000
16,5/9/2022,0.946000000000000
16,5/16/2022,0.997000000000000
16,5/23/2022,1.006000000000000
16,5/30/2022,0.978000000000000
16,6/6/2022,1.003000000000000
16,6/13/2022,1.026000000000000
16,6/20/2022,1.020000000000000
16,6/27/2022,0.979000000000000
16,7/4/2022,0.968000000000000
16,7/11/2022,0.974000000000000
16,7/18/2022,1.063000000000000
16,7/25/2022,1.008000000000000
16,8/1/2022,0.995000000000000
16,8/8/2022,0.992000000000000
16,8/15/2022,1.034000000000000
16,8/22/2022,1.004000000000000
16,8/29/2022,0.990000000000000
16,9/5/2022,1.015000000000000
16,9/12/2022,1.008000000000000
16,9/19/2022,1.092000000000000
16,9/26/2022,1.060000000000000
16,10/3/2022,0.942000000000000
16,10/10/2022,0.970000000000000
16,10/17/2022,1.014000000000000
16,10/24/2022,0.993000000000000
16,10/31/2022,0.980000000000000
16,11/7/2022,0.966000000000000
16,11/14/2022,1.010000000000000
16,11/21/2022,1.021000000000000
16,11/28/2022,1.009000000000000
16,12/5/2022,1.023000000000000
16,12/12/2022,1.014000000000000
16,12/19/2022,1.097000000000000
16,12/26/2022,1.048000000000000
16,1/2/2023,0.846000000000000
16,1/9/2023,0.962000000000000
16,1/16/2023,1.020000000000000
16,1/23/2023,1.005000000000000
16,1/30/2023,1.007000000000000
16,2/6/2023,1.004000000000000
16,2/13/2023,1.013000000000000
16,2/20/2023,1.037000000000000
16,2/27/2023,0.987000000000000
16,3/6/2023,0.994000000000000
16,3/13/2023,0.993000000000000
16,3/20/2023,1.030000000000000
16,3/27/2023,0.983000000000000
16,4/3/2023,0.956000000000000
16,4/10/2023,0.956000000000000
16,4/17/2023,1.020000000000000
16,4/24/2023,0.987000000000000
16,5/1/2023,0.971000000000000
16,5/8/2023,0.947000000000000
16,5/15/2023,0.989000000000000
16,5/22/2023,1.006000000000000
16,5/29/2023,0.965000000000000
16,6/5/2023,1.000000000000000
16,6/12/2023,1.013000000000000
16,6/19/2023,1.016000000000000
16,6/26/2023,0.988000000000000
16,7/3/2023,0.977000000000000
16,7/10/2023,0.973000000000000
16,7/17/2023,1.055000000000000
16,7/24/2023,1.009000000000000
16,7/31/2023,0.995000000000000
16,8/7/2023,0.997000000000000
16,8/14/2023,1.017000000000000
16,8/21/2023,1.011000000000000
16,8/28/2023,0.997000000000000
16,9/4/2023,1.011000000000000
16,9/11/2023,1.001000000000000
16,9/18/2023,1.066000000000000
16,9/25/2023,1.062000000000000
16,10/2/2023,0.955000000000000
16,10/9/2023,0.968000000000000
16,10/16/2023,1.041000000000000
16,10/23/2023,0.997000000000000
16,10/30/2023,0.972000000000000
16,11/6/2023,0.977000000000000
16,11/13/2023,0.992000000000000
16,11/20/2023,1.031000000000000
16,11/27/2023,1.027000000000000
16,12/4/2023,1.027000000000000
16,12/11/2023,1.028000000000000
16,12/18/2023,1.096000000000000
16,12/25/2023,1.083000000000000
16,1/1/2024,0.832000000000000
16,1/8/2024,0.955000000000000
16,1/15/2024,1.021000000000000
16,1/22/2024,0.977000000000000
16,1/29/2024,1.009000000000000
16,2/5/2024,0.986000000000000
16,2/12/2024,1.002000000000000
16,2/19/2024,1.019000000000000
16,2/26/2024,0.992000000000000
16,3/4/2024,0.995000000000000
16,3/11/2024,0.988000000000000
16,3/18/2024,1.049000000000000
16,3/25/2024,1.009000000000000
16,4/1/2024,0.965000000000000
16,4/8/2024,0.954000000000000
16,4/15/2024,1.025000000000000
16,4/22/2024,0.975000000000000
16,4/29/2024,0.964000000000000
16,5/6/2024,0.953000000000000
16,5/13/2024,0.974000000000000
16,5/20/2024,1.015000000000000
16,5/27/2024,0.950000000000000
16,6/3/2024,1.001000000000000
16,6/10/2024,1.014000000000000
16,6/17/2024,1.003000000000000
16,6/24/2024,0.997000000000000
16,7/1/2024,0.988000000000000
16,7/8/2024,0.973000000000000
16,7/15/2024,1.051000000000000
16,7/22/2024,1.007000000000000
16,7/29/2024,0.990000000000000
16,8/5/2024,1.004000000000000
16,8/12/2024,0.997000000000000
16,8/19/2024,1.032000000000000
16,8/26/2024,1.005000000000000
16,9/2/2024,1.011000000000000
16,9/9/2024,0.989000000000000
16,9/16/2024,1.031000000000000
16,9/23/2024,1.031000000000000
16,9/30/2024,0.985000000000000
16,10/7/2024,0.968000000000000
16,10/14/2024,1.071000000000000
16,10/21/2024,1.001000000000000
16,10/28/2024,0.964000000000000
16,11/4/2024,0.993000000000000
16,11/11/2024,0.975000000000000
16,11/18/2024,1.039000000000000
16,11/25/2024,1.048000000000000
16,12/2/2024,1.028000000000000
16,12/9/2024,1.048000000000000
16,12/16/2024,1.097000000000000
16,12/23/2024,1.099000000000000
16,12/30/2024,0.828000000000000
17,3/1/2021,0.966000000000000
17,3/8/2021,0.980000000000000
17,3/15/2021,1.012000000000000
17,3/22/2021,1.018000000000000
17,3/29/2021,0.941000000000000
17,4/5/2021,0.940000000000000
17,4/12/2021,0.944000000000000
17,4/19/2021,1.034000000000000
17,4/26/2021,0.985000000000000
17,5/3/2021,0.977000000000000
17,5/10/2021,0.953000000000000
17,5/17/2021,0.992000000000000
17,5/24/2021,1.016000000000000
17,5/31/2021,0.991000000000000
17,6/7/2021,1.008000000000000
17,6/14/2021,1.049000000000000
17,6/21/2021,1.011000000000000
17,6/28/2021,0.971000000000000
17,7/5/2021,0.961000000000000
17,7/12/2021,0.973000000000000
17,7/19/2021,1.073000000000000
17,7/26/2021,1.005000000000000
17,8/2/2021,0.990000000000000
17,8/9/2021,0.987000000000000
17,8/16/2021,1.045000000000000
17,8/23/2021,1.011000000000000
17,8/30/2021,0.984000000000000
17,9/6/2021,1.021000000000000
17,9/13/2021,1.011000000000000
17,9/20/2021,1.109000000000000
17,9/27/2021,1.029000000000000
17,10/4/2021,0.946000000000000
17,10/11/2021,0.973000000000000
17,10/18/2021,0.990000000000000
17,10/25/2021,0.990000000000000
17,11/1/2021,0.984000000000000
17,11/8/2021,0.962000000000000
17,11/15/2021,1.032000000000000
17,11/22/2021,1.003000000000000
17,11/29/2021,0.995000000000000
17,12/6/2021,1.015000000000000
17,12/13/2021,1.006000000000000
17,12/20/2021,1.100000000000000
17,12/27/2021,0.989000000000000
17,1/3/2022,0.875000000000000
17,1/10/2022,0.969000000000000
17,1/17/2022,1.016000000000000
17,1/24/2022,1.039000000000000
17,1/31/2022,1.001000000000000
17,2/7/2022,1.020000000000000
17,2/14/2022,1.032000000000000
17,2/21/2022,1.052000000000000
17,2/28/2022,0.978000000000000
17,3/7/2022,0.988000000000000
17,3/14/2022,1.000000000000000
17,3/21/2022,1.020000000000000
17,3/28/2022,0.960000000000000
17,4/4/2022,0.947000000000000
17,4/11/2022,0.952000000000000
17,4/18/2022,1.024000000000000
17,4/25/2022,0.991000000000000
17,5/2/2022,0.975000000000000
17,5/9/2022,0.946000000000000
17,5/16/2022,0.997000000000000
17,5/23/2022,1.006000000000000
17,5/30/2022,0.978000000000000
17,6/6/2022,1.003000000000000
17,6/13/2022,1.026000000000000
17,6/20/2022,1.020000000000000
17,6/27/2022,0.979000000000000
17,7/4/2022,0.968000000000000
17,7/11/2022,0.974000000000000
17,7/18/2022,1.063000000000000
17,7/25/2022,1.008000000000000
17,8/1/2022,0.995000000000000
17,8/8/2022,0.992000000000000
17,8/15/2022,1.034000000000000
17,8/22/2022,1.004000000000000
17,8/29/2022,0.990000000000000
17,9/5/2022,1.015000000000000
17,9/12/2022,1.008000000000000
17,9/19/2022,1.092000000000000
17,9/26/2022,1.060000000000000
17,10/3/2022,0.942000000000000
17,10/10/2022,0.970000000000000
17,10/17/2022,1.014000000000000
17,10/24/2022,0.993000000000000
17,10/31/2022,0.980000000000000
17,11/7/2022,0.966000000000000
17,11/14/2022,1.010000000000000
17,11/21/2022,1.021000000000000
17,11/28/2022,1.009000000000000
17,12/5/2022,1.023000000000000
17,12/12/2022,1.014000000000000
17,12/19/2022,1.097000000000000
17,12/26/2022,1.048000000000000
17,1/2/2023,0.846000000000000
17,1/9/2023,0.962000000000000
17,1/16/2023,1.020000000000000
17,1/23/2023,1.005000000000000
17,1/30/2023,1.007000000000000
17,2/6/2023,1.004000000000000
17,2/13/2023,1.013000000000000
17,2/20/2023,1.037000000000000
17,2/27/2023,0.987000000000000
17,3/6/2023,0.994000000000000
17,3/13/2023,0.993000000000000
17,3/20/2023,1.030000000000000
17,3/27/2023,0.983000000000000
17,4/3/2023,0.956000000000000
17,4/10/2023,0.956000000000000
17,4/17/2023,1.020000000000000
17,4/24/2023,0.987000000000000
17,5/1/2023,0.971000000000000
17,5/8/2023,0.947000000000000
17,5/15/2023,0.989000000000000
17,5/22/2023,1.006000000000000
17,5/29/2023,0.965000000000000
17,6/5/2023,1.000000000000000
17,6/12/2023,1.013000000000000
17,6/19/2023,1.016000000000000
17,6/26/2023,0.988000000000000
17,7/3/2023,0.977000000000000
17,7/10/2023,0.973000000000000
17,7/17/2023,1.055000000000000
17,7/24/2023,1.009000000000000
17,7/31/2023,0.995000000000000
17,8/7/2023,0.997000000000000
17,8/14/2023,1.017000000000000
17,8/21/2023,1.011000000000000
17,8/28/2023,0.997000000000000
17,9/4/2023,1.011000000000000
17,9/11/2023,1.001000000000000
17,9/18/2023,1.066000000000000
17,9/25/2023,1.062000000000000
17,10/2/2023,0.955000000000000
17,10/9/2023,0.968000000000000
17,10/16/2023,1.041000000000000
17,10/23/2023,0.997000000000000
17,10/30/2023,0.972000000000000
17,11/6/2023,0.977000000000000
17,11/13/2023,0.992000000000000
17,11/20/2023,1.031000000000000
17,11/27/2023,1.027000000000000
17,12/4/2023,1.027000000000000
17,12/11/2023,1.028000000000000
17,12/18/2023,1.096000000000000
17,12/25/2023,1.083000000000000
17,1/1/2024,0.832000000000000
17,1/8/2024,0.955000000000000
17,1/15/2024,1.021000000000000
17,1/22/2024,0.977000000000000
17,1/29/2024,1.009000000000000
17,2/5/2024,0.986000000000000
17,2/12/2024,1.002000000000000
17,2/19/2024,1.019000000000000
17,2/26/2024,0.992000000000000
17,3/4/2024,0.995000000000000
17,3/11/2024,0.988000000000000
17,3/18/2024,1.049000000000000
17,3/25/2024,1.009000000000000
17,4/1/2024,0.965000000000000
17,4/8/2024,0.954000000000000
17,4/15/2024,1.025000000000000
17,4/22/2024,0.975000000000000
17,4/29/2024,0.964000000000000
17,5/6/2024,0.953000000000000
17,5/13/2024,0.974000000000000
17,5/20/2024,1.015000000000000
17,5/27/2024,0.950000000000000
17,6/3/2024,1.001000000000000
17,6/10/2024,1.014000000000000
17,6/17/2024,1.003000000000000
17,6/24/2024,0.997000000000000
17,7/1/2024,0.988000000000000
17,7/8/2024,0.973000000000000
17,7/15/2024,1.051000000000000
17,7/22/2024,1.007000000000000
17,7/29/2024,0.990000000000000
17,8/5/2024,1.004000000000000
17,8/12/2024,0.997000000000000
17,8/19/2024,1.032000000000000
17,8/26/2024,1.005000000000000
17,9/2/2024,1.011000000000000
17,9/9/2024,0.989000000000000
17,9/16/2024,1.031000000000000
17,9/23/2024,1.031000000000000
17,9/30/2024,0.985000000000000
17,10/7/2024,0.968000000000000
17,10/14/2024,1.071000000000000
17,10/21/2024,1.001000000000000
17,10/28/2024,0.964000000000000
17,11/4/2024,0.993000000000000
17,11/11/2024,0.975000000000000
17,11/18/2024,1.039000000000000
17,11/25/2024,1.048000000000000
17,12/2/2024,1.028000000000000
17,12/9/2024,1.048000000000000
17,12/16/2024,1.097000000000000
17,12/23/2024,1.099000000000000
17,12/30/2024,0.828000000000000
18,3/1/2021,0.966000000000000
18,3/8/2021,0.980000000000000
18,3/15/2021,1.012000000000000
18,3/22/2021,1.018000000000000
18,3/29/2021,0.941000000000000
18,4/5/2021,0.940000000000000
18,4/12/2021,0.944000000000000
18,4/19/2021,1.034000000000000
18,4/26/2021,0.985000000000000
18,5/3/2021,0.977000000000000
18,5/10/2021,0.953000000000000
18,5/17/2021,0.992000000000000
18,5/24/2021,1.016000000000000
18,5/31/2021,0.991000000000000
18,6/7/2021,1.008000000000000
18,6/14/2021,1.049000000000000
18,6/21/2021,1.011000000000000
18,6/28/2021,0.971000000000000
18,7/5/2021,0.961000000000000
18,7/12/2021,0.973000000000000
18,7/19/2021,1.073000000000000
18,7/26/2021,1.005000000000000
18,8/2/2021,0.990000000000000
18,8/9/2021,0.987000000000000
18,8/16/2021,1.045000000000000
18,8/23/2021,1.011000000000000
18,8/30/2021,0.984000000000000
18,9/6/2021,1.021000000000000
18,9/13/2021,1.011000000000000
18,9/20/2021,1.109000000000000
18,9/27/2021,1.029000000000000
18,10/4/2021,0.946000000000000
18,10/11/2021,0.973000000000000
18,10/18/2021,0.990000000000000
18,10/25/2021,0.990000000000000
18,11/1/2021,0.984000000000000
18,11/8/2021,0.962000000000000
18,11/15/2021,1.032000000000000
18,11/22/2021,1.003000000000000
18,11/29/2021,0.995000000000000
18,12/6/2021,1.015000000000000
18,12/13/2021,1.006000000000000
18,12/20/2021,1.100000000000000
18,12/27/2021,0.989000000000000
18,1/3/2022,0.875000000000000
18,1/10/2022,0.969000000000000
18,1/17/2022,1.016000000000000
18,1/24/2022,1.039000000000000
18,1/31/2022,1.001000000000000
18,2/7/2022,1.020000000000000
18,2/14/2022,1.032000000000000
18,2/21/2022,1.052000000000000
18,2/28/2022,0.978000000000000
18,3/7/2022,0.988000000000000
18,3/14/2022,1.000000000000000
18,3/21/2022,1.020000000000000
18,3/28/2022,0.960000000000000
18,4/4/2022,0.947000000000000
18,4/11/2022,0.952000000000000
18,4/18/2022,1.024000000000000
18,4/25/2022,0.991000000000000
18,5/2/2022,0.975000000000000
18,5/9/2022,0.946000000000000
18,5/16/2022,0.997000000000000
18,5/23/2022,1.006000000000000
18,5/30/2022,0.978000000000000
18,6/6/2022,1.003000000000000
18,6/13/2022,1.026000000000000
18,6/20/2022,1.020000000000000
18,6/27/2022,0.979000000000000
18,7/4/2022,0.968000000000000
18,7/11/2022,0.974000000000000
18,7/18/2022,1.063000000000000
18,7/25/2022,1.008000000000000
18,8/1/2022,0.995000000000000
18,8/8/2022,0.992000000000000
18,8/15/2022,1.034000000000000
18,8/22/2022,1.004000000000000
18,8/29/2022,0.990000000000000
18,9/5/2022,1.015000000000000
18,9/12/2022,1.008000000000000
18,9/19/2022,1.092000000000000
18,9/26/2022,1.060000000000000
18,10/3/2022,0.942000000000000
18,10/10/2022,0.970000000000000
18,10/17/2022,1.014000000000000
18,10/24/2022,0.993000000000000
18,10/31/2022,0.980000000000000
18,11/7/2022,0.966000000000000
18,11/14/2022,1.010000000000000
18,11/21/2022,1.021000000000000
18,11/28/2022,1.009000000000000
18,12/5/2022,1.023000000000000
18,12/12/2022,1.014000000000000
18,12/19/2022,1.097000000000000
18,12/26/2022,1.048000000000000
18,1/2/2023,0.846000000000000
18,1/9/2023,0.962000000000000
18,1/16/2023,1.020000000000000
18,1/23/2023,1.005000000000000
18,1/30/2023,1.007000000000000
18,2/6/2023,1.004000000000000
18,2/13/2023,1.013000000000000
18,2/20/2023,1.037000000000000
18,2/27/2023,0.987000000000000
18,3/6/2023,0.994000000000000
18,3/13/2023,0.993000000000000
18,3/20/2023,1.030000000000000
18,3/27/2023,0.983000000000000
18,4/3/2023,0.956000000000000
18,4/10/2023,0.956000000000000
18,4/17/2023,1.020000000000000
18,4/24/2023,0.987000000000000
18,5/1/2023,0.971000000000000
18,5/8/2023,0.947000000000000
18,5/15/2023,0.989000000000000
18,5/22/2023,1.006000000000000
18,5/29/2023,0.965000000000000
18,6/5/2023,1.000000000000000
18,6/12/2023,1.013000000000000
18,6/19/2023,1.016000000000000
18,6/26/2023,0.988000000000000
18,7/3/2023,0.977000000000000
18,7/10/2023,0.973000000000000
18,7/17/2023,1.055000000000000
18,7/24/2023,1.009000000000000
18,7/31/2023,0.995000000000000
18,8/7/2023,0.997000000000000
18,8/14/2023,1.017000000000000
18,8/21/2023,1.011000000000000
18,8/28/2023,0.997000000000000
18,9/4/2023,1.011000000000000
18,9/11/2023,1.001000000000000
18,9/18/2023,1.066000000000000
18,9/25/2023,1.062000000000000
18,10/2/2023,0.955000000000000
18,10/9/2023,0.968000000000000
18,10/16/2023,1.041000000000000
18,10/23/2023,0.997000000000000
18,10/30/2023,0.972000000000000
18,11/6/2023,0.977000000000000
18,11/13/2023,0.992000000000000
18,11/20/2023,1.031000000000000
18,11/27/2023,1.027000000000000
18,12/4/2023,1.027000000000000
18,12/11/2023,1.028000000000000
18,12/18/2023,1.096000000000000
18,12/25/2023,1.083000000000000
18,1/1/2024,0.832000000000000
18,1/8/2024,0.955000000000000
18,1/15/2024,1.021000000000000
18,1/22/2024,0.977000000000000
18,1/29/2024,1.009000000000000
18,2/5/2024,0.986000000000000
18,2/12/2024,1.002000000000000
18,2/19/2024,1.019000000000000
18,2/26/2024,0.992000000000000
18,3/4/2024,0.995000000000000
18,3/11/2024,0.988000000000000
18,3/18/2024,1.049000000000000
18,3/25/2024,1.009000000000000
18,4/1/2024,0.965000000000000
18,4/8/2024,0.954000000000000
18,4/15/2024,1.025000000000000
18,4/22/2024,0.975000000000000
18,4/29/2024,0.964000000000000
18,5/6/2024,0.953000000000000
18,5/13/2024,0.974000000000000
18,5/20/2024,1.015000000000000
18,5/27/2024,0.950000000000000
18,6/3/2024,1.001000000000000
18,6/10/2024,1.014000000000000
18,6/17/2024,1.003000000000000
18,6/24/2024,0.997000000000000
18,7/1/2024,0.988000000000000
18,7/8/2024,0.973000000000000
18,7/15/2024,1.051000000000000
18,7/22/2024,1.007000000000000
18,7/29/2024,0.990000000000000
18,8/5/2024,1.004000000000000
18,8/12/2024,0.997000000000000
18,8/19/2024,1.032000000000000
18,8/26/2024,1.005000000000000
18,9/2/2024,1.011000000000000
18,9/9/2024,0.989000000000000
18,9/16/2024,1.031000000000000
18,9/23/2024,1.031000000000000
18,9/30/2024,0.985000000000000
18,10/7/2024,0.968000000000000
18,10/14/2024,1.071000000000000
18,10/21/2024,1.001000000000000
18,10/28/2024,0.964000000000000
18,11/4/2024,0.993000000000000
18,11/11/2024,0.975000000000000
18,11/18/2024,1.039000000000000
18,11/25/2024,1.048000000000000
18,12/2/2024,1.028000000000000
18,12/9/2024,1.048000000000000
18,12/16/2024,1.097000000000000
18,12/23/2024,1.099000000000000
18,12/30/2024,0.828000000000000
19,3/1/2021,0.966000000000000
19,3/8/2021,0.980000000000000
19,3/15/2021,1.012000000000000
19,3/22/2021,1.018000000000000
19,3/29/2021,0.941000000000000
19,4/5/2021,0.940000000000000
19,4/12/2021,0.944000000000000
19,4/19/2021,1.034000000000000
19,4/26/2021,0.985000000000000
19,5/3/2021,0.977000000000000
19,5/10/2021,0.953000000000000
19,5/17/2021,0.992000000000000
19,5/24/2021,1.016000000000000
19,5/31/2021,0.991000000000000
19,6/7/2021,1.008000000000000
19,6/14/2021,1.049000000000000
19,6/21/2021,1.011000000000000
19,6/28/2021,0.971000000000000
19,7/5/2021,0.961000000000000
19,7/12/2021,0.973000000000000
19,7/19/2021,1.073000000000000
19,7/26/2021,1.005000000000000
19,8/2/2021,0.990000000000000
19,8/9/2021,0.987000000000000
19,8/16/2021,1.045000000000000
19,8/23/2021,1.011000000000000
19,8/30/2021,0.984000000000000
19,9/6/2021,1.021000000000000
19,9/13/2021,1.011000000000000
19,9/20/2021,1.109000000000000
19,9/27/2021,1.029000000000000
19,10/4/2021,0.946000000000000
19,10/11/2021,0.973000000000000
19,10/18/2021,0.990000000000000
19,10/25/2021,0.990000000000000
19,11/1/2021,0.984000000000000
19,11/8/2021,0.962000000000000
19,11/15/2021,1.032000000000000
19,11/22/2021,1.003000000000000
19,11/29/2021,0.995000000000000
19,12/6/2021,1.015000000000000
19,12/13/2021,1.006000000000000
19,12/20/2021,1.100000000000000
19,12/27/2021,0.989000000000000
19,1/3/2022,0.875000000000000
19,1/10/2022,0.969000000000000
19,1/17/2022,1.016000000000000
19,1/24/2022,1.039000000000000
19,1/31/2022,1.001000000000000
19,2/7/2022,1.020000000000000
19,2/14/2022,1.032000000000000
19,2/21/2022,1.052000000000000
19,2/28/2022,0.978000000000000
19,3/7/2022,0.988000000000000
19,3/14/2022,1.000000000000000
19,3/21/2022,1.020000000000000
19,3/28/2022,0.960000000000000
19,4/4/2022,0.947000000000000
19,4/11/2022,0.952000000000000
19,4/18/2022,1.024000000000000
19,4/25/2022,0.991000000000000
19,5/2/2022,0.975000000000000
19,5/9/2022,0.946000000000000
19,5/16/2022,0.997000000000000
19,5/23/2022,1.006000000000000
19,5/30/2022,0.978000000000000
19,6/6/2022,1.003000000000000
19,6/13/2022,1.026000000000000
19,6/20/2022,1.020000000000000
19,6/27/2022,0.979000000000000
19,7/4/2022,0.968000000000000
19,7/11/2022,0.974000000000000
19,7/18/2022,1.063000000000000
19,7/25/2022,1.008000000000000
19,8/1/2022,0.995000000000000
19,8/8/2022,0.992000000000000
19,8/15/2022,1.034000000000000
19,8/22/2022,1.004000000000000
19,8/29/2022,0.990000000000000
19,9/5/2022,1.015000000000000
19,9/12/2022,1.008000000000000
19,9/19/2022,1.092000000000000
19,9/26/2022,1.060000000000000
19,10/3/2022,0.942000000000000
19,10/10/2022,0.970000000000000
19,10/17/2022,1.014000000000000
19,10/24/2022,0.993000000000000
19,10/31/2022,0.980000000000000
19,11/7/2022,0.966000000000000
19,11/14/2022,1.010000000000000
19,11/21/2022,1.021000000000000
19,11/28/2022,1.009000000000000
19,12/5/2022,1.023000000000000
19,12/12/2022,1.014000000000000
19,12/19/2022,1.097000000000000
19,12/26/2022,1.048000000000000
19,1/2/2023,0.846000000000000
19,1/9/2023,0.962000000000000
19,1/16/2023,1.020000000000000
19,1/23/2023,1.005000000000000
19,1/30/2023,1.007000000000000
19,2/6/2023,1.004000000000000
19,2/13/2023,1.013000000000000
19,2/20/2023,1.037000000000000
19,2/27/2023,0.987000000000000
19,3/6/2023,0.994000000000000
19,3/13/2023,0.993000000000000
19,3/20/2023,1.030000000000000
19,3/27/2023,0.983000000000000
19,4/3/2023,0.956000000000000
19,4/10/2023,0.956000000000000
19,4/17/2023,1.020000000000000
19,4/24/2023,0.987000000000000
19,5/1/2023,0.971000000000000
19,5/8/2023,0.947000000000000
19,5/15/2023,0.989000000000000
19,5/22/2023,1.006000000000000
19,5/29/2023,0.965000000000000
19,6/5/2023,1.000000000000000
19,6/12/2023,1.013000000000000
19,6/19/2023,1.016000000000000
19,6/26/2023,0.988000000000000
19,7/3/2023,0.977000000000000
19,7/10/2023,0.973000000000000
19,7/17/2023,1.055000000000000
19,7/24/2023,1.009000000000000
19,7/31/2023,0.995000000000000
19,8/7/2023,0.997000000000000
19,8/14/2023,1.017000000000000
19,8/21/2023,1.011000000000000
19,8/28/2023,0.997000000000000
19,9/4/2023,1.011000000000000
19,9/11/2023,1.001000000000000
19,9/18/2023,1.066000000000000
19,9/25/2023,1.062000000000000
19,10/2/2023,0.955000000000000
19,10/9/2023,0.968000000000000
19,10/16/2023,1.041000000000000
19,10/23/2023,0.997000000000000
19,10/30/2023,0.972000000000000
19,11/6/2023,0.977000000000000
19,11/13/2023,0.992000000000000
19,11/20/2023,1.031000000000000
19,11/27/2023,1.027000000000000
19,12/4/2023,1.027000000000000
19,12/11/2023,1.028000000000000
19,12/18/2023,1.096000000000000
19,12/25/2023,1.083000000000000
19,1/1/2024,0.832000000000000
19,1/8/2024,0.955000000000000
19,1/15/2024,1.021000000000000
19,1/22/2024,0.977000000000000
19,1/29/2024,1.009000000000000
19,2/5/2024,0.986000000000000
19,2/12/2024,1.002000000000000
19,2/19/2024,1.019000000000000
19,2/26/2024,0.992000000000000
19,3/4/2024,0.995000000000000
19,3/11/2024,0.988000000000000
19,3/18/2024,1.049000000000000
19,3/25/2024,1.009000000000000
19,4/1/2024,0.965000000000000
19,4/8/2024,0.954000000000000
19,4/15/2024,1.025000000000000
19,4/22/2024,0.975000000000000
19,4/29/2024,0.964000000000000
19,5/6/2024,0.953000000000000
19,5/13/2024,0.974000000000000
19,5/20/2024,1.015000000000000
19,5/27/2024,0.950000000000000
19,6/3/2024,1.001000000000000
19,6/10/2024,1.014000000000000
19,6/17/2024,1.003000000000000
19,6/24/2024,0.997000000000000
19,7/1/2024,0.988000000000000
19,7/8/2024,0.973000000000000
19,7/15/2024,1.051000000000000
19,7/22/2024,1.007000000000000
19,7/29/2024,0.990000000000000
19,8/5/2024,1.004000000000000
19,8/12/2024,0.997000000000000
19,8/19/2024,1.032000000000000
19,8/26/2024,1.005000000000000
19,9/2/2024,1.011000000000000
19,9/9/2024,0.989000000000000
19,9/16/2024,1.031000000000000
19,9/23/2024,1.031000000000000
19,9/30/2024,0.985000000000000
19,10/7/2024,0.968000000000000
19,10/14/2024,1.071000000000000
19,10/21/2024,1.001000000000000
19,10/28/2024,0.964000000000000
19,11/4/2024,0.993000000000000
19,11/11/2024,0.975000000000000
19,11/18/2024,1.039000000000000
19,11/25/2024,1.048000000000000
19,12/2/2024,1.028000000000000
19,12/9/2024,1.048000000000000
19,12/16/2024,1.097000000000000
19,12/23/2024,1.099000000000000
19,12/30/2024,0.828000000000000
20,3/1/2021,0.966000000000000
20,3/8/2021,0.980000000000000
20,3/15/2021,1.012000000000000
20,3/22/2021,1.018000000000000
20,3/29/2021,0.941000000000000
20,4/5/2021,0.940000000000000
20,4/12/2021,0.944000000000000
20,4/19/2021,1.034000000000000
20,4/26/2021,0.985000000000000
20,5/3/2021,0.977000000000000
20,5/10/2021,0.953000000000000
20,5/17/2021,0.992000000000000
20,5/24/2021,1.016000000000000
20,5/31/2021,0.991000000000000
20,6/7/2021,1.008000000000000
20,6/14/2021,1.049000000000000
20,6/21/2021,1.011000000000000
20,6/28/2021,0.971000000000000
20,7/5/2021,0.961000000000000
20,7/12/2021,0.973000000000000
20,7/19/2021,1.073000000000000
20,7/26/2021,1.005000000000000
20,8/2/2021,0.990000000000000
20,8/9/2021,0.987000000000000
20,8/16/2021,1.045000000000000
20,8/23/2021,1.011000000000000
20,8/30/2021,0.984000000000000
20,9/6/2021,1.021000000000000
20,9/13/2021,1.011000000000000
20,9/20/2021,1.109000000000000
20,9/27/2021,1.029000000000000
20,10/4/2021,0.946000000000000
20,10/11/2021,0.973000000000000
20,10/18/2021,0.990000000000000
20,10/25/2021,0.990000000000000
20,11/1/2021,0.984000000000000
20,11/8/2021,0.962000000000000
20,11/15/2021,1.032000000000000
20,11/22/2021,1.003000000000000
20,11/29/2021,0.995000000000000
20,12/6/2021,1.015000000000000
20,12/13/2021,1.006000000000000
20,12/20/2021,1.100000000000000
20,12/27/2021,0.989000000000000
20,1/3/2022,0.875000000000000
20,1/10/2022,0.969000000000000
20,1/17/2022,1.016000000000000
20,1/24/2022,1.039000000000000
20,1/31/2022,1.001000000000000
20,2/7/2022,1.020000000000000
20,2/14/2022,1.032000000000000
20,2/21/2022,1.052000000000000
20,2/28/2022,0.978000000000000
20,3/7/2022,0.988000000000000
20,3/14/2022,1.000000000000000
20,3/21/2022,1.020000000000000
20,3/28/2022,0.960000000000000
20,4/4/2022,0.947000000000000
20,4/11/2022,0.952000000000000
20,4/18/2022,1.024000000000000
20,4/25/2022,0.991000000000000
20,5/2/2022,0.975000000000000
20,5/9/2022,0.946000000000000
20,5/16/2022,0.997000000000000
20,5/23/2022,1.006000000000000
20,5/30/2022,0.978000000000000
20,6/6/2022,1.003000000000000
20,6/13/2022,1.026000000000000
20,6/20/2022,1.020000000000000
20,6/27/2022,0.979000000000000
20,7/4/2022,0.968000000000000
20,7/11/2022,0.974000000000000
20,7/18/2022,1.063000000000000
20,7/25/2022,1.008000000000000
20,8/1/2022,0.995000000000000
20,8/8/2022,0.992000000000000
20,8/15/2022,1.034000000000000
20,8/22/2022,1.004000000000000
20,8/29/2022,0.990000000000000
20,9/5/2022,1.015000000000000
20,9/12/2022,1.008000000000000
20,9/19/2022,1.092000000000000
20,9/26/2022,1.060000000000000
20,10/3/2022,0.942000000000000
20,10/10/2022,0.970000000000000
20,10/17/2022,1.014000000000000
20,10/24/2022,0.993000000000000
20,10/31/2022,0.980000000000000
20,11/7/2022,0.966000000000000
20,11/14/2022,1.010000000000000
20,11/21/2022,1.021000000000000
20,11/28/2022,1.009000000000000
20,12/5/2022,1.023000000000000
20,12/12/2022,1.014000000000000
20,12/19/2022,1.097000000000000
20,12/26/2022,1.048000000000000
20,1/2/2023,0.846000000000000
20,1/9/2023,0.962000000000000
20,1/16/2023,1.020000000000000
20,1/23/2023,1.005000000000000
20,1/30/2023,1.007000000000000
20,2/6/2023,1.004000000000000
20,2/13/2023,1.013000000000000
20,2/20/2023,1.037000000000000
20,2/27/2023,0.987000000000000
20,3/6/2023,0.994000000000000
20,3/13/2023,0.993000000000000
20,3/20/2023,1.030000000000000
20,3/27/2023,0.983000000000000
20,4/3/2023,0.956000000000000
20,4/10/2023,0.956000000000000
20,4/17/2023,1.020000000000000
20,4/24/2023,0.987000000000000
20,5/1/2023,0.971000000000000
20,5/8/2023,0.947000000000000
20,5/15/2023,0.989000000000000
20,5/22/2023,1.006000000000000
20,5/29/2023,0.965000000000000
20,6/5/2023,1.000000000000000
20,6/12/2023,1.013000000000000
20,6/19/2023,1.016000000000000
20,6/26/2023,0.988000000000000
20,7/3/2023,0.977000000000000
20,7/10/2023,0.973000000000000
20,7/17/2023,1.055000000000000
20,7/24/2023,1.009000000000000
20,7/31/2023,0.995000000000000
20,8/7/2023,0.997000000000000
20,8/14/2023,1.017000000000000
20,8/21/2023,1.011000000000000
20,8/28/2023,0.997000000000000
20,9/4/2023,1.011000000000000
20,9/11/2023,1.001000000000000
20,9/18/2023,1.066000000000000
20,9/25/2023,1.062000000000000
20,10/2/2023,0.955000000000000
20,10/9/2023,0.968000000000000
20,10/16/2023,1.041000000000000
20,10/23/2023,0.997000000000000
20,10/30/2023,0.972000000000000
20,11/6/2023,0.977000000000000
20,11/13/2023,0.992000000000000
20,11/20/2023,1.031000000000000
20,11/27/2023,1.027000000000000
20,12/4/2023,1.027000000000000
20,12/11/2023,1.028000000000000
20,12/18/2023,1.096000000000000
20,12/25/2023,1.083000000000000
20,1/1/2024,0.832000000000000
20,1/8/2024,0.955000000000000
20,1/15/2024,1.021000000000000
20,1/22/2024,0.977000000000000
20,1/29/2024,1.009000000000000
20,2/5/2024,0.986000000000000
20,2/12/2024,1.002000000000000
20,2/19/2024,1.019000000000000
20,2/26/2024,0.992000000000000
20,3/4/2024,0.995000000000000
20,3/11/2024,0.988000000000000
20,3/18/2024,1.049000000000000
20,3/25/2024,1.009000000000000
20,4/1/2024,0.965000000000000
20,4/8/2024,0.954000000000000
20,4/15/2024,1.025000000000000
20,4/22/2024,0.975000000000000
20,4/29/2024,0.964000000000000
20,5/6/2024,0.953000000000000
20,5/13/2024,0.974000000000000
20,5/20/2024,1.015000000000000
20,5/27/2024,0.950000000000000
20,6/3/2024,1.001000000000000
20,6/10/2024,1.014000000000000
20,6/17/2024,1.003000000000000
20,6/24/2024,0.997000000000000
20,7/1/2024,0.988000000000000
20,7/8/2024,0.973000000000000
20,7/15/2024,1.051000000000000
20,7/22/2024,1.007000000000000
20,7/29/2024,0.990000000000000
20,8/5/2024,1.004000000000000
20,8/12/2024,0.997000000000000
20,8/19/2024,1.032000000000000
20,8/26/2024,1.005000000000000
20,9/2/2024,1.011000000000000
20,9/9/2024,0.989000000000000
20,9/16/2024,1.031000000000000
20,9/23/2024,1.031000000000000
20,9/30/2024,0.985000000000000
20,10/7/2024,0.968000000000000
20,10/14/2024,1.071000000000000
20,10/21/2024,1.001000000000000
20,10/28/2024,0.964000000000000
20,11/4/2024,0.993000000000000
20,11/11/2024,0.975000000000000
20,11/18/2024,1.039000000000000
20,11/25/2024,1.048000000000000
20,12/2/2024,1.028000000000000
20,12/9/2024,1.048000000000000
20,12/16/2024,1.097000000000000
20,12/23/2024,1.099000000000000
20,12/30/2024,0.828000000000000
21,3/1/2021,0.966000000000000
21,3/8/2021,0.980000000000000
21,3/15/2021,1.012000000000000
21,3/22/2021,1.018000000000000
21,3/29/2021,0.941000000000000
21,4/5/2021,0.940000000000000
21,4/12/2021,0.944000000000000
21,4/19/2021,1.034000000000000
21,4/26/2021,0.985000000000000
21,5/3/2021,0.977000000000000
21,5/10/2021,0.953000000000000
21,5/17/2021,0.992000000000000
21,5/24/2021,1.016000000000000
21,5/31/2021,0.991000000000000
21,6/7/2021,1.008000000000000
21,6/14/2021,1.049000000000000
21,6/21/2021,1.011000000000000
21,6/28/2021,0.971000000000000
21,7/5/2021,0.961000000000000
21,7/12/2021,0.973000000000000
21,7/19/2021,1.073000000000000
21,7/26/2021,1.005000000000000
21,8/2/2021,0.990000000000000
21,8/9/2021,0.987000000000000
21,8/16/2021,1.045000000000000
21,8/23/2021,1.011000000000000
21,8/30/2021,0.984000000000000
21,9/6/2021,1.021000000000000
21,9/13/2021,1.011000000000000
21,9/20/2021,1.109000000000000
21,9/27/2021,1.029000000000000
21,10/4/2021,0.946000000000000
21,10/11/2021,0.973000000000000
21,10/18/2021,0.990000000000000
21,10/25/2021,0.990000000000000
21,11/1/2021,0.984000000000000
21,11/8/2021,0.962000000000000
21,11/15/2021,1.032000000000000
21,11/22/2021,1.003000000000000
21,11/29/2021,0.995000000000000
21,12/6/2021,1.015000000000000
21,12/13/2021,1.006000000000000
21,12/20/2021,1.100000000000000
21,12/27/2021,0.989000000000000
21,1/3/2022,0.875000000000000
21,1/10/2022,0.969000000000000
21,1/17/2022,1.016000000000000
21,1/24/2022,1.039000000000000
21,1/31/2022,1.001000000000000
21,2/7/2022,1.020000000000000
21,2/14/2022,1.032000000000000
21,2/21/2022,1.052000000000000
21,2/28/2022,0.978000000000000
21,3/7/2022,0.988000000000000
21,3/14/2022,1.000000000000000
21,3/21/2022,1.020000000000000
21,3/28/2022,0.960000000000000
21,4/4/2022,0.947000000000000
21,4/11/2022,0.952000000000000
21,4/18/2022,1.024000000000000
21,4/25/2022,0.991000000000000
21,5/2/2022,0.975000000000000
21,5/9/2022,0.946000000000000
21,5/16/2022,0.997000000000000
21,5/23/2022,1.006000000000000
21,5/30/2022,0.978000000000000
21,6/6/2022,1.003000000000000
21,6/13/2022,1.026000000000000
21,6/20/2022,1.020000000000000
21,6/27/2022,0.979000000000000
21,7/4/2022,0.968000000000000
21,7/11/2022,0.974000000000000
21,7/18/2022,1.063000000000000
21,7/25/2022,1.008000000000000
21,8/1/2022,0.995000000000000
21,8/8/2022,0.992000000000000
21,8/15/2022,1.034000000000000
21,8/22/2022,1.004000000000000
21,8/29/2022,0.990000000000000
21,9/5/2022,1.015000000000000
21,9/12/2022,1.008000000000000
21,9/19/2022,1.092000000000000
21,9/26/2022,1.060000000000000
21,10/3/2022,0.942000000000000
21,10/10/2022,0.970000000000000
21,10/17/2022,1.014000000000000
21,10/24/2022,0.993000000000000
21,10/31/2022,0.980000000000000
21,11/7/2022,0.966000000000000
21,11/14/2022,1.010000000000000
21,11/21/2022,1.021000000000000
21,11/28/2022,1.009000000000000
21,12/5/2022,1.023000000000000
21,12/12/2022,1.014000000000000
21,12/19/2022,1.097000000000000
21,12/26/2022,1.048000000000000
21,1/2/2023,0.846000000000000
21,1/9/2023,0.962000000000000
21,1/16/2023,1.020000000000000
21,1/23/2023,1.005000000000000
21,1/30/2023,1.007000000000000
21,2/6/2023,1.004000000000000
21,2/13/2023,1.013000000000000
21,2/20/2023,1.037000000000000
21,2/27/2023,0.987000000000000
21,3/6/2023,0.994000000000000
21,3/13/2023,0.993000000000000
21,3/20/2023,1.030000000000000
21,3/27/2023,0.983000000000000
21,4/3/2023,0.956000000000000
21,4/10/2023,0.956000000000000
21,4/17/2023,1.020000000000000
21,4/24/2023,0.987000000000000
21,5/1/2023,0.971000000000000
21,5/8/2023,0.947000000000000
21,5/15/2023,0.989000000000000
21,5/22/2023,1.006000000000000
21,5/29/2023,0.965000000000000
21,6/5/2023,1.000000000000000
21,6/12/2023,1.013000000000000
21,6/19/2023,1.016000000000000
21,6/26/2023,0.988000000000000
21,7/3/2023,0.977000000000000
21,7/10/2023,0.973000000000000
21,7/17/2023,1.055000000000000
21,7/24/2023,1.009000000000000
21,7/31/2023,0.995000000000000
21,8/7/2023,0.997000000000000
21,8/14/2023,1.017000000000000
21,8/21/2023,1.011000000000000
21,8/28/2023,0.997000000000000
21,9/4/2023,1.011000000000000
21,9/11/2023,1.001000000000000
21,9/18/2023,1.066000000000000
21,9/25/2023,1.062000000000000
21,10/2/2023,0.955000000000000
21,10/9/2023,0.968000000000000
21,10/16/2023,1.041000000000000
21,10/23/2023,0.997000000000000
21,10/30/2023,0.972000000000000
21,11/6/2023,0.977000000000000
21,11/13/2023,0.992000000000000
21,11/20/2023,1.031000000000000
21,11/27/2023,1.027000000000000
21,12/4/2023,1.027000000000000
21,12/11/2023,1.028000000000000
21,12/18/2023,1.096000000000000
21,12/25/2023,1.083000000000000
21,1/1/2024,0.832000000000000
21,1/8/2024,0.955000000000000
21,1/15/2024,1.021000000000000
21,1/22/2024,0.977000000000000
21,1/29/2024,1.009000000000000
21,2/5/2024,0.986000000000000
21,2/12/2024,1.002000000000000
21,2/19/2024,1.019000000000000
21,2/26/2024,0.992000000000000
21,3/4/2024,0.995000000000000
21,3/11/2024,0.988000000000000
21,3/18/2024,1.049000000000000
21,3/25/2024,1.009000000000000
21,4/1/2024,0.965000000000000
21,4/8/2024,0.954000000000000
21,4/15/2024,1.025000000000000
21,4/22/2024,0.975000000000000
21,4/29/2024,0.964000000000000
21,5/6/2024,0.953000000000000
21,5/13/2024,0.974000000000000
21,5/20/2024,1.015000000000000
21,5/27/2024,0.950000000000000
21,6/3/2024,1.001000000000000
21,6/10/2024,1.014000000000000
21,6/17/2024,1.003000000000000
21,6/24/2024,0.997000000000000
21,7/1/2024,0.988000000000000
21,7/8/2024,0.973000000000000
21,7/15/2024,1.051000000000000
21,7/22/2024,1.007000000000000
21,7/29/2024,0.990000000000000
21,8/5/2024,1.004000000000000
21,8/12/2024,0.997000000000000
21,8/19/2024,1.032000000000000
21,8/26/2024,1.005000000000000
21,9/2/2024,1.011000000000000
21,9/9/2024,0.989000000000000
21,9/16/2024,1.031000000000000
21,9/23/2024,1.031000000000000
21,9/30/2024,0.985000000000000
21,10/7/2024,0.968000000000000
21,10/14/2024,1.071000000000000
21,10/21/2024,1.001000000000000
21,10/28/2024,0.964000000000000
21,11/4/2024,0.993000000000000
21,11/11/2024,0.975000000000000
21,11/18/2024,1.039000000000000
21,11/25/2024,1.048000000000000
21,12/2/2024,1.028000000000000
21,12/9/2024,1.048000000000000
21,12/16/2024,1.097000000000000
21,12/23/2024,1.099000000000000
21,12/30/2024,0.828000000000000
22,3/1/2021,0.966000000000000
22,3/8/2021,0.980000000000000
22,3/15/2021,1.012000000000000
22,3/22/2021,1.018000000000000
22,3/29/2021,0.941000000000000
22,4/5/2021,0.940000000000000
22,4/12/2021,0.944000000000000
22,4/19/2021,1.034000000000000
22,4/26/2021,0.985000000000000
22,5/3/2021,0.977000000000000
22,5/10/2021,0.953000000000000
22,5/17/2021,0.992000000000000
22,5/24/2021,1.016000000000000
22,5/31/2021,0.991000000000000
22,6/7/2021,1.008000000000000
22,6/14/2021,1.049000000000000
22,6/21/2021,1.011000000000000
22,6/28/2021,0.971000000000000
22,7/5/2021,0.961000000000000
22,7/12/2021,0.973000000000000
22,7/19/2021,1.073000000000000
22,7/26/2021,1.005000000000000
22,8/2/2021,0.990000000000000
22,8/9/2021,0.987000000000000
22,8/16/2021,1.045000000000000
22,8/23/2021,1.011000000000000
22,8/30/2021,0.984000000000000
22,9/6/2021,1.021000000000000
22,9/13/2021,1.011000000000000
22,9/20/2021,1.109000000000000
22,9/27/2021,1.029000000000000
22,10/4/2021,0.946000000000000
22,10/11/2021,0.973000000000000
22,10/18/2021,0.990000000000000
22,10/25/2021,0.990000000000000
22,11/1/2021,0.984000000000000
22,11/8/2021,0.962000000000000
22,11/15/2021,1.032000000000000
22,11/22/2021,1.003000000000000
22,11/29/2021,0.995000000000000
22,12/6/2021,1.015000000000000
22,12/13/2021,1.006000000000000
22,12/20/2021,1.100000000000000
22,12/27/2021,0.989000000000000
22,1/3/2022,0.875000000000000
22,1/10/2022,0.969000000000000
22,1/17/2022,1.016000000000000
22,1/24/2022,1.039000000000000
22,1/31/2022,1.001000000000000
22,2/7/2022,1.020000000000000
22,2/14/2022,1.032000000000000
22,2/21/2022,1.052000000000000
22,2/28/2022,0.978000000000000
22,3/7/2022,0.988000000000000
22,3/14/2022,1.000000000000000
22,3/21/2022,1.020000000000000
22,3/28/2022,0.960000000000000
22,4/4/2022,0.947000000000000
22,4/11/2022,0.952000000000000
22,4/18/2022,1.024000000000000
22,4/25/2022,0.991000000000000
22,5/2/2022,0.975000000000000
22,5/9/2022,0.946000000000000
22,5/16/2022,0.997000000000000
22,5/23/2022,1.006000000000000
22,5/30/2022,0.978000000000000
22,6/6/2022,1.003000000000000
22,6/13/2022,1.026000000000000
22,6/20/2022,1.020000000000000
22,6/27/2022,0.979000000000000
22,7/4/2022,0.968000000000000
22,7/11/2022,0.974000000000000
22,7/18/2022,1.063000000000000
22,7/25/2022,1.008000000000000
22,8/1/2022,0.995000000000000
22,8/8/2022,0.992000000000000
22,8/15/2022,1.034000000000000
22,8/22/2022,1.004000000000000
22,8/29/2022,0.990000000000000
22,9/5/2022,1.015000000000000
22,9/12/2022,1.008000000000000
22,9/19/2022,1.092000000000000
22,9/26/2022,1.060000000000000
22,10/3/2022,0.942000000000000
22,10/10/2022,0.970000000000000
22,10/17/2022,1.014000000000000
22,10/24/2022,0.993000000000000
22,10/31/2022,0.980000000000000
22,11/7/2022,0.966000000000000
22,11/14/2022,1.010000000000000
22,11/21/2022,1.021000000000000
22,11/28/2022,1.009000000000000
22,12/5/2022,1.023000000000000
22,12/12/2022,1.014000000000000
22,12/19/2022,1.097000000000000
22,12/26/2022,1.048000000000000
22,1/2/2023,0.846000000000000
22,1/9/2023,0.962000000000000
22,1/16/2023,1.020000000000000
22,1/23/2023,1.005000000000000
22,1/30/2023,1.007000000000000
22,2/6/2023,1.004000000000000
22,2/13/2023,1.013000000000000
22,2/20/2023,1.037000000000000
22,2/27/2023,0.987000000000000
22,3/6/2023,0.994000000000000
22,3/13/2023,0.993000000000000
22,3/20/2023,1.030000000000000
22,3/27/2023,0.983000000000000
22,4/3/2023,0.956000000000000
22,4/10/2023,0.956000000000000
22,4/17/2023,1.020000000000000
22,4/24/2023,0.987000000000000
22,5/1/2023,0.971000000000000
22,5/8/2023,0.947000000000000
22,5/15/2023,0.989000000000000
22,5/22/2023,1.006000000000000
22,5/29/2023,0.965000000000000
22,6/5/2023,1.000000000000000
22,6/12/2023,1.013000000000000
22,6/19/2023,1.016000000000000
22,6/26/2023,0.988000000000000
22,7/3/2023,0.977000000000000
22,7/10/2023,0.973000000000000
22,7/17/2023,1.055000000000000
22,7/24/2023,1.009000000000000
22,7/31/2023,0.995000000000000
22,8/7/2023,0.997000000000000
22,8/14/2023,1.017000000000000
22,8/21/2023,1.011000000000000
22,8/28/2023,0.997000000000000
22,9/4/2023,1.011000000000000
22,9/11/2023,1.001000000000000
22,9/18/2023,1.066000000000000
22,9/25/2023,1.062000000000000
22,10/2/2023,0.955000000000000
22,10/9/2023,0.968000000000000
22,10/16/2023,1.041000000000000
22,10/23/2023,0.997000000000000
22,10/30/2023,0.972000000000000
22,11/6/2023,0.977000000000000
22,11/13/2023,0.992000000000000
22,11/20/2023,1.031000000000000
22,11/27/2023,1.027000000000000
22,12/4/2023,1.027000000000000
22,12/11/2023,1.028000000000000
22,12/18/2023,1.096000000000000
22,12/25/2023,1.083000000000000
22,1/1/2024,0.832000000000000
22,1/8/2024,0.955000000000000
22,1/15/2024,1.021000000000000
22,1/22/2024,0.977000000000000
22,1/29/2024,1.009000000000000
22,2/5/2024,0.986000000000000
22,2/12/2024,1.002000000000000
22,2/19/2024,1.019000000000000
22,2/26/2024,0.992000000000000
22,3/4/2024,0.995000000000000
22,3/11/2024,0.988000000000000
22,3/18/2024,1.049000000000000
22,3/25/2024,1.009000000000000
22,4/1/2024,0.965000000000000
22,4/8/2024,0.954000000000000
22,4/15/2024,1.025000000000000
22,4/22/2024,0.975000000000000
22,4/29/2024,0.964000000000000
22,5/6/2024,0.953000000000000
22,5/13/2024,0.974000000000000
22,5/20/2024,1.015000000000000
22,5/27/2024,0.950000000000000
22,6/3/2024,1.001000000000000
22,6/10/2024,1.014000000000000
22,6/17/2024,1.003000000000000
22,6/24/2024,0.997000000000000
22,7/1/2024,0.988000000000000
22,7/8/2024,0.973000000000000
22,7/15/2024,1.051000000000000
22,7/22/2024,1.007000000000000
22,7/29/2024,0.990000000000000
22,8/5/2024,1.004000000000000
22,8/12/2024,0.997000000000000
22,8/19/2024,1.032000000000000
22,8/26/2024,1.005000000000000
22,9/2/2024,1.011000000000000
22,9/9/2024,0.989000000000000
22,9/16/2024,1.031000000000000
22,9/23/2024,1.031000000000000
22,9/30/2024,0.985000000000000
22,10/7/2024,0.968000000000000
22,10/14/2024,1.071000000000000
22,10/21/2024,1.001000000000000
22,10/28/2024,0.964000000000000
22,11/4/2024,0.993000000000000
22,11/11/2024,0.975000000000000
22,11/18/2024,1.039000000000000
22,11/25/2024,1.048000000000000
22,12/2/2024,1.028000000000000
22,12/9/2024,1.048000000000000
22,12/16/2024,1.097000000000000
22,12/23/2024,1.099000000000000
22,12/30/2024,0.828000000000000
23,3/1/2021,0.966000000000000
23,3/8/2021,0.980000000000000
23,3/15/2021,1.012000000000000
23,3/22/2021,1.018000000000000
23,3/29/2021,0.941000000000000
23,4/5/2021,0.940000000000000
23,4/12/2021,0.944000000000000
23,4/19/2021,1.034000000000000
23,4/26/2021,0.985000000000000
23,5/3/2021,0.977000000000000
23,5/10/2021,0.953000000000000
23,5/17/2021,0.992000000000000
23,5/24/2021,1.016000000000000
23,5/31/2021,0.991000000000000
23,6/7/2021,1.008000000000000
23,6/14/2021,1.049000000000000
23,6/21/2021,1.011000000000000
23,6/28/2021,0.971000000000000
23,7/5/2021,0.961000000000000
23,7/12/2021,0.973000000000000
23,7/19/2021,1.073000000000000
23,7/26/2021,1.005000000000000
23,8/2/2021,0.990000000000000
23,8/9/2021,0.987000000000000
23,8/16/2021,1.045000000000000
23,8/23/2021,1.011000000000000
23,8/30/2021,0.984000000000000
23,9/6/2021,1.021000000000000
23,9/13/2021,1.011000000000000
23,9/20/2021,1.109000000000000
23,9/27/2021,1.029000000000000
23,10/4/2021,0.946000000000000
23,10/11/2021,0.973000000000000
23,10/18/2021,0.990000000000000
23,10/25/2021,0.990000000000000
23,11/1/2021,0.984000000000000
23,11/8/2021,0.962000000000000
23,11/15/2021,1.032000000000000
23,11/22/2021,1.003000000000000
23,11/29/2021,0.995000000000000
23,12/6/2021,1.015000000000000
23,12/13/2021,1.006000000000000
23,12/20/2021,1.100000000000000
23,12/27/2021,0.989000000000000
23,1/3/2022,0.875000000000000
23,1/10/2022,0.969000000000000
23,1/17/2022,1.016000000000000
23,1/24/2022,1.039000000000000
23,1/31/2022,1.001000000000000
23,2/7/2022,1.020000000000000
23,2/14/2022,1.032000000000000
23,2/21/2022,1.052000000000000
23,2/28/2022,0.978000000000000
23,3/7/2022,0.988000000000000
23,3/14/2022,1.000000000000000
23,3/21/2022,1.020000000000000
23,3/28/2022,0.960000000000000
23,4/4/2022,0.947000000000000
23,4/11/2022,0.952000000000000
23,4/18/2022,1.024000000000000
23,4/25/2022,0.991000000000000
23,5/2/2022,0.975000000000000
23,5/9/2022,0.946000000000000
23,5/16/2022,0.997000000000000
23,5/23/2022,1.006000000000000
23,5/30/2022,0.978000000000000
23,6/6/2022,1.003000000000000
23,6/13/2022,1.026000000000000
23,6/20/2022,1.020000000000000
23,6/27/2022,0.979000000000000
23,7/4/2022,0.968000000000000
23,7/11/2022,0.974000000000000
23,7/18/2022,1.063000000000000
23,7/25/2022,1.008000000000000
23,8/1/2022,0.995000000000000
23,8/8/2022,0.992000000000000
23,8/15/2022,1.034000000000000
23,8/22/2022,1.004000000000000
23,8/29/2022,0.990000000000000
23,9/5/2022,1.015000000000000
23,9/12/2022,1.008000000000000
23,9/19/2022,1.092000000000000
23,9/26/2022,1.060000000000000
23,10/3/2022,0.942000000000000
23,10/10/2022,0.970000000000000
23,10/17/2022,1.014000000000000
23,10/24/2022,0.993000000000000
23,10/31/2022,0.980000000000000
23,11/7/2022,0.966000000000000
23,11/14/2022,1.010000000000000
23,11/21/2022,1.021000000000000
23,11/28/2022,1.009000000000000
23,12/5/2022,1.023000000000000
23,12/12/2022,1.014000000000000
23,12/19/2022,1.097000000000000
23,12/26/2022,1.048000000000000
23,1/2/2023,0.846000000000000
23,1/9/2023,0.962000000000000
23,1/16/2023,1.020000000000000
23,1/23/2023,1.005000000000000
23,1/30/2023,1.007000000000000
23,2/6/2023,1.004000000000000
23,2/13/2023,1.013000000000000
23,2/20/2023,1.037000000000000
23,2/27/2023,0.987000000000000
23,3/6/2023,0.994000000000000
23,3/13/2023,0.993000000000000
23,3/20/2023,1.030000000000000
23,3/27/2023,0.983000000000000
23,4/3/2023,0.956000000000000
23,4/10/2023,0.956000000000000
23,4/17/2023,1.020000000000000
23,4/24/2023,0.987000000000000
23,5/1/2023,0.971000000000000
23,5/8/2023,0.947000000000000
23,5/15/2023,0.989000000000000
23,5/22/2023,1.006000000000000
23,5/29/2023,0.965000000000000
23,6/5/2023,1.000000000000000
23,6/12/2023,1.013000000000000
23,6/19/2023,1.016000000000000
23,6/26/2023,0.988000000000000
23,7/3/2023,0.977000000000000
23,7/10/2023,0.973000000000000
23,7/17/2023,1.055000000000000
23,7/24/2023,1.009000000000000
23,7/31/2023,0.995000000000000
23,8/7/2023,0.997000000000000
23,8/14/2023,1.017000000000000
23,8/21/2023,1.011000000000000
23,8/28/2023,0.997000000000000
23,9/4/2023,1.011000000000000
23,9/11/2023,1.001000000000000
23,9/18/2023,1.066000000000000
23,9/25/2023,1.062000000000000
23,10/2/2023,0.955000000000000
23,10/9/2023,0.968000000000000
23,10/16/2023,1.041000000000000
23,10/23/2023,0.997000000000000
23,10/30/2023,0.972000000000000
23,11/6/2023,0.977000000000000
23,11/13/2023,0.992000000000000
23,11/20/2023,1.031000000000000
23,11/27/2023,1.027000000000000
23,12/4/2023,1.027000000000000
23,12/11/2023,1.028000000000000
23,12/18/2023,1.096000000000000
23,12/25/2023,1.083000000000000
23,1/1/2024,0.832000000000000
23,1/8/2024,0.955000000000000
23,1/15/2024,1.021000000000000
23,1/22/2024,0.977000000000000
23,1/29/2024,1.009000000000000
23,2/5/2024,0.986000000000000
23,2/12/2024,1.002000000000000
23,2/19/2024,1.019000000000000
23,2/26/2024,0.992000000000000
23,3/4/2024,0.995000000000000
23,3/11/2024,0.988000000000000
23,3/18/2024,1.049000000000000
23,3/25/2024,1.009000000000000
23,4/1/2024,0.965000000000000
23,4/8/2024,0.954000000000000
23,4/15/2024,1.025000000000000
23,4/22/2024,0.975000000000000
23,4/29/2024,0.964000000000000
23,5/6/2024,0.953000000000000
23,5/13/2024,0.974000000000000
23,5/20/2024,1.015000000000000
23,5/27/2024,0.950000000000000
23,6/3/2024,1.001000000000000
23,6/10/2024,1.014000000000000
23,6/17/2024,1.003000000000000
23,6/24/2024,0.997000000000000
23,7/1/2024,0.988000000000000
23,7/8/2024,0.973000000000000
23,7/15/2024,1.051000000000000
23,7/22/2024,1.007000000000000
23,7/29/2024,0.990000000000000
23,8/5/2024,1.004000000000000
23,8/12/2024,0.997000000000000
23,8/19/2024,1.032000000000000
23,8/26/2024,1.005000000000000
23,9/2/2024,1.011000000000000
23,9/9/2024,0.989000000000000
23,9/16/2024,1.031000000000000
23,9/23/2024,1.031000000000000
23,9/30/2024,0.985000000000000
23,10/7/2024,0.968000000000000
23,10/14/2024,1.071000000000000
23,10/21/2024,1.001000000000000
23,10/28/2024,0.964000000000000
23,11/4/2024,0.993000000000000
23,11/11/2024,0.975000000000000
23,11/18/2024,1.039000000000000
23,11/25/2024,1.048000000000000
23,12/2/2024,1.028000000000000
23,12/9/2024,1.048000000000000
23,12/16/2024,1.097000000000000
23,12/23/2024,1.099000000000000
23,12/30/2024,0.828000000000000
24,3/1/2021,0.966000000000000
24,3/8/2021,0.980000000000000
24,3/15/2021,1.012000000000000
24,3/22/2021,1.018000000000000
24,3/29/2021,0.941000000000000
24,4/5/2021,0.940000000000000
24,4/12/2021,0.944000000000000
24,4/19/2021,1.034000000000000
24,4/26/2021,0.985000000000000
24,5/3/2021,0.977000000000000
24,5/10/2021,0.953000000000000
24,5/17/2021,0.992000000000000
24,5/24/2021,1.016000000000000
24,5/31/2021,0.991000000000000
24,6/7/2021,1.008000000000000
24,6/14/2021,1.049000000000000
24,6/21/2021,1.011000000000000
24,6/28/2021,0.971000000000000
24,7/5/2021,0.961000000000000
24,7/12/2021,0.973000000000000
24,7/19/2021,1.073000000000000
24,7/26/2021,1.005000000000000
24,8/2/2021,0.990000000000000
24,8/9/2021,0.987000000000000
24,8/16/2021,1.045000000000000
24,8/23/2021,1.011000000000000
24,8/30/2021,0.984000000000000
24,9/6/2021,1.021000000000000
24,9/13/2021,1.011000000000000
24,9/20/2021,1.109000000000000
24,9/27/2021,1.029000000000000
24,10/4/2021,0.946000000000000
24,10/11/2021,0.973000000000000
24,10/18/2021,0.990000000000000
24,10/25/2021,0.990000000000000
24,11/1/2021,0.984000000000000
24,11/8/2021,0.962000000000000
24,11/15/2021,1.032000000000000
24,11/22/2021,1.003000000000000
24,11/29/2021,0.995000000000000
24,12/6/2021,1.015000000000000
24,12/13/2021,1.006000000000000
24,12/20/2021,1.100000000000000
24,12/27/2021,0.989000000000000
24,1/3/2022,0.875000000000000
24,1/10/2022,0.969000000000000
24,1/17/2022,1.016000000000000
24,1/24/2022,1.039000000000000
24,1/31/2022,1.001000000000000
24,2/7/2022,1.020000000000000
24,2/14/2022,1.032000000000000
24,2/21/2022,1.052000000000000
24,2/28/2022,0.978000000000000
24,3/7/2022,0.988000000000000
24,3/14/2022,1.000000000000000
24,3/21/2022,1.020000000000000
24,3/28/2022,0.960000000000000
24,4/4/2022,0.947000000000000
24,4/11/2022,0.952000000000000
24,4/18/2022,1.024000000000000
24,4/25/2022,0.991000000000000
24,5/2/2022,0.975000000000000
24,5/9/2022,0.946000000000000
24,5/16/2022,0.997000000000000
24,5/23/2022,1.006000000000000
24,5/30/2022,0.978000000000000
24,6/6/2022,1.003000000000000
24,6/13/2022,1.026000000000000
24,6/20/2022,1.020000000000000
24,6/27/2022,0.979000000000000
24,7/4/2022,0.968000000000000
24,7/11/2022,0.974000000000000
24,7/18/2022,1.063000000000000
24,7/25/2022,1.008000000000000
24,8/1/2022,0.995000000000000
24,8/8/2022,0.992000000000000
24,8/15/2022,1.034000000000000
24,8/22/2022,1.004000000000000
24,8/29/2022,0.990000000000000
24,9/5/2022,1.015000000000000
24,9/12/2022,1.008000000000000
24,9/19/2022,1.092000000000000
24,9/26/2022,1.060000000000000
24,10/3/2022,0.942000000000000
24,10/10/2022,0.970000000000000
24,10/17/2022,1.014000000000000
24,10/24/2022,0.993000000000000
24,10/31/2022,0.980000000000000
24,11/7/2022,0.966000000000000
24,11/14/2022,1.010000000000000
24,11/21/2022,1.021000000000000
24,11/28/2022,1.009000000000000
24,12/5/2022,1.023000000000000
24,12/12/2022,1.014000000000000
24,12/19/2022,1.097000000000000
24,12/26/2022,1.048000000000000
24,1/2/2023,0.846000000000000
24,1/9/2023,0.962000000000000
24,1/16/2023,1.020000000000000
24,1/23/2023,1.005000000000000
24,1/30/2023,1.007000000000000
24,2/6/2023,1.004000000000000
24,2/13/2023,1.013000000000000
24,2/20/2023,1.037000000000000
24,2/27/2023,0.987000000000000
24,3/6/2023,0.994000000000000
24,3/13/2023,0.993000000000000
24,3/20/2023,1.030000000000000
24,3/27/2023,0.983000000000000
24,4/3/2023,0.956000000000000
24,4/10/2023,0.956000000000000
24,4/17/2023,1.020000000000000
24,4/24/2023,0.987000000000000
24,5/1/2023,0.971000000000000
24,5/8/2023,0.947000000000000
24,5/15/2023,0.989000000000000
24,5/22/2023,1.006000000000000
24,5/29/2023,0.965000000000000
24,6/5/2023,1.000000000000000
24,6/12/2023,1.013000000000000
24,6/19/2023,1.016000000000000
24,6/26/2023,0.988000000000000
24,7/3/2023,0.977000000000000
24,7/10/2023,0.973000000000000
24,7/17/2023,1.055000000000000
24,7/24/2023,1.009000000000000
24,7/31/2023,0.995000000000000
24,8/7/2023,0.997000000000000
24,8/14/2023,1.017000000000000
24,8/21/2023,1.011000000000000
24,8/28/2023,0.997000000000000
24,9/4/2023,1.011000000000000
24,9/11/2023,1.001000000000000
24,9/18/2023,1.066000000000000
24,9/25/2023,1.062000000000000
24,10/2/2023,0.955000000000000
24,10/9/2023,0.968000000000000
24,10/16/2023,1.041000000000000
24,10/23/2023,0.997000000000000
24,10/30/2023,0.972000000000000
24,11/6/2023,0.977000000000000
24,11/13/2023,0.992000000000000
24,11/20/2023,1.031000000000000
24,11/27/2023,1.027000000000000
24,12/4/2023,1.027000000000000
24,12/11/2023,1.028000000000000
24,12/18/2023,1.096000000000000
24,12/25/2023,1.083000000000000
24,1/1/2024,0.832000000000000
24,1/8/2024,0.955000000000000
24,1/15/2024,1.021000000000000
24,1/22/2024,0.977000000000000
24,1/29/2024,1.009000000000000
24,2/5/2024,0.986000000000000
24,2/12/2024,1.002000000000000
24,2/19/2024,1.019000000000000
24,2/26/2024,0.992000000000000
24,3/4/2024,0.995000000000000
24,3/11/2024,0.988000000000000
24,3/18/2024,1.049000000000000
24,3/25/2024,1.009000000000000
24,4/1/2024,0.965000000000000
24,4/8/2024,0.954000000000000
24,4/15/2024,1.025000000000000
24,4/22/2024,0.975000000000000
24,4/29/2024,0.964000000000000
24,5/6/2024,0.953000000000000
24,5/13/2024,0.974000000000000
24,5/20/2024,1.015000000000000
24,5/27/2024,0.950000000000000
24,6/3/2024,1.001000000000000
24,6/10/2024,1.014000000000000
24,6/17/2024,1.003000000000000
24,6/24/2024,0.997000000000000
24,7/1/2024,0.988000000000000
24,7/8/2024,0.973000000000000
24,7/15/2024,1.051000000000000
24,7/22/2024,1.007000000000000
24,7/29/2024,0.990000000000000
24,8/5/2024,1.004000000000000
24,8/12/2024,0.997000000000000
24,8/19/2024,1.032000000000000
24,8/26/2024,1.005000000000000
24,9/2/2024,1.011000000000000
24,9/9/2024,0.989000000000000
24,9/16/2024,1.031000000000000
24,9/23/2024,1.031000000000000
24,9/30/2024,0.985000000000000
24,10/7/2024,0.968000000000000
24,10/14/2024,1.071000000000000
24,10/21/2024,1.001000000000000
24,10/28/2024,0.964000000000000
24,11/4/2024,0.993000000000000
24,11/11/2024,0.975000000000000
24,11/18/2024,1.039000000000000
24,11/25/2024,1.048000000000000
24,12/2/2024,1.028000000000000
24,12/9/2024,1.048000000000000
24,12/16/2024,1.097000000000000
24,12/23/2024,1.099000000000000
24,12/30/2024,0.828000000000000
25,3/1/2021,0.966000000000000
25,3/8/2021,0.980000000000000
25,3/15/2021,1.012000000000000
25,3/22/2021,1.018000000000000
25,3/29/2021,0.941000000000000
25,4/5/2021,0.940000000000000
25,4/12/2021,0.944000000000000
25,4/19/2021,1.034000000000000
25,4/26/2021,0.985000000000000
25,5/3/2021,0.977000000000000
25,5/10/2021,0.953000000000000
25,5/17/2021,0.992000000000000
25,5/24/2021,1.016000000000000
25,5/31/2021,0.991000000000000
25,6/7/2021,1.008000000000000
25,6/14/2021,1.049000000000000
25,6/21/2021,1.011000000000000
25,6/28/2021,0.971000000000000
25,7/5/2021,0.961000000000000
25,7/12/2021,0.973000000000000
25,7/19/2021,1.073000000000000
25,7/26/2021,1.005000000000000
25,8/2/2021,0.990000000000000
25,8/9/2021,0.987000000000000
25,8/16/2021,1.045000000000000
25,8/23/2021,1.011000000000000
25,8/30/2021,0.984000000000000
25,9/6/2021,1.021000000000000
25,9/13/2021,1.011000000000000
25,9/20/2021,1.109000000000000
25,9/27/2021,1.029000000000000
25,10/4/2021,0.946000000000000
25,10/11/2021,0.973000000000000
25,10/18/2021,0.990000000000000
25,10/25/2021,0.990000000000000
25,11/1/2021,0.984000000000000
25,11/8/2021,0.962000000000000
25,11/15/2021,1.032000000000000
25,11/22/2021,1.003000000000000
25,11/29/2021,0.995000000000000
25,12/6/2021,1.015000000000000
25,12/13/2021,1.006000000000000
25,12/20/2021,1.100000000000000
25,12/27/2021,0.989000000000000
25,1/3/2022,0.875000000000000
25,1/10/2022,0.969000000000000
25,1/17/2022,1.016000000000000
25,1/24/2022,1.039000000000000
25,1/31/2022,1.001000000000000
25,2/7/2022,1.020000000000000
25,2/14/2022,1.032000000000000
25,2/21/2022,1.052000000000000
25,2/28/2022,0.978000000000000
25,3/7/2022,0.988000000000000
25,3/14/2022,1.000000000000000
25,3/21/2022,1.020000000000000
25,3/28/2022,0.960000000000000
25,4/4/2022,0.947000000000000
25,4/11/2022,0.952000000000000
25,4/18/2022,1.024000000000000
25,4/25/2022,0.991000000000000
25,5/2/2022,0.975000000000000
25,5/9/2022,0.946000000000000
25,5/16/2022,0.997000000000000
25,5/23/2022,1.006000000000000
25,5/30/2022,0.978000000000000
25,6/6/2022,1.003000000000000
25,6/13/2022,1.026000000000000
25,6/20/2022,1.020000000000000
25,6/27/2022,0.979000000000000
25,7/4/2022,0.968000000000000
25,7/11/2022,0.974000000000000
25,7/18/2022,1.063000000000000
25,7/25/2022,1.008000000000000
25,8/1/2022,0.995000000000000
25,8/8/2022,0.992000000000000
25,8/15/2022,1.034000000000000
25,8/22/2022,1.004000000000000
25,8/29/2022,0.990000000000000
25,9/5/2022,1.015000000000000
25,9/12/2022,1.008000000000000
25,9/19/2022,1.092000000000000
25,9/26/2022,1.060000000000000
25,10/3/2022,0.942000000000000
25,10/10/2022,0.970000000000000
25,10/17/2022,1.014000000000000
25,10/24/2022,0.993000000000000
25,10/31/2022,0.980000000000000
25,11/7/2022,0.966000000000000
25,11/14/2022,1.010000000000000
25,11/21/2022,1.021000000000000
25,11/28/2022,1.009000000000000
25,12/5/2022,1.023000000000000
25,12/12/2022,1.014000000000000
25,12/19/2022,1.097000000000000
25,12/26/2022,1.048000000000000
25,1/2/2023,0.846000000000000
25,1/9/2023,0.962000000000000
25,1/16/2023,1.020000000000000
25,1/23/2023,1.005000000000000
25,1/30/2023,1.007000000000000
25,2/6/2023,1.004000000000000
25,2/13/2023,1.013000000000000
25,2/20/2023,1.037000000000000
25,2/27/2023,0.987000000000000
25,3/6/2023,0.994000000000000
25,3/13/2023,0.993000000000000
25,3/20/2023,1.030000000000000
25,3/27/2023,0.983000000000000
25,4/3/2023,0.956000000000000
25,4/10/2023,0.956000000000000
25,4/17/2023,1.020000000000000
25,4/24/2023,0.987000000000000
25,5/1/2023,0.971000000000000
25,5/8/2023,0.947000000000000
25,5/15/2023,0.989000000000000
25,5/22/2023,1.006000000000000
25,5/29/2023,0.965000000000000
25,6/5/2023,1.000000000000000
25,6/12/2023,1.013000000000000
25,6/19/2023,1.016000000000000
25,6/26/2023,0.988000000000000
25,7/3/2023,0.977000000000000
25,7/10/2023,0.973000000000000
25,7/17/2023,1.055000000000000
25,7/24/2023,1.009000000000000
25,7/31/2023,0.995000000000000
25,8/7/2023,0.997000000000000
25,8/14/2023,1.017000000000000
25,8/21/2023,1.011000000000000
25,8/28/2023,0.997000000000000
25,9/4/2023,1.011000000000000
25,9/11/2023,1.001000000000000
25,9/18/2023,1.066000000000000
25,9/25/2023,1.062000000000000
25,10/2/2023,0.955000000000000
25,10/9/2023,0.968000000000000
25,10/16/2023,1.041000000000000
25,10/23/2023,0.997000000000000
25,10/30/2023,0.972000000000000
25,11/6/2023,0.977000000000000
25,11/13/2023,0.992000000000000
25,11/20/2023,1.031000000000000
25,11/27/2023,1.027000000000000
25,12/4/2023,1.027000000000000
25,12/11/2023,1.028000000000000
25,12/18/2023,1.096000000000000
25,12/25/2023,1.083000000000000
25,1/1/2024,0.832000000000000
25,1/8/2024,0.955000000000000
25,1/15/2024,1.021000000000000
25,1/22/2024,0.977000000000000
25,1/29/2024,1.009000000000000
25,2/5/2024,0.986000000000000
25,2/12/2024,1.002000000000000
25,2/19/2024,1.019000000000000
25,2/26/2024,0.992000000000000
25,3/4/2024,0.995000000000000
25,3/11/2024,0.988000000000000
25,3/18/2024,1.049000000000000
25,3/25/2024,1.009000000000000
25,4/1/2024,0.965000000000000
25,4/8/2024,0.954000000000000
25,4/15/2024,1.025000000000000
25,4/22/2024,0.975000000000000
25,4/29/2024,0.964000000000000
25,5/6/2024,0.953000000000000
25,5/13/2024,0.974000000000000
25,5/20/2024,1.015000000000000
25,5/27/2024,0.950000000000000
25,6/3/2024,1.001000000000000
25,6/10/2024,1.014000000000000
25,6/17/2024,1.003000000000000
25,6/24/2024,0.997000000000000
25,7/1/2024,0.988000000000000
25,7/8/2024,0.973000000000000
25,7/15/2024,1.051000000000000
25,7/22/2024,1.007000000000000
25,7/29/2024,0.990000000000000
25,8/5/2024,1.004000000000000
25,8/12/2024,0.997000000000000
25,8/19/2024,1.032000000000000
25,8/26/2024,1.005000000000000
25,9/2/2024,1.011000000000000
25,9/9/2024,0.989000000000000
25,9/16/2024,1.031000000000000
25,9/23/2024,1.031000000000000
25,9/30/2024,0.985000000000000
25,10/7/2024,0.968000000000000
25,10/14/2024,1.071000000000000
25,10/21/2024,1.001000000000000
25,10/28/2024,0.964000000000000
25,11/4/2024,0.993000000000000
25,11/11/2024,0.975000000000000
25,11/18/2024,1.039000000000000
25,11/25/2024,1.048000000000000
25,12/2/2024,1.028000000000000
25,12/9/2024,1.048000000000000
25,12/16/2024,1.097000000000000
25,12/23/2024,1.099000000000000
25,12/30/2024,0.828000000000000
26,3/1/2021,0.966000000000000
26,3/8/2021,0.980000000000000
26,3/15/2021,1.012000000000000
26,3/22/2021,1.018000000000000
26,3/29/2021,0.941000000000000
26,4/5/2021,0.940000000000000
26,4/12/2021,0.944000000000000
26,4/19/2021,1.034000000000000
26,4/26/2021,0.985000000000000
26,5/3/2021,0.977000000000000
26,5/10/2021,0.953000000000000
26,5/17/2021,0.992000000000000
26,5/24/2021,1.016000000000000
26,5/31/2021,0.991000000000000
26,6/7/2021,1.008000000000000
26,6/14/2021,1.049000000000000
26,6/21/2021,1.011000000000000
26,6/28/2021,0.971000000000000
26,7/5/2021,0.961000000000000
26,7/12/2021,0.973000000000000
26,7/19/2021,1.073000000000000
26,7/26/2021,1.005000000000000
26,8/2/2021,0.990000000000000
26,8/9/2021,0.987000000000000
26,8/16/2021,1.045000000000000
26,8/23/2021,1.011000000000000
26,8/30/2021,0.984000000000000
26,9/6/2021,1.021000000000000
26,9/13/2021,1.011000000000000
26,9/20/2021,1.109000000000000
26,9/27/2021,1.029000000000000
26,10/4/2021,0.946000000000000
26,10/11/2021,0.973000000000000
26,10/18/2021,0.990000000000000
26,10/25/2021,0.990000000000000
26,11/1/2021,0.984000000000000
26,11/8/2021,0.962000000000000
26,11/15/2021,1.032000000000000
26,11/22/2021,1.003000000000000
26,11/29/2021,0.995000000000000
26,12/6/2021,1.015000000000000
26,12/13/2021,1.006000000000000
26,12/20/2021,1.100000000000000
26,12/27/2021,0.989000000000000
26,1/3/2022,0.875000000000000
26,1/10/2022,0.969000000000000
26,1/17/2022,1.016000000000000
26,1/24/2022,1.039000000000000
26,1/31/2022,1.001000000000000
26,2/7/2022,1.020000000000000
26,2/14/2022,1.032000000000000
26,2/21/2022,1.052000000000000
26,2/28/2022,0.978000000000000
26,3/7/2022,0.988000000000000
26,3/14/2022,1.000000000000000
26,3/21/2022,1.020000000000000
26,3/28/2022,0.960000000000000
26,4/4/2022,0.947000000000000
26,4/11/2022,0.952000000000000
26,4/18/2022,1.024000000000000
26,4/25/2022,0.991000000000000
26,5/2/2022,0.975000000000000
26,5/9/2022,0.946000000000000
26,5/16/2022,0.997000000000000
26,5/23/2022,1.006000000000000
26,5/30/2022,0.978000000000000
26,6/6/2022,1.003000000000000
26,6/13/2022,1.026000000000000
26,6/20/2022,1.020000000000000
26,6/27/2022,0.979000000000000
26,7/4/2022,0.968000000000000
26,7/11/2022,0.974000000000000
26,7/18/2022,1.063000000000000
26,7/25/2022,1.008000000000000
26,8/1/2022,0.995000000000000
26,8/8/2022,0.992000000000000
26,8/15/2022,1.034000000000000
26,8/22/2022,1.004000000000000
26,8/29/2022,0.990000000000000
26,9/5/2022,1.015000000000000
26,9/12/2022,1.008000000000000
26,9/19/2022,1.092000000000000
26,9/26/2022,1.060000000000000
26,10/3/2022,0.942000000000000
26,10/10/2022,0.970000000000000
26,10/17/2022,1.014000000000000
26,10/24/2022,0.993000000000000
26,10/31/2022,0.980000000000000
26,11/7/2022,0.966000000000000
26,11/14/2022,1.010000000000000
26,11/21/2022,1.021000000000000
26,11/28/2022,1.009000000000000
26,12/5/2022,1.023000000000000
26,12/12/2022,1.014000000000000
26,12/19/2022,1.097000000000000
26,12/26/2022,1.048000000000000
26,1/2/2023,0.846000000000000
26,1/9/2023,0.962000000000000
26,1/16/2023,1.020000000000000
26,1/23/2023,1.005000000000000
26,1/30/2023,1.007000000000000
26,2/6/2023,1.004000000000000
26,2/13/2023,1.013000000000000
26,2/20/2023,1.037000000000000
26,2/27/2023,0.987000000000000
26,3/6/2023,0.994000000000000
26,3/13/2023,0.993000000000000
26,3/20/2023,1.030000000000000
26,3/27/2023,0.983000000000000
26,4/3/2023,0.956000000000000
26,4/10/2023,0.956000000000000
26,4/17/2023,1.020000000000000
26,4/24/2023,0.987000000000000
26,5/1/2023,0.971000000000000
26,5/8/2023,0.947000000000000
26,5/15/2023,0.989000000000000
26,5/22/2023,1.006000000000000
26,5/29/2023,0.965000000000000
26,6/5/2023,1.000000000000000
26,6/12/2023,1.013000000000000
26,6/19/2023,1.016000000000000
26,6/26/2023,0.988000000000000
26,7/3/2023,0.977000000000000
26,7/10/2023,0.973000000000000
26,7/17/2023,1.055000000000000
26,7/24/2023,1.009000000000000
26,7/31/2023,0.995000000000000
26,8/7/2023,0.997000000000000
26,8/14/2023,1.017000000000000
26,8/21/2023,1.011000000000000
26,8/28/2023,0.997000000000000
26,9/4/2023,1.011000000000000
26,9/11/2023,1.001000000000000
26,9/18/2023,1.066000000000000
26,9/25/2023,1.062000000000000
26,10/2/2023,0.955000000000000
26,10/9/2023,0.968000000000000
26,10/16/2023,1.041000000000000
26,10/23/2023,0.997000000000000
26,10/30/2023,0.972000000000000
26,11/6/2023,0.977000000000000
26,11/13/2023,0.992000000000000
26,11/20/2023,1.031000000000000
26,11/27/2023,1.027000000000000
26,12/4/2023,1.027000000000000
26,12/11/2023,1.028000000000000
26,12/18/2023,1.096000000000000
26,12/25/2023,1.083000000000000
26,1/1/2024,0.832000000000000
26,1/8/2024,0.955000000000000
26,1/15/2024,1.021000000000000
26,1/22/2024,0.977000000000000
26,1/29/2024,1.009000000000000
26,2/5/2024,0.986000000000000
26,2/12/2024,1.002000000000000
26,2/19/2024,1.019000000000000
26,2/26/2024,0.992000000000000
26,3/4/2024,0.995000000000000
26,3/11/2024,0.988000000000000
26,3/18/2024,1.049000000000000
26,3/25/2024,1.009000000000000
26,4/1/2024,0.965000000000000
26,4/8/2024,0.954000000000000
26,4/15/2024,1.025000000000000
26,4/22/2024,0.975000000000000
26,4/29/2024,0.964000000000000
26,5/6/2024,0.953000000000000
26,5/13/2024,0.974000000000000
26,5/20/2024,1.015000000000000
26,5/27/2024,0.950000000000000
26,6/3/2024,1.001000000000000
26,6/10/2024,1.014000000000000
26,6/17/2024,1.003000000000000
26,6/24/2024,0.997000000000000
26,7/1/2024,0.988000000000000
26,7/8/2024,0.973000000000000
26,7/15/2024,1.051000000000000
26,7/22/2024,1.007000000000000
26,7/29/2024,0.990000000000000
26,8/5/2024,1.004000000000000
26,8/12/2024,0.997000000000000
26,8/19/2024,1.032000000000000
26,8/26/2024,1.005000000000000
26,9/2/2024,1.011000000000000
26,9/9/2024,0.989000000000000
26,9/16/2024,1.031000000000000
26,9/23/2024,1.031000000000000
26,9/30/2024,0.985000000000000
26,10/7/2024,0.968000000000000
26,10/14/2024,1.071000000000000
26,10/21/2024,1.001000000000000
26,10/28/2024,0.964000000000000
26,11/4/2024,0.993000000000000
26,11/11/2024,0.975000000000000
26,11/18/2024,1.039000000000000
26,11/25/2024,1.048000000000000
26,12/2/2024,1.028000000000000
26,12/9/2024,1.048000000000000
26,12/16/2024,1.097000000000000
26,12/23/2024,1.099000000000000
26,12/30/2024,0.828000000000000
27,3/1/2021,0.966000000000000
27,3/8/2021,0.980000000000000
27,3/15/2021,1.012000000000000
27,3/22/2021,1.018000000000000
27,3/29/2021,0.941000000000000
27,4/5/2021,0.940000000000000
27,4/12/2021,0.944000000000000
27,4/19/2021,1.034000000000000
27,4/26/2021,0.985000000000000
27,5/3/2021,0.977000000000000
27,5/10/2021,0.953000000000000
27,5/17/2021,0.992000000000000
27,5/24/2021,1.016000000000000
27,5/31/2021,0.991000000000000
27,6/7/2021,1.008000000000000
27,6/14/2021,1.049000000000000
27,6/21/2021,1.011000000000000
27,6/28/2021,0.971000000000000
27,7/5/2021,0.961000000000000
27,7/12/2021,0.973000000000000
27,7/19/2021,1.073000000000000
27,7/26/2021,1.005000000000000
27,8/2/2021,0.990000000000000
27,8/9/2021,0.987000000000000
27,8/16/2021,1.045000000000000
27,8/23/2021,1.011000000000000
27,8/30/2021,0.984000000000000
27,9/6/2021,1.021000000000000
27,9/13/2021,1.011000000000000
27,9/20/2021,1.109000000000000
27,9/27/2021,1.029000000000000
27,10/4/2021,0.946000000000000
27,10/11/2021,0.973000000000000
27,10/18/2021,0.990000000000000
27,10/25/2021,0.990000000000000
27,11/1/2021,0.984000000000000
27,11/8/2021,0.962000000000000
27,11/15/2021,1.032000000000000
27,11/22/2021,1.003000000000000
27,11/29/2021,0.995000000000000
27,12/6/2021,1.015000000000000
27,12/13/2021,1.006000000000000
27,12/20/2021,1.100000000000000
27,12/27/2021,0.989000000000000
27,1/3/2022,0.875000000000000
27,1/10/2022,0.969000000000000
27,1/17/2022,1.016000000000000
27,1/24/2022,1.039000000000000
27,1/31/2022,1.001000000000000
27,2/7/2022,1.020000000000000
27,2/14/2022,1.032000000000000
27,2/21/2022,1.052000000000000
27,2/28/2022,0.978000000000000
27,3/7/2022,0.988000000000000
27,3/14/2022,1.000000000000000
27,3/21/2022,1.020000000000000
27,3/28/2022,0.960000000000000
27,4/4/2022,0.947000000000000
27,4/11/2022,0.952000000000000
27,4/18/2022,1.024000000000000
27,4/25/2022,0.991000000000000
27,5/2/2022,0.975000000000000
27,5/9/2022,0.946000000000000
27,5/16/2022,0.997000000000000
27,5/23/2022,1.006000000000000
27,5/30/2022,0.978000000000000
27,6/6/2022,1.003000000000000
27,6/13/2022,1.026000000000000
27,6/20/2022,1.020000000000000
27,6/27/2022,0.979000000000000
27,7/4/2022,0.968000000000000
27,7/11/2022,0.974000000000000
27,7/18/2022,1.063000000000000
27,7/25/2022,1.008000000000000
27,8/1/2022,0.995000000000000
27,8/8/2022,0.992000000000000
27,8/15/2022,1.034000000000000
27,8/22/2022,1.004000000000000
27,8/29/2022,0.990000000000000
27,9/5/2022,1.015000000000000
27,9/12/2022,1.008000000000000
27,9/19/2022,1.092000000000000
27,9/26/2022,1.060000000000000
27,10/3/2022,0.942000000000000
27,10/10/2022,0.970000000000000
27,10/17/2022,1.014000000000000
27,10/24/2022,0.993000000000000
27,10/31/2022,0.980000000000000
27,11/7/2022,0.966000000000000
27,11/14/2022,1.010000000000000
27,11/21/2022,1.021000000000000
27,11/28/2022,1.009000000000000
27,12/5/2022,1.023000000000000
27,12/12/2022,1.014000000000000
27,12/19/2022,1.097000000000000
27,12/26/2022,1.048000000000000
27,1/2/2023,0.846000000000000
27,1/9/2023,0.962000000000000
27,1/16/2023,1.020000000000000
27,1/23/2023,1.005000000000000
27,1/30/2023,1.007000000000000
27,2/6/2023,1.004000000000000
27,2/13/2023,1.013000000000000
27,2/20/2023,1.037000000000000
27,2/27/2023,0.987000000000000
27,3/6/2023,0.994000000000000
27,3/13/2023,0.993000000000000
27,3/20/2023,1.030000000000000
27,3/27/2023,0.983000000000000
27,4/3/2023,0.956000000000000
27,4/10/2023,0.956000000000000
27,4/17/2023,1.020000000000000
27,4/24/2023,0.987000000000000
27,5/1/2023,0.971000000000000
27,5/8/2023,0.947000000000000
27,5/15/2023,0.989000000000000
27,5/22/2023,1.006000000000000
27,5/29/2023,0.965000000000000
27,6/5/2023,1.000000000000000
27,6/12/2023,1.013000000000000
27,6/19/2023,1.016000000000000
27,6/26/2023,0.988000000000000
27,7/3/2023,0.977000000000000
27,7/10/2023,0.973000000000000
27,7/17/2023,1.055000000000000
27,7/24/2023,1.009000000000000
27,7/31/2023,0.995000000000000
27,8/7/2023,0.997000000000000
27,8/14/2023,1.017000000000000
27,8/21/2023,1.011000000000000
27,8/28/2023,0.997000000000000
27,9/4/2023,1.011000000000000
27,9/11/2023,1.001000000000000
27,9/18/2023,1.066000000000000
27,9/25/2023,1.062000000000000
27,10/2/2023,0.955000000000000
27,10/9/2023,0.968000000000000
27,10/16/2023,1.041000000000000
27,10/23/2023,0.997000000000000
27,10/30/2023,0.972000000000000
27,11/6/2023,0.977000000000000
27,11/13/2023,0.992000000000000
27,11/20/2023,1.031000000000000
27,11/27/2023,1.027000000000000
27,12/4/2023,1.027000000000000
27,12/11/2023,1.028000000000000
27,12/18/2023,1.096000000000000
27,12/25/2023,1.083000000000000
27,1/1/2024,0.832000000000000
27,1/8/2024,0.955000000000000
27,1/15/2024,1.021000000000000
27,1/22/2024,0.977000000000000
27,1/29/2024,1.009000000000000
27,2/5/2024,0.986000000000000
27,2/12/2024,1.002000000000000
27,2/19/2024,1.019000000000000
27,2/26/2024,0.992000000000000
27,3/4/2024,0.995000000000000
27,3/11/2024,0.988000000000000
27,3/18/2024,1.049000000000000
27,3/25/2024,1.009000000000000
27,4/1/2024,0.965000000000000
27,4/8/2024,0.954000000000000
27,4/15/2024,1.025000000000000
27,4/22/2024,0.975000000000000
27,4/29/2024,0.964000000000000
27,5/6/2024,0.953000000000000
27,5/13/2024,0.974000000000000
27,5/20/2024,1.015000000000000
27,5/27/2024,0.950000000000000
27,6/3/2024,1.001000000000000
27,6/10/2024,1.014000000000000
27,6/17/2024,1.003000000000000
27,6/24/2024,0.997000000000000
27,7/1/2024,0.988000000000000
27,7/8/2024,0.973000000000000
27,7/15/2024,1.051000000000000
27,7/22/2024,1.007000000000000
27,7/29/2024,0.990000000000000
27,8/5/2024,1.004000000000000
27,8/12/2024,0.997000000000000
27,8/19/2024,1.032000000000000
27,8/26/2024,1.005000000000000
27,9/2/2024,1.011000000000000
27,9/9/2024,0.989000000000000
27,9/16/2024,1.031000000000000
27,9/23/2024,1.031000000000000
27,9/30/2024,0.985000000000000
27,10/7/2024,0.968000000000000
27,10/14/2024,1.071000000000000
27,10/21/2024,1.001000000000000
27,10/28/2024,0.964000000000000
27,11/4/2024,0.993000000000000
27,11/11/2024,0.975000000000000
27,11/18/2024,1.039000000000000
27,11/25/2024,1.048000000000000
27,12/2/2024,1.028000000000000
27,12/9/2024,1.048000000000000
27,12/16/2024,1.097000000000000
27,12/23/2024,1.099000000000000
27,12/30/2024,0.828000000000000
28,3/1/2021,0.966000000000000
28,3/8/2021,0.980000000000000
28,3/15/2021,1.012000000000000
28,3/22/2021,1.018000000000000
28,3/29/2021,0.941000000000000
28,4/5/2021,0.940000000000000
28,4/12/2021,0.944000000000000
28,4/19/2021,1.034000000000000
28,4/26/2021,0.985000000000000
28,5/3/2021,0.977000000000000
28,5/10/2021,0.953000000000000
28,5/17/2021,0.992000000000000
28,5/24/2021,1.016000000000000
28,5/31/2021,0.991000000000000
28,6/7/2021,1.008000000000000
28,6/14/2021,1.049000000000000
28,6/21/2021,1.011000000000000
28,6/28/2021,0.971000000000000
28,7/5/2021,0.961000000000000
28,7/12/2021,0.973000000000000
28,7/19/2021,1.073000000000000
28,7/26/2021,1.005000000000000
28,8/2/2021,0.990000000000000
28,8/9/2021,0.987000000000000
28,8/16/2021,1.045000000000000
28,8/23/2021,1.011000000000000
28,8/30/2021,0.984000000000000
28,9/6/2021,1.021000000000000
28,9/13/2021,1.011000000000000
28,9/20/2021,1.109000000000000
28,9/27/2021,1.029000000000000
28,10/4/2021,0.946000000000000
28,10/11/2021,0.973000000000000
28,10/18/2021,0.990000000000000
28,10/25/2021,0.990000000000000
28,11/1/2021,0.984000000000000
28,11/8/2021,0.962000000000000
28,11/15/2021,1.032000000000000
28,11/22/2021,1.003000000000000
28,11/29/2021,0.995000000000000
28,12/6/2021,1.015000000000000
28,12/13/2021,1.006000000000000
28,12/20/2021,1.100000000000000
28,12/27/2021,0.989000000000000
28,1/3/2022,0.875000000000000
28,1/10/2022,0.969000000000000
28,1/17/2022,1.016000000000000
28,1/24/2022,1.039000000000000
28,1/31/2022,1.001000000000000
28,2/7/2022,1.020000000000000
28,2/14/2022,1.032000000000000
28,2/21/2022,1.052000000000000
28,2/28/2022,0.978000000000000
28,3/7/2022,0.988000000000000
28,3/14/2022,1.000000000000000
28,3/21/2022,1.020000000000000
28,3/28/2022,0.960000000000000
28,4/4/2022,0.947000000000000
28,4/11/2022,0.952000000000000
28,4/18/2022,1.024000000000000
28,4/25/2022,0.991000000000000
28,5/2/2022,0.975000000000000
28,5/9/2022,0.946000000000000
28,5/16/2022,0.997000000000000
28,5/23/2022,1.006000000000000
28,5/30/2022,0.978000000000000
28,6/6/2022,1.003000000000000
28,6/13/2022,1.026000000000000
28,6/20/2022,1.020000000000000
28,6/27/2022,0.979000000000000
28,7/4/2022,0.968000000000000
28,7/11/2022,0.974000000000000
28,7/18/2022,1.063000000000000
28,7/25/2022,1.008000000000000
28,8/1/2022,0.995000000000000
28,8/8/2022,0.992000000000000
28,8/15/2022,1.034000000000000
28,8/22/2022,1.004000000000000
28,8/29/2022,0.990000000000000
28,9/5/2022,1.015000000000000
28,9/12/2022,1.008000000000000
28,9/19/2022,1.092000000000000
28,9/26/2022,1.060000000000000
28,10/3/2022,0.942000000000000
28,10/10/2022,0.970000000000000
28,10/17/2022,1.014000000000000
28,10/24/2022,0.993000000000000
28,10/31/2022,0.980000000000000
28,11/7/2022,0.966000000000000
28,11/14/2022,1.010000000000000
28,11/21/2022,1.021000000000000
28,11/28/2022,1.009000000000000
28,12/5/2022,1.023000000000000
28,12/12/2022,1.014000000000000
28,12/19/2022,1.097000000000000
28,12/26/2022,1.048000000000000
28,1/2/2023,0.846000000000000
28,1/9/2023,0.962000000000000
28,1/16/2023,1.020000000000000
28,1/23/2023,1.005000000000000
28,1/30/2023,1.007000000000000
28,2/6/2023,1.004000000000000
28,2/13/2023,1.013000000000000
28,2/20/2023,1.037000000000000
28,2/27/2023,0.987000000000000
28,3/6/2023,0.994000000000000
28,3/13/2023,0.993000000000000
28,3/20/2023,1.030000000000000
28,3/27/2023,0.983000000000000
28,4/3/2023,0.956000000000000
28,4/10/2023,0.956000000000000
28,4/17/2023,1.020000000000000
28,4/24/2023,0.987000000000000
28,5/1/2023,0.971000000000000
28,5/8/2023,0.947000000000000
28,5/15/2023,0.989000000000000
28,5/22/2023,1.006000000000000
28,5/29/2023,0.965000000000000
28,6/5/2023,1.000000000000000
28,6/12/2023,1.013000000000000
28,6/19/2023,1.016000000000000
28,6/26/2023,0.988000000000000
28,7/3/2023,0.977000000000000
28,7/10/2023,0.973000000000000
28,7/17/2023,1.055000000000000
28,7/24/2023,1.009000000000000
28,7/31/2023,0.995000000000000
28,8/7/2023,0.997000000000000
28,8/14/2023,1.017000000000000
28,8/21/2023,1.011000000000000
28,8/28/2023,0.997000000000000
28,9/4/2023,1.011000000000000
28,9/11/2023,1.001000000000000
28,9/18/2023,1.066000000000000
28,9/25/2023,1.062000000000000
28,10/2/2023,0.955000000000000
28,10/9/2023,0.968000000000000
28,10/16/2023,1.041000000000000
28,10/23/2023,0.997000000000000
28,10/30/2023,0.972000000000000
28,11/6/2023,0.977000000000000
28,11/13/2023,0.992000000000000
28,11/20/2023,1.031000000000000
28,11/27/2023,1.027000000000000
28,12/4/2023,1.027000000000000
28,12/11/2023,1.028000000000000
28,12/18/2023,1.096000000000000
28,12/25/2023,1.083000000000000
28,1/1/2024,0.832000000000000
28,1/8/2024,0.955000000000000
28,1/15/2024,1.021000000000000
28,1/22/2024,0.977000000000000
28,1/29/2024,1.009000000000000
28,2/5/2024,0.986000000000000
28,2/12/2024,1.002000000000000
28,2/19/2024,1.019000000000000
28,2/26/2024,0.992000000000000
28,3/4/2024,0.995000000000000
28,3/11/2024,0.988000000000000
28,3/18/2024,1.049000000000000
28,3/25/2024,1.009000000000000
28,4/1/2024,0.965000000000000
28,4/8/2024,0.954000000000000
28,4/15/2024,1.025000000000000
28,4/22/2024,0.975000000000000
28,4/29/2024,0.964000000000000
28,5/6/2024,0.953000000000000
28,5/13/2024,0.974000000000000
28,5/20/2024,1.015000000000000
28,5/27/2024,0.950000000000000
28,6/3/2024,1.001000000000000
28,6/10/2024,1.014000000000000
28,6/17/2024,1.003000000000000
28,6/24/2024,0.997000000000000
28,7/1/2024,0.988000000000000
28,7/8/2024,0.973000000000000
28,7/15/2024,1.051000000000000
28,7/22/2024,1.007000000000000
28,7/29/2024,0.990000000000000
28,8/5/2024,1.004000000000000
28,8/12/2024,0.997000000000000
28,8/19/2024,1.032000000000000
28,8/26/2024,1.005000000000000
28,9/2/2024,1.011000000000000
28,9/9/2024,0.989000000000000
28,9/16/2024,1.031000000000000
28,9/23/2024,1.031000000000000
28,9/30/2024,0.985000000000000
28,10/7/2024,0.968000000000000
28,10/14/2024,1.071000000000000
28,10/21/2024,1.001000000000000
28,10/28/2024,0.964000000000000
28,11/4/2024,0.993000000000000
28,11/11/2024,0.975000000000000
28,11/18/2024,1.039000000000000
28,11/25/2024,1.048000000000000
28,12/2/2024,1.028000000000000
28,12/9/2024,1.048000000000000
28,12/16/2024,1.097000000000000
28,12/23/2024,1.099000000000000
28,12/30/2024,0.828000000000000
29,3/1/2021,0.966000000000000
29,3/8/2021,0.980000000000000
29,3/15/2021,1.012000000000000
29,3/22/2021,1.018000000000000
29,3/29/2021,0.941000000000000
29,4/5/2021,0.940000000000000
29,4/12/2021,0.944000000000000
29,4/19/2021,1.034000000000000
29,4/26/2021,0.985000000000000
29,5/3/2021,0.977000000000000
29,5/10/2021,0.953000000000000
29,5/17/2021,0.992000000000000
29,5/24/2021,1.016000000000000
29,5/31/2021,0.991000000000000
29,6/7/2021,1.008000000000000
29,6/14/2021,1.049000000000000
29,6/21/2021,1.011000000000000
29,6/28/2021,0.971000000000000
29,7/5/2021,0.961000000000000
29,7/12/2021,0.973000000000000
29,7/19/2021,1.073000000000000
29,7/26/2021,1.005000000000000
29,8/2/2021,0.990000000000000
29,8/9/2021,0.987000000000000
29,8/16/2021,1.045000000000000
29,8/23/2021,1.011000000000000
29,8/30/2021,0.984000000000000
29,9/6/2021,1.021000000000000
29,9/13/2021,1.011000000000000
29,9/20/2021,1.109000000000000
29,9/27/2021,1.029000000000000
29,10/4/2021,0.946000000000000
29,10/11/2021,0.973000000000000
29,10/18/2021,0.990000000000000
29,10/25/2021,0.990000000000000
29,11/1/2021,0.984000000000000
29,11/8/2021,0.962000000000000
29,11/15/2021,1.032000000000000
29,11/22/2021,1.003000000000000
29,11/29/2021,0.995000000000000
29,12/6/2021,1.015000000000000
29,12/13/2021,1.006000000000000
29,12/20/2021,1.100000000000000
29,12/27/2021,0.989000000000000
29,1/3/2022,0.875000000000000
29,1/10/2022,0.969000000000000
29,1/17/2022,1.016000000000000
29,1/24/2022,1.039000000000000
29,1/31/2022,1.001000000000000
29,2/7/2022,1.020000000000000
29,2/14/2022,1.032000000000000
29,2/21/2022,1.052000000000000
29,2/28/2022,0.978000000000000
29,3/7/2022,0.988000000000000
29,3/14/2022,1.000000000000000
29,3/21/2022,1.020000000000000
29,3/28/2022,0.960000000000000
29,4/4/2022,0.947000000000000
29,4/11/2022,0.952000000000000
29,4/18/2022,1.024000000000000
29,4/25/2022,0.991000000000000
29,5/2/2022,0.975000000000000
29,5/9/2022,0.946000000000000
29,5/16/2022,0.997000000000000
29,5/23/2022,1.006000000000000
29,5/30/2022,0.978000000000000
29,6/6/2022,1.003000000000000
29,6/13/2022,1.026000000000000
29,6/20/2022,1.020000000000000
29,6/27/2022,0.979000000000000
29,7/4/2022,0.968000000000000
29,7/11/2022,0.974000000000000
29,7/18/2022,1.063000000000000
29,7/25/2022,1.008000000000000
29,8/1/2022,0.995000000000000
29,8/8/2022,0.992000000000000
29,8/15/2022,1.034000000000000
29,8/22/2022,1.004000000000000
29,8/29/2022,0.990000000000000
29,9/5/2022,1.015000000000000
29,9/12/2022,1.008000000000000
29,9/19/2022,1.092000000000000
29,9/26/2022,1.060000000000000
29,10/3/2022,0.942000000000000
29,10/10/2022,0.970000000000000
29,10/17/2022,1.014000000000000
29,10/24/2022,0.993000000000000
29,10/31/2022,0.980000000000000
29,11/7/2022,0.966000000000000
29,11/14/2022,1.010000000000000
29,11/21/2022,1.021000000000000
29,11/28/2022,1.009000000000000
29,12/5/2022,1.023000000000000
29,12/12/2022,1.014000000000000
29,12/19/2022,1.097000000000000
29,12/26/2022,1.048000000000000
29,1/2/2023,0.846000000000000
29,1/9/2023,0.962000000000000
29,1/16/2023,1.020000000000000
29,1/23/2023,1.005000000000000
29,1/30/2023,1.007000000000000
29,2/6/2023,1.004000000000000
29,2/13/2023,1.013000000000000
29,2/20/2023,1.037000000000000
29,2/27/2023,0.987000000000000
29,3/6/2023,0.994000000000000
29,3/13/2023,0.993000000000000
29,3/20/2023,1.030000000000000
29,3/27/2023,0.983000000000000
29,4/3/2023,0.956000000000000
29,4/10/2023,0.956000000000000
29,4/17/2023,1.020000000000000
29,4/24/2023,0.987000000000000
29,5/1/2023,0.971000000000000
29,5/8/2023,0.947000000000000
29,5/15/2023,0.989000000000000
29,5/22/2023,1.006000000000000
29,5/29/2023,0.965000000000000
29,6/5/2023,1.000000000000000
29,6/12/2023,1.013000000000000
29,6/19/2023,1.016000000000000
29,6/26/2023,0.988000000000000
29,7/3/2023,0.977000000000000
29,7/10/2023,0.973000000000000
29,7/17/2023,1.055000000000000
29,7/24/2023,1.009000000000000
29,7/31/2023,0.995000000000000
29,8/7/2023,0.997000000000000
29,8/14/2023,1.017000000000000
29,8/21/2023,1.011000000000000
29,8/28/2023,0.997000000000000
29,9/4/2023,1.011000000000000
29,9/11/2023,1.001000000000000
29,9/18/2023,1.066000000000000
29,9/25/2023,1.062000000000000
29,10/2/2023,0.955000000000000
29,10/9/2023,0.968000000000000
29,10/16/2023,1.041000000000000
29,10/23/2023,0.997000000000000
29,10/30/2023,0.972000000000000
29,11/6/2023,0.977000000000000
29,11/13/2023,0.992000000000000
29,11/20/2023,1.031000000000000
29,11/27/2023,1.027000000000000
29,12/4/2023,1.027000000000000
29,12/11/2023,1.028000000000000
29,12/18/2023,1.096000000000000
29,12/25/2023,1.083000000000000
29,1/1/2024,0.832000000000000
29,1/8/2024,0.955000000000000
29,1/15/2024,1.021000000000000
29,1/22/2024,0.977000000000000
29,1/29/2024,1.009000000000000
29,2/5/2024,0.986000000000000
29,2/12/2024,1.002000000000000
29,2/19/2024,1.019000000000000
29,2/26/2024,0.992000000000000
29,3/4/2024,0.995000000000000
29,3/11/2024,0.988000000000000
29,3/18/2024,1.049000000000000
29,3/25/2024,1.009000000000000
29,4/1/2024,0.965000000000000
29,4/8/2024,0.954000000000000
29,4/15/2024,1.025000000000000
29,4/22/2024,0.975000000000000
29,4/29/2024,0.964000000000000
29,5/6/2024,0.953000000000000
29,5/13/2024,0.974000000000000
29,5/20/2024,1.015000000000000
29,5/27/2024,0.950000000000000
29,6/3/2024,1.001000000000000
29,6/10/2024,1.014000000000000
29,6/17/2024,1.003000000000000
29,6/24/2024,0.997000000000000
29,7/1/2024,0.988000000000000
29,7/8/2024,0.973000000000000
29,7/15/2024,1.051000000000000
29,7/22/2024,1.007000000000000
29,7/29/2024,0.990000000000000
29,8/5/2024,1.004000000000000
29,8/12/2024,0.997000000000000
29,8/19/2024,1.032000000000000
29,8/26/2024,1.005000000000000
29,9/2/2024,1.011000000000000
29,9/9/2024,0.989000000000000
29,9/16/2024,1.031000000000000
29,9/23/2024,1.031000000000000
29,9/30/2024,0.985000000000000
29,10/7/2024,0.968000000000000
29,10/14/2024,1.071000000000000
29,10/21/2024,1.001000000000000
29,10/28/2024,0.964000000000000
29,11/4/2024,0.993000000000000
29,11/11/2024,0.975000000000000
29,11/18/2024,1.039000000000000
29,11/25/2024,1.048000000000000
29,12/2/2024,1.028000000000000
29,12/9/2024,1.048000000000000
29,12/16/2024,1.097000000000000
29,12/23/2024,1.099000000000000
29,12/30/2024,0.828000000000000
30,3/1/2021,0.966000000000000
30,3/8/2021,0.980000000000000
30,3/15/2021,1.012000000000000
30,3/22/2021,1.018000000000000
30,3/29/2021,0.941000000000000
30,4/5/2021,0.940000000000000
30,4/12/2021,0.944000000000000
30,4/19/2021,1.034000000000000
30,4/26/2021,0.985000000000000
30,5/3/2021,0.977000000000000
30,5/10/2021,0.953000000000000
30,5/17/2021,0.992000000000000
30,5/24/2021,1.016000000000000
30,5/31/2021,0.991000000000000
30,6/7/2021,1.008000000000000
30,6/14/2021,1.049000000000000
30,6/21/2021,1.011000000000000
30,6/28/2021,0.971000000000000
30,7/5/2021,0.961000000000000
30,7/12/2021,0.973000000000000
30,7/19/2021,1.073000000000000
30,7/26/2021,1.005000000000000
30,8/2/2021,0.990000000000000
30,8/9/2021,0.987000000000000
30,8/16/2021,1.045000000000000
30,8/23/2021,1.011000000000000
30,8/30/2021,0.984000000000000
30,9/6/2021,1.021000000000000
30,9/13/2021,1.011000000000000
30,9/20/2021,1.109000000000000
30,9/27/2021,1.029000000000000
30,10/4/2021,0.946000000000000
30,10/11/2021,0.973000000000000
30,10/18/2021,0.990000000000000
30,10/25/2021,0.990000000000000
30,11/1/2021,0.984000000000000
30,11/8/2021,0.962000000000000
30,11/15/2021,1.032000000000000
30,11/22/2021,1.003000000000000
30,11/29/2021,0.995000000000000
30,12/6/2021,1.015000000000000
30,12/13/2021,1.006000000000000
30,12/20/2021,1.100000000000000
30,12/27/2021,0.989000000000000
30,1/3/2022,0.875000000000000
30,1/10/2022,0.969000000000000
30,1/17/2022,1.016000000000000
30,1/24/2022,1.039000000000000
30,1/31/2022,1.001000000000000
30,2/7/2022,1.020000000000000
30,2/14/2022,1.032000000000000
30,2/21/2022,1.052000000000000
30,2/28/2022,0.978000000000000
30,3/7/2022,0.988000000000000
30,3/14/2022,1.000000000000000
30,3/21/2022,1.020000000000000
30,3/28/2022,0.960000000000000
30,4/4/2022,0.947000000000000
30,4/11/2022,0.952000000000000
30,4/18/2022,1.024000000000000
30,4/25/2022,0.991000000000000
30,5/2/2022,0.975000000000000
30,5/9/2022,0.946000000000000
30,5/16/2022,0.997000000000000
30,5/23/2022,1.006000000000000
30,5/30/2022,0.978000000000000
30,6/6/2022,1.003000000000000
30,6/13/2022,1.026000000000000
30,6/20/2022,1.020000000000000
30,6/27/2022,0.979000000000000
30,7/4/2022,0.968000000000000
30,7/11/2022,0.974000000000000
30,7/18/2022,1.063000000000000
30,7/25/2022,1.008000000000000
30,8/1/2022,0.995000000000000
30,8/8/2022,0.992000000000000
30,8/15/2022,1.034000000000000
30,8/22/2022,1.004000000000000
30,8/29/2022,0.990000000000000
30,9/5/2022,1.015000000000000
30,9/12/2022,1.008000000000000
30,9/19/2022,1.092000000000000
30,9/26/2022,1.060000000000000
30,10/3/2022,0.942000000000000
30,10/10/2022,0.970000000000000
30,10/17/2022,1.014000000000000
30,10/24/2022,0.993000000000000
30,10/31/2022,0.980000000000000
30,11/7/2022,0.966000000000000
30,11/14/2022,1.010000000000000
30,11/21/2022,1.021000000000000
30,11/28/2022,1.009000000000000
30,12/5/2022,1.023000000000000
30,12/12/2022,1.014000000000000
30,12/19/2022,1.097000000000000
30,12/26/2022,1.048000000000000
30,1/2/2023,0.846000000000000
30,1/9/2023,0.962000000000000
30,1/16/2023,1.020000000000000
30,1/23/2023,1.005000000000000
30,1/30/2023,1.007000000000000
30,2/6/2023,1.004000000000000
30,2/13/2023,1.013000000000000
30,2/20/2023,1.037000000000000
30,2/27/2023,0.987000000000000
30,3/6/2023,0.994000000000000
30,3/13/2023,0.993000000000000
30,3/20/2023,1.030000000000000
30,3/27/2023,0.983000000000000
30,4/3/2023,0.956000000000000
30,4/10/2023,0.956000000000000
30,4/17/2023,1.020000000000000
30,4/24/2023,0.987000000000000
30,5/1/2023,0.971000000000000
30,5/8/2023,0.947000000000000
30,5/15/2023,0.989000000000000
30,5/22/2023,1.006000000000000
30,5/29/2023,0.965000000000000
30,6/5/2023,1.000000000000000
30,6/12/2023,1.013000000000000
30,6/19/2023,1.016000000000000
30,6/26/2023,0.988000000000000
30,7/3/2023,0.977000000000000
30,7/10/2023,0.973000000000000
30,7/17/2023,1.055000000000000
30,7/24/2023,1.009000000000000
30,7/31/2023,0.995000000000000
30,8/7/2023,0.997000000000000
30,8/14/2023,1.017000000000000
30,8/21/2023,1.011000000000000
30,8/28/2023,0.997000000000000
30,9/4/2023,1.011000000000000
30,9/11/2023,1.001000000000000
30,9/18/2023,1.066000000000000
30,9/25/2023,1.062000000000000
30,10/2/2023,0.955000000000000
30,10/9/2023,0.968000000000000
30,10/16/2023,1.041000000000000
30,10/23/2023,0.997000000000000
30,10/30/2023,0.972000000000000
30,11/6/2023,0.977000000000000
30,11/13/2023,0.992000000000000
30,11/20/2023,1.031000000000000
30,11/27/2023,1.027000000000000
30,12/4/2023,1.027000000000000
30,12/11/2023,1.028000000000000
30,12/18/2023,1.096000000000000
30,12/25/2023,1.083000000000000
30,1/1/2024,0.832000000000000
30,1/8/2024,0.955000000000000
30,1/15/2024,1.021000000000000
30,1/22/2024,0.977000000000000
30,1/29/2024,1.009000000000000
30,2/5/2024,0.986000000000000
30,2/12/2024,1.002000000000000
30,2/19/2024,1.019000000000000
30,2/26/2024,0.992000000000000
30,3/4/2024,0.995000000000000
30,3/11/2024,0.988000000000000
30,3/18/2024,1.049000000000000
30,3/25/2024,1.009000000000000
30,4/1/2024,0.965000000000000
30,4/8/2024,0.954000000000000
30,4/15/2024,1.025000000000000
30,4/22/2024,0.975000000000000
30,4/29/2024,0.964000000000000
30,5/6/2024,0.953000000000000
30,5/13/2024,0.974000000000000
30,5/20/2024,1.015000000000000
30,5/27/2024,0.950000000000000
30,6/3/2024,1.001000000000000
30,6/10/2024,1.014000000000000
30,6/17/2024,1.003000000000000
30,6/24/2024,0.997000000000000
30,7/1/2024,0.988000000000000
30,7/8/2024,0.973000000000000
30,7/15/2024,1.051000000000000
30,7/22/2024,1.007000000000000
30,7/29/2024,0.990000000000000
30,8/5/2024,1.004000000000000
30,8/12/2024,0.997000000000000
30,8/19/2024,1.032000000000000
30,8/26/2024,1.005000000000000
30,9/2/2024,1.011000000000000
30,9/9/2024,0.989000000000000
30,9/16/2024,1.031000000000000
30,9/23/2024,1.031000000000000
30,9/30/2024,0.985000000000000
30,10/7/2024,0.968000000000000
30,10/14/2024,1.071000000000000
30,10/21/2024,1.001000000000000
30,10/28/2024,0.964000000000000
30,11/4/2024,0.993000000000000
30,11/11/2024,0.975000000000000
30,11/18/2024,1.039000000000000
30,11/25/2024,1.048000000000000
30,12/2/2024,1.028000000000000
30,12/9/2024,1.048000000000000
30,12/16/2024,1.097000000000000
30,12/23/2024,1.099000000000000
30,12/30/2024,0.828000000000000