Geo,Week,ViewRate_Flyer_Young,ViewRate_Flyer_Middle,ViewRate_Flyer_Elder
1,3/1/2021,0.34736708,0.56155276,0.76592695
1,3/8/2021,0.34555517,0.55876765,0.76374445
1,3/15/2021,0.34376690,0.55603011,0.76159694
1,3/22/2021,0.34200226,0.55334013,0.75948442
1,3/29/2021,0.34026125,0.55069771,0.75740690
1,4/5/2021,0.33854388,0.54810286,0.75536437
1,4/12/2021,0.33685014,0.54555556,0.75335684
1,4/19/2021,0.33518003,0.54305583,0.75138430
1,4/26/2021,0.33353356,0.54060366,0.74944676
1,5/3/2021,0.33191073,0.53819906,0.74754421
1,5/10/2021,0.33031153,0.53584201,0.74567665
1,5/17/2021,0.32873596,0.53353253,0.74384409
1,5/24/2021,0.32718402,0.53127061,0.74204652
1,5/31/2021,0.32565572,0.52905625,0.74028395
1,6/7/2021,0.32415106,0.52688945,0.73855637
1,6/14/2021,0.32267003,0.52477022,0.73686379
1,6/21/2021,0.32121263,0.52269854,0.73520620
1,6/28/2021,0.31977887,0.52067443,0.73358361
1,7/5/2021,0.31836874,0.51869789,0.73199601
1,7/12/2021,0.31698224,0.51676890,0.73044340
1,7/19/2021,0.31561938,0.51488748,0.72892579
1,7/26/2021,0.31428016,0.51305361,0.72744317
1,8/2/2021,0.31296456,0.51126731,0.72599555
1,8/9/2021,0.31167261,0.50952858,0.72458292
1,8/16/2021,0.31040428,0.50783740,0.72320529
1,8/23/2021,0.30915959,0.50619379,0.72186265
1,8/30/2021,0.30793854,0.50459774,0.72055500
1,9/6/2021,0.30674111,0.50304925,0.71928235
1,9/13/2021,0.30556733,0.50154832,0.71804469
1,9/20/2021,0.30441717,0.50009496,0.71684203
1,9/27/2021,0.30329065,0.49868915,0.71567436
1,10/4/2021,0.30218777,0.49733091,0.71454169
1,10/11/2021,0.30110852,0.49602023,0.71344401
1,10/18/2021,0.30005290,0.49475712,0.71238133
1,10/25/2021,0.29902092,0.49354156,0.71135364
1,11/1/2021,0.29801257,0.49237357,0.71036094
1,11/8/2021,0.29702785,0.49125314,0.70940324
1,11/15/2021,0.29606677,0.49018028,0.70848053
1,11/22/2021,0.29512933,0.48915497,0.70759282
1,11/29/2021,0.29421551,0.48817723,0.70674010
1,12/6/2021,0.29332534,0.48724705,0.70592238
1,12/13/2021,0.29245879,0.48636443,0.70513965
1,12/20/2021,0.29161588,0.48552937,0.70439191
1,12/27/2021,0.29079661,0.48474187,0.70367917
1,1/3/2022,0.29000096,0.48400194,0.70300143
1,1/10/2022,0.28922896,0.48330957,0.70235868
1,1/17/2022,0.28848058,0.48266476,0.70175092
1,1/24/2022,0.28775584,0.48206752,0.70117816
1,1/31/2022,0.28705474,0.48151783,0.70064039
1,2/7/2022,0.28637727,0.48101571,0.70013761
1,2/14/2022,0.28572343,0.48056115,0.69966983
1,2/21/2022,0.28509323,0.48015415,0.69923705
1,2/28/2022,0.28448666,0.47979472,0.69883926
1,3/7/2022,0.28390373,0.47948284,0.69847646
1,3/14/2022,0.28334442,0.47921853,0.69814866
1,3/21/2022,0.28280876,0.47900178,0.69785585
1,3/28/2022,0.28229673,0.47883259,0.69759804
1,4/4/2022,0.28180833,0.47871097,0.69737522
1,4/11/2022,0.28134356,0.47863691,0.69718739
1,4/18/2022,0.28090243,0.47861041,0.69703456
1,4/25/2022,0.28048494,0.47863147,0.69691673
1,5/2/2022,0.28009108,0.47870009,0.69683389
1,5/9/2022,0.27972085,0.47881628,0.69678604
1,5/16/2022,0.27937426,0.47898002,0.69677319
1,5/23/2022,0.27905130,0.47919133,0.69679533
1,5/30/2022,0.27875197,0.47945021,0.69685246
1,6/6/2022,0.27847628,0.47975664,0.69694460
1,6/13/2022,0.27822422,0.48011064,0.69707172
1,6/20/2022,0.27799580,0.48051220,0.69723384
1,6/27/2022,0.27779101,0.48096132,0.69743095
1,7/4/2022,0.27760951,0.48145697,0.69766219
1,7/11/2022,0.27743948,0.48196431,0.69789802
1,7/18/2022,0.27726668,0.48244130,0.69810283
1,7/25/2022,0.27709027,0.48288548,0.69827453
1,8/1/2022,0.27691025,0.48329684,0.69841312
1,8/8/2022,0.27672663,0.48367540,0.69851860
1,8/15/2022,0.27653940,0.48402114,0.69859097
1,8/22/2022,0.27634856,0.48433407,0.69863024
1,8/29/2022,0.27615411,0.48461420,0.69863639
1,9/5/2022,0.27595605,0.48486151,0.69860944
1,9/12/2022,0.27575439,0.48507601,0.69854938
1,9/19/2022,0.27554912,0.48525769,0.69845620
1,9/26/2022,0.27534025,0.48540657,0.69832993
1,10/3/2022,0.27512776,0.48552264,0.69817054
1,10/10/2022,0.27491167,0.48560589,0.69797804
1,10/17/2022,0.27469197,0.48565634,0.69775244
1,10/24/2022,0.27446867,0.48567397,0.69749372
1,10/31/2022,0.27424175,0.48565879,0.69720190
1,11/7/2022,0.27401123,0.48561080,0.69687697
1,11/14/2022,0.27377711,0.48553000,0.69651893
1,11/21/2022,0.27353937,0.48541639,0.69612778
1,11/28/2022,0.27329803,0.48526997,0.69570352
1,12/5/2022,0.27305308,0.48509074,0.69524616
1,12/12/2022,0.27280452,0.48487869,0.69475568
1,12/19/2022,0.27255235,0.48463384,0.69423210
1,12/26/2022,0.27229658,0.48435617,0.69367541
1,1/2/2023,0.27203720,0.48404569,0.69308561
1,1/9/2023,0.27177421,0.48370240,0.69246270
1,1/16/2023,0.27150762,0.48332630,0.69180668
1,1/23/2023,0.27123742,0.48291739,0.69111756
1,1/30/2023,0.27096361,0.48247567,0.69039532
1,2/6/2023,0.27068619,0.48200114,0.68963998
1,2/13/2023,0.27040517,0.48149380,0.68885153
1,2/20/2023,0.27012054,0.48095364,0.68802997
1,2/27/2023,0.26983230,0.48038067,0.68717530
1,3/6/2023,0.26954045,0.47977490,0.68628752
1,3/13/2023,0.26924500,0.47913631,0.68536663
1,3/20/2023,0.26894594,0.47846491,0.68441264
1,3/27/2023,0.26864327,0.47776070,0.68342553
1,4/3/2023,0.26833699,0.47702368,0.68240532
1,4/10/2023,0.26802711,0.47625384,0.68135200
1,4/17/2023,0.26771362,0.47545120,0.68026557
1,4/24/2023,0.26739652,0.47461575,0.67914603
1,5/1/2023,0.26707581,0.47374748,0.67799339
1,5/8/2023,0.26675150,0.47284640,0.67680763
1,5/15/2023,0.26642358,0.47191252,0.67558877
1,5/22/2023,0.26609205,0.47094582,0.67433680
1,5/29/2023,0.26575692,0.46994631,0.67305171
1,6/5/2023,0.26541818,0.46891398,0.67173352
1,6/12/2023,0.26507583,0.46784885,0.67038223
1,6/19/2023,0.26472987,0.46675091,0.66899782
1,6/26/2023,0.26438031,0.46562016,0.66758030
1,7/3/2023,0.26402715,0.46445675,0.66612984
1,7/10/2023,0.26367195,0.46327553,0.66466124
1,7/17/2023,0.26331743,0.46210269,0.66320066
1,7/24/2023,0.26296385,0.46094085,0.66175074
1,7/31/2023,0.26261124,0.45979003,0.66031147
1,8/7/2023,0.26225957,0.45865023,0.65888285
1,8/14/2023,0.26190886,0.45752143,0.65746489
1,8/21/2023,0.26155909,0.45640365,0.65605758
1,8/28/2023,0.26121029,0.45529687,0.65466092
1,9/4/2023,0.26086243,0.45420111,0.65327491
1,9/11/2023,0.26051553,0.45311636,0.65189956
1,9/18/2023,0.26016958,0.45204263,0.65053486
1,9/25/2023,0.25982458,0.45097990,0.64918082
1,10/2/2023,0.25948053,0.44992819,0.64783742
1,10/9/2023,0.25913744,0.44888749,0.64650468
1,10/16/2023,0.25879530,0.44785780,0.64518259
1,10/23/2023,0.25845411,0.44683913,0.64387116
1,10/30/2023,0.25811388,0.44583146,0.64257038
1,11/6/2023,0.25777459,0.44483481,0.64128025
1,11/13/2023,0.25743626,0.44384917,0.64000078
1,11/20/2023,0.25709889,0.44287454,0.63873195
1,11/27/2023,0.25676246,0.44191092,0.63747379
1,12/4/2023,0.25642699,0.44095832,0.63622627
1,12/11/2023,0.25609247,0.44001672,0.63498941
1,12/18/2023,0.25575890,0.43908614,0.63376320
1,12/25/2023,0.25542629,0.43816657,0.63254764
1,1/1/2024,0.25509462,0.43725801,0.63134274
1,1/8/2024,0.25476391,0.43636047,0.63014849
1,1/15/2024,0.25443416,0.43547394,0.62896489
1,1/22/2024,0.25410535,0.43459841,0.62779194
1,1/29/2024,0.25377750,0.43373390,0.62662965
1,2/5/2024,0.25345060,0.43288041,0.62547801
1,2/12/2024,0.25312466,0.43203792,0.62433703
1,2/19/2024,0.25279966,0.43120645,0.62320669
1,2/26/2024,0.25247562,0.43038598,0.62208702
1,3/4/2024,0.25215253,0.42957653,0.62097799
1,3/11/2024,0.25183039,0.42877810,0.61987962
1,3/18/2024,0.25150921,0.42799067,0.61879190
1,3/25/2024,0.25118898,0.42721426,0.61771483
1,4/1/2024,0.25086970,0.42644885,0.61664841
1,4/8/2024,0.25055137,0.42569446,0.61559265
1,4/15/2024,0.25023400,0.42495109,0.61454754
1,4/22/2024,0.24991758,0.42421872,0.61351309
1,4/29/2024,0.24960211,0.42349736,0.61248929
1,5/6/2024,0.24928759,0.42278702,0.61147614
1,5/13/2024,0.24897403,0.42208769,0.61047364
1,5/20/2024,0.24866142,0.42139937,0.60948180
1,5/27/2024,0.24834976,0.42072207,0.60850061
1,6/3/2024,0.24803906,0.42005577,0.60753007
1,6/10/2024,0.24772930,0.41940049,0.60657019
1,6/17/2024,0.24742050,0.41875622,0.60562096
1,6/24/2024,0.24711265,0.41812296,0.60468238
1,7/1/2024,0.24680576,0.41750071,0.60375445
1,7/8/2024,0.24649982,0.41688947,0.60283718
1,7/15/2024,0.24619483,0.41628925,0.60193056
1,7/22/2024,0.24589079,0.41570004,0.60103460
1,7/29/2024,0.24558770,0.41512184,0.60014928
1,8/5/2024,0.24528557,0.41455465,0.59927462
1,8/12/2024,0.24498439,0.41399848,0.59841062
1,8/19/2024,0.24468416,0.41345331,0.59755726
1,8/26/2024,0.24438489,0.41291916,0.59671456
1,9/2/2024,0.24408657,0.41239602,0.59588252
1,9/9/2024,0.24378920,0.41188389,0.59506112
1,9/16/2024,0.24349278,0.41138278,0.59425038
1,9/23/2024,0.24319731,0.41089267,0.59345029
1,9/30/2024,0.24290280,0.41041358,0.59266086
1,10/7/2024,0.24260924,0.40994550,0.59188207
1,10/14/2024,0.24231663,0.40948843,0.59111394
1,10/21/2024,0.24202498,0.40904238,0.59035647
1,10/28/2024,0.24173428,0.40860733,0.58960964
1,11/4/2024,0.24144453,0.40818330,0.58887347
1,11/11/2024,0.24115573,0.40777028,0.58814796
1,11/18/2024,0.24086789,0.40736827,0.58743309
1,11/25/2024,0.24058100,0.40697727,0.58672888
1,12/2/2024,0.24029506,0.40659729,0.58603532
1,12/9/2024,0.24001007,0.40622832,0.58535242
1,12/16/2024,0.23972604,0.40587036,0.58468017
1,12/23/2024,0.23944296,0.40552341,0.58401857
1,12/30/2024,0.23916083,0.40518747,0.58336762
2,3/1/2021,0.34736708,0.56155276,0.76592695
2,3/8/2021,0.34555517,0.55876765,0.76374445
2,3/15/2021,0.34376690,0.55603011,0.76159694
2,3/22/2021,0.34200226,0.55334013,0.75948442
2,3/29/2021,0.34026125,0.55069771,0.75740690
2,4/5/2021,0.33854388,0.54810286,0.75536437
2,4/12/2021,0.33685014,0.54555556,0.75335684
2,4/19/2021,0.33518003,0.54305583,0.75138430
2,4/26/2021,0.33353356,0.54060366,0.74944676
2,5/3/2021,0.33191073,0.53819906,0.74754421
2,5/10/2021,0.33031153,0.53584201,0.74567665
2,5/17/2021,0.32873596,0.53353253,0.74384409
2,5/24/2021,0.32718402,0.53127061,0.74204652
2,5/31/2021,0.32565572,0.52905625,0.74028395
2,6/7/2021,0.32415106,0.52688945,0.73855637
2,6/14/2021,0.32267003,0.52477022,0.73686379
2,6/21/2021,0.32121263,0.52269854,0.73520620
2,6/28/2021,0.31977887,0.52067443,0.73358361
2,7/5/2021,0.31836874,0.51869789,0.73199601
2,7/12/2021,0.31698224,0.51676890,0.73044340
2,7/19/2021,0.31561938,0.51488748,0.72892579
2,7/26/2021,0.31428016,0.51305361,0.72744317
2,8/2/2021,0.31296456,0.51126731,0.72599555
2,8/9/2021,0.31167261,0.50952858,0.72458292
2,8/16/2021,0.31040428,0.50783740,0.72320529
2,8/23/2021,0.30915959,0.50619379,0.72186265
2,8/30/2021,0.30793854,0.50459774,0.72055500
2,9/6/2021,0.30674111,0.50304925,0.71928235
2,9/13/2021,0.30556733,0.50154832,0.71804469
2,9/20/2021,0.30441717,0.50009496,0.71684203
2,9/27/2021,0.30329065,0.49868915,0.71567436
2,10/4/2021,0.30218777,0.49733091,0.71454169
2,10/11/2021,0.30110852,0.49602023,0.71344401
2,10/18/2021,0.30005290,0.49475712,0.71238133
2,10/25/2021,0.29902092,0.49354156,0.71135364
2,11/1/2021,0.29801257,0.49237357,0.71036094
2,11/8/2021,0.29702785,0.49125314,0.70940324
2,11/15/2021,0.29606677,0.49018028,0.70848053
2,11/22/2021,0.29512933,0.48915497,0.70759282
2,11/29/2021,0.29421551,0.48817723,0.70674010
2,12/6/2021,0.29332534,0.48724705,0.70592238
2,12/13/2021,0.29245879,0.48636443,0.70513965
2,12/20/2021,0.29161588,0.48552937,0.70439191
2,12/27/2021,0.29079661,0.48474187,0.70367917
2,1/3/2022,0.29000096,0.48400194,0.70300143
2,1/10/2022,0.28922896,0.48330957,0.70235868
2,1/17/2022,0.28848058,0.48266476,0.70175092
2,1/24/2022,0.28775584,0.48206752,0.70117816
2,1/31/2022,0.28705474,0.48151783,0.70064039
2,2/7/2022,0.28637727,0.48101571,0.70013761
2,2/14/2022,0.28572343,0.48056115,0.69966983
2,2/21/2022,0.28509323,0.48015415,0.69923705
2,2/28/2022,0.28448666,0.47979472,0.69883926
2,3/7/2022,0.28390373,0.47948284,0.69847646
2,3/14/2022,0.28334442,0.47921853,0.69814866
2,3/21/2022,0.28280876,0.47900178,0.69785585
2,3/28/2022,0.28229673,0.47883259,0.69759804
2,4/4/2022,0.28180833,0.47871097,0.69737522
2,4/11/2022,0.28134356,0.47863691,0.69718739
2,4/18/2022,0.28090243,0.47861041,0.69703456
2,4/25/2022,0.28048494,0.47863147,0.69691673
2,5/2/2022,0.28009108,0.47870009,0.69683389
2,5/9/2022,0.27972085,0.47881628,0.69678604
2,5/16/2022,0.27937426,0.47898002,0.69677319
2,5/23/2022,0.27905130,0.47919133,0.69679533
2,5/30/2022,0.27875197,0.47945021,0.69685246
2,6/6/2022,0.27847628,0.47975664,0.69694460
2,6/13/2022,0.27822422,0.48011064,0.69707172
2,6/20/2022,0.27799580,0.48051220,0.69723384
2,6/27/2022,0.27779101,0.48096132,0.69743095
2,7/4/2022,0.27760951,0.48145697,0.69766219
2,7/11/2022,0.27743948,0.48196431,0.69789802
2,7/18/2022,0.27726668,0.48244130,0.69810283
2,7/25/2022,0.27709027,0.48288548,0.69827453
2,8/1/2022,0.27691025,0.48329684,0.69841312
2,8/8/2022,0.27672663,0.48367540,0.69851860
2,8/15/2022,0.27653940,0.48402114,0.69859097
2,8/22/2022,0.27634856,0.48433407,0.69863024
2,8/29/2022,0.27615411,0.48461420,0.69863639
2,9/5/2022,0.27595605,0.48486151,0.69860944
2,9/12/2022,0.27575439,0.48507601,0.69854938
2,9/19/2022,0.27554912,0.48525769,0.69845620
2,9/26/2022,0.27534025,0.48540657,0.69832993
2,10/3/2022,0.27512776,0.48552264,0.69817054
2,10/10/2022,0.27491167,0.48560589,0.69797804
2,10/17/2022,0.27469197,0.48565634,0.69775244
2,10/24/2022,0.27446867,0.48567397,0.69749372
2,10/31/2022,0.27424175,0.48565879,0.69720190
2,11/7/2022,0.27401123,0.48561080,0.69687697
2,11/14/2022,0.27377711,0.48553000,0.69651893
2,11/21/2022,0.27353937,0.48541639,0.69612778
2,11/28/2022,0.27329803,0.48526997,0.69570352
2,12/5/2022,0.27305308,0.48509074,0.69524616
2,12/12/2022,0.27280452,0.48487869,0.69475568
2,12/19/2022,0.27255235,0.48463384,0.69423210
2,12/26/2022,0.27229658,0.48435617,0.69367541
2,1/2/2023,0.27203720,0.48404569,0.69308561
2,1/9/2023,0.27177421,0.48370240,0.69246270
2,1/16/2023,0.27150762,0.48332630,0.69180668
2,1/23/2023,0.27123742,0.48291739,0.69111756
2,1/30/2023,0.27096361,0.48247567,0.69039532
2,2/6/2023,0.27068619,0.48200114,0.68963998
2,2/13/2023,0.27040517,0.48149380,0.68885153
2,2/20/2023,0.27012054,0.48095364,0.68802997
2,2/27/2023,0.26983230,0.48038067,0.68717530
2,3/6/2023,0.26954045,0.47977490,0.68628752
2,3/13/2023,0.26924500,0.47913631,0.68536663
2,3/20/2023,0.26894594,0.47846491,0.68441264
2,3/27/2023,0.26864327,0.47776070,0.68342553
2,4/3/2023,0.26833699,0.47702368,0.68240532
2,4/10/2023,0.26802711,0.47625384,0.68135200
2,4/17/2023,0.26771362,0.47545120,0.68026557
2,4/24/2023,0.26739652,0.47461575,0.67914603
2,5/1/2023,0.26707581,0.47374748,0.67799339
2,5/8/2023,0.26675150,0.47284640,0.67680763
2,5/15/2023,0.26642358,0.47191252,0.67558877
2,5/22/2023,0.26609205,0.47094582,0.67433680
2,5/29/2023,0.26575692,0.46994631,0.67305171
2,6/5/2023,0.26541818,0.46891398,0.67173352
2,6/12/2023,0.26507583,0.46784885,0.67038223
2,6/19/2023,0.26472987,0.46675091,0.66899782
2,6/26/2023,0.26438031,0.46562016,0.66758030
2,7/3/2023,0.26402715,0.46445675,0.66612984
2,7/10/2023,0.26367195,0.46327553,0.66466124
2,7/17/2023,0.26331743,0.46210269,0.66320066
2,7/24/2023,0.26296385,0.46094085,0.66175074
2,7/31/2023,0.26261124,0.45979003,0.66031147
2,8/7/2023,0.26225957,0.45865023,0.65888285
2,8/14/2023,0.26190886,0.45752143,0.65746489
2,8/21/2023,0.26155909,0.45640365,0.65605758
2,8/28/2023,0.26121029,0.45529687,0.65466092
2,9/4/2023,0.26086243,0.45420111,0.65327491
2,9/11/2023,0.26051553,0.45311636,0.65189956
2,9/18/2023,0.26016958,0.45204263,0.65053486
2,9/25/2023,0.25982458,0.45097990,0.64918082
2,10/2/2023,0.25948053,0.44992819,0.64783742
2,10/9/2023,0.25913744,0.44888749,0.64650468
2,10/16/2023,0.25879530,0.44785780,0.64518259
2,10/23/2023,0.25845411,0.44683913,0.64387116
2,10/30/2023,0.25811388,0.44583146,0.64257038
2,11/6/2023,0.25777459,0.44483481,0.64128025
2,11/13/2023,0.25743626,0.44384917,0.64000078
2,11/20/2023,0.25709889,0.44287454,0.63873195
2,11/27/2023,0.25676246,0.44191092,0.63747379
2,12/4/2023,0.25642699,0.44095832,0.63622627
2,12/11/2023,0.25609247,0.44001672,0.63498941
2,12/18/2023,0.25575890,0.43908614,0.63376320
2,12/25/2023,0.25542629,0.43816657,0.63254764
2,1/1/2024,0.25509462,0.43725801,0.63134274
2,1/8/2024,0.25476391,0.43636047,0.63014849
2,1/15/2024,0.25443416,0.43547394,0.62896489
2,1/22/2024,0.25410535,0.43459841,0.62779194
2,1/29/2024,0.25377750,0.43373390,0.62662965
2,2/5/2024,0.25345060,0.43288041,0.62547801
2,2/12/2024,0.25312466,0.43203792,0.62433703
2,2/19/2024,0.25279966,0.43120645,0.62320669
2,2/26/2024,0.25247562,0.43038598,0.62208702
2,3/4/2024,0.25215253,0.42957653,0.62097799
2,3/11/2024,0.25183039,0.42877810,0.61987962
2,3/18/2024,0.25150921,0.42799067,0.61879190
2,3/25/2024,0.25118898,0.42721426,0.61771483
2,4/1/2024,0.25086970,0.42644885,0.61664841
2,4/8/2024,0.25055137,0.42569446,0.61559265
2,4/15/2024,0.25023400,0.42495109,0.61454754
2,4/22/2024,0.24991758,0.42421872,0.61351309
2,4/29/2024,0.24960211,0.42349736,0.61248929
2,5/6/2024,0.24928759,0.42278702,0.61147614
2,5/13/2024,0.24897403,0.42208769,0.61047364
2,5/20/2024,0.24866142,0.42139937,0.60948180
2,5/27/2024,0.24834976,0.42072207,0.60850061
2,6/3/2024,0.24803906,0.42005577,0.60753007
2,6/10/2024,0.24772930,0.41940049,0.60657019
2,6/17/2024,0.24742050,0.41875622,0.60562096
2,6/24/2024,0.24711265,0.41812296,0.60468238
2,7/1/2024,0.24680576,0.41750071,0.60375445
2,7/8/2024,0.24649982,0.41688947,0.60283718
2,7/15/2024,0.24619483,0.41628925,0.60193056
2,7/22/2024,0.24589079,0.41570004,0.60103460
2,7/29/2024,0.24558770,0.41512184,0.60014928
2,8/5/2024,0.24528557,0.41455465,0.59927462
2,8/12/2024,0.24498439,0.41399848,0.59841062
2,8/19/2024,0.24468416,0.41345331,0.59755726
2,8/26/2024,0.24438489,0.41291916,0.59671456
2,9/2/2024,0.24408657,0.41239602,0.59588252
2,9/9/2024,0.24378920,0.41188389,0.59506112
2,9/16/2024,0.24349278,0.41138278,0.59425038
2,9/23/2024,0.24319731,0.41089267,0.59345029
2,9/30/2024,0.24290280,0.41041358,0.59266086
2,10/7/2024,0.24260924,0.40994550,0.59188207
2,10/14/2024,0.24231663,0.40948843,0.59111394
2,10/21/2024,0.24202498,0.40904238,0.59035647
2,10/28/2024,0.24173428,0.40860733,0.58960964
2,11/4/2024,0.24144453,0.40818330,0.58887347
2,11/11/2024,0.24115573,0.40777028,0.58814796
2,11/18/2024,0.24086789,0.40736827,0.58743309
2,11/25/2024,0.24058100,0.40697727,0.58672888
2,12/2/2024,0.24029506,0.40659729,0.58603532
2,12/9/2024,0.24001007,0.40622832,0.58535242
2,12/16/2024,0.23972604,0.40587036,0.58468017
2,12/23/2024,0.23944296,0.40552341,0.58401857
2,12/30/2024,0.23916083,0.40518747,0.58336762
3,3/1/2021,0.34736708,0.56155276,0.76592695
3,3/8/2021,0.34555517,0.55876765,0.76374445
3,3/15/2021,0.34376690,0.55603011,0.76159694
3,3/22/2021,0.34200226,0.55334013,0.75948442
3,3/29/2021,0.34026125,0.55069771,0.75740690
3,4/5/2021,0.33854388,0.54810286,0.75536437
3,4/12/2021,0.33685014,0.54555556,0.75335684
3,4/19/2021,0.33518003,0.54305583,0.75138430
3,4/26/2021,0.33353356,0.54060366,0.74944676
3,5/3/2021,0.33191073,0.53819906,0.74754421
3,5/10/2021,0.33031153,0.53584201,0.74567665
3,5/17/2021,0.32873596,0.53353253,0.74384409
3,5/24/2021,0.32718402,0.53127061,0.74204652
3,5/31/2021,0.32565572,0.52905625,0.74028395
3,6/7/2021,0.32415106,0.52688945,0.73855637
3,6/14/2021,0.32267003,0.52477022,0.73686379
3,6/21/2021,0.32121263,0.52269854,0.73520620
3,6/28/2021,0.31977887,0.52067443,0.73358361
3,7/5/2021,0.31836874,0.51869789,0.73199601
3,7/12/2021,0.31698224,0.51676890,0.73044340
3,7/19/2021,0.31561938,0.51488748,0.72892579
3,7/26/2021,0.31428016,0.51305361,0.72744317
3,8/2/2021,0.31296456,0.51126731,0.72599555
3,8/9/2021,0.31167261,0.50952858,0.72458292
3,8/16/2021,0.31040428,0.50783740,0.72320529
3,8/23/2021,0.30915959,0.50619379,0.72186265
3,8/30/2021,0.30793854,0.50459774,0.72055500
3,9/6/2021,0.30674111,0.50304925,0.71928235
3,9/13/2021,0.30556733,0.50154832,0.71804469
3,9/20/2021,0.30441717,0.50009496,0.71684203
3,9/27/2021,0.30329065,0.49868915,0.71567436
3,10/4/2021,0.30218777,0.49733091,0.71454169
3,10/11/2021,0.30110852,0.49602023,0.71344401
3,10/18/2021,0.30005290,0.49475712,0.71238133
3,10/25/2021,0.29902092,0.49354156,0.71135364
3,11/1/2021,0.29801257,0.49237357,0.71036094
3,11/8/2021,0.29702785,0.49125314,0.70940324
3,11/15/2021,0.29606677,0.49018028,0.70848053
3,11/22/2021,0.29512933,0.48915497,0.70759282
3,11/29/2021,0.29421551,0.48817723,0.70674010
3,12/6/2021,0.29332534,0.48724705,0.70592238
3,12/13/2021,0.29245879,0.48636443,0.70513965
3,12/20/2021,0.29161588,0.48552937,0.70439191
3,12/27/2021,0.29079661,0.48474187,0.70367917
3,1/3/2022,0.29000096,0.48400194,0.70300143
3,1/10/2022,0.28922896,0.48330957,0.70235868
3,1/17/2022,0.28848058,0.48266476,0.70175092
3,1/24/2022,0.28775584,0.48206752,0.70117816
3,1/31/2022,0.28705474,0.48151783,0.70064039
3,2/7/2022,0.28637727,0.48101571,0.70013761
3,2/14/2022,0.28572343,0.48056115,0.69966983
3,2/21/2022,0.28509323,0.48015415,0.69923705
3,2/28/2022,0.28448666,0.47979472,0.69883926
3,3/7/2022,0.28390373,0.47948284,0.69847646
3,3/14/2022,0.28334442,0.47921853,0.69814866
3,3/21/2022,0.28280876,0.47900178,0.69785585
3,3/28/2022,0.28229673,0.47883259,0.69759804
3,4/4/2022,0.28180833,0.47871097,0.69737522
3,4/11/2022,0.28134356,0.47863691,0.69718739
3,4/18/2022,0.28090243,0.47861041,0.69703456
3,4/25/2022,0.28048494,0.47863147,0.69691673
3,5/2/2022,0.28009108,0.47870009,0.69683389
3,5/9/2022,0.27972085,0.47881628,0.69678604
3,5/16/2022,0.27937426,0.47898002,0.69677319
3,5/23/2022,0.27905130,0.47919133,0.69679533
3,5/30/2022,0.27875197,0.47945021,0.69685246
3,6/6/2022,0.27847628,0.47975664,0.69694460
3,6/13/2022,0.27822422,0.48011064,0.69707172
3,6/20/2022,0.27799580,0.48051220,0.69723384
3,6/27/2022,0.27779101,0.48096132,0.69743095
3,7/4/2022,0.27760951,0.48145697,0.69766219
3,7/11/2022,0.27743948,0.48196431,0.69789802
3,7/18/2022,0.27726668,0.48244130,0.69810283
3,7/25/2022,0.27709027,0.48288548,0.69827453
3,8/1/2022,0.27691025,0.48329684,0.69841312
3,8/8/2022,0.27672663,0.48367540,0.69851860
3,8/15/2022,0.27653940,0.48402114,0.69859097
3,8/22/2022,0.27634856,0.48433407,0.69863024
3,8/29/2022,0.27615411,0.48461420,0.69863639
3,9/5/2022,0.27595605,0.48486151,0.69860944
3,9/12/2022,0.27575439,0.48507601,0.69854938
3,9/19/2022,0.27554912,0.48525769,0.69845620
3,9/26/2022,0.27534025,0.48540657,0.69832993
3,10/3/2022,0.27512776,0.48552264,0.69817054
3,10/10/2022,0.27491167,0.48560589,0.69797804
3,10/17/2022,0.27469197,0.48565634,0.69775244
3,10/24/2022,0.27446867,0.48567397,0.69749372
3,10/31/2022,0.27424175,0.48565879,0.69720190
3,11/7/2022,0.27401123,0.48561080,0.69687697
3,11/14/2022,0.27377711,0.48553000,0.69651893
3,11/21/2022,0.27353937,0.48541639,0.69612778
3,11/28/2022,0.27329803,0.48526997,0.69570352
3,12/5/2022,0.27305308,0.48509074,0.69524616
3,12/12/2022,0.27280452,0.48487869,0.69475568
3,12/19/2022,0.27255235,0.48463384,0.69423210
3,12/26/2022,0.27229658,0.48435617,0.69367541
3,1/2/2023,0.27203720,0.48404569,0.69308561
3,1/9/2023,0.27177421,0.48370240,0.69246270
3,1/16/2023,0.27150762,0.48332630,0.69180668
3,1/23/2023,0.27123742,0.48291739,0.69111756
3,1/30/2023,0.27096361,0.48247567,0.69039532
3,2/6/2023,0.27068619,0.48200114,0.68963998
3,2/13/2023,0.27040517,0.48149380,0.68885153
3,2/20/2023,0.27012054,0.48095364,0.68802997
3,2/27/2023,0.26983230,0.48038067,0.68717530
3,3/6/2023,0.26954045,0.47977490,0.68628752
3,3/13/2023,0.26924500,0.47913631,0.68536663
3,3/20/2023,0.26894594,0.47846491,0.68441264
3,3/27/2023,0.26864327,0.47776070,0.68342553
3,4/3/2023,0.26833699,0.47702368,0.68240532
3,4/10/2023,0.26802711,0.47625384,0.68135200
3,4/17/2023,0.26771362,0.47545120,0.68026557
3,4/24/2023,0.26739652,0.47461575,0.67914603
3,5/1/2023,0.26707581,0.47374748,0.67799339
3,5/8/2023,0.26675150,0.47284640,0.67680763
3,5/15/2023,0.26642358,0.47191252,0.67558877
3,5/22/2023,0.26609205,0.47094582,0.67433680
3,5/29/2023,0.26575692,0.46994631,0.67305171
3,6/5/2023,0.26541818,0.46891398,0.67173352
3,6/12/2023,0.26507583,0.46784885,0.67038223
3,6/19/2023,0.26472987,0.46675091,0.66899782
3,6/26/2023,0.26438031,0.46562016,0.66758030
3,7/3/2023,0.26402715,0.46445675,0.66612984
3,7/10/2023,0.26367195,0.46327553,0.66466124
3,7/17/2023,0.26331743,0.46210269,0.66320066
3,7/24/2023,0.26296385,0.46094085,0.66175074
3,7/31/2023,0.26261124,0.45979003,0.66031147
3,8/7/2023,0.26225957,0.45865023,0.65888285
3,8/14/2023,0.26190886,0.45752143,0.65746489
3,8/21/2023,0.26155909,0.45640365,0.65605758
3,8/28/2023,0.26121029,0.45529687,0.65466092
3,9/4/2023,0.26086243,0.45420111,0.65327491
3,9/11/2023,0.26051553,0.45311636,0.65189956
3,9/18/2023,0.26016958,0.45204263,0.65053486
3,9/25/2023,0.25982458,0.45097990,0.64918082
3,10/2/2023,0.25948053,0.44992819,0.64783742
3,10/9/2023,0.25913744,0.44888749,0.64650468
3,10/16/2023,0.25879530,0.44785780,0.64518259
3,10/23/2023,0.25845411,0.44683913,0.64387116
3,10/30/2023,0.25811388,0.44583146,0.64257038
3,11/6/2023,0.25777459,0.44483481,0.64128025
3,11/13/2023,0.25743626,0.44384917,0.64000078
3,11/20/2023,0.25709889,0.44287454,0.63873195
3,11/27/2023,0.25676246,0.44191092,0.63747379
3,12/4/2023,0.25642699,0.44095832,0.63622627
3,12/11/2023,0.25609247,0.44001672,0.63498941
3,12/18/2023,0.25575890,0.43908614,0.63376320
3,12/25/2023,0.25542629,0.43816657,0.63254764
3,1/1/2024,0.25509462,0.43725801,0.63134274
3,1/8/2024,0.25476391,0.43636047,0.63014849
3,1/15/2024,0.25443416,0.43547394,0.62896489
3,1/22/2024,0.25410535,0.43459841,0.62779194
3,1/29/2024,0.25377750,0.43373390,0.62662965
3,2/5/2024,0.25345060,0.43288041,0.62547801
3,2/12/2024,0.25312466,0.43203792,0.62433703
3,2/19/2024,0.25279966,0.43120645,0.62320669
3,2/26/2024,0.25247562,0.43038598,0.62208702
3,3/4/2024,0.25215253,0.42957653,0.62097799
3,3/11/2024,0.25183039,0.42877810,0.61987962
3,3/18/2024,0.25150921,0.42799067,0.61879190
3,3/25/2024,0.25118898,0.42721426,0.61771483
3,4/1/2024,0.25086970,0.42644885,0.61664841
3,4/8/2024,0.25055137,0.42569446,0.61559265
3,4/15/2024,0.25023400,0.42495109,0.61454754
3,4/22/2024,0.24991758,0.42421872,0.61351309
3,4/29/2024,0.24960211,0.42349736,0.61248929
3,5/6/2024,0.24928759,0.42278702,0.61147614
3,5/13/2024,0.24897403,0.42208769,0.61047364
3,5/20/2024,0.24866142,0.42139937,0.60948180
3,5/27/2024,0.24834976,0.42072207,0.60850061
3,6/3/2024,0.24803906,0.42005577,0.60753007
3,6/10/2024,0.24772930,0.41940049,0.60657019
3,6/17/2024,0.24742050,0.41875622,0.60562096
3,6/24/2024,0.24711265,0.41812296,0.60468238
3,7/1/2024,0.24680576,0.41750071,0.60375445
3,7/8/2024,0.24649982,0.41688947,0.60283718
3,7/15/2024,0.24619483,0.41628925,0.60193056
3,7/22/2024,0.24589079,0.41570004,0.60103460
3,7/29/2024,0.24558770,0.41512184,0.60014928
3,8/5/2024,0.24528557,0.41455465,0.59927462
3,8/12/2024,0.24498439,0.41399848,0.59841062
3,8/19/2024,0.24468416,0.41345331,0.59755726
3,8/26/2024,0.24438489,0.41291916,0.59671456
3,9/2/2024,0.24408657,0.41239602,0.59588252
3,9/9/2024,0.24378920,0.41188389,0.59506112
3,9/16/2024,0.24349278,0.41138278,0.59425038
3,9/23/2024,0.24319731,0.41089267,0.59345029
3,9/30/2024,0.24290280,0.41041358,0.59266086
3,10/7/2024,0.24260924,0.40994550,0.59188207
3,10/14/2024,0.24231663,0.40948843,0.59111394
3,10/21/2024,0.24202498,0.40904238,0.59035647
3,10/28/2024,0.24173428,0.40860733,0.58960964
3,11/4/2024,0.24144453,0.40818330,0.58887347
3,11/11/2024,0.24115573,0.40777028,0.58814796
3,11/18/2024,0.24086789,0.40736827,0.58743309
3,11/25/2024,0.24058100,0.40697727,0.58672888
3,12/2/2024,0.24029506,0.40659729,0.58603532
3,12/9/2024,0.24001007,0.40622832,0.58535242
3,12/16/2024,0.23972604,0.40587036,0.58468017
3,12/23/2024,0.23944296,0.40552341,0.58401857
3,12/30/2024,0.23916083,0.40518747,0.58336762
4,3/1/2021,0.34736708,0.56155276,0.76592695
4,3/8/2021,0.34555517,0.55876765,0.76374445
4,3/15/2021,0.34376690,0.55603011,0.76159694
4,3/22/2021,0.34200226,0.55334013,0.75948442
4,3/29/2021,0.34026125,0.55069771,0.75740690
4,4/5/2021,0.33854388,0.54810286,0.75536437
4,4/12/2021,0.33685014,0.54555556,0.75335684
4,4/19/2021,0.33518003,0.54305583,0.75138430
4,4/26/2021,0.33353356,0.54060366,0.74944676
4,5/3/2021,0.33191073,0.53819906,0.74754421
4,5/10/2021,0.33031153,0.53584201,0.74567665
4,5/17/2021,0.32873596,0.53353253,0.74384409
4,5/24/2021,0.32718402,0.53127061,0.74204652
4,5/31/2021,0.32565572,0.52905625,0.74028395
4,6/7/2021,0.32415106,0.52688945,0.73855637
4,6/14/2021,0.32267003,0.52477022,0.73686379
4,6/21/2021,0.32121263,0.52269854,0.73520620
4,6/28/2021,0.31977887,0.52067443,0.73358361
4,7/5/2021,0.31836874,0.51869789,0.73199601
4,7/12/2021,0.31698224,0.51676890,0.73044340
4,7/19/2021,0.31561938,0.51488748,0.72892579
4,7/26/2021,0.31428016,0.51305361,0.72744317
4,8/2/2021,0.31296456,0.51126731,0.72599555
4,8/9/2021,0.31167261,0.50952858,0.72458292
4,8/16/2021,0.31040428,0.50783740,0.72320529
4,8/23/2021,0.30915959,0.50619379,0.72186265
4,8/30/2021,0.30793854,0.50459774,0.72055500
4,9/6/2021,0.30674111,0.50304925,0.71928235
4,9/13/2021,0.30556733,0.50154832,0.71804469
4,9/20/2021,0.30441717,0.50009496,0.71684203
4,9/27/2021,0.30329065,0.49868915,0.71567436
4,10/4/2021,0.30218777,0.49733091,0.71454169
4,10/11/2021,0.30110852,0.49602023,0.71344401
4,10/18/2021,0.30005290,0.49475712,0.71238133
4,10/25/2021,0.29902092,0.49354156,0.71135364
4,11/1/2021,0.29801257,0.49237357,0.71036094
4,11/8/2021,0.29702785,0.49125314,0.70940324
4,11/15/2021,0.29606677,0.49018028,0.70848053
4,11/22/2021,0.29512933,0.48915497,0.70759282
4,11/29/2021,0.29421551,0.48817723,0.70674010
4,12/6/2021,0.29332534,0.48724705,0.70592238
4,12/13/2021,0.29245879,0.48636443,0.70513965
4,12/20/2021,0.29161588,0.48552937,0.70439191
4,12/27/2021,0.29079661,0.48474187,0.70367917
4,1/3/2022,0.29000096,0.48400194,0.70300143
4,1/10/2022,0.28922896,0.48330957,0.70235868
4,1/17/2022,0.28848058,0.48266476,0.70175092
4,1/24/2022,0.28775584,0.48206752,0.70117816
4,1/31/2022,0.28705474,0.48151783,0.70064039
4,2/7/2022,0.28637727,0.48101571,0.70013761
4,2/14/2022,0.28572343,0.48056115,0.69966983
4,2/21/2022,0.28509323,0.48015415,0.69923705
4,2/28/2022,0.28448666,0.47979472,0.69883926
4,3/7/2022,0.28390373,0.47948284,0.69847646
4,3/14/2022,0.28334442,0.47921853,0.69814866
4,3/21/2022,0.28280876,0.47900178,0.69785585
4,3/28/2022,0.28229673,0.47883259,0.69759804
4,4/4/2022,0.28180833,0.47871097,0.69737522
4,4/11/2022,0.28134356,0.47863691,0.69718739
4,4/18/2022,0.28090243,0.47861041,0.69703456
4,4/25/2022,0.28048494,0.47863147,0.69691673
4,5/2/2022,0.28009108,0.47870009,0.69683389
4,5/9/2022,0.27972085,0.47881628,0.69678604
4,5/16/2022,0.27937426,0.47898002,0.69677319
4,5/23/2022,0.27905130,0.47919133,0.69679533
4,5/30/2022,0.27875197,0.47945021,0.69685246
4,6/6/2022,0.27847628,0.47975664,0.69694460
4,6/13/2022,0.27822422,0.48011064,0.69707172
4,6/20/2022,0.27799580,0.48051220,0.69723384
4,6/27/2022,0.27779101,0.48096132,0.69743095
4,7/4/2022,0.27760951,0.48145697,0.69766219
4,7/11/2022,0.27743948,0.48196431,0.69789802
4,7/18/2022,0.27726668,0.48244130,0.69810283
4,7/25/2022,0.27709027,0.48288548,0.69827453
4,8/1/2022,0.27691025,0.48329684,0.69841312
4,8/8/2022,0.27672663,0.48367540,0.69851860
4,8/15/2022,0.27653940,0.48402114,0.69859097
4,8/22/2022,0.27634856,0.48433407,0.69863024
4,8/29/2022,0.27615411,0.48461420,0.69863639
4,9/5/2022,0.27595605,0.48486151,0.69860944
4,9/12/2022,0.27575439,0.48507601,0.69854938
4,9/19/2022,0.27554912,0.48525769,0.69845620
4,9/26/2022,0.27534025,0.48540657,0.69832993
4,10/3/2022,0.27512776,0.48552264,0.69817054
4,10/10/2022,0.27491167,0.48560589,0.69797804
4,10/17/2022,0.27469197,0.48565634,0.69775244
4,10/24/2022,0.27446867,0.48567397,0.69749372
4,10/31/2022,0.27424175,0.48565879,0.69720190
4,11/7/2022,0.27401123,0.48561080,0.69687697
4,11/14/2022,0.27377711,0.48553000,0.69651893
4,11/21/2022,0.27353937,0.48541639,0.69612778
4,11/28/2022,0.27329803,0.48526997,0.69570352
4,12/5/2022,0.27305308,0.48509074,0.69524616
4,12/12/2022,0.27280452,0.48487869,0.69475568
4,12/19/2022,0.27255235,0.48463384,0.69423210
4,12/26/2022,0.27229658,0.48435617,0.69367541
4,1/2/2023,0.27203720,0.48404569,0.69308561
4,1/9/2023,0.27177421,0.48370240,0.69246270
4,1/16/2023,0.27150762,0.48332630,0.69180668
4,1/23/2023,0.27123742,0.48291739,0.69111756
4,1/30/2023,0.27096361,0.48247567,0.69039532
4,2/6/2023,0.27068619,0.48200114,0.68963998
4,2/13/2023,0.27040517,0.48149380,0.68885153
4,2/20/2023,0.27012054,0.48095364,0.68802997
4,2/27/2023,0.26983230,0.48038067,0.68717530
4,3/6/2023,0.26954045,0.47977490,0.68628752
4,3/13/2023,0.26924500,0.47913631,0.68536663
4,3/20/2023,0.26894594,0.47846491,0.68441264
4,3/27/2023,0.26864327,0.47776070,0.68342553
4,4/3/2023,0.26833699,0.47702368,0.68240532
4,4/10/2023,0.26802711,0.47625384,0.68135200
4,4/17/2023,0.26771362,0.47545120,0.68026557
4,4/24/2023,0.26739652,0.47461575,0.67914603
4,5/1/2023,0.26707581,0.47374748,0.67799339
4,5/8/2023,0.26675150,0.47284640,0.67680763
4,5/15/2023,0.26642358,0.47191252,0.67558877
4,5/22/2023,0.26609205,0.47094582,0.67433680
4,5/29/2023,0.26575692,0.46994631,0.67305171
4,6/5/2023,0.26541818,0.46891398,0.67173352
4,6/12/2023,0.26507583,0.46784885,0.67038223
4,6/19/2023,0.26472987,0.46675091,0.66899782
4,6/26/2023,0.26438031,0.46562016,0.66758030
4,7/3/2023,0.26402715,0.46445675,0.66612984
4,7/10/2023,0.26367195,0.46327553,0.66466124
4,7/17/2023,0.26331743,0.46210269,0.66320066
4,7/24/2023,0.26296385,0.46094085,0.66175074
4,7/31/2023,0.26261124,0.45979003,0.66031147
4,8/7/2023,0.26225957,0.45865023,0.65888285
4,8/14/2023,0.26190886,0.45752143,0.65746489
4,8/21/2023,0.26155909,0.45640365,0.65605758
4,8/28/2023,0.26121029,0.45529687,0.65466092
4,9/4/2023,0.26086243,0.45420111,0.65327491
4,9/11/2023,0.26051553,0.45311636,0.65189956
4,9/18/2023,0.26016958,0.45204263,0.65053486
4,9/25/2023,0.25982458,0.45097990,0.64918082
4,10/2/2023,0.25948053,0.44992819,0.64783742
4,10/9/2023,0.25913744,0.44888749,0.64650468
4,10/16/2023,0.25879530,0.44785780,0.64518259
4,10/23/2023,0.25845411,0.44683913,0.64387116
4,10/30/2023,0.25811388,0.44583146,0.64257038
4,11/6/2023,0.25777459,0.44483481,0.64128025
4,11/13/2023,0.25743626,0.44384917,0.64000078
4,11/20/2023,0.25709889,0.44287454,0.63873195
4,11/27/2023,0.25676246,0.44191092,0.63747379
4,12/4/2023,0.25642699,0.44095832,0.63622627
4,12/11/2023,0.25609247,0.44001672,0.63498941
4,12/18/2023,0.25575890,0.43908614,0.63376320
4,12/25/2023,0.25542629,0.43816657,0.63254764
4,1/1/2024,0.25509462,0.43725801,0.63134274
4,1/8/2024,0.25476391,0.43636047,0.63014849
4,1/15/2024,0.25443416,0.43547394,0.62896489
4,1/22/2024,0.25410535,0.43459841,0.62779194
4,1/29/2024,0.25377750,0.43373390,0.62662965
4,2/5/2024,0.25345060,0.43288041,0.62547801
4,2/12/2024,0.25312466,0.43203792,0.62433703
4,2/19/2024,0.25279966,0.43120645,0.62320669
4,2/26/2024,0.25247562,0.43038598,0.62208702
4,3/4/2024,0.25215253,0.42957653,0.62097799
4,3/11/2024,0.25183039,0.42877810,0.61987962
4,3/18/2024,0.25150921,0.42799067,0.61879190
4,3/25/2024,0.25118898,0.42721426,0.61771483
4,4/1/2024,0.25086970,0.42644885,0.61664841
4,4/8/2024,0.25055137,0.42569446,0.61559265
4,4/15/2024,0.25023400,0.42495109,0.61454754
4,4/22/2024,0.24991758,0.42421872,0.61351309
4,4/29/2024,0.24960211,0.42349736,0.61248929
4,5/6/2024,0.24928759,0.42278702,0.61147614
4,5/13/2024,0.24897403,0.42208769,0.61047364
4,5/20/2024,0.24866142,0.42139937,0.60948180
4,5/27/2024,0.24834976,0.42072207,0.60850061
4,6/3/2024,0.24803906,0.42005577,0.60753007
4,6/10/2024,0.24772930,0.41940049,0.60657019
4,6/17/2024,0.24742050,0.41875622,0.60562096
4,6/24/2024,0.24711265,0.41812296,0.60468238
4,7/1/2024,0.24680576,0.41750071,0.60375445
4,7/8/2024,0.24649982,0.41688947,0.60283718
4,7/15/2024,0.24619483,0.41628925,0.60193056
4,7/22/2024,0.24589079,0.41570004,0.60103460
4,7/29/2024,0.24558770,0.41512184,0.60014928
4,8/5/2024,0.24528557,0.41455465,0.59927462
4,8/12/2024,0.24498439,0.41399848,0.59841062
4,8/19/2024,0.24468416,0.41345331,0.59755726
4,8/26/2024,0.24438489,0.41291916,0.59671456
4,9/2/2024,0.24408657,0.41239602,0.59588252
4,9/9/2024,0.24378920,0.41188389,0.59506112
4,9/16/2024,0.24349278,0.41138278,0.59425038
4,9/23/2024,0.24319731,0.41089267,0.59345029
4,9/30/2024,0.24290280,0.41041358,0.59266086
4,10/7/2024,0.24260924,0.40994550,0.59188207
4,10/14/2024,0.24231663,0.40948843,0.59111394
4,10/21/2024,0.24202498,0.40904238,0.59035647
4,10/28/2024,0.24173428,0.40860733,0.58960964
4,11/4/2024,0.24144453,0.40818330,0.58887347
4,11/11/2024,0.24115573,0.40777028,0.58814796
4,11/18/2024,0.24086789,0.40736827,0.58743309
4,11/25/2024,0.24058100,0.40697727,0.58672888
4,12/2/2024,0.24029506,0.40659729,0.58603532
4,12/9/2024,0.24001007,0.40622832,0.58535242
4,12/16/2024,0.23972604,0.40587036,0.58468017
4,12/23/2024,0.23944296,0.40552341,0.58401857
4,12/30/2024,0.23916083,0.40518747,0.58336762
5,3/1/2021,0.34736708,0.56155276,0.76592695
5,3/8/2021,0.34555517,0.55876765,0.76374445
5,3/15/2021,0.34376690,0.55603011,0.76159694
5,3/22/2021,0.34200226,0.55334013,0.75948442
5,3/29/2021,0.34026125,0.55069771,0.75740690
5,4/5/2021,0.33854388,0.54810286,0.75536437
5,4/12/2021,0.33685014,0.54555556,0.75335684
5,4/19/2021,0.33518003,0.54305583,0.75138430
5,4/26/2021,0.33353356,0.54060366,0.74944676
5,5/3/2021,0.33191073,0.53819906,0.74754421
5,5/10/2021,0.33031153,0.53584201,0.74567665
5,5/17/2021,0.32873596,0.53353253,0.74384409
5,5/24/2021,0.32718402,0.53127061,0.74204652
5,5/31/2021,0.32565572,0.52905625,0.74028395
5,6/7/2021,0.32415106,0.52688945,0.73855637
5,6/14/2021,0.32267003,0.52477022,0.73686379
5,6/21/2021,0.32121263,0.52269854,0.73520620
5,6/28/2021,0.31977887,0.52067443,0.73358361
5,7/5/2021,0.31836874,0.51869789,0.73199601
5,7/12/2021,0.31698224,0.51676890,0.73044340
5,7/19/2021,0.31561938,0.51488748,0.72892579
5,7/26/2021,0.31428016,0.51305361,0.72744317
5,8/2/2021,0.31296456,0.51126731,0.72599555
5,8/9/2021,0.31167261,0.50952858,0.72458292
5,8/16/2021,0.31040428,0.50783740,0.72320529
5,8/23/2021,0.30915959,0.50619379,0.72186265
5,8/30/2021,0.30793854,0.50459774,0.72055500
5,9/6/2021,0.30674111,0.50304925,0.71928235
5,9/13/2021,0.30556733,0.50154832,0.71804469
5,9/20/2021,0.30441717,0.50009496,0.71684203
5,9/27/2021,0.30329065,0.49868915,0.71567436
5,10/4/2021,0.30218777,0.49733091,0.71454169
5,10/11/2021,0.30110852,0.49602023,0.71344401
5,10/18/2021,0.30005290,0.49475712,0.71238133
5,10/25/2021,0.29902092,0.49354156,0.71135364
5,11/1/2021,0.29801257,0.49237357,0.71036094
5,11/8/2021,0.29702785,0.49125314,0.70940324
5,11/15/2021,0.29606677,0.49018028,0.70848053
5,11/22/2021,0.29512933,0.48915497,0.70759282
5,11/29/2021,0.29421551,0.48817723,0.70674010
5,12/6/2021,0.29332534,0.48724705,0.70592238
5,12/13/2021,0.29245879,0.48636443,0.70513965
5,12/20/2021,0.29161588,0.48552937,0.70439191
5,12/27/2021,0.29079661,0.48474187,0.70367917
5,1/3/2022,0.29000096,0.48400194,0.70300143
5,1/10/2022,0.28922896,0.48330957,0.70235868
5,1/17/2022,0.28848058,0.48266476,0.70175092
5,1/24/2022,0.28775584,0.48206752,0.70117816
5,1/31/2022,0.28705474,0.48151783,0.70064039
5,2/7/2022,0.28637727,0.48101571,0.70013761
5,2/14/2022,0.28572343,0.48056115,0.69966983
5,2/21/2022,0.28509323,0.48015415,0.69923705
5,2/28/2022,0.28448666,0.47979472,0.69883926
5,3/7/2022,0.28390373,0.47948284,0.69847646
5,3/14/2022,0.28334442,0.47921853,0.69814866
5,3/21/2022,0.28280876,0.47900178,0.69785585
5,3/28/2022,0.28229673,0.47883259,0.69759804
5,4/4/2022,0.28180833,0.47871097,0.69737522
5,4/11/2022,0.28134356,0.47863691,0.69718739
5,4/18/2022,0.28090243,0.47861041,0.69703456
5,4/25/2022,0.28048494,0.47863147,0.69691673
5,5/2/2022,0.28009108,0.47870009,0.69683389
5,5/9/2022,0.27972085,0.47881628,0.69678604
5,5/16/2022,0.27937426,0.47898002,0.69677319
5,5/23/2022,0.27905130,0.47919133,0.69679533
5,5/30/2022,0.27875197,0.47945021,0.69685246
5,6/6/2022,0.27847628,0.47975664,0.69694460
5,6/13/2022,0.27822422,0.48011064,0.69707172
5,6/20/2022,0.27799580,0.48051220,0.69723384
5,6/27/2022,0.27779101,0.48096132,0.69743095
5,7/4/2022,0.27760951,0.48145697,0.69766219
5,7/11/2022,0.27743948,0.48196431,0.69789802
5,7/18/2022,0.27726668,0.48244130,0.69810283
5,7/25/2022,0.27709027,0.48288548,0.69827453
5,8/1/2022,0.27691025,0.48329684,0.69841312
5,8/8/2022,0.27672663,0.48367540,0.69851860
5,8/15/2022,0.27653940,0.48402114,0.69859097
5,8/22/2022,0.27634856,0.48433407,0.69863024
5,8/29/2022,0.27615411,0.48461420,0.69863639
5,9/5/2022,0.27595605,0.48486151,0.69860944
5,9/12/2022,0.27575439,0.48507601,0.69854938
5,9/19/2022,0.27554912,0.48525769,0.69845620
5,9/26/2022,0.27534025,0.48540657,0.69832993
5,10/3/2022,0.27512776,0.48552264,0.69817054
5,10/10/2022,0.27491167,0.48560589,0.69797804
5,10/17/2022,0.27469197,0.48565634,0.69775244
5,10/24/2022,0.27446867,0.48567397,0.69749372
5,10/31/2022,0.27424175,0.48565879,0.69720190
5,11/7/2022,0.27401123,0.48561080,0.69687697
5,11/14/2022,0.27377711,0.48553000,0.69651893
5,11/21/2022,0.27353937,0.48541639,0.69612778
5,11/28/2022,0.27329803,0.48526997,0.69570352
5,12/5/2022,0.27305308,0.48509074,0.69524616
5,12/12/2022,0.27280452,0.48487869,0.69475568
5,12/19/2022,0.27255235,0.48463384,0.69423210
5,12/26/2022,0.27229658,0.48435617,0.69367541
5,1/2/2023,0.27203720,0.48404569,0.69308561
5,1/9/2023,0.27177421,0.48370240,0.69246270
5,1/16/2023,0.27150762,0.48332630,0.69180668
5,1/23/2023,0.27123742,0.48291739,0.69111756
5,1/30/2023,0.27096361,0.48247567,0.69039532
5,2/6/2023,0.27068619,0.48200114,0.68963998
5,2/13/2023,0.27040517,0.48149380,0.68885153
5,2/20/2023,0.27012054,0.48095364,0.68802997
5,2/27/2023,0.26983230,0.48038067,0.68717530
5,3/6/2023,0.26954045,0.47977490,0.68628752
5,3/13/2023,0.26924500,0.47913631,0.68536663
5,3/20/2023,0.26894594,0.47846491,0.68441264
5,3/27/2023,0.26864327,0.47776070,0.68342553
5,4/3/2023,0.26833699,0.47702368,0.68240532
5,4/10/2023,0.26802711,0.47625384,0.68135200
5,4/17/2023,0.26771362,0.47545120,0.68026557
5,4/24/2023,0.26739652,0.47461575,0.67914603
5,5/1/2023,0.26707581,0.47374748,0.67799339
5,5/8/2023,0.26675150,0.47284640,0.67680763
5,5/15/2023,0.26642358,0.47191252,0.67558877
5,5/22/2023,0.26609205,0.47094582,0.67433680
5,5/29/2023,0.26575692,0.46994631,0.67305171
5,6/5/2023,0.26541818,0.46891398,0.67173352
5,6/12/2023,0.26507583,0.46784885,0.67038223
5,6/19/2023,0.26472987,0.46675091,0.66899782
5,6/26/2023,0.26438031,0.46562016,0.66758030
5,7/3/2023,0.26402715,0.46445675,0.66612984
5,7/10/2023,0.26367195,0.46327553,0.66466124
5,7/17/2023,0.26331743,0.46210269,0.66320066
5,7/24/2023,0.26296385,0.46094085,0.66175074
5,7/31/2023,0.26261124,0.45979003,0.66031147
5,8/7/2023,0.26225957,0.45865023,0.65888285
5,8/14/2023,0.26190886,0.45752143,0.65746489
5,8/21/2023,0.26155909,0.45640365,0.65605758
5,8/28/2023,0.26121029,0.45529687,0.65466092
5,9/4/2023,0.26086243,0.45420111,0.65327491
5,9/11/2023,0.26051553,0.45311636,0.65189956
5,9/18/2023,0.26016958,0.45204263,0.65053486
5,9/25/2023,0.25982458,0.45097990,0.64918082
5,10/2/2023,0.25948053,0.44992819,0.64783742
5,10/9/2023,0.25913744,0.44888749,0.64650468
5,10/16/2023,0.25879530,0.44785780,0.64518259
5,10/23/2023,0.25845411,0.44683913,0.64387116
5,10/30/2023,0.25811388,0.44583146,0.64257038
5,11/6/2023,0.25777459,0.44483481,0.64128025
5,11/13/2023,0.25743626,0.44384917,0.64000078
5,11/20/2023,0.25709889,0.44287454,0.63873195
5,11/27/2023,0.25676246,0.44191092,0.63747379
5,12/4/2023,0.25642699,0.44095832,0.63622627
5,12/11/2023,0.25609247,0.44001672,0.63498941
5,12/18/2023,0.25575890,0.43908614,0.63376320
5,12/25/2023,0.25542629,0.43816657,0.63254764
5,1/1/2024,0.25509462,0.43725801,0.63134274
5,1/8/2024,0.25476391,0.43636047,0.63014849
5,1/15/2024,0.25443416,0.43547394,0.62896489
5,1/22/2024,0.25410535,0.43459841,0.62779194
5,1/29/2024,0.25377750,0.43373390,0.62662965
5,2/5/2024,0.25345060,0.43288041,0.62547801
5,2/12/2024,0.25312466,0.43203792,0.62433703
5,2/19/2024,0.25279966,0.43120645,0.62320669
5,2/26/2024,0.25247562,0.43038598,0.62208702
5,3/4/2024,0.25215253,0.42957653,0.62097799
5,3/11/2024,0.25183039,0.42877810,0.61987962
5,3/18/2024,0.25150921,0.42799067,0.61879190
5,3/25/2024,0.25118898,0.42721426,0.61771483
5,4/1/2024,0.25086970,0.42644885,0.61664841
5,4/8/2024,0.25055137,0.42569446,0.61559265
5,4/15/2024,0.25023400,0.42495109,0.61454754
5,4/22/2024,0.24991758,0.42421872,0.61351309
5,4/29/2024,0.24960211,0.42349736,0.61248929
5,5/6/2024,0.24928759,0.42278702,0.61147614
5,5/13/2024,0.24897403,0.42208769,0.61047364
5,5/20/2024,0.24866142,0.42139937,0.60948180
5,5/27/2024,0.24834976,0.42072207,0.60850061
5,6/3/2024,0.24803906,0.42005577,0.60753007
5,6/10/2024,0.24772930,0.41940049,0.60657019
5,6/17/2024,0.24742050,0.41875622,0.60562096
5,6/24/2024,0.24711265,0.41812296,0.60468238
5,7/1/2024,0.24680576,0.41750071,0.60375445
5,7/8/2024,0.24649982,0.41688947,0.60283718
5,7/15/2024,0.24619483,0.41628925,0.60193056
5,7/22/2024,0.24589079,0.41570004,0.60103460
5,7/29/2024,0.24558770,0.41512184,0.60014928
5,8/5/2024,0.24528557,0.41455465,0.59927462
5,8/12/2024,0.24498439,0.41399848,0.59841062
5,8/19/2024,0.24468416,0.41345331,0.59755726
5,8/26/2024,0.24438489,0.41291916,0.59671456
5,9/2/2024,0.24408657,0.41239602,0.59588252
5,9/9/2024,0.24378920,0.41188389,0.59506112
5,9/16/2024,0.24349278,0.41138278,0.59425038
5,9/23/2024,0.24319731,0.41089267,0.59345029
5,9/30/2024,0.24290280,0.41041358,0.59266086
5,10/7/2024,0.24260924,0.40994550,0.59188207
5,10/14/2024,0.24231663,0.40948843,0.59111394
5,10/21/2024,0.24202498,0.40904238,0.59035647
5,10/28/2024,0.24173428,0.40860733,0.58960964
5,11/4/2024,0.24144453,0.40818330,0.58887347
5,11/11/2024,0.24115573,0.40777028,0.58814796
5,11/18/2024,0.24086789,0.40736827,0.58743309
5,11/25/2024,0.24058100,0.40697727,0.58672888
5,12/2/2024,0.24029506,0.40659729,0.58603532
5,12/9/2024,0.24001007,0.40622832,0.58535242
5,12/16/2024,0.23972604,0.40587036,0.58468017
5,12/23/2024,0.23944296,0.40552341,0.58401857
5,12/30/2024,0.23916083,0.40518747,0.58336762
6,3/1/2021,0.34736708,0.56155276,0.76592695
6,3/8/2021,0.34555517,0.55876765,0.76374445
6,3/15/2021,0.34376690,0.55603011,0.76159694
6,3/22/2021,0.34200226,0.55334013,0.75948442
6,3/29/2021,0.34026125,0.55069771,0.75740690
6,4/5/2021,0.33854388,0.54810286,0.75536437
6,4/12/2021,0.33685014,0.54555556,0.75335684
6,4/19/2021,0.33518003,0.54305583,0.75138430
6,4/26/2021,0.33353356,0.54060366,0.74944676
6,5/3/2021,0.33191073,0.53819906,0.74754421
6,5/10/2021,0.33031153,0.53584201,0.74567665
6,5/17/2021,0.32873596,0.53353253,0.74384409
6,5/24/2021,0.32718402,0.53127061,0.74204652
6,5/31/2021,0.32565572,0.52905625,0.74028395
6,6/7/2021,0.32415106,0.52688945,0.73855637
6,6/14/2021,0.32267003,0.52477022,0.73686379
6,6/21/2021,0.32121263,0.52269854,0.73520620
6,6/28/2021,0.31977887,0.52067443,0.73358361
6,7/5/2021,0.31836874,0.51869789,0.73199601
6,7/12/2021,0.31698224,0.51676890,0.73044340
6,7/19/2021,0.31561938,0.51488748,0.72892579
6,7/26/2021,0.31428016,0.51305361,0.72744317
6,8/2/2021,0.31296456,0.51126731,0.72599555
6,8/9/2021,0.31167261,0.50952858,0.72458292
6,8/16/2021,0.31040428,0.50783740,0.72320529
6,8/23/2021,0.30915959,0.50619379,0.72186265
6,8/30/2021,0.30793854,0.50459774,0.72055500
6,9/6/2021,0.30674111,0.50304925,0.71928235
6,9/13/2021,0.30556733,0.50154832,0.71804469
6,9/20/2021,0.30441717,0.50009496,0.71684203
6,9/27/2021,0.30329065,0.49868915,0.71567436
6,10/4/2021,0.30218777,0.49733091,0.71454169
6,10/11/2021,0.30110852,0.49602023,0.71344401
6,10/18/2021,0.30005290,0.49475712,0.71238133
6,10/25/2021,0.29902092,0.49354156,0.71135364
6,11/1/2021,0.29801257,0.49237357,0.71036094
6,11/8/2021,0.29702785,0.49125314,0.70940324
6,11/15/2021,0.29606677,0.49018028,0.70848053
6,11/22/2021,0.29512933,0.48915497,0.70759282
6,11/29/2021,0.29421551,0.48817723,0.70674010
6,12/6/2021,0.29332534,0.48724705,0.70592238
6,12/13/2021,0.29245879,0.48636443,0.70513965
6,12/20/2021,0.29161588,0.48552937,0.70439191
6,12/27/2021,0.29079661,0.48474187,0.70367917
6,1/3/2022,0.29000096,0.48400194,0.70300143
6,1/10/2022,0.28922896,0.48330957,0.70235868
6,1/17/2022,0.28848058,0.48266476,0.70175092
6,1/24/2022,0.28775584,0.48206752,0.70117816
6,1/31/2022,0.28705474,0.48151783,0.70064039
6,2/7/2022,0.28637727,0.48101571,0.70013761
6,2/14/2022,0.28572343,0.48056115,0.69966983
6,2/21/2022,0.28509323,0.48015415,0.69923705
6,2/28/2022,0.28448666,0.47979472,0.69883926
6,3/7/2022,0.28390373,0.47948284,0.69847646
6,3/14/2022,0.28334442,0.47921853,0.69814866
6,3/21/2022,0.28280876,0.47900178,0.69785585
6,3/28/2022,0.28229673,0.47883259,0.69759804
6,4/4/2022,0.28180833,0.47871097,0.69737522
6,4/11/2022,0.28134356,0.47863691,0.69718739
6,4/18/2022,0.28090243,0.47861041,0.69703456
6,4/25/2022,0.28048494,0.47863147,0.69691673
6,5/2/2022,0.28009108,0.47870009,0.69683389
6,5/9/2022,0.27972085,0.47881628,0.69678604
6,5/16/2022,0.27937426,0.47898002,0.69677319
6,5/23/2022,0.27905130,0.47919133,0.69679533
6,5/30/2022,0.27875197,0.47945021,0.69685246
6,6/6/2022,0.27847628,0.47975664,0.69694460
6,6/13/2022,0.27822422,0.48011064,0.69707172
6,6/20/2022,0.27799580,0.48051220,0.69723384
6,6/27/2022,0.27779101,0.48096132,0.69743095
6,7/4/2022,0.27760951,0.48145697,0.69766219
6,7/11/2022,0.27743948,0.48196431,0.69789802
6,7/18/2022,0.27726668,0.48244130,0.69810283
6,7/25/2022,0.27709027,0.48288548,0.69827453
6,8/1/2022,0.27691025,0.48329684,0.69841312
6,8/8/2022,0.27672663,0.48367540,0.69851860
6,8/15/2022,0.27653940,0.48402114,0.69859097
6,8/22/2022,0.27634856,0.48433407,0.69863024
6,8/29/2022,0.27615411,0.48461420,0.69863639
6,9/5/2022,0.27595605,0.48486151,0.69860944
6,9/12/2022,0.27575439,0.48507601,0.69854938
6,9/19/2022,0.27554912,0.48525769,0.69845620
6,9/26/2022,0.27534025,0.48540657,0.69832993
6,10/3/2022,0.27512776,0.48552264,0.69817054
6,10/10/2022,0.27491167,0.48560589,0.69797804
6,10/17/2022,0.27469197,0.48565634,0.69775244
6,10/24/2022,0.27446867,0.48567397,0.69749372
6,10/31/2022,0.27424175,0.48565879,0.69720190
6,11/7/2022,0.27401123,0.48561080,0.69687697
6,11/14/2022,0.27377711,0.48553000,0.69651893
6,11/21/2022,0.27353937,0.48541639,0.69612778
6,11/28/2022,0.27329803,0.48526997,0.69570352
6,12/5/2022,0.27305308,0.48509074,0.69524616
6,12/12/2022,0.27280452,0.48487869,0.69475568
6,12/19/2022,0.27255235,0.48463384,0.69423210
6,12/26/2022,0.27229658,0.48435617,0.69367541
6,1/2/2023,0.27203720,0.48404569,0.69308561
6,1/9/2023,0.27177421,0.48370240,0.69246270
6,1/16/2023,0.27150762,0.48332630,0.69180668
6,1/23/2023,0.27123742,0.48291739,0.69111756
6,1/30/2023,0.27096361,0.48247567,0.69039532
6,2/6/2023,0.27068619,0.48200114,0.68963998
6,2/13/2023,0.27040517,0.48149380,0.68885153
6,2/20/2023,0.27012054,0.48095364,0.68802997
6,2/27/2023,0.26983230,0.48038067,0.68717530
6,3/6/2023,0.26954045,0.47977490,0.68628752
6,3/13/2023,0.26924500,0.47913631,0.68536663
6,3/20/2023,0.26894594,0.47846491,0.68441264
6,3/27/2023,0.26864327,0.47776070,0.68342553
6,4/3/2023,0.26833699,0.47702368,0.68240532
6,4/10/2023,0.26802711,0.47625384,0.68135200
6,4/17/2023,0.26771362,0.47545120,0.68026557
6,4/24/2023,0.26739652,0.47461575,0.67914603
6,5/1/2023,0.26707581,0.47374748,0.67799339
6,5/8/2023,0.26675150,0.47284640,0.67680763
6,5/15/2023,0.26642358,0.47191252,0.67558877
6,5/22/2023,0.26609205,0.47094582,0.67433680
6,5/29/2023,0.26575692,0.46994631,0.67305171
6,6/5/2023,0.26541818,0.46891398,0.67173352
6,6/12/2023,0.26507583,0.46784885,0.67038223
6,6/19/2023,0.26472987,0.46675091,0.66899782
6,6/26/2023,0.26438031,0.46562016,0.66758030
6,7/3/2023,0.26402715,0.46445675,0.66612984
6,7/10/2023,0.26367195,0.46327553,0.66466124
6,7/17/2023,0.26331743,0.46210269,0.66320066
6,7/24/2023,0.26296385,0.46094085,0.66175074
6,7/31/2023,0.26261124,0.45979003,0.66031147
6,8/7/2023,0.26225957,0.45865023,0.65888285
6,8/14/2023,0.26190886,0.45752143,0.65746489
6,8/21/2023,0.26155909,0.45640365,0.65605758
6,8/28/2023,0.26121029,0.45529687,0.65466092
6,9/4/2023,0.26086243,0.45420111,0.65327491
6,9/11/2023,0.26051553,0.45311636,0.65189956
6,9/18/2023,0.26016958,0.45204263,0.65053486
6,9/25/2023,0.25982458,0.45097990,0.64918082
6,10/2/2023,0.25948053,0.44992819,0.64783742
6,10/9/2023,0.25913744,0.44888749,0.64650468
6,10/16/2023,0.25879530,0.44785780,0.64518259
6,10/23/2023,0.25845411,0.44683913,0.64387116
6,10/30/2023,0.25811388,0.44583146,0.64257038
6,11/6/2023,0.25777459,0.44483481,0.64128025
6,11/13/2023,0.25743626,0.44384917,0.64000078
6,11/20/2023,0.25709889,0.44287454,0.63873195
6,11/27/2023,0.25676246,0.44191092,0.63747379
6,12/4/2023,0.25642699,0.44095832,0.63622627
6,12/11/2023,0.25609247,0.44001672,0.63498941
6,12/18/2023,0.25575890,0.43908614,0.63376320
6,12/25/2023,0.25542629,0.43816657,0.63254764
6,1/1/2024,0.25509462,0.43725801,0.63134274
6,1/8/2024,0.25476391,0.43636047,0.63014849
6,1/15/2024,0.25443416,0.43547394,0.62896489
6,1/22/2024,0.25410535,0.43459841,0.62779194
6,1/29/2024,0.25377750,0.43373390,0.62662965
6,2/5/2024,0.25345060,0.43288041,0.62547801
6,2/12/2024,0.25312466,0.43203792,0.62433703
6,2/19/2024,0.25279966,0.43120645,0.62320669
6,2/26/2024,0.25247562,0.43038598,0.62208702
6,3/4/2024,0.25215253,0.42957653,0.62097799
6,3/11/2024,0.25183039,0.42877810,0.61987962
6,3/18/2024,0.25150921,0.42799067,0.61879190
6,3/25/2024,0.25118898,0.42721426,0.61771483
6,4/1/2024,0.25086970,0.42644885,0.61664841
6,4/8/2024,0.25055137,0.42569446,0.61559265
6,4/15/2024,0.25023400,0.42495109,0.61454754
6,4/22/2024,0.24991758,0.42421872,0.61351309
6,4/29/2024,0.24960211,0.42349736,0.61248929
6,5/6/2024,0.24928759,0.42278702,0.61147614
6,5/13/2024,0.24897403,0.42208769,0.61047364
6,5/20/2024,0.24866142,0.42139937,0.60948180
6,5/27/2024,0.24834976,0.42072207,0.60850061
6,6/3/2024,0.24803906,0.42005577,0.60753007
6,6/10/2024,0.24772930,0.41940049,0.60657019
6,6/17/2024,0.24742050,0.41875622,0.60562096
6,6/24/2024,0.24711265,0.41812296,0.60468238
6,7/1/2024,0.24680576,0.41750071,0.60375445
6,7/8/2024,0.24649982,0.41688947,0.60283718
6,7/15/2024,0.24619483,0.41628925,0.60193056
6,7/22/2024,0.24589079,0.41570004,0.60103460
6,7/29/2024,0.24558770,0.41512184,0.60014928
6,8/5/2024,0.24528557,0.41455465,0.59927462
6,8/12/2024,0.24498439,0.41399848,0.59841062
6,8/19/2024,0.24468416,0.41345331,0.59755726
6,8/26/2024,0.24438489,0.41291916,0.59671456
6,9/2/2024,0.24408657,0.41239602,0.59588252
6,9/9/2024,0.24378920,0.41188389,0.59506112
6,9/16/2024,0.24349278,0.41138278,0.59425038
6,9/23/2024,0.24319731,0.41089267,0.59345029
6,9/30/2024,0.24290280,0.41041358,0.59266086
6,10/7/2024,0.24260924,0.40994550,0.59188207
6,10/14/2024,0.24231663,0.40948843,0.59111394
6,10/21/2024,0.24202498,0.40904238,0.59035647
6,10/28/2024,0.24173428,0.40860733,0.58960964
6,11/4/2024,0.24144453,0.40818330,0.58887347
6,11/11/2024,0.24115573,0.40777028,0.58814796
6,11/18/2024,0.24086789,0.40736827,0.58743309
6,11/25/2024,0.24058100,0.40697727,0.58672888
6,12/2/2024,0.24029506,0.40659729,0.58603532
6,12/9/2024,0.24001007,0.40622832,0.58535242
6,12/16/2024,0.23972604,0.40587036,0.58468017
6,12/23/2024,0.23944296,0.40552341,0.58401857
6,12/30/2024,0.23916083,0.40518747,0.58336762
7,3/1/2021,0.34736708,0.56155276,0.76592695
7,3/8/2021,0.34555517,0.55876765,0.76374445
7,3/15/2021,0.34376690,0.55603011,0.76159694
7,3/22/2021,0.34200226,0.55334013,0.75948442
7,3/29/2021,0.34026125,0.55069771,0.75740690
7,4/5/2021,0.33854388,0.54810286,0.75536437
7,4/12/2021,0.33685014,0.54555556,0.75335684
7,4/19/2021,0.33518003,0.54305583,0.75138430
7,4/26/2021,0.33353356,0.54060366,0.74944676
7,5/3/2021,0.33191073,0.53819906,0.74754421
7,5/10/2021,0.33031153,0.53584201,0.74567665
7,5/17/2021,0.32873596,0.53353253,0.74384409
7,5/24/2021,0.32718402,0.53127061,0.74204652
7,5/31/2021,0.32565572,0.52905625,0.74028395
7,6/7/2021,0.32415106,0.52688945,0.73855637
7,6/14/2021,0.32267003,0.52477022,0.73686379
7,6/21/2021,0.32121263,0.52269854,0.73520620
7,6/28/2021,0.31977887,0.52067443,0.73358361
7,7/5/2021,0.31836874,0.51869789,0.73199601
7,7/12/2021,0.31698224,0.51676890,0.73044340
7,7/19/2021,0.31561938,0.51488748,0.72892579
7,7/26/2021,0.31428016,0.51305361,0.72744317
7,8/2/2021,0.31296456,0.51126731,0.72599555
7,8/9/2021,0.31167261,0.50952858,0.72458292
7,8/16/2021,0.31040428,0.50783740,0.72320529
7,8/23/2021,0.30915959,0.50619379,0.72186265
7,8/30/2021,0.30793854,0.50459774,0.72055500
7,9/6/2021,0.30674111,0.50304925,0.71928235
7,9/13/2021,0.30556733,0.50154832,0.71804469
7,9/20/2021,0.30441717,0.50009496,0.71684203
7,9/27/2021,0.30329065,0.49868915,0.71567436
7,10/4/2021,0.30218777,0.49733091,0.71454169
7,10/11/2021,0.30110852,0.49602023,0.71344401
7,10/18/2021,0.30005290,0.49475712,0.71238133
7,10/25/2021,0.29902092,0.49354156,0.71135364
7,11/1/2021,0.29801257,0.49237357,0.71036094
7,11/8/2021,0.29702785,0.49125314,0.70940324
7,11/15/2021,0.29606677,0.49018028,0.70848053
7,11/22/2021,0.29512933,0.48915497,0.70759282
7,11/29/2021,0.29421551,0.48817723,0.70674010
7,12/6/2021,0.29332534,0.48724705,0.70592238
7,12/13/2021,0.29245879,0.48636443,0.70513965
7,12/20/2021,0.29161588,0.48552937,0.70439191
7,12/27/2021,0.29079661,0.48474187,0.70367917
7,1/3/2022,0.29000096,0.48400194,0.70300143
7,1/10/2022,0.28922896,0.48330957,0.70235868
7,1/17/2022,0.28848058,0.48266476,0.70175092
7,1/24/2022,0.28775584,0.48206752,0.70117816
7,1/31/2022,0.28705474,0.48151783,0.70064039
7,2/7/2022,0.28637727,0.48101571,0.70013761
7,2/14/2022,0.28572343,0.48056115,0.69966983
7,2/21/2022,0.28509323,0.48015415,0.69923705
7,2/28/2022,0.28448666,0.47979472,0.69883926
7,3/7/2022,0.28390373,0.47948284,0.69847646
7,3/14/2022,0.28334442,0.47921853,0.69814866
7,3/21/2022,0.28280876,0.47900178,0.69785585
7,3/28/2022,0.28229673,0.47883259,0.69759804
7,4/4/2022,0.28180833,0.47871097,0.69737522
7,4/11/2022,0.28134356,0.47863691,0.69718739
7,4/18/2022,0.28090243,0.47861041,0.69703456
7,4/25/2022,0.28048494,0.47863147,0.69691673
7,5/2/2022,0.28009108,0.47870009,0.69683389
7,5/9/2022,0.27972085,0.47881628,0.69678604
7,5/16/2022,0.27937426,0.47898002,0.69677319
7,5/23/2022,0.27905130,0.47919133,0.69679533
7,5/30/2022,0.27875197,0.47945021,0.69685246
7,6/6/2022,0.27847628,0.47975664,0.69694460
7,6/13/2022,0.27822422,0.48011064,0.69707172
7,6/20/2022,0.27799580,0.48051220,0.69723384
7,6/27/2022,0.27779101,0.48096132,0.69743095
7,7/4/2022,0.27760951,0.48145697,0.69766219
7,7/11/2022,0.27743948,0.48196431,0.69789802
7,7/18/2022,0.27726668,0.48244130,0.69810283
7,7/25/2022,0.27709027,0.48288548,0.69827453
7,8/1/2022,0.27691025,0.48329684,0.69841312
7,8/8/2022,0.27672663,0.48367540,0.69851860
7,8/15/2022,0.27653940,0.48402114,0.69859097
7,8/22/2022,0.27634856,0.48433407,0.69863024
7,8/29/2022,0.27615411,0.48461420,0.69863639
7,9/5/2022,0.27595605,0.48486151,0.69860944
7,9/12/2022,0.27575439,0.48507601,0.69854938
7,9/19/2022,0.27554912,0.48525769,0.69845620
7,9/26/2022,0.27534025,0.48540657,0.69832993
7,10/3/2022,0.27512776,0.48552264,0.69817054
7,10/10/2022,0.27491167,0.48560589,0.69797804
7,10/17/2022,0.27469197,0.48565634,0.69775244
7,10/24/2022,0.27446867,0.48567397,0.69749372
7,10/31/2022,0.27424175,0.48565879,0.69720190
7,11/7/2022,0.27401123,0.48561080,0.69687697
7,11/14/2022,0.27377711,0.48553000,0.69651893
7,11/21/2022,0.27353937,0.48541639,0.69612778
7,11/28/2022,0.27329803,0.48526997,0.69570352
7,12/5/2022,0.27305308,0.48509074,0.69524616
7,12/12/2022,0.27280452,0.48487869,0.69475568
7,12/19/2022,0.27255235,0.48463384,0.69423210
7,12/26/2022,0.27229658,0.48435617,0.69367541
7,1/2/2023,0.27203720,0.48404569,0.69308561
7,1/9/2023,0.27177421,0.48370240,0.69246270
7,1/16/2023,0.27150762,0.48332630,0.69180668
7,1/23/2023,0.27123742,0.48291739,0.69111756
7,1/30/2023,0.27096361,0.48247567,0.69039532
7,2/6/2023,0.27068619,0.48200114,0.68963998
7,2/13/2023,0.27040517,0.48149380,0.68885153
7,2/20/2023,0.27012054,0.48095364,0.68802997
7,2/27/2023,0.26983230,0.48038067,0.68717530
7,3/6/2023,0.26954045,0.47977490,0.68628752
7,3/13/2023,0.26924500,0.47913631,0.68536663
7,3/20/2023,0.26894594,0.47846491,0.68441264
7,3/27/2023,0.26864327,0.47776070,0.68342553
7,4/3/2023,0.26833699,0.47702368,0.68240532
7,4/10/2023,0.26802711,0.47625384,0.68135200
7,4/17/2023,0.26771362,0.47545120,0.68026557
7,4/24/2023,0.26739652,0.47461575,0.67914603
7,5/1/2023,0.26707581,0.47374748,0.67799339
7,5/8/2023,0.26675150,0.47284640,0.67680763
7,5/15/2023,0.26642358,0.47191252,0.67558877
7,5/22/2023,0.26609205,0.47094582,0.67433680
7,5/29/2023,0.26575692,0.46994631,0.67305171
7,6/5/2023,0.26541818,0.46891398,0.67173352
7,6/12/2023,0.26507583,0.46784885,0.67038223
7,6/19/2023,0.26472987,0.46675091,0.66899782
7,6/26/2023,0.26438031,0.46562016,0.66758030
7,7/3/2023,0.26402715,0.46445675,0.66612984
7,7/10/2023,0.26367195,0.46327553,0.66466124
7,7/17/2023,0.26331743,0.46210269,0.66320066
7,7/24/2023,0.26296385,0.46094085,0.66175074
7,7/31/2023,0.26261124,0.45979003,0.66031147
7,8/7/2023,0.26225957,0.45865023,0.65888285
7,8/14/2023,0.26190886,0.45752143,0.65746489
7,8/21/2023,0.26155909,0.45640365,0.65605758
7,8/28/2023,0.26121029,0.45529687,0.65466092
7,9/4/2023,0.26086243,0.45420111,0.65327491
7,9/11/2023,0.26051553,0.45311636,0.65189956
7,9/18/2023,0.26016958,0.45204263,0.65053486
7,9/25/2023,0.25982458,0.45097990,0.64918082
7,10/2/2023,0.25948053,0.44992819,0.64783742
7,10/9/2023,0.25913744,0.44888749,0.64650468
7,10/16/2023,0.25879530,0.44785780,0.64518259
7,10/23/2023,0.25845411,0.44683913,0.64387116
7,10/30/2023,0.25811388,0.44583146,0.64257038
7,11/6/2023,0.25777459,0.44483481,0.64128025
7,11/13/2023,0.25743626,0.44384917,0.64000078
7,11/20/2023,0.25709889,0.44287454,0.63873195
7,11/27/2023,0.25676246,0.44191092,0.63747379
7,12/4/2023,0.25642699,0.44095832,0.63622627
7,12/11/2023,0.25609247,0.44001672,0.63498941
7,12/18/2023,0.25575890,0.43908614,0.63376320
7,12/25/2023,0.25542629,0.43816657,0.63254764
7,1/1/2024,0.25509462,0.43725801,0.63134274
7,1/8/2024,0.25476391,0.43636047,0.63014849
7,1/15/2024,0.25443416,0.43547394,0.62896489
7,1/22/2024,0.25410535,0.43459841,0.62779194
7,1/29/2024,0.25377750,0.43373390,0.62662965
7,2/5/2024,0.25345060,0.43288041,0.62547801
7,2/12/2024,0.25312466,0.43203792,0.62433703
7,2/19/2024,0.25279966,0.43120645,0.62320669
7,2/26/2024,0.25247562,0.43038598,0.62208702
7,3/4/2024,0.25215253,0.42957653,0.62097799
7,3/11/2024,0.25183039,0.42877810,0.61987962
7,3/18/2024,0.25150921,0.42799067,0.61879190
7,3/25/2024,0.25118898,0.42721426,0.61771483
7,4/1/2024,0.25086970,0.42644885,0.61664841
7,4/8/2024,0.25055137,0.42569446,0.61559265
7,4/15/2024,0.25023400,0.42495109,0.61454754
7,4/22/2024,0.24991758,0.42421872,0.61351309
7,4/29/2024,0.24960211,0.42349736,0.61248929
7,5/6/2024,0.24928759,0.42278702,0.61147614
7,5/13/2024,0.24897403,0.42208769,0.61047364
7,5/20/2024,0.24866142,0.42139937,0.60948180
7,5/27/2024,0.24834976,0.42072207,0.60850061
7,6/3/2024,0.24803906,0.42005577,0.60753007
7,6/10/2024,0.24772930,0.41940049,0.60657019
7,6/17/2024,0.24742050,0.41875622,0.60562096
7,6/24/2024,0.24711265,0.41812296,0.60468238
7,7/1/2024,0.24680576,0.41750071,0.60375445
7,7/8/2024,0.24649982,0.41688947,0.60283718
7,7/15/2024,0.24619483,0.41628925,0.60193056
7,7/22/2024,0.24589079,0.41570004,0.60103460
7,7/29/2024,0.24558770,0.41512184,0.60014928
7,8/5/2024,0.24528557,0.41455465,0.59927462
7,8/12/2024,0.24498439,0.41399848,0.59841062
7,8/19/2024,0.24468416,0.41345331,0.59755726
7,8/26/2024,0.24438489,0.41291916,0.59671456
7,9/2/2024,0.24408657,0.41239602,0.59588252
7,9/9/2024,0.24378920,0.41188389,0.59506112
7,9/16/2024,0.24349278,0.41138278,0.59425038
7,9/23/2024,0.24319731,0.41089267,0.59345029
7,9/30/2024,0.24290280,0.41041358,0.59266086
7,10/7/2024,0.24260924,0.40994550,0.59188207
7,10/14/2024,0.24231663,0.40948843,0.59111394
7,10/21/2024,0.24202498,0.40904238,0.59035647
7,10/28/2024,0.24173428,0.40860733,0.58960964
7,11/4/2024,0.24144453,0.40818330,0.58887347
7,11/11/2024,0.24115573,0.40777028,0.58814796
7,11/18/2024,0.24086789,0.40736827,0.58743309
7,11/25/2024,0.24058100,0.40697727,0.58672888
7,12/2/2024,0.24029506,0.40659729,0.58603532
7,12/9/2024,0.24001007,0.40622832,0.58535242
7,12/16/2024,0.23972604,0.40587036,0.58468017
7,12/23/2024,0.23944296,0.40552341,0.58401857
7,12/30/2024,0.23916083,0.40518747,0.58336762
8,3/1/2021,0.34736708,0.56155276,0.76592695
8,3/8/2021,0.34555517,0.55876765,0.76374445
8,3/15/2021,0.34376690,0.55603011,0.76159694
8,3/22/2021,0.34200226,0.55334013,0.75948442
8,3/29/2021,0.34026125,0.55069771,0.75740690
8,4/5/2021,0.33854388,0.54810286,0.75536437
8,4/12/2021,0.33685014,0.54555556,0.75335684
8,4/19/2021,0.33518003,0.54305583,0.75138430
8,4/26/2021,0.33353356,0.54060366,0.74944676
8,5/3/2021,0.33191073,0.53819906,0.74754421
8,5/10/2021,0.33031153,0.53584201,0.74567665
8,5/17/2021,0.32873596,0.53353253,0.74384409
8,5/24/2021,0.32718402,0.53127061,0.74204652
8,5/31/2021,0.32565572,0.52905625,0.74028395
8,6/7/2021,0.32415106,0.52688945,0.73855637
8,6/14/2021,0.32267003,0.52477022,0.73686379
8,6/21/2021,0.32121263,0.52269854,0.73520620
8,6/28/2021,0.31977887,0.52067443,0.73358361
8,7/5/2021,0.31836874,0.51869789,0.73199601
8,7/12/2021,0.31698224,0.51676890,0.73044340
8,7/19/2021,0.31561938,0.51488748,0.72892579
8,7/26/2021,0.31428016,0.51305361,0.72744317
8,8/2/2021,0.31296456,0.51126731,0.72599555
8,8/9/2021,0.31167261,0.50952858,0.72458292
8,8/16/2021,0.31040428,0.50783740,0.72320529
8,8/23/2021,0.30915959,0.50619379,0.72186265
8,8/30/2021,0.30793854,0.50459774,0.72055500
8,9/6/2021,0.30674111,0.50304925,0.71928235
8,9/13/2021,0.30556733,0.50154832,0.71804469
8,9/20/2021,0.30441717,0.50009496,0.71684203
8,9/27/2021,0.30329065,0.49868915,0.71567436
8,10/4/2021,0.30218777,0.49733091,0.71454169
8,10/11/2021,0.30110852,0.49602023,0.71344401
8,10/18/2021,0.30005290,0.49475712,0.71238133
8,10/25/2021,0.29902092,0.49354156,0.71135364
8,11/1/2021,0.29801257,0.49237357,0.71036094
8,11/8/2021,0.29702785,0.49125314,0.70940324
8,11/15/2021,0.29606677,0.49018028,0.70848053
8,11/22/2021,0.29512933,0.48915497,0.70759282
8,11/29/2021,0.29421551,0.48817723,0.70674010
8,12/6/2021,0.29332534,0.48724705,0.70592238
8,12/13/2021,0.29245879,0.48636443,0.70513965
8,12/20/2021,0.29161588,0.48552937,0.70439191
8,12/27/2021,0.29079661,0.48474187,0.70367917
8,1/3/2022,0.29000096,0.48400194,0.70300143
8,1/10/2022,0.28922896,0.48330957,0.70235868
8,1/17/2022,0.28848058,0.48266476,0.70175092
8,1/24/2022,0.28775584,0.48206752,0.70117816
8,1/31/2022,0.28705474,0.48151783,0.70064039
8,2/7/2022,0.28637727,0.48101571,0.70013761
8,2/14/2022,0.28572343,0.48056115,0.69966983
8,2/21/2022,0.28509323,0.48015415,0.69923705
8,2/28/2022,0.28448666,0.47979472,0.69883926
8,3/7/2022,0.28390373,0.47948284,0.69847646
8,3/14/2022,0.28334442,0.47921853,0.69814866
8,3/21/2022,0.28280876,0.47900178,0.69785585
8,3/28/2022,0.28229673,0.47883259,0.69759804
8,4/4/2022,0.28180833,0.47871097,0.69737522
8,4/11/2022,0.28134356,0.47863691,0.69718739
8,4/18/2022,0.28090243,0.47861041,0.69703456
8,4/25/2022,0.28048494,0.47863147,0.69691673
8,5/2/2022,0.28009108,0.47870009,0.69683389
8,5/9/2022,0.27972085,0.47881628,0.69678604
8,5/16/2022,0.27937426,0.47898002,0.69677319
8,5/23/2022,0.27905130,0.47919133,0.69679533
8,5/30/2022,0.27875197,0.47945021,0.69685246
8,6/6/2022,0.27847628,0.47975664,0.69694460
8,6/13/2022,0.27822422,0.48011064,0.69707172
8,6/20/2022,0.27799580,0.48051220,0.69723384
8,6/27/2022,0.27779101,0.48096132,0.69743095
8,7/4/2022,0.27760951,0.48145697,0.69766219
8,7/11/2022,0.27743948,0.48196431,0.69789802
8,7/18/2022,0.27726668,0.48244130,0.69810283
8,7/25/2022,0.27709027,0.48288548,0.69827453
8,8/1/2022,0.27691025,0.48329684,0.69841312
8,8/8/2022,0.27672663,0.48367540,0.69851860
8,8/15/2022,0.27653940,0.48402114,0.69859097
8,8/22/2022,0.27634856,0.48433407,0.69863024
8,8/29/2022,0.27615411,0.48461420,0.69863639
8,9/5/2022,0.27595605,0.48486151,0.69860944
8,9/12/2022,0.27575439,0.48507601,0.69854938
8,9/19/2022,0.27554912,0.48525769,0.69845620
8,9/26/2022,0.27534025,0.48540657,0.69832993
8,10/3/2022,0.27512776,0.48552264,0.69817054
8,10/10/2022,0.27491167,0.48560589,0.69797804
8,10/17/2022,0.27469197,0.48565634,0.69775244
8,10/24/2022,0.27446867,0.48567397,0.69749372
8,10/31/2022,0.27424175,0.48565879,0.69720190
8,11/7/2022,0.27401123,0.48561080,0.69687697
8,11/14/2022,0.27377711,0.48553000,0.69651893
8,11/21/2022,0.27353937,0.48541639,0.69612778
8,11/28/2022,0.27329803,0.48526997,0.69570352
8,12/5/2022,0.27305308,0.48509074,0.69524616
8,12/12/2022,0.27280452,0.48487869,0.69475568
8,12/19/2022,0.27255235,0.48463384,0.69423210
8,12/26/2022,0.27229658,0.48435617,0.69367541
8,1/2/2023,0.27203720,0.48404569,0.69308561
8,1/9/2023,0.27177421,0.48370240,0.69246270
8,1/16/2023,0.27150762,0.48332630,0.69180668
8,1/23/2023,0.27123742,0.48291739,0.69111756
8,1/30/2023,0.27096361,0.48247567,0.69039532
8,2/6/2023,0.27068619,0.48200114,0.68963998
8,2/13/2023,0.27040517,0.48149380,0.68885153
8,2/20/2023,0.27012054,0.48095364,0.68802997
8,2/27/2023,0.26983230,0.48038067,0.68717530
8,3/6/2023,0.26954045,0.47977490,0.68628752
8,3/13/2023,0.26924500,0.47913631,0.68536663
8,3/20/2023,0.26894594,0.47846491,0.68441264
8,3/27/2023,0.26864327,0.47776070,0.68342553
8,4/3/2023,0.26833699,0.47702368,0.68240532
8,4/10/2023,0.26802711,0.47625384,0.68135200
8,4/17/2023,0.26771362,0.47545120,0.68026557
8,4/24/2023,0.26739652,0.47461575,0.67914603
8,5/1/2023,0.26707581,0.47374748,0.67799339
8,5/8/2023,0.26675150,0.47284640,0.67680763
8,5/15/2023,0.26642358,0.47191252,0.67558877
8,5/22/2023,0.26609205,0.47094582,0.67433680
8,5/29/2023,0.26575692,0.46994631,0.67305171
8,6/5/2023,0.26541818,0.46891398,0.67173352
8,6/12/2023,0.26507583,0.46784885,0.67038223
8,6/19/2023,0.26472987,0.46675091,0.66899782
8,6/26/2023,0.26438031,0.46562016,0.66758030
8,7/3/2023,0.26402715,0.46445675,0.66612984
8,7/10/2023,0.26367195,0.46327553,0.66466124
8,7/17/2023,0.26331743,0.46210269,0.66320066
8,7/24/2023,0.26296385,0.46094085,0.66175074
8,7/31/2023,0.26261124,0.45979003,0.66031147
8,8/7/2023,0.26225957,0.45865023,0.65888285
8,8/14/2023,0.26190886,0.45752143,0.65746489
8,8/21/2023,0.26155909,0.45640365,0.65605758
8,8/28/2023,0.26121029,0.45529687,0.65466092
8,9/4/2023,0.26086243,0.45420111,0.65327491
8,9/11/2023,0.26051553,0.45311636,0.65189956
8,9/18/2023,0.26016958,0.45204263,0.65053486
8,9/25/2023,0.25982458,0.45097990,0.64918082
8,10/2/2023,0.25948053,0.44992819,0.64783742
8,10/9/2023,0.25913744,0.44888749,0.64650468
8,10/16/2023,0.25879530,0.44785780,0.64518259
8,10/23/2023,0.25845411,0.44683913,0.64387116
8,10/30/2023,0.25811388,0.44583146,0.64257038
8,11/6/2023,0.25777459,0.44483481,0.64128025
8,11/13/2023,0.25743626,0.44384917,0.64000078
8,11/20/2023,0.25709889,0.44287454,0.63873195
8,11/27/2023,0.25676246,0.44191092,0.63747379
8,12/4/2023,0.25642699,0.44095832,0.63622627
8,12/11/2023,0.25609247,0.44001672,0.63498941
8,12/18/2023,0.25575890,0.43908614,0.63376320
8,12/25/2023,0.25542629,0.43816657,0.63254764
8,1/1/2024,0.25509462,0.43725801,0.63134274
8,1/8/2024,0.25476391,0.43636047,0.63014849
8,1/15/2024,0.25443416,0.43547394,0.62896489
8,1/22/2024,0.25410535,0.43459841,0.62779194
8,1/29/2024,0.25377750,0.43373390,0.62662965
8,2/5/2024,0.25345060,0.43288041,0.62547801
8,2/12/2024,0.25312466,0.43203792,0.62433703
8,2/19/2024,0.25279966,0.43120645,0.62320669
8,2/26/2024,0.25247562,0.43038598,0.62208702
8,3/4/2024,0.25215253,0.42957653,0.62097799
8,3/11/2024,0.25183039,0.42877810,0.61987962
8,3/18/2024,0.25150921,0.42799067,0.61879190
8,3/25/2024,0.25118898,0.42721426,0.61771483
8,4/1/2024,0.25086970,0.42644885,0.61664841
8,4/8/2024,0.25055137,0.42569446,0.61559265
8,4/15/2024,0.25023400,0.42495109,0.61454754
8,4/22/2024,0.24991758,0.42421872,0.61351309
8,4/29/2024,0.24960211,0.42349736,0.61248929
8,5/6/2024,0.24928759,0.42278702,0.61147614
8,5/13/2024,0.24897403,0.42208769,0.61047364
8,5/20/2024,0.24866142,0.42139937,0.60948180
8,5/27/2024,0.24834976,0.42072207,0.60850061
8,6/3/2024,0.24803906,0.42005577,0.60753007
8,6/10/2024,0.24772930,0.41940049,0.60657019
8,6/17/2024,0.24742050,0.41875622,0.60562096
8,6/24/2024,0.24711265,0.41812296,0.60468238
8,7/1/2024,0.24680576,0.41750071,0.60375445
8,7/8/2024,0.24649982,0.41688947,0.60283718
8,7/15/2024,0.24619483,0.41628925,0.60193056
8,7/22/2024,0.24589079,0.41570004,0.60103460
8,7/29/2024,0.24558770,0.41512184,0.60014928
8,8/5/2024,0.24528557,0.41455465,0.59927462
8,8/12/2024,0.24498439,0.41399848,0.59841062
8,8/19/2024,0.24468416,0.41345331,0.59755726
8,8/26/2024,0.24438489,0.41291916,0.59671456
8,9/2/2024,0.24408657,0.41239602,0.59588252
8,9/9/2024,0.24378920,0.41188389,0.59506112
8,9/16/2024,0.24349278,0.41138278,0.59425038
8,9/23/2024,0.24319731,0.41089267,0.59345029
8,9/30/2024,0.24290280,0.41041358,0.59266086
8,10/7/2024,0.24260924,0.40994550,0.59188207
8,10/14/2024,0.24231663,0.40948843,0.59111394
8,10/21/2024,0.24202498,0.40904238,0.59035647
8,10/28/2024,0.24173428,0.40860733,0.58960964
8,11/4/2024,0.24144453,0.40818330,0.58887347
8,11/11/2024,0.24115573,0.40777028,0.58814796
8,11/18/2024,0.24086789,0.40736827,0.58743309
8,11/25/2024,0.24058100,0.40697727,0.58672888
8,12/2/2024,0.24029506,0.40659729,0.58603532
8,12/9/2024,0.24001007,0.40622832,0.58535242
8,12/16/2024,0.23972604,0.40587036,0.58468017
8,12/23/2024,0.23944296,0.40552341,0.58401857
8,12/30/2024,0.23916083,0.40518747,0.58336762
9,3/1/2021,0.34736708,0.56155276,0.76592695
9,3/8/2021,0.34555517,0.55876765,0.76374445
9,3/15/2021,0.34376690,0.55603011,0.76159694
9,3/22/2021,0.34200226,0.55334013,0.75948442
9,3/29/2021,0.34026125,0.55069771,0.75740690
9,4/5/2021,0.33854388,0.54810286,0.75536437
9,4/12/2021,0.33685014,0.54555556,0.75335684
9,4/19/2021,0.33518003,0.54305583,0.75138430
9,4/26/2021,0.33353356,0.54060366,0.74944676
9,5/3/2021,0.33191073,0.53819906,0.74754421
9,5/10/2021,0.33031153,0.53584201,0.74567665
9,5/17/2021,0.32873596,0.53353253,0.74384409
9,5/24/2021,0.32718402,0.53127061,0.74204652
9,5/31/2021,0.32565572,0.52905625,0.74028395
9,6/7/2021,0.32415106,0.52688945,0.73855637
9,6/14/2021,0.32267003,0.52477022,0.73686379
9,6/21/2021,0.32121263,0.52269854,0.73520620
9,6/28/2021,0.31977887,0.52067443,0.73358361
9,7/5/2021,0.31836874,0.51869789,0.73199601
9,7/12/2021,0.31698224,0.51676890,0.73044340
9,7/19/2021,0.31561938,0.51488748,0.72892579
9,7/26/2021,0.31428016,0.51305361,0.72744317
9,8/2/2021,0.31296456,0.51126731,0.72599555
9,8/9/2021,0.31167261,0.50952858,0.72458292
9,8/16/2021,0.31040428,0.50783740,0.72320529
9,8/23/2021,0.30915959,0.50619379,0.72186265
9,8/30/2021,0.30793854,0.50459774,0.72055500
9,9/6/2021,0.30674111,0.50304925,0.71928235
9,9/13/2021,0.30556733,0.50154832,0.71804469
9,9/20/2021,0.30441717,0.50009496,0.71684203
9,9/27/2021,0.30329065,0.49868915,0.71567436
9,10/4/2021,0.30218777,0.49733091,0.71454169
9,10/11/2021,0.30110852,0.49602023,0.71344401
9,10/18/2021,0.30005290,0.49475712,0.71238133
9,10/25/2021,0.29902092,0.49354156,0.71135364
9,11/1/2021,0.29801257,0.49237357,0.71036094
9,11/8/2021,0.29702785,0.49125314,0.70940324
9,11/15/2021,0.29606677,0.49018028,0.70848053
9,11/22/2021,0.29512933,0.48915497,0.70759282
9,11/29/2021,0.29421551,0.48817723,0.70674010
9,12/6/2021,0.29332534,0.48724705,0.70592238
9,12/13/2021,0.29245879,0.48636443,0.70513965
9,12/20/2021,0.29161588,0.48552937,0.70439191
9,12/27/2021,0.29079661,0.48474187,0.70367917
9,1/3/2022,0.29000096,0.48400194,0.70300143
9,1/10/2022,0.28922896,0.48330957,0.70235868
9,1/17/2022,0.28848058,0.48266476,0.70175092
9,1/24/2022,0.28775584,0.48206752,0.70117816
9,1/31/2022,0.28705474,0.48151783,0.70064039
9,2/7/2022,0.28637727,0.48101571,0.70013761
9,2/14/2022,0.28572343,0.48056115,0.69966983
9,2/21/2022,0.28509323,0.48015415,0.69923705
9,2/28/2022,0.28448666,0.47979472,0.69883926
9,3/7/2022,0.28390373,0.47948284,0.69847646
9,3/14/2022,0.28334442,0.47921853,0.69814866
9,3/21/2022,0.28280876,0.47900178,0.69785585
9,3/28/2022,0.28229673,0.47883259,0.69759804
9,4/4/2022,0.28180833,0.47871097,0.69737522
9,4/11/2022,0.28134356,0.47863691,0.69718739
9,4/18/2022,0.28090243,0.47861041,0.69703456
9,4/25/2022,0.28048494,0.47863147,0.69691673
9,5/2/2022,0.28009108,0.47870009,0.69683389
9,5/9/2022,0.27972085,0.47881628,0.69678604
9,5/16/2022,0.27937426,0.47898002,0.69677319
9,5/23/2022,0.27905130,0.47919133,0.69679533
9,5/30/2022,0.27875197,0.47945021,0.69685246
9,6/6/2022,0.27847628,0.47975664,0.69694460
9,6/13/2022,0.27822422,0.48011064,0.69707172
9,6/20/2022,0.27799580,0.48051220,0.69723384
9,6/27/2022,0.27779101,0.48096132,0.69743095
9,7/4/2022,0.27760951,0.48145697,0.69766219
9,7/11/2022,0.27743948,0.48196431,0.69789802
9,7/18/2022,0.27726668,0.48244130,0.69810283
9,7/25/2022,0.27709027,0.48288548,0.69827453
9,8/1/2022,0.27691025,0.48329684,0.69841312
9,8/8/2022,0.27672663,0.48367540,0.69851860
9,8/15/2022,0.27653940,0.48402114,0.69859097
9,8/22/2022,0.27634856,0.48433407,0.69863024
9,8/29/2022,0.27615411,0.48461420,0.69863639
9,9/5/2022,0.27595605,0.48486151,0.69860944
9,9/12/2022,0.27575439,0.48507601,0.69854938
9,9/19/2022,0.27554912,0.48525769,0.69845620
9,9/26/2022,0.27534025,0.48540657,0.69832993
9,10/3/2022,0.27512776,0.48552264,0.69817054
9,10/10/2022,0.27491167,0.48560589,0.69797804
9,10/17/2022,0.27469197,0.48565634,0.69775244
9,10/24/2022,0.27446867,0.48567397,0.69749372
9,10/31/2022,0.27424175,0.48565879,0.69720190
9,11/7/2022,0.27401123,0.48561080,0.69687697
9,11/14/2022,0.27377711,0.48553000,0.69651893
9,11/21/2022,0.27353937,0.48541639,0.69612778
9,11/28/2022,0.27329803,0.48526997,0.69570352
9,12/5/2022,0.27305308,0.48509074,0.69524616
9,12/12/2022,0.27280452,0.48487869,0.69475568
9,12/19/2022,0.27255235,0.48463384,0.69423210
9,12/26/2022,0.27229658,0.48435617,0.69367541
9,1/2/2023,0.27203720,0.48404569,0.69308561
9,1/9/2023,0.27177421,0.48370240,0.69246270
9,1/16/2023,0.27150762,0.48332630,0.69180668
9,1/23/2023,0.27123742,0.48291739,0.69111756
9,1/30/2023,0.27096361,0.48247567,0.69039532
9,2/6/2023,0.27068619,0.48200114,0.68963998
9,2/13/2023,0.27040517,0.48149380,0.68885153
9,2/20/2023,0.27012054,0.48095364,0.68802997
9,2/27/2023,0.26983230,0.48038067,0.68717530
9,3/6/2023,0.26954045,0.47977490,0.68628752
9,3/13/2023,0.26924500,0.47913631,0.68536663
9,3/20/2023,0.26894594,0.47846491,0.68441264
9,3/27/2023,0.26864327,0.47776070,0.68342553
9,4/3/2023,0.26833699,0.47702368,0.68240532
9,4/10/2023,0.26802711,0.47625384,0.68135200
9,4/17/2023,0.26771362,0.47545120,0.68026557
9,4/24/2023,0.26739652,0.47461575,0.67914603
9,5/1/2023,0.26707581,0.47374748,0.67799339
9,5/8/2023,0.26675150,0.47284640,0.67680763
9,5/15/2023,0.26642358,0.47191252,0.67558877
9,5/22/2023,0.26609205,0.47094582,0.67433680
9,5/29/2023,0.26575692,0.46994631,0.67305171
9,6/5/2023,0.26541818,0.46891398,0.67173352
9,6/12/2023,0.26507583,0.46784885,0.67038223
9,6/19/2023,0.26472987,0.46675091,0.66899782
9,6/26/2023,0.26438031,0.46562016,0.66758030
9,7/3/2023,0.26402715,0.46445675,0.66612984
9,7/10/2023,0.26367195,0.46327553,0.66466124
9,7/17/2023,0.26331743,0.46210269,0.66320066
9,7/24/2023,0.26296385,0.46094085,0.66175074
9,7/31/2023,0.26261124,0.45979003,0.66031147
9,8/7/2023,0.26225957,0.45865023,0.65888285
9,8/14/2023,0.26190886,0.45752143,0.65746489
9,8/21/2023,0.26155909,0.45640365,0.65605758
9,8/28/2023,0.26121029,0.45529687,0.65466092
9,9/4/2023,0.26086243,0.45420111,0.65327491
9,9/11/2023,0.26051553,0.45311636,0.65189956
9,9/18/2023,0.26016958,0.45204263,0.65053486
9,9/25/2023,0.25982458,0.45097990,0.64918082
9,10/2/2023,0.25948053,0.44992819,0.64783742
9,10/9/2023,0.25913744,0.44888749,0.64650468
9,10/16/2023,0.25879530,0.44785780,0.64518259
9,10/23/2023,0.25845411,0.44683913,0.64387116
9,10/30/2023,0.25811388,0.44583146,0.64257038
9,11/6/2023,0.25777459,0.44483481,0.64128025
9,11/13/2023,0.25743626,0.44384917,0.64000078
9,11/20/2023,0.25709889,0.44287454,0.63873195
9,11/27/2023,0.25676246,0.44191092,0.63747379
9,12/4/2023,0.25642699,0.44095832,0.63622627
9,12/11/2023,0.25609247,0.44001672,0.63498941
9,12/18/2023,0.25575890,0.43908614,0.63376320
9,12/25/2023,0.25542629,0.43816657,0.63254764
9,1/1/2024,0.25509462,0.43725801,0.63134274
9,1/8/2024,0.25476391,0.43636047,0.63014849
9,1/15/2024,0.25443416,0.43547394,0.62896489
9,1/22/2024,0.25410535,0.43459841,0.62779194
9,1/29/2024,0.25377750,0.43373390,0.62662965
9,2/5/2024,0.25345060,0.43288041,0.62547801
9,2/12/2024,0.25312466,0.43203792,0.62433703
9,2/19/2024,0.25279966,0.43120645,0.62320669
9,2/26/2024,0.25247562,0.43038598,0.62208702
9,3/4/2024,0.25215253,0.42957653,0.62097799
9,3/11/2024,0.25183039,0.42877810,0.61987962
9,3/18/2024,0.25150921,0.42799067,0.61879190
9,3/25/2024,0.25118898,0.42721426,0.61771483
9,4/1/2024,0.25086970,0.42644885,0.61664841
9,4/8/2024,0.25055137,0.42569446,0.61559265
9,4/15/2024,0.25023400,0.42495109,0.61454754
9,4/22/2024,0.24991758,0.42421872,0.61351309
9,4/29/2024,0.24960211,0.42349736,0.61248929
9,5/6/2024,0.24928759,0.42278702,0.61147614
9,5/13/2024,0.24897403,0.42208769,0.61047364
9,5/20/2024,0.24866142,0.42139937,0.60948180
9,5/27/2024,0.24834976,0.42072207,0.60850061
9,6/3/2024,0.24803906,0.42005577,0.60753007
9,6/10/2024,0.24772930,0.41940049,0.60657019
9,6/17/2024,0.24742050,0.41875622,0.60562096
9,6/24/2024,0.24711265,0.41812296,0.60468238
9,7/1/2024,0.24680576,0.41750071,0.60375445
9,7/8/2024,0.24649982,0.41688947,0.60283718
9,7/15/2024,0.24619483,0.41628925,0.60193056
9,7/22/2024,0.24589079,0.41570004,0.60103460
9,7/29/2024,0.24558770,0.41512184,0.60014928
9,8/5/2024,0.24528557,0.41455465,0.59927462
9,8/12/2024,0.24498439,0.41399848,0.59841062
9,8/19/2024,0.24468416,0.41345331,0.59755726
9,8/26/2024,0.24438489,0.41291916,0.59671456
9,9/2/2024,0.24408657,0.41239602,0.59588252
9,9/9/2024,0.24378920,0.41188389,0.59506112
9,9/16/2024,0.24349278,0.41138278,0.59425038
9,9/23/2024,0.24319731,0.41089267,0.59345029
9,9/30/2024,0.24290280,0.41041358,0.59266086
9,10/7/2024,0.24260924,0.40994550,0.59188207
9,10/14/2024,0.24231663,0.40948843,0.59111394
9,10/21/2024,0.24202498,0.40904238,0.59035647
9,10/28/2024,0.24173428,0.40860733,0.58960964
9,11/4/2024,0.24144453,0.40818330,0.58887347
9,11/11/2024,0.24115573,0.40777028,0.58814796
9,11/18/2024,0.24086789,0.40736827,0.58743309
9,11/25/2024,0.24058100,0.40697727,0.58672888
9,12/2/2024,0.24029506,0.40659729,0.58603532
9,12/9/2024,0.24001007,0.40622832,0.58535242
9,12/16/2024,0.23972604,0.40587036,0.58468017
9,12/23/2024,0.23944296,0.40552341,0.58401857
9,12/30/2024,0.23916083,0.40518747,0.58336762
10,3/1/2021,0.34736708,0.56155276,0.76592695
10,3/8/2021,0.34555517,0.55876765,0.76374445
10,3/15/2021,0.34376690,0.55603011,0.76159694
10,3/22/2021,0.34200226,0.55334013,0.75948442
10,3/29/2021,0.34026125,0.55069771,0.75740690
10,4/5/2021,0.33854388,0.54810286,0.75536437
10,4/12/2021,0.33685014,0.54555556,0.75335684
10,4/19/2021,0.33518003,0.54305583,0.75138430
10,4/26/2021,0.33353356,0.54060366,0.74944676
10,5/3/2021,0.33191073,0.53819906,0.74754421
10,5/10/2021,0.33031153,0.53584201,0.74567665
10,5/17/2021,0.32873596,0.53353253,0.74384409
10,5/24/2021,0.32718402,0.53127061,0.74204652
10,5/31/2021,0.32565572,0.52905625,0.74028395
10,6/7/2021,0.32415106,0.52688945,0.73855637
10,6/14/2021,0.32267003,0.52477022,0.73686379
10,6/21/2021,0.32121263,0.52269854,0.73520620
10,6/28/2021,0.31977887,0.52067443,0.73358361
10,7/5/2021,0.31836874,0.51869789,0.73199601
10,7/12/2021,0.31698224,0.51676890,0.73044340
10,7/19/2021,0.31561938,0.51488748,0.72892579
10,7/26/2021,0.31428016,0.51305361,0.72744317
10,8/2/2021,0.31296456,0.51126731,0.72599555
10,8/9/2021,0.31167261,0.50952858,0.72458292
10,8/16/2021,0.31040428,0.50783740,0.72320529
10,8/23/2021,0.30915959,0.50619379,0.72186265
10,8/30/2021,0.30793854,0.50459774,0.72055500
10,9/6/2021,0.30674111,0.50304925,0.71928235
10,9/13/2021,0.30556733,0.50154832,0.71804469
10,9/20/2021,0.30441717,0.50009496,0.71684203
10,9/27/2021,0.30329065,0.49868915,0.71567436
10,10/4/2021,0.30218777,0.49733091,0.71454169
10,10/11/2021,0.30110852,0.49602023,0.71344401
10,10/18/2021,0.30005290,0.49475712,0.71238133
10,10/25/2021,0.29902092,0.49354156,0.71135364
10,11/1/2021,0.29801257,0.49237357,0.71036094
10,11/8/2021,0.29702785,0.49125314,0.70940324
10,11/15/2021,0.29606677,0.49018028,0.70848053
10,11/22/2021,0.29512933,0.48915497,0.70759282
10,11/29/2021,0.29421551,0.48817723,0.70674010
10,12/6/2021,0.29332534,0.48724705,0.70592238
10,12/13/2021,0.29245879,0.48636443,0.70513965
10,12/20/2021,0.29161588,0.48552937,0.70439191
10,12/27/2021,0.29079661,0.48474187,0.70367917
10,1/3/2022,0.29000096,0.48400194,0.70300143
10,1/10/2022,0.28922896,0.48330957,0.70235868
10,1/17/2022,0.28848058,0.48266476,0.70175092
10,1/24/2022,0.28775584,0.48206752,0.70117816
10,1/31/2022,0.28705474,0.48151783,0.70064039
10,2/7/2022,0.28637727,0.48101571,0.70013761
10,2/14/2022,0.28572343,0.48056115,0.69966983
10,2/21/2022,0.28509323,0.48015415,0.69923705
10,2/28/2022,0.28448666,0.47979472,0.69883926
10,3/7/2022,0.28390373,0.47948284,0.69847646
10,3/14/2022,0.28334442,0.47921853,0.69814866
10,3/21/2022,0.28280876,0.47900178,0.69785585
10,3/28/2022,0.28229673,0.47883259,0.69759804
10,4/4/2022,0.28180833,0.47871097,0.69737522
10,4/11/2022,0.28134356,0.47863691,0.69718739
10,4/18/2022,0.28090243,0.47861041,0.69703456
10,4/25/2022,0.28048494,0.47863147,0.69691673
10,5/2/2022,0.28009108,0.47870009,0.69683389
10,5/9/2022,0.27972085,0.47881628,0.69678604
10,5/16/2022,0.27937426,0.47898002,0.69677319
10,5/23/2022,0.27905130,0.47919133,0.69679533
10,5/30/2022,0.27875197,0.47945021,0.69685246
10,6/6/2022,0.27847628,0.47975664,0.69694460
10,6/13/2022,0.27822422,0.48011064,0.69707172
10,6/20/2022,0.27799580,0.48051220,0.69723384
10,6/27/2022,0.27779101,0.48096132,0.69743095
10,7/4/2022,0.27760951,0.48145697,0.69766219
10,7/11/2022,0.27743948,0.48196431,0.69789802
10,7/18/2022,0.27726668,0.48244130,0.69810283
10,7/25/2022,0.27709027,0.48288548,0.69827453
10,8/1/2022,0.27691025,0.48329684,0.69841312
10,8/8/2022,0.27672663,0.48367540,0.69851860
10,8/15/2022,0.27653940,0.48402114,0.69859097
10,8/22/2022,0.27634856,0.48433407,0.69863024
10,8/29/2022,0.27615411,0.48461420,0.69863639
10,9/5/2022,0.27595605,0.48486151,0.69860944
10,9/12/2022,0.27575439,0.48507601,0.69854938
10,9/19/2022,0.27554912,0.48525769,0.69845620
10,9/26/2022,0.27534025,0.48540657,0.69832993
10,10/3/2022,0.27512776,0.48552264,0.69817054
10,10/10/2022,0.27491167,0.48560589,0.69797804
10,10/17/2022,0.27469197,0.48565634,0.69775244
10,10/24/2022,0.27446867,0.48567397,0.69749372
10,10/31/2022,0.27424175,0.48565879,0.69720190
10,11/7/2022,0.27401123,0.48561080,0.69687697
10,11/14/2022,0.27377711,0.48553000,0.69651893
10,11/21/2022,0.27353937,0.48541639,0.69612778
10,11/28/2022,0.27329803,0.48526997,0.69570352
10,12/5/2022,0.27305308,0.48509074,0.69524616
10,12/12/2022,0.27280452,0.48487869,0.69475568
10,12/19/2022,0.27255235,0.48463384,0.69423210
10,12/26/2022,0.27229658,0.48435617,0.69367541
10,1/2/2023,0.27203720,0.48404569,0.69308561
10,1/9/2023,0.27177421,0.48370240,0.69246270
10,1/16/2023,0.27150762,0.48332630,0.69180668
10,1/23/2023,0.27123742,0.48291739,0.69111756
10,1/30/2023,0.27096361,0.48247567,0.69039532
10,2/6/2023,0.27068619,0.48200114,0.68963998
10,2/13/2023,0.27040517,0.48149380,0.68885153
10,2/20/2023,0.27012054,0.48095364,0.68802997
10,2/27/2023,0.26983230,0.48038067,0.68717530
10,3/6/2023,0.26954045,0.47977490,0.68628752
10,3/13/2023,0.26924500,0.47913631,0.68536663
10,3/20/2023,0.26894594,0.47846491,0.68441264
10,3/27/2023,0.26864327,0.47776070,0.68342553
10,4/3/2023,0.26833699,0.47702368,0.68240532
10,4/10/2023,0.26802711,0.47625384,0.68135200
10,4/17/2023,0.26771362,0.47545120,0.68026557
10,4/24/2023,0.26739652,0.47461575,0.67914603
10,5/1/2023,0.26707581,0.47374748,0.67799339
10,5/8/2023,0.26675150,0.47284640,0.67680763
10,5/15/2023,0.26642358,0.47191252,0.67558877
10,5/22/2023,0.26609205,0.47094582,0.67433680
10,5/29/2023,0.26575692,0.46994631,0.67305171
10,6/5/2023,0.26541818,0.46891398,0.67173352
10,6/12/2023,0.26507583,0.46784885,0.67038223
10,6/19/2023,0.26472987,0.46675091,0.66899782
10,6/26/2023,0.26438031,0.46562016,0.66758030
10,7/3/2023,0.26402715,0.46445675,0.66612984
10,7/10/2023,0.26367195,0.46327553,0.66466124
10,7/17/2023,0.26331743,0.46210269,0.66320066
10,7/24/2023,0.26296385,0.46094085,0.66175074
10,7/31/2023,0.26261124,0.45979003,0.66031147
10,8/7/2023,0.26225957,0.45865023,0.65888285
10,8/14/2023,0.26190886,0.45752143,0.65746489
10,8/21/2023,0.26155909,0.45640365,0.65605758
10,8/28/2023,0.26121029,0.45529687,0.65466092
10,9/4/2023,0.26086243,0.45420111,0.65327491
10,9/11/2023,0.26051553,0.45311636,0.65189956
10,9/18/2023,0.26016958,0.45204263,0.65053486
10,9/25/2023,0.25982458,0.45097990,0.64918082
10,10/2/2023,0.25948053,0.44992819,0.64783742
10,10/9/2023,0.25913744,0.44888749,0.64650468
10,10/16/2023,0.25879530,0.44785780,0.64518259
10,10/23/2023,0.25845411,0.44683913,0.64387116
10,10/30/2023,0.25811388,0.44583146,0.64257038
10,11/6/2023,0.25777459,0.44483481,0.64128025
10,11/13/2023,0.25743626,0.44384917,0.64000078
10,11/20/2023,0.25709889,0.44287454,0.63873195
10,11/27/2023,0.25676246,0.44191092,0.63747379
10,12/4/2023,0.25642699,0.44095832,0.63622627
10,12/11/2023,0.25609247,0.44001672,0.63498941
10,12/18/2023,0.25575890,0.43908614,0.63376320
10,12/25/2023,0.25542629,0.43816657,0.63254764
10,1/1/2024,0.25509462,0.43725801,0.63134274
10,1/8/2024,0.25476391,0.43636047,0.63014849
10,1/15/2024,0.25443416,0.43547394,0.62896489
10,1/22/2024,0.25410535,0.43459841,0.62779194
10,1/29/2024,0.25377750,0.43373390,0.62662965
10,2/5/2024,0.25345060,0.43288041,0.62547801
10,2/12/2024,0.25312466,0.43203792,0.62433703
10,2/19/2024,0.25279966,0.43120645,0.62320669
10,2/26/2024,0.25247562,0.43038598,0.62208702
10,3/4/2024,0.25215253,0.42957653,0.62097799
10,3/11/2024,0.25183039,0.42877810,0.61987962
10,3/18/2024,0.25150921,0.42799067,0.61879190
10,3/25/2024,0.25118898,0.42721426,0.61771483
10,4/1/2024,0.25086970,0.42644885,0.61664841
10,4/8/2024,0.25055137,0.42569446,0.61559265
10,4/15/2024,0.25023400,0.42495109,0.61454754
10,4/22/2024,0.24991758,0.42421872,0.61351309
10,4/29/2024,0.24960211,0.42349736,0.61248929
10,5/6/2024,0.24928759,0.42278702,0.61147614
10,5/13/2024,0.24897403,0.42208769,0.61047364
10,5/20/2024,0.24866142,0.42139937,0.60948180
10,5/27/2024,0.24834976,0.42072207,0.60850061
10,6/3/2024,0.24803906,0.42005577,0.60753007
10,6/10/2024,0.24772930,0.41940049,0.60657019
10,6/17/2024,0.24742050,0.41875622,0.60562096
10,6/24/2024,0.24711265,0.41812296,0.60468238
10,7/1/2024,0.24680576,0.41750071,0.60375445
10,7/8/2024,0.24649982,0.41688947,0.60283718
10,7/15/2024,0.24619483,0.41628925,0.60193056
10,7/22/2024,0.24589079,0.41570004,0.60103460
10,7/29/2024,0.24558770,0.41512184,0.60014928
10,8/5/2024,0.24528557,0.41455465,0.59927462
10,8/12/2024,0.24498439,0.41399848,0.59841062
10,8/19/2024,0.24468416,0.41345331,0.59755726
10,8/26/2024,0.24438489,0.41291916,0.59671456
10,9/2/2024,0.24408657,0.41239602,0.59588252
10,9/9/2024,0.24378920,0.41188389,0.59506112
10,9/16/2024,0.24349278,0.41138278,0.59425038
10,9/23/2024,0.24319731,0.41089267,0.59345029
10,9/30/2024,0.24290280,0.41041358,0.59266086
10,10/7/2024,0.24260924,0.40994550,0.59188207
10,10/14/2024,0.24231663,0.40948843,0.59111394
10,10/21/2024,0.24202498,0.40904238,0.59035647
10,10/28/2024,0.24173428,0.40860733,0.58960964
10,11/4/2024,0.24144453,0.40818330,0.58887347
10,11/11/2024,0.24115573,0.40777028,0.58814796
10,11/18/2024,0.24086789,0.40736827,0.58743309
10,11/25/2024,0.24058100,0.40697727,0.58672888
10,12/2/2024,0.24029506,0.40659729,0.58603532
10,12/9/2024,0.24001007,0.40622832,0.58535242
10,12/16/2024,0.23972604,0.40587036,0.58468017
10,12/23/2024,0.23944296,0.40552341,0.58401857
10,12/30/2024,0.23916083,0.40518747,0.58336762
11,3/1/2021,0.34736708,0.56155276,0.76592695
11,3/8/2021,0.34555517,0.55876765,0.76374445
11,3/15/2021,0.34376690,0.55603011,0.76159694
11,3/22/2021,0.34200226,0.55334013,0.75948442
11,3/29/2021,0.34026125,0.55069771,0.75740690
11,4/5/2021,0.33854388,0.54810286,0.75536437
11,4/12/2021,0.33685014,0.54555556,0.75335684
11,4/19/2021,0.33518003,0.54305583,0.75138430
11,4/26/2021,0.33353356,0.54060366,0.74944676
11,5/3/2021,0.33191073,0.53819906,0.74754421
11,5/10/2021,0.33031153,0.53584201,0.74567665
11,5/17/2021,0.32873596,0.53353253,0.74384409
11,5/24/2021,0.32718402,0.53127061,0.74204652
11,5/31/2021,0.32565572,0.52905625,0.74028395
11,6/7/2021,0.32415106,0.52688945,0.73855637
11,6/14/2021,0.32267003,0.52477022,0.73686379
11,6/21/2021,0.32121263,0.52269854,0.73520620
11,6/28/2021,0.31977887,0.52067443,0.73358361
11,7/5/2021,0.31836874,0.51869789,0.73199601
11,7/12/2021,0.31698224,0.51676890,0.73044340
11,7/19/2021,0.31561938,0.51488748,0.72892579
11,7/26/2021,0.31428016,0.51305361,0.72744317
11,8/2/2021,0.31296456,0.51126731,0.72599555
11,8/9/2021,0.31167261,0.50952858,0.72458292
11,8/16/2021,0.31040428,0.50783740,0.72320529
11,8/23/2021,0.30915959,0.50619379,0.72186265
11,8/30/2021,0.30793854,0.50459774,0.72055500
11,9/6/2021,0.30674111,0.50304925,0.71928235
11,9/13/2021,0.30556733,0.50154832,0.71804469
11,9/20/2021,0.30441717,0.50009496,0.71684203
11,9/27/2021,0.30329065,0.49868915,0.71567436
11,10/4/2021,0.30218777,0.49733091,0.71454169
11,10/11/2021,0.30110852,0.49602023,0.71344401
11,10/18/2021,0.30005290,0.49475712,0.71238133
11,10/25/2021,0.29902092,0.49354156,0.71135364
11,11/1/2021,0.29801257,0.49237357,0.71036094
11,11/8/2021,0.29702785,0.49125314,0.70940324
11,11/15/2021,0.29606677,0.49018028,0.70848053
11,11/22/2021,0.29512933,0.48915497,0.70759282
11,11/29/2021,0.29421551,0.48817723,0.70674010
11,12/6/2021,0.29332534,0.48724705,0.70592238
11,12/13/2021,0.29245879,0.48636443,0.70513965
11,12/20/2021,0.29161588,0.48552937,0.70439191
11,12/27/2021,0.29079661,0.48474187,0.70367917
11,1/3/2022,0.29000096,0.48400194,0.70300143
11,1/10/2022,0.28922896,0.48330957,0.70235868
11,1/17/2022,0.28848058,0.48266476,0.70175092
11,1/24/2022,0.28775584,0.48206752,0.70117816
11,1/31/2022,0.28705474,0.48151783,0.70064039
11,2/7/2022,0.28637727,0.48101571,0.70013761
11,2/14/2022,0.28572343,0.48056115,0.69966983
11,2/21/2022,0.28509323,0.48015415,0.69923705
11,2/28/2022,0.28448666,0.47979472,0.69883926
11,3/7/2022,0.28390373,0.47948284,0.69847646
11,3/14/2022,0.28334442,0.47921853,0.69814866
11,3/21/2022,0.28280876,0.47900178,0.69785585
11,3/28/2022,0.28229673,0.47883259,0.69759804
11,4/4/2022,0.28180833,0.47871097,0.69737522
11,4/11/2022,0.28134356,0.47863691,0.69718739
11,4/18/2022,0.28090243,0.47861041,0.69703456
11,4/25/2022,0.28048494,0.47863147,0.69691673
11,5/2/2022,0.28009108,0.47870009,0.69683389
11,5/9/2022,0.27972085,0.47881628,0.69678604
11,5/16/2022,0.27937426,0.47898002,0.69677319
11,5/23/2022,0.27905130,0.47919133,0.69679533
11,5/30/2022,0.27875197,0.47945021,0.69685246
11,6/6/2022,0.27847628,0.47975664,0.69694460
11,6/13/2022,0.27822422,0.48011064,0.69707172
11,6/20/2022,0.27799580,0.48051220,0.69723384
11,6/27/2022,0.27779101,0.48096132,0.69743095
11,7/4/2022,0.27760951,0.48145697,0.69766219
11,7/11/2022,0.27743948,0.48196431,0.69789802
11,7/18/2022,0.27726668,0.48244130,0.69810283
11,7/25/2022,0.27709027,0.48288548,0.69827453
11,8/1/2022,0.27691025,0.48329684,0.69841312
11,8/8/2022,0.27672663,0.48367540,0.69851860
11,8/15/2022,0.27653940,0.48402114,0.69859097
11,8/22/2022,0.27634856,0.48433407,0.69863024
11,8/29/2022,0.27615411,0.48461420,0.69863639
11,9/5/2022,0.27595605,0.48486151,0.69860944
11,9/12/2022,0.27575439,0.48507601,0.69854938
11,9/19/2022,0.27554912,0.48525769,0.69845620
11,9/26/2022,0.27534025,0.48540657,0.69832993
11,10/3/2022,0.27512776,0.48552264,0.69817054
11,10/10/2022,0.27491167,0.48560589,0.69797804
11,10/17/2022,0.27469197,0.48565634,0.69775244
11,10/24/2022,0.27446867,0.48567397,0.69749372
11,10/31/2022,0.27424175,0.48565879,0.69720190
11,11/7/2022,0.27401123,0.48561080,0.69687697
11,11/14/2022,0.27377711,0.48553000,0.69651893
11,11/21/2022,0.27353937,0.48541639,0.69612778
11,11/28/2022,0.27329803,0.48526997,0.69570352
11,12/5/2022,0.27305308,0.48509074,0.69524616
11,12/12/2022,0.27280452,0.48487869,0.69475568
11,12/19/2022,0.27255235,0.48463384,0.69423210
11,12/26/2022,0.27229658,0.48435617,0.69367541
11,1/2/2023,0.27203720,0.48404569,0.69308561
11,1/9/2023,0.27177421,0.48370240,0.69246270
11,1/16/2023,0.27150762,0.48332630,0.69180668
11,1/23/2023,0.27123742,0.48291739,0.69111756
11,1/30/2023,0.27096361,0.48247567,0.69039532
11,2/6/2023,0.27068619,0.48200114,0.68963998
11,2/13/2023,0.27040517,0.48149380,0.68885153
11,2/20/2023,0.27012054,0.48095364,0.68802997
11,2/27/2023,0.26983230,0.48038067,0.68717530
11,3/6/2023,0.26954045,0.47977490,0.68628752
11,3/13/2023,0.26924500,0.47913631,0.68536663
11,3/20/2023,0.26894594,0.47846491,0.68441264
11,3/27/2023,0.26864327,0.47776070,0.68342553
11,4/3/2023,0.26833699,0.47702368,0.68240532
11,4/10/2023,0.26802711,0.47625384,0.68135200
11,4/17/2023,0.26771362,0.47545120,0.68026557
11,4/24/2023,0.26739652,0.47461575,0.67914603
11,5/1/2023,0.26707581,0.47374748,0.67799339
11,5/8/2023,0.26675150,0.47284640,0.67680763
11,5/15/2023,0.26642358,0.47191252,0.67558877
11,5/22/2023,0.26609205,0.47094582,0.67433680
11,5/29/2023,0.26575692,0.46994631,0.67305171
11,6/5/2023,0.26541818,0.46891398,0.67173352
11,6/12/2023,0.26507583,0.46784885,0.67038223
11,6/19/2023,0.26472987,0.46675091,0.66899782
11,6/26/2023,0.26438031,0.46562016,0.66758030
11,7/3/2023,0.26402715,0.46445675,0.66612984
11,7/10/2023,0.26367195,0.46327553,0.66466124
11,7/17/2023,0.26331743,0.46210269,0.66320066
11,7/24/2023,0.26296385,0.46094085,0.66175074
11,7/31/2023,0.26261124,0.45979003,0.66031147
11,8/7/2023,0.26225957,0.45865023,0.65888285
11,8/14/2023,0.26190886,0.45752143,0.65746489
11,8/21/2023,0.26155909,0.45640365,0.65605758
11,8/28/2023,0.26121029,0.45529687,0.65466092
11,9/4/2023,0.26086243,0.45420111,0.65327491
11,9/11/2023,0.26051553,0.45311636,0.65189956
11,9/18/2023,0.26016958,0.45204263,0.65053486
11,9/25/2023,0.25982458,0.45097990,0.64918082
11,10/2/2023,0.25948053,0.44992819,0.64783742
11,10/9/2023,0.25913744,0.44888749,0.64650468
11,10/16/2023,0.25879530,0.44785780,0.64518259
11,10/23/2023,0.25845411,0.44683913,0.64387116
11,10/30/2023,0.25811388,0.44583146,0.64257038
11,11/6/2023,0.25777459,0.44483481,0.64128025
11,11/13/2023,0.25743626,0.44384917,0.64000078
11,11/20/2023,0.25709889,0.44287454,0.63873195
11,11/27/2023,0.25676246,0.44191092,0.63747379
11,12/4/2023,0.25642699,0.44095832,0.63622627
11,12/11/2023,0.25609247,0.44001672,0.63498941
11,12/18/2023,0.25575890,0.43908614,0.63376320
11,12/25/2023,0.25542629,0.43816657,0.63254764
11,1/1/2024,0.25509462,0.43725801,0.63134274
11,1/8/2024,0.25476391,0.43636047,0.63014849
11,1/15/2024,0.25443416,0.43547394,0.62896489
11,1/22/2024,0.25410535,0.43459841,0.62779194
11,1/29/2024,0.25377750,0.43373390,0.62662965
11,2/5/2024,0.25345060,0.43288041,0.62547801
11,2/12/2024,0.25312466,0.43203792,0.62433703
11,2/19/2024,0.25279966,0.43120645,0.62320669
11,2/26/2024,0.25247562,0.43038598,0.62208702
11,3/4/2024,0.25215253,0.42957653,0.62097799
11,3/11/2024,0.25183039,0.42877810,0.61987962
11,3/18/2024,0.25150921,0.42799067,0.61879190
11,3/25/2024,0.25118898,0.42721426,0.61771483
11,4/1/2024,0.25086970,0.42644885,0.61664841
11,4/8/2024,0.25055137,0.42569446,0.61559265
11,4/15/2024,0.25023400,0.42495109,0.61454754
11,4/22/2024,0.24991758,0.42421872,0.61351309
11,4/29/2024,0.24960211,0.42349736,0.61248929
11,5/6/2024,0.24928759,0.42278702,0.61147614
11,5/13/2024,0.24897403,0.42208769,0.61047364
11,5/20/2024,0.24866142,0.42139937,0.60948180
11,5/27/2024,0.24834976,0.42072207,0.60850061
11,6/3/2024,0.24803906,0.42005577,0.60753007
11,6/10/2024,0.24772930,0.41940049,0.60657019
11,6/17/2024,0.24742050,0.41875622,0.60562096
11,6/24/2024,0.24711265,0.41812296,0.60468238
11,7/1/2024,0.24680576,0.41750071,0.60375445
11,7/8/2024,0.24649982,0.41688947,0.60283718
11,7/15/2024,0.24619483,0.41628925,0.60193056
11,7/22/2024,0.24589079,0.41570004,0.60103460
11,7/29/2024,0.24558770,0.41512184,0.60014928
11,8/5/2024,0.24528557,0.41455465,0.59927462
11,8/12/2024,0.24498439,0.41399848,0.59841062
11,8/19/2024,0.24468416,0.41345331,0.59755726
11,8/26/2024,0.24438489,0.41291916,0.59671456
11,9/2/2024,0.24408657,0.41239602,0.59588252
11,9/9/2024,0.24378920,0.41188389,0.59506112
11,9/16/2024,0.24349278,0.41138278,0.59425038
11,9/23/2024,0.24319731,0.41089267,0.59345029
11,9/30/2024,0.24290280,0.41041358,0.59266086
11,10/7/2024,0.24260924,0.40994550,0.59188207
11,10/14/2024,0.24231663,0.40948843,0.59111394
11,10/21/2024,0.24202498,0.40904238,0.59035647
11,10/28/2024,0.24173428,0.40860733,0.58960964
11,11/4/2024,0.24144453,0.40818330,0.58887347
11,11/11/2024,0.24115573,0.40777028,0.58814796
11,11/18/2024,0.24086789,0.40736827,0.58743309
11,11/25/2024,0.24058100,0.40697727,0.58672888
11,12/2/2024,0.24029506,0.40659729,0.58603532
11,12/9/2024,0.24001007,0.40622832,0.58535242
11,12/16/2024,0.23972604,0.40587036,0.58468017
11,12/23/2024,0.23944296,0.40552341,0.58401857
11,12/30/2024,0.23916083,0.40518747,0.58336762
12,3/1/2021,0.34736708,0.56155276,0.76592695
12,3/8/2021,0.34555517,0.55876765,0.76374445
12,3/15/2021,0.34376690,0.55603011,0.76159694
12,3/22/2021,0.34200226,0.55334013,0.75948442
12,3/29/2021,0.34026125,0.55069771,0.75740690
12,4/5/2021,0.33854388,0.54810286,0.75536437
12,4/12/2021,0.33685014,0.54555556,0.75335684
12,4/19/2021,0.33518003,0.54305583,0.75138430
12,4/26/2021,0.33353356,0.54060366,0.74944676
12,5/3/2021,0.33191073,0.53819906,0.74754421
12,5/10/2021,0.33031153,0.53584201,0.74567665
12,5/17/2021,0.32873596,0.53353253,0.74384409
12,5/24/2021,0.32718402,0.53127061,0.74204652
12,5/31/2021,0.32565572,0.52905625,0.74028395
12,6/7/2021,0.32415106,0.52688945,0.73855637
12,6/14/2021,0.32267003,0.52477022,0.73686379
12,6/21/2021,0.32121263,0.52269854,0.73520620
12,6/28/2021,0.31977887,0.52067443,0.73358361
12,7/5/2021,0.31836874,0.51869789,0.73199601
12,7/12/2021,0.31698224,0.51676890,0.73044340
12,7/19/2021,0.31561938,0.51488748,0.72892579
12,7/26/2021,0.31428016,0.51305361,0.72744317
12,8/2/2021,0.31296456,0.51126731,0.72599555
12,8/9/2021,0.31167261,0.50952858,0.72458292
12,8/16/2021,0.31040428,0.50783740,0.72320529
12,8/23/2021,0.30915959,0.50619379,0.72186265
12,8/30/2021,0.30793854,0.50459774,0.72055500
12,9/6/2021,0.30674111,0.50304925,0.71928235
12,9/13/2021,0.30556733,0.50154832,0.71804469
12,9/20/2021,0.30441717,0.50009496,0.71684203
12,9/27/2021,0.30329065,0.49868915,0.71567436
12,10/4/2021,0.30218777,0.49733091,0.71454169
12,10/11/2021,0.30110852,0.49602023,0.71344401
12,10/18/2021,0.30005290,0.49475712,0.71238133
12,10/25/2021,0.29902092,0.49354156,0.71135364
12,11/1/2021,0.29801257,0.49237357,0.71036094
12,11/8/2021,0.29702785,0.49125314,0.70940324
12,11/15/2021,0.29606677,0.49018028,0.70848053
12,11/22/2021,0.29512933,0.48915497,0.70759282
12,11/29/2021,0.29421551,0.48817723,0.70674010
12,12/6/2021,0.29332534,0.48724705,0.70592238
12,12/13/2021,0.29245879,0.48636443,0.70513965
12,12/20/2021,0.29161588,0.48552937,0.70439191
12,12/27/2021,0.29079661,0.48474187,0.70367917
12,1/3/2022,0.29000096,0.48400194,0.70300143
12,1/10/2022,0.28922896,0.48330957,0.70235868
12,1/17/2022,0.28848058,0.48266476,0.70175092
12,1/24/2022,0.28775584,0.48206752,0.70117816
12,1/31/2022,0.28705474,0.48151783,0.70064039
12,2/7/2022,0.28637727,0.48101571,0.70013761
12,2/14/2022,0.28572343,0.48056115,0.69966983
12,2/21/2022,0.28509323,0.48015415,0.69923705
12,2/28/2022,0.28448666,0.47979472,0.69883926
12,3/7/2022,0.28390373,0.47948284,0.69847646
12,3/14/2022,0.28334442,0.47921853,0.69814866
12,3/21/2022,0.28280876,0.47900178,0.69785585
12,3/28/2022,0.28229673,0.47883259,0.69759804
12,4/4/2022,0.28180833,0.47871097,0.69737522
12,4/11/2022,0.28134356,0.47863691,0.69718739
12,4/18/2022,0.28090243,0.47861041,0.69703456
12,4/25/2022,0.28048494,0.47863147,0.69691673
12,5/2/2022,0.28009108,0.47870009,0.69683389
12,5/9/2022,0.27972085,0.47881628,0.69678604
12,5/16/2022,0.27937426,0.47898002,0.69677319
12,5/23/2022,0.27905130,0.47919133,0.69679533
12,5/30/2022,0.27875197,0.47945021,0.69685246
12,6/6/2022,0.27847628,0.47975664,0.69694460
12,6/13/2022,0.27822422,0.48011064,0.69707172
12,6/20/2022,0.27799580,0.48051220,0.69723384
12,6/27/2022,0.27779101,0.48096132,0.69743095
12,7/4/2022,0.27760951,0.48145697,0.69766219
12,7/11/2022,0.27743948,0.48196431,0.69789802
12,7/18/2022,0.27726668,0.48244130,0.69810283
12,7/25/2022,0.27709027,0.48288548,0.69827453
12,8/1/2022,0.27691025,0.48329684,0.69841312
12,8/8/2022,0.27672663,0.48367540,0.69851860
12,8/15/2022,0.27653940,0.48402114,0.69859097
12,8/22/2022,0.27634856,0.48433407,0.69863024
12,8/29/2022,0.27615411,0.48461420,0.69863639
12,9/5/2022,0.27595605,0.48486151,0.69860944
12,9/12/2022,0.27575439,0.48507601,0.69854938
12,9/19/2022,0.27554912,0.48525769,0.69845620
12,9/26/2022,0.27534025,0.48540657,0.69832993
12,10/3/2022,0.27512776,0.48552264,0.69817054
12,10/10/2022,0.27491167,0.48560589,0.69797804
12,10/17/2022,0.27469197,0.48565634,0.69775244
12,10/24/2022,0.27446867,0.48567397,0.69749372
12,10/31/2022,0.27424175,0.48565879,0.69720190
12,11/7/2022,0.27401123,0.48561080,0.69687697
12,11/14/2022,0.27377711,0.48553000,0.69651893
12,11/21/2022,0.27353937,0.48541639,0.69612778
12,11/28/2022,0.27329803,0.48526997,0.69570352
12,12/5/2022,0.27305308,0.48509074,0.69524616
12,12/12/2022,0.27280452,0.48487869,0.69475568
12,12/19/2022,0.27255235,0.48463384,0.69423210
12,12/26/2022,0.27229658,0.48435617,0.69367541
12,1/2/2023,0.27203720,0.48404569,0.69308561
12,1/9/2023,0.27177421,0.48370240,0.69246270
12,1/16/2023,0.27150762,0.48332630,0.69180668
12,1/23/2023,0.27123742,0.48291739,0.69111756
12,1/30/2023,0.27096361,0.48247567,0.69039532
12,2/6/2023,0.27068619,0.48200114,0.68963998
12,2/13/2023,0.27040517,0.48149380,0.68885153
12,2/20/2023,0.27012054,0.48095364,0.68802997
12,2/27/2023,0.26983230,0.48038067,0.68717530
12,3/6/2023,0.26954045,0.47977490,0.68628752
12,3/13/2023,0.26924500,0.47913631,0.68536663
12,3/20/2023,0.26894594,0.47846491,0.68441264
12,3/27/2023,0.26864327,0.47776070,0.68342553
12,4/3/2023,0.26833699,0.47702368,0.68240532
12,4/10/2023,0.26802711,0.47625384,0.68135200
12,4/17/2023,0.26771362,0.47545120,0.68026557
12,4/24/2023,0.26739652,0.47461575,0.67914603
12,5/1/2023,0.26707581,0.47374748,0.67799339
12,5/8/2023,0.26675150,0.47284640,0.67680763
12,5/15/2023,0.26642358,0.47191252,0.67558877
12,5/22/2023,0.26609205,0.47094582,0.67433680
12,5/29/2023,0.26575692,0.46994631,0.67305171
12,6/5/2023,0.26541818,0.46891398,0.67173352
12,6/12/2023,0.26507583,0.46784885,0.67038223
12,6/19/2023,0.26472987,0.46675091,0.66899782
12,6/26/2023,0.26438031,0.46562016,0.66758030
12,7/3/2023,0.26402715,0.46445675,0.66612984
12,7/10/2023,0.26367195,0.46327553,0.66466124
12,7/17/2023,0.26331743,0.46210269,0.66320066
12,7/24/2023,0.26296385,0.46094085,0.66175074
12,7/31/2023,0.26261124,0.45979003,0.66031147
12,8/7/2023,0.26225957,0.45865023,0.65888285
12,8/14/2023,0.26190886,0.45752143,0.65746489
12,8/21/2023,0.26155909,0.45640365,0.65605758
12,8/28/2023,0.26121029,0.45529687,0.65466092
12,9/4/2023,0.26086243,0.45420111,0.65327491
12,9/11/2023,0.26051553,0.45311636,0.65189956
12,9/18/2023,0.26016958,0.45204263,0.65053486
12,9/25/2023,0.25982458,0.45097990,0.64918082
12,10/2/2023,0.25948053,0.44992819,0.64783742
12,10/9/2023,0.25913744,0.44888749,0.64650468
12,10/16/2023,0.25879530,0.44785780,0.64518259
12,10/23/2023,0.25845411,0.44683913,0.64387116
12,10/30/2023,0.25811388,0.44583146,0.64257038
12,11/6/2023,0.25777459,0.44483481,0.64128025
12,11/13/2023,0.25743626,0.44384917,0.64000078
12,11/20/2023,0.25709889,0.44287454,0.63873195
12,11/27/2023,0.25676246,0.44191092,0.63747379
12,12/4/2023,0.25642699,0.44095832,0.63622627
12,12/11/2023,0.25609247,0.44001672,0.63498941
12,12/18/2023,0.25575890,0.43908614,0.63376320
12,12/25/2023,0.25542629,0.43816657,0.63254764
12,1/1/2024,0.25509462,0.43725801,0.63134274
12,1/8/2024,0.25476391,0.43636047,0.63014849
12,1/15/2024,0.25443416,0.43547394,0.62896489
12,1/22/2024,0.25410535,0.43459841,0.62779194
12,1/29/2024,0.25377750,0.43373390,0.62662965
12,2/5/2024,0.25345060,0.43288041,0.62547801
12,2/12/2024,0.25312466,0.43203792,0.62433703
12,2/19/2024,0.25279966,0.43120645,0.62320669
12,2/26/2024,0.25247562,0.43038598,0.62208702
12,3/4/2024,0.25215253,0.42957653,0.62097799
12,3/11/2024,0.25183039,0.42877810,0.61987962
12,3/18/2024,0.25150921,0.42799067,0.61879190
12,3/25/2024,0.25118898,0.42721426,0.61771483
12,4/1/2024,0.25086970,0.42644885,0.61664841
12,4/8/2024,0.25055137,0.42569446,0.61559265
12,4/15/2024,0.25023400,0.42495109,0.61454754
12,4/22/2024,0.24991758,0.42421872,0.61351309
12,4/29/2024,0.24960211,0.42349736,0.61248929
12,5/6/2024,0.24928759,0.42278702,0.61147614
12,5/13/2024,0.24897403,0.42208769,0.61047364
12,5/20/2024,0.24866142,0.42139937,0.60948180
12,5/27/2024,0.24834976,0.42072207,0.60850061
12,6/3/2024,0.24803906,0.42005577,0.60753007
12,6/10/2024,0.24772930,0.41940049,0.60657019
12,6/17/2024,0.24742050,0.41875622,0.60562096
12,6/24/2024,0.24711265,0.41812296,0.60468238
12,7/1/2024,0.24680576,0.41750071,0.60375445
12,7/8/2024,0.24649982,0.41688947,0.60283718
12,7/15/2024,0.24619483,0.41628925,0.60193056
12,7/22/2024,0.24589079,0.41570004,0.60103460
12,7/29/2024,0.24558770,0.41512184,0.60014928
12,8/5/2024,0.24528557,0.41455465,0.59927462
12,8/12/2024,0.24498439,0.41399848,0.59841062
12,8/19/2024,0.24468416,0.41345331,0.59755726
12,8/26/2024,0.24438489,0.41291916,0.59671456
12,9/2/2024,0.24408657,0.41239602,0.59588252
12,9/9/2024,0.24378920,0.41188389,0.59506112
12,9/16/2024,0.24349278,0.41138278,0.59425038
12,9/23/2024,0.24319731,0.41089267,0.59345029
12,9/30/2024,0.24290280,0.41041358,0.59266086
12,10/7/2024,0.24260924,0.40994550,0.59188207
12,10/14/2024,0.24231663,0.40948843,0.59111394
12,10/21/2024,0.24202498,0.40904238,0.59035647
12,10/28/2024,0.24173428,0.40860733,0.58960964
12,11/4/2024,0.24144453,0.40818330,0.58887347
12,11/11/2024,0.24115573,0.40777028,0.58814796
12,11/18/2024,0.24086789,0.40736827,0.58743309
12,11/25/2024,0.24058100,0.40697727,0.58672888
12,12/2/2024,0.24029506,0.40659729,0.58603532
12,12/9/2024,0.24001007,0.40622832,0.58535242
12,12/16/2024,0.23972604,0.40587036,0.58468017
12,12/23/2024,0.23944296,0.40552341,0.58401857
12,12/30/2024,0.23916083,0.40518747,0.58336762
13,3/1/2021,0.34736708,0.56155276,0.76592695
13,3/8/2021,0.34555517,0.55876765,0.76374445
13,3/15/2021,0.34376690,0.55603011,0.76159694
13,3/22/2021,0.34200226,0.55334013,0.75948442
13,3/29/2021,0.34026125,0.55069771,0.75740690
13,4/5/2021,0.33854388,0.54810286,0.75536437
13,4/12/2021,0.33685014,0.54555556,0.75335684
13,4/19/2021,0.33518003,0.54305583,0.75138430
13,4/26/2021,0.33353356,0.54060366,0.74944676
13,5/3/2021,0.33191073,0.53819906,0.74754421
13,5/10/2021,0.33031153,0.53584201,0.74567665
13,5/17/2021,0.32873596,0.53353253,0.74384409
13,5/24/2021,0.32718402,0.53127061,0.74204652
13,5/31/2021,0.32565572,0.52905625,0.74028395
13,6/7/2021,0.32415106,0.52688945,0.73855637
13,6/14/2021,0.32267003,0.52477022,0.73686379
13,6/21/2021,0.32121263,0.52269854,0.73520620
13,6/28/2021,0.31977887,0.52067443,0.73358361
13,7/5/2021,0.31836874,0.51869789,0.73199601
13,7/12/2021,0.31698224,0.51676890,0.73044340
13,7/19/2021,0.31561938,0.51488748,0.72892579
13,7/26/2021,0.31428016,0.51305361,0.72744317
13,8/2/2021,0.31296456,0.51126731,0.72599555
13,8/9/2021,0.31167261,0.50952858,0.72458292
13,8/16/2021,0.31040428,0.50783740,0.72320529
13,8/23/2021,0.30915959,0.50619379,0.72186265
13,8/30/2021,0.30793854,0.50459774,0.72055500
13,9/6/2021,0.30674111,0.50304925,0.71928235
13,9/13/2021,0.30556733,0.50154832,0.71804469
13,9/20/2021,0.30441717,0.50009496,0.71684203
13,9/27/2021,0.30329065,0.49868915,0.71567436
13,10/4/2021,0.30218777,0.49733091,0.71454169
13,10/11/2021,0.30110852,0.49602023,0.71344401
13,10/18/2021,0.30005290,0.49475712,0.71238133
13,10/25/2021,0.29902092,0.49354156,0.71135364
13,11/1/2021,0.29801257,0.49237357,0.71036094
13,11/8/2021,0.29702785,0.49125314,0.70940324
13,11/15/2021,0.29606677,0.49018028,0.70848053
13,11/22/2021,0.29512933,0.48915497,0.70759282
13,11/29/2021,0.29421551,0.48817723,0.70674010
13,12/6/2021,0.29332534,0.48724705,0.70592238
13,12/13/2021,0.29245879,0.48636443,0.70513965
13,12/20/2021,0.29161588,0.48552937,0.70439191
13,12/27/2021,0.29079661,0.48474187,0.70367917
13,1/3/2022,0.29000096,0.48400194,0.70300143
13,1/10/2022,0.28922896,0.48330957,0.70235868
13,1/17/2022,0.28848058,0.48266476,0.70175092
13,1/24/2022,0.28775584,0.48206752,0.70117816
13,1/31/2022,0.28705474,0.48151783,0.70064039
13,2/7/2022,0.28637727,0.48101571,0.70013761
13,2/14/2022,0.28572343,0.48056115,0.69966983
13,2/21/2022,0.28509323,0.48015415,0.69923705
13,2/28/2022,0.28448666,0.47979472,0.69883926
13,3/7/2022,0.28390373,0.47948284,0.69847646
13,3/14/2022,0.28334442,0.47921853,0.69814866
13,3/21/2022,0.28280876,0.47900178,0.69785585
13,3/28/2022,0.28229673,0.47883259,0.69759804
13,4/4/2022,0.28180833,0.47871097,0.69737522
13,4/11/2022,0.28134356,0.47863691,0.69718739
13,4/18/2022,0.28090243,0.47861041,0.69703456
13,4/25/2022,0.28048494,0.47863147,0.69691673
13,5/2/2022,0.28009108,0.47870009,0.69683389
13,5/9/2022,0.27972085,0.47881628,0.69678604
13,5/16/2022,0.27937426,0.47898002,0.69677319
13,5/23/2022,0.27905130,0.47919133,0.69679533
13,5/30/2022,0.27875197,0.47945021,0.69685246
13,6/6/2022,0.27847628,0.47975664,0.69694460
13,6/13/2022,0.27822422,0.48011064,0.69707172
13,6/20/2022,0.27799580,0.48051220,0.69723384
13,6/27/2022,0.27779101,0.48096132,0.69743095
13,7/4/2022,0.27760951,0.48145697,0.69766219
13,7/11/2022,0.27743948,0.48196431,0.69789802
13,7/18/2022,0.27726668,0.48244130,0.69810283
13,7/25/2022,0.27709027,0.48288548,0.69827453
13,8/1/2022,0.27691025,0.48329684,0.69841312
13,8/8/2022,0.27672663,0.48367540,0.69851860
13,8/15/2022,0.27653940,0.48402114,0.69859097
13,8/22/2022,0.27634856,0.48433407,0.69863024
13,8/29/2022,0.27615411,0.48461420,0.69863639
13,9/5/2022,0.27595605,0.48486151,0.69860944
13,9/12/2022,0.27575439,0.48507601,0.69854938
13,9/19/2022,0.27554912,0.48525769,0.69845620
13,9/26/2022,0.27534025,0.48540657,0.69832993
13,10/3/2022,0.27512776,0.48552264,0.69817054
13,10/10/2022,0.27491167,0.48560589,0.69797804
13,10/17/2022,0.27469197,0.48565634,0.69775244
13,10/24/2022,0.27446867,0.48567397,0.69749372
13,10/31/2022,0.27424175,0.48565879,0.69720190
13,11/7/2022,0.27401123,0.48561080,0.69687697
13,11/14/2022,0.27377711,0.48553000,0.69651893
13,11/21/2022,0.27353937,0.48541639,0.69612778
13,11/28/2022,0.27329803,0.48526997,0.69570352
13,12/5/2022,0.27305308,0.48509074,0.69524616
13,12/12/2022,0.27280452,0.48487869,0.69475568
13,12/19/2022,0.27255235,0.48463384,0.69423210
13,12/26/2022,0.27229658,0.48435617,0.69367541
13,1/2/2023,0.27203720,0.48404569,0.69308561
13,1/9/2023,0.27177421,0.48370240,0.69246270
13,1/16/2023,0.27150762,0.48332630,0.69180668
13,1/23/2023,0.27123742,0.48291739,0.69111756
13,1/30/2023,0.27096361,0.48247567,0.69039532
13,2/6/2023,0.27068619,0.48200114,0.68963998
13,2/13/2023,0.27040517,0.48149380,0.68885153
13,2/20/2023,0.27012054,0.48095364,0.68802997
13,2/27/2023,0.26983230,0.48038067,0.68717530
13,3/6/2023,0.26954045,0.47977490,0.68628752
13,3/13/2023,0.26924500,0.47913631,0.68536663
13,3/20/2023,0.26894594,0.47846491,0.68441264
13,3/27/2023,0.26864327,0.47776070,0.68342553
13,4/3/2023,0.26833699,0.47702368,0.68240532
13,4/10/2023,0.26802711,0.47625384,0.68135200
13,4/17/2023,0.26771362,0.47545120,0.68026557
13,4/24/2023,0.26739652,0.47461575,0.67914603
13,5/1/2023,0.26707581,0.47374748,0.67799339
13,5/8/2023,0.26675150,0.47284640,0.67680763
13,5/15/2023,0.26642358,0.47191252,0.67558877
13,5/22/2023,0.26609205,0.47094582,0.67433680
13,5/29/2023,0.26575692,0.46994631,0.67305171
13,6/5/2023,0.26541818,0.46891398,0.67173352
13,6/12/2023,0.26507583,0.46784885,0.67038223
13,6/19/2023,0.26472987,0.46675091,0.66899782
13,6/26/2023,0.26438031,0.46562016,0.66758030
13,7/3/2023,0.26402715,0.46445675,0.66612984
13,7/10/2023,0.26367195,0.46327553,0.66466124
13,7/17/2023,0.26331743,0.46210269,0.66320066
13,7/24/2023,0.26296385,0.46094085,0.66175074
13,7/31/2023,0.26261124,0.45979003,0.66031147
13,8/7/2023,0.26225957,0.45865023,0.65888285
13,8/14/2023,0.26190886,0.45752143,0.65746489
13,8/21/2023,0.26155909,0.45640365,0.65605758
13,8/28/2023,0.26121029,0.45529687,0.65466092
13,9/4/2023,0.26086243,0.45420111,0.65327491
13,9/11/2023,0.26051553,0.45311636,0.65189956
13,9/18/2023,0.26016958,0.45204263,0.65053486
13,9/25/2023,0.25982458,0.45097990,0.64918082
13,10/2/2023,0.25948053,0.44992819,0.64783742
13,10/9/2023,0.25913744,0.44888749,0.64650468
13,10/16/2023,0.25879530,0.44785780,0.64518259
13,10/23/2023,0.25845411,0.44683913,0.64387116
13,10/30/2023,0.25811388,0.44583146,0.64257038
13,11/6/2023,0.25777459,0.44483481,0.64128025
13,11/13/2023,0.25743626,0.44384917,0.64000078
13,11/20/2023,0.25709889,0.44287454,0.63873195
13,11/27/2023,0.25676246,0.44191092,0.63747379
13,12/4/2023,0.25642699,0.44095832,0.63622627
13,12/11/2023,0.25609247,0.44001672,0.63498941
13,12/18/2023,0.25575890,0.43908614,0.63376320
13,12/25/2023,0.25542629,0.43816657,0.63254764
13,1/1/2024,0.25509462,0.43725801,0.63134274
13,1/8/2024,0.25476391,0.43636047,0.63014849
13,1/15/2024,0.25443416,0.43547394,0.62896489
13,1/22/2024,0.25410535,0.43459841,0.62779194
13,1/29/2024,0.25377750,0.43373390,0.62662965
13,2/5/2024,0.25345060,0.43288041,0.62547801
13,2/12/2024,0.25312466,0.43203792,0.62433703
13,2/19/2024,0.25279966,0.43120645,0.62320669
13,2/26/2024,0.25247562,0.43038598,0.62208702
13,3/4/2024,0.25215253,0.42957653,0.62097799
13,3/11/2024,0.25183039,0.42877810,0.61987962
13,3/18/2024,0.25150921,0.42799067,0.61879190
13,3/25/2024,0.25118898,0.42721426,0.61771483
13,4/1/2024,0.25086970,0.42644885,0.61664841
13,4/8/2024,0.25055137,0.42569446,0.61559265
13,4/15/2024,0.25023400,0.42495109,0.61454754
13,4/22/2024,0.24991758,0.42421872,0.61351309
13,4/29/2024,0.24960211,0.42349736,0.61248929
13,5/6/2024,0.24928759,0.42278702,0.61147614
13,5/13/2024,0.24897403,0.42208769,0.61047364
13,5/20/2024,0.24866142,0.42139937,0.60948180
13,5/27/2024,0.24834976,0.42072207,0.60850061
13,6/3/2024,0.24803906,0.42005577,0.60753007
13,6/10/2024,0.24772930,0.41940049,0.60657019
13,6/17/2024,0.24742050,0.41875622,0.60562096
13,6/24/2024,0.24711265,0.41812296,0.60468238
13,7/1/2024,0.24680576,0.41750071,0.60375445
13,7/8/2024,0.24649982,0.41688947,0.60283718
13,7/15/2024,0.24619483,0.41628925,0.60193056
13,7/22/2024,0.24589079,0.41570004,0.60103460
13,7/29/2024,0.24558770,0.41512184,0.60014928
13,8/5/2024,0.24528557,0.41455465,0.59927462
13,8/12/2024,0.24498439,0.41399848,0.59841062
13,8/19/2024,0.24468416,0.41345331,0.59755726
13,8/26/2024,0.24438489,0.41291916,0.59671456
13,9/2/2024,0.24408657,0.41239602,0.59588252
13,9/9/2024,0.24378920,0.41188389,0.59506112
13,9/16/2024,0.24349278,0.41138278,0.59425038
13,9/23/2024,0.24319731,0.41089267,0.59345029
13,9/30/2024,0.24290280,0.41041358,0.59266086
13,10/7/2024,0.24260924,0.40994550,0.59188207
13,10/14/2024,0.24231663,0.40948843,0.59111394
13,10/21/2024,0.24202498,0.40904238,0.59035647
13,10/28/2024,0.24173428,0.40860733,0.58960964
13,11/4/2024,0.24144453,0.40818330,0.58887347
13,11/11/2024,0.24115573,0.40777028,0.58814796
13,11/18/2024,0.24086789,0.40736827,0.58743309
13,11/25/2024,0.24058100,0.40697727,0.58672888
13,12/2/2024,0.24029506,0.40659729,0.58603532
13,12/9/2024,0.24001007,0.40622832,0.58535242
13,12/16/2024,0.23972604,0.40587036,0.58468017
13,12/23/2024,0.23944296,0.40552341,0.58401857
13,12/30/2024,0.23916083,0.40518747,0.58336762
14,3/1/2021,0.34736708,0.56155276,0.76592695
14,3/8/2021,0.34555517,0.55876765,0.76374445
14,3/15/2021,0.34376690,0.55603011,0.76159694
14,3/22/2021,0.34200226,0.55334013,0.75948442
14,3/29/2021,0.34026125,0.55069771,0.75740690
14,4/5/2021,0.33854388,0.54810286,0.75536437
14,4/12/2021,0.33685014,0.54555556,0.75335684
14,4/19/2021,0.33518003,0.54305583,0.75138430
14,4/26/2021,0.33353356,0.54060366,0.74944676
14,5/3/2021,0.33191073,0.53819906,0.74754421
14,5/10/2021,0.33031153,0.53584201,0.74567665
14,5/17/2021,0.32873596,0.53353253,0.74384409
14,5/24/2021,0.32718402,0.53127061,0.74204652
14,5/31/2021,0.32565572,0.52905625,0.74028395
14,6/7/2021,0.32415106,0.52688945,0.73855637
14,6/14/2021,0.32267003,0.52477022,0.73686379
14,6/21/2021,0.32121263,0.52269854,0.73520620
14,6/28/2021,0.31977887,0.52067443,0.73358361
14,7/5/2021,0.31836874,0.51869789,0.73199601
14,7/12/2021,0.31698224,0.51676890,0.73044340
14,7/19/2021,0.31561938,0.51488748,0.72892579
14,7/26/2021,0.31428016,0.51305361,0.72744317
14,8/2/2021,0.31296456,0.51126731,0.72599555
14,8/9/2021,0.31167261,0.50952858,0.72458292
14,8/16/2021,0.31040428,0.50783740,0.72320529
14,8/23/2021,0.30915959,0.50619379,0.72186265
14,8/30/2021,0.30793854,0.50459774,0.72055500
14,9/6/2021,0.30674111,0.50304925,0.71928235
14,9/13/2021,0.30556733,0.50154832,0.71804469
14,9/20/2021,0.30441717,0.50009496,0.71684203
14,9/27/2021,0.30329065,0.49868915,0.71567436
14,10/4/2021,0.30218777,0.49733091,0.71454169
14,10/11/2021,0.30110852,0.49602023,0.71344401
14,10/18/2021,0.30005290,0.49475712,0.71238133
14,10/25/2021,0.29902092,0.49354156,0.71135364
14,11/1/2021,0.29801257,0.49237357,0.71036094
14,11/8/2021,0.29702785,0.49125314,0.70940324
14,11/15/2021,0.29606677,0.49018028,0.70848053
14,11/22/2021,0.29512933,0.48915497,0.70759282
14,11/29/2021,0.29421551,0.48817723,0.70674010
14,12/6/2021,0.29332534,0.48724705,0.70592238
14,12/13/2021,0.29245879,0.48636443,0.70513965
14,12/20/2021,0.29161588,0.48552937,0.70439191
14,12/27/2021,0.29079661,0.48474187,0.70367917
14,1/3/2022,0.29000096,0.48400194,0.70300143
14,1/10/2022,0.28922896,0.48330957,0.70235868
14,1/17/2022,0.28848058,0.48266476,0.70175092
14,1/24/2022,0.28775584,0.48206752,0.70117816
14,1/31/2022,0.28705474,0.48151783,0.70064039
14,2/7/2022,0.28637727,0.48101571,0.70013761
14,2/14/2022,0.28572343,0.48056115,0.69966983
14,2/21/2022,0.28509323,0.48015415,0.69923705
14,2/28/2022,0.28448666,0.47979472,0.69883926
14,3/7/2022,0.28390373,0.47948284,0.69847646
14,3/14/2022,0.28334442,0.47921853,0.69814866
14,3/21/2022,0.28280876,0.47900178,0.69785585
14,3/28/2022,0.28229673,0.47883259,0.69759804
14,4/4/2022,0.28180833,0.47871097,0.69737522
14,4/11/2022,0.28134356,0.47863691,0.69718739
14,4/18/2022,0.28090243,0.47861041,0.69703456
14,4/25/2022,0.28048494,0.47863147,0.69691673
14,5/2/2022,0.28009108,0.47870009,0.69683389
14,5/9/2022,0.27972085,0.47881628,0.69678604
14,5/16/2022,0.27937426,0.47898002,0.69677319
14,5/23/2022,0.27905130,0.47919133,0.69679533
14,5/30/2022,0.27875197,0.47945021,0.69685246
14,6/6/2022,0.27847628,0.47975664,0.69694460
14,6/13/2022,0.27822422,0.48011064,0.69707172
14,6/20/2022,0.27799580,0.48051220,0.69723384
14,6/27/2022,0.27779101,0.48096132,0.69743095
14,7/4/2022,0.27760951,0.48145697,0.69766219
14,7/11/2022,0.27743948,0.48196431,0.69789802
14,7/18/2022,0.27726668,0.48244130,0.69810283
14,7/25/2022,0.27709027,0.48288548,0.69827453
14,8/1/2022,0.27691025,0.48329684,0.69841312
14,8/8/2022,0.27672663,0.48367540,0.69851860
14,8/15/2022,0.27653940,0.48402114,0.69859097
14,8/22/2022,0.27634856,0.48433407,0.69863024
14,8/29/2022,0.27615411,0.48461420,0.69863639
14,9/5/2022,0.27595605,0.48486151,0.69860944
14,9/12/2022,0.27575439,0.48507601,0.69854938
14,9/19/2022,0.27554912,0.48525769,0.69845620
14,9/26/2022,0.27534025,0.48540657,0.69832993
14,10/3/2022,0.27512776,0.48552264,0.69817054
14,10/10/2022,0.27491167,0.48560589,0.69797804
14,10/17/2022,0.27469197,0.48565634,0.69775244
14,10/24/2022,0.27446867,0.48567397,0.69749372
14,10/31/2022,0.27424175,0.48565879,0.69720190
14,11/7/2022,0.27401123,0.48561080,0.69687697
14,11/14/2022,0.27377711,0.48553000,0.69651893
14,11/21/2022,0.27353937,0.48541639,0.69612778
14,11/28/2022,0.27329803,0.48526997,0.69570352
14,12/5/2022,0.27305308,0.48509074,0.69524616
14,12/12/2022,0.27280452,0.48487869,0.69475568
14,12/19/2022,0.27255235,0.48463384,0.69423210
14,12/26/2022,0.27229658,0.48435617,0.69367541
14,1/2/2023,0.27203720,0.48404569,0.69308561
14,1/9/2023,0.27177421,0.48370240,0.69246270
14,1/16/2023,0.27150762,0.48332630,0.69180668
14,1/23/2023,0.27123742,0.48291739,0.69111756
14,1/30/2023,0.27096361,0.48247567,0.69039532
14,2/6/2023,0.27068619,0.48200114,0.68963998
14,2/13/2023,0.27040517,0.48149380,0.68885153
14,2/20/2023,0.27012054,0.48095364,0.68802997
14,2/27/2023,0.26983230,0.48038067,0.68717530
14,3/6/2023,0.26954045,0.47977490,0.68628752
14,3/13/2023,0.26924500,0.47913631,0.68536663
14,3/20/2023,0.26894594,0.47846491,0.68441264
14,3/27/2023,0.26864327,0.47776070,0.68342553
14,4/3/2023,0.26833699,0.47702368,0.68240532
14,4/10/2023,0.26802711,0.47625384,0.68135200
14,4/17/2023,0.26771362,0.47545120,0.68026557
14,4/24/2023,0.26739652,0.47461575,0.67914603
14,5/1/2023,0.26707581,0.47374748,0.67799339
14,5/8/2023,0.26675150,0.47284640,0.67680763
14,5/15/2023,0.26642358,0.47191252,0.67558877
14,5/22/2023,0.26609205,0.47094582,0.67433680
14,5/29/2023,0.26575692,0.46994631,0.67305171
14,6/5/2023,0.26541818,0.46891398,0.67173352
14,6/12/2023,0.26507583,0.46784885,0.67038223
14,6/19/2023,0.26472987,0.46675091,0.66899782
14,6/26/2023,0.26438031,0.46562016,0.66758030
14,7/3/2023,0.26402715,0.46445675,0.66612984
14,7/10/2023,0.26367195,0.46327553,0.66466124
14,7/17/2023,0.26331743,0.46210269,0.66320066
14,7/24/2023,0.26296385,0.46094085,0.66175074
14,7/31/2023,0.26261124,0.45979003,0.66031147
14,8/7/2023,0.26225957,0.45865023,0.65888285
14,8/14/2023,0.26190886,0.45752143,0.65746489
14,8/21/2023,0.26155909,0.45640365,0.65605758
14,8/28/2023,0.26121029,0.45529687,0.65466092
14,9/4/2023,0.26086243,0.45420111,0.65327491
14,9/11/2023,0.26051553,0.45311636,0.65189956
14,9/18/2023,0.26016958,0.45204263,0.65053486
14,9/25/2023,0.25982458,0.45097990,0.64918082
14,10/2/2023,0.25948053,0.44992819,0.64783742
14,10/9/2023,0.25913744,0.44888749,0.64650468
14,10/16/2023,0.25879530,0.44785780,0.64518259
14,10/23/2023,0.25845411,0.44683913,0.64387116
14,10/30/2023,0.25811388,0.44583146,0.64257038
14,11/6/2023,0.25777459,0.44483481,0.64128025
14,11/13/2023,0.25743626,0.44384917,0.64000078
14,11/20/2023,0.25709889,0.44287454,0.63873195
14,11/27/2023,0.25676246,0.44191092,0.63747379
14,12/4/2023,0.25642699,0.44095832,0.63622627
14,12/11/2023,0.25609247,0.44001672,0.63498941
14,12/18/2023,0.25575890,0.43908614,0.63376320
14,12/25/2023,0.25542629,0.43816657,0.63254764
14,1/1/2024,0.25509462,0.43725801,0.63134274
14,1/8/2024,0.25476391,0.43636047,0.63014849
14,1/15/2024,0.25443416,0.43547394,0.62896489
14,1/22/2024,0.25410535,0.43459841,0.62779194
14,1/29/2024,0.25377750,0.43373390,0.62662965
14,2/5/2024,0.25345060,0.43288041,0.62547801
14,2/12/2024,0.25312466,0.43203792,0.62433703
14,2/19/2024,0.25279966,0.43120645,0.62320669
14,2/26/2024,0.25247562,0.43038598,0.62208702
14,3/4/2024,0.25215253,0.42957653,0.62097799
14,3/11/2024,0.25183039,0.42877810,0.61987962
14,3/18/2024,0.25150921,0.42799067,0.61879190
14,3/25/2024,0.25118898,0.42721426,0.61771483
14,4/1/2024,0.25086970,0.42644885,0.61664841
14,4/8/2024,0.25055137,0.42569446,0.61559265
14,4/15/2024,0.25023400,0.42495109,0.61454754
14,4/22/2024,0.24991758,0.42421872,0.61351309
14,4/29/2024,0.24960211,0.42349736,0.61248929
14,5/6/2024,0.24928759,0.42278702,0.61147614
14,5/13/2024,0.24897403,0.42208769,0.61047364
14,5/20/2024,0.24866142,0.42139937,0.60948180
14,5/27/2024,0.24834976,0.42072207,0.60850061
14,6/3/2024,0.24803906,0.42005577,0.60753007
14,6/10/2024,0.24772930,0.41940049,0.60657019
14,6/17/2024,0.24742050,0.41875622,0.60562096
14,6/24/2024,0.24711265,0.41812296,0.60468238
14,7/1/2024,0.24680576,0.41750071,0.60375445
14,7/8/2024,0.24649982,0.41688947,0.60283718
14,7/15/2024,0.24619483,0.41628925,0.60193056
14,7/22/2024,0.24589079,0.41570004,0.60103460
14,7/29/2024,0.24558770,0.41512184,0.60014928
14,8/5/2024,0.24528557,0.41455465,0.59927462
14,8/12/2024,0.24498439,0.41399848,0.59841062
14,8/19/2024,0.24468416,0.41345331,0.59755726
14,8/26/2024,0.24438489,0.41291916,0.59671456
14,9/2/2024,0.24408657,0.41239602,0.59588252
14,9/9/2024,0.24378920,0.41188389,0.59506112
14,9/16/2024,0.24349278,0.41138278,0.59425038
14,9/23/2024,0.24319731,0.41089267,0.59345029
14,9/30/2024,0.24290280,0.41041358,0.59266086
14,10/7/2024,0.24260924,0.40994550,0.59188207
14,10/14/2024,0.24231663,0.40948843,0.59111394
14,10/21/2024,0.24202498,0.40904238,0.59035647
14,10/28/2024,0.24173428,0.40860733,0.58960964
14,11/4/2024,0.24144453,0.40818330,0.58887347
14,11/11/2024,0.24115573,0.40777028,0.58814796
14,11/18/2024,0.24086789,0.40736827,0.58743309
14,11/25/2024,0.24058100,0.40697727,0.58672888
14,12/2/2024,0.24029506,0.40659729,0.58603532
14,12/9/2024,0.24001007,0.40622832,0.58535242
14,12/16/2024,0.23972604,0.40587036,0.58468017
14,12/23/2024,0.23944296,0.40552341,0.58401857
14,12/30/2024,0.23916083,0.40518747,0.58336762
15,3/1/2021,0.34736708,0.56155276,0.76592695
15,3/8/2021,0.34555517,0.55876765,0.76374445
15,3/15/2021,0.34376690,0.55603011,0.76159694
15,3/22/2021,0.34200226,0.55334013,0.75948442
15,3/29/2021,0.34026125,0.55069771,0.75740690
15,4/5/2021,0.33854388,0.54810286,0.75536437
15,4/12/2021,0.33685014,0.54555556,0.75335684
15,4/19/2021,0.33518003,0.54305583,0.75138430
15,4/26/2021,0.33353356,0.54060366,0.74944676
15,5/3/2021,0.33191073,0.53819906,0.74754421
15,5/10/2021,0.33031153,0.53584201,0.74567665
15,5/17/2021,0.32873596,0.53353253,0.74384409
15,5/24/2021,0.32718402,0.53127061,0.74204652
15,5/31/2021,0.32565572,0.52905625,0.74028395
15,6/7/2021,0.32415106,0.52688945,0.73855637
15,6/14/2021,0.32267003,0.52477022,0.73686379
15,6/21/2021,0.32121263,0.52269854,0.73520620
15,6/28/2021,0.31977887,0.52067443,0.73358361
15,7/5/2021,0.31836874,0.51869789,0.73199601
15,7/12/2021,0.31698224,0.51676890,0.73044340
15,7/19/2021,0.31561938,0.51488748,0.72892579
15,7/26/2021,0.31428016,0.51305361,0.72744317
15,8/2/2021,0.31296456,0.51126731,0.72599555
15,8/9/2021,0.31167261,0.50952858,0.72458292
15,8/16/2021,0.31040428,0.50783740,0.72320529
15,8/23/2021,0.30915959,0.50619379,0.72186265
15,8/30/2021,0.30793854,0.50459774,0.72055500
15,9/6/2021,0.30674111,0.50304925,0.71928235
15,9/13/2021,0.30556733,0.50154832,0.71804469
15,9/20/2021,0.30441717,0.50009496,0.71684203
15,9/27/2021,0.30329065,0.49868915,0.71567436
15,10/4/2021,0.30218777,0.49733091,0.71454169
15,10/11/2021,0.30110852,0.49602023,0.71344401
15,10/18/2021,0.30005290,0.49475712,0.71238133
15,10/25/2021,0.29902092,0.49354156,0.71135364
15,11/1/2021,0.29801257,0.49237357,0.71036094
15,11/8/2021,0.29702785,0.49125314,0.70940324
15,11/15/2021,0.29606677,0.49018028,0.70848053
15,11/22/2021,0.29512933,0.48915497,0.70759282
15,11/29/2021,0.29421551,0.48817723,0.70674010
15,12/6/2021,0.29332534,0.48724705,0.70592238
15,12/13/2021,0.29245879,0.48636443,0.70513965
15,12/20/2021,0.29161588,0.48552937,0.70439191
15,12/27/2021,0.29079661,0.48474187,0.70367917
15,1/3/2022,0.29000096,0.48400194,0.70300143
15,1/10/2022,0.28922896,0.48330957,0.70235868
15,1/17/2022,0.28848058,0.48266476,0.70175092
15,1/24/2022,0.28775584,0.48206752,0.70117816
15,1/31/2022,0.28705474,0.48151783,0.70064039
15,2/7/2022,0.28637727,0.48101571,0.70013761
15,2/14/2022,0.28572343,0.48056115,0.69966983
15,2/21/2022,0.28509323,0.48015415,0.69923705
15,2/28/2022,0.28448666,0.47979472,0.69883926
15,3/7/2022,0.28390373,0.47948284,0.69847646
15,3/14/2022,0.28334442,0.47921853,0.69814866
15,3/21/2022,0.28280876,0.47900178,0.69785585
15,3/28/2022,0.28229673,0.47883259,0.69759804
15,4/4/2022,0.28180833,0.47871097,0.69737522
15,4/11/2022,0.28134356,0.47863691,0.69718739
15,4/18/2022,0.28090243,0.47861041,0.69703456
15,4/25/2022,0.28048494,0.47863147,0.69691673
15,5/2/2022,0.28009108,0.47870009,0.69683389
15,5/9/2022,0.27972085,0.47881628,0.69678604
15,5/16/2022,0.27937426,0.47898002,0.69677319
15,5/23/2022,0.27905130,0.47919133,0.69679533
15,5/30/2022,0.27875197,0.47945021,0.69685246
15,6/6/2022,0.27847628,0.47975664,0.69694460
15,6/13/2022,0.27822422,0.48011064,0.69707172
15,6/20/2022,0.27799580,0.48051220,0.69723384
15,6/27/2022,0.27779101,0.48096132,0.69743095
15,7/4/2022,0.27760951,0.48145697,0.69766219
15,7/11/2022,0.27743948,0.48196431,0.69789802
15,7/18/2022,0.27726668,0.48244130,0.69810283
15,7/25/2022,0.27709027,0.48288548,0.69827453
15,8/1/2022,0.27691025,0.48329684,0.69841312
15,8/8/2022,0.27672663,0.48367540,0.69851860
15,8/15/2022,0.27653940,0.48402114,0.69859097
15,8/22/2022,0.27634856,0.48433407,0.69863024
15,8/29/2022,0.27615411,0.48461420,0.69863639
15,9/5/2022,0.27595605,0.48486151,0.69860944
15,9/12/2022,0.27575439,0.48507601,0.69854938
15,9/19/2022,0.27554912,0.48525769,0.69845620
15,9/26/2022,0.27534025,0.48540657,0.69832993
15,10/3/2022,0.27512776,0.48552264,0.69817054
15,10/10/2022,0.27491167,0.48560589,0.69797804
15,10/17/2022,0.27469197,0.48565634,0.69775244
15,10/24/2022,0.27446867,0.48567397,0.69749372
15,10/31/2022,0.27424175,0.48565879,0.69720190
15,11/7/2022,0.27401123,0.48561080,0.69687697
15,11/14/2022,0.27377711,0.48553000,0.69651893
15,11/21/2022,0.27353937,0.48541639,0.69612778
15,11/28/2022,0.27329803,0.48526997,0.69570352
15,12/5/2022,0.27305308,0.48509074,0.69524616
15,12/12/2022,0.27280452,0.48487869,0.69475568
15,12/19/2022,0.27255235,0.48463384,0.69423210
15,12/26/2022,0.27229658,0.48435617,0.69367541
15,1/2/2023,0.27203720,0.48404569,0.69308561
15,1/9/2023,0.27177421,0.48370240,0.69246270
15,1/16/2023,0.27150762,0.48332630,0.69180668
15,1/23/2023,0.27123742,0.48291739,0.69111756
15,1/30/2023,0.27096361,0.48247567,0.69039532
15,2/6/2023,0.27068619,0.48200114,0.68963998
15,2/13/2023,0.27040517,0.48149380,0.68885153
15,2/20/2023,0.27012054,0.48095364,0.68802997
15,2/27/2023,0.26983230,0.48038067,0.68717530
15,3/6/2023,0.26954045,0.47977490,0.68628752
15,3/13/2023,0.26924500,0.47913631,0.68536663
15,3/20/2023,0.26894594,0.47846491,0.68441264
15,3/27/2023,0.26864327,0.47776070,0.68342553
15,4/3/2023,0.26833699,0.47702368,0.68240532
15,4/10/2023,0.26802711,0.47625384,0.68135200
15,4/17/2023,0.26771362,0.47545120,0.68026557
15,4/24/2023,0.26739652,0.47461575,0.67914603
15,5/1/2023,0.26707581,0.47374748,0.67799339
15,5/8/2023,0.26675150,0.47284640,0.67680763
15,5/15/2023,0.26642358,0.47191252,0.67558877
15,5/22/2023,0.26609205,0.47094582,0.67433680
15,5/29/2023,0.26575692,0.46994631,0.67305171
15,6/5/2023,0.26541818,0.46891398,0.67173352
15,6/12/2023,0.26507583,0.46784885,0.67038223
15,6/19/2023,0.26472987,0.46675091,0.66899782
15,6/26/2023,0.26438031,0.46562016,0.66758030
15,7/3/2023,0.26402715,0.46445675,0.66612984
15,7/10/2023,0.26367195,0.46327553,0.66466124
15,7/17/2023,0.26331743,0.46210269,0.66320066
15,7/24/2023,0.26296385,0.46094085,0.66175074
15,7/31/2023,0.26261124,0.45979003,0.66031147
15,8/7/2023,0.26225957,0.45865023,0.65888285
15,8/14/2023,0.26190886,0.45752143,0.65746489
15,8/21/2023,0.26155909,0.45640365,0.65605758
15,8/28/2023,0.26121029,0.45529687,0.65466092
15,9/4/2023,0.26086243,0.45420111,0.65327491
15,9/11/2023,0.26051553,0.45311636,0.65189956
15,9/18/2023,0.26016958,0.45204263,0.65053486
15,9/25/2023,0.25982458,0.45097990,0.64918082
15,10/2/2023,0.25948053,0.44992819,0.64783742
15,10/9/2023,0.25913744,0.44888749,0.64650468
15,10/16/2023,0.25879530,0.44785780,0.64518259
15,10/23/2023,0.25845411,0.44683913,0.64387116
15,10/30/2023,0.25811388,0.44583146,0.64257038
15,11/6/2023,0.25777459,0.44483481,0.64128025
15,11/13/2023,0.25743626,0.44384917,0.64000078
15,11/20/2023,0.25709889,0.44287454,0.63873195
15,11/27/2023,0.25676246,0.44191092,0.63747379
15,12/4/2023,0.25642699,0.44095832,0.63622627
15,12/11/2023,0.25609247,0.44001672,0.63498941
15,12/18/2023,0.25575890,0.43908614,0.63376320
15,12/25/2023,0.25542629,0.43816657,0.63254764
15,1/1/2024,0.25509462,0.43725801,0.63134274
15,1/8/2024,0.25476391,0.43636047,0.63014849
15,1/15/2024,0.25443416,0.43547394,0.62896489
15,1/22/2024,0.25410535,0.43459841,0.62779194
15,1/29/2024,0.25377750,0.43373390,0.62662965
15,2/5/2024,0.25345060,0.43288041,0.62547801
15,2/12/2024,0.25312466,0.43203792,0.62433703
15,2/19/2024,0.25279966,0.43120645,0.62320669
15,2/26/2024,0.25247562,0.43038598,0.62208702
15,3/4/2024,0.25215253,0.42957653,0.62097799
15,3/11/2024,0.25183039,0.42877810,0.61987962
15,3/18/2024,0.25150921,0.42799067,0.61879190
15,3/25/2024,0.25118898,0.42721426,0.61771483
15,4/1/2024,0.25086970,0.42644885,0.61664841
15,4/8/2024,0.25055137,0.42569446,0.61559265
15,4/15/2024,0.25023400,0.42495109,0.61454754
15,4/22/2024,0.24991758,0.42421872,0.61351309
15,4/29/2024,0.24960211,0.42349736,0.61248929
15,5/6/2024,0.24928759,0.42278702,0.61147614
15,5/13/2024,0.24897403,0.42208769,0.61047364
15,5/20/2024,0.24866142,0.42139937,0.60948180
15,5/27/2024,0.24834976,0.42072207,0.60850061
15,6/3/2024,0.24803906,0.42005577,0.60753007
15,6/10/2024,0.24772930,0.41940049,0.60657019
15,6/17/2024,0.24742050,0.41875622,0.60562096
15,6/24/2024,0.24711265,0.41812296,0.60468238
15,7/1/2024,0.24680576,0.41750071,0.60375445
15,7/8/2024,0.24649982,0.41688947,0.60283718
15,7/15/2024,0.24619483,0.41628925,0.60193056
15,7/22/2024,0.24589079,0.41570004,0.60103460
15,7/29/2024,0.24558770,0.41512184,0.60014928
15,8/5/2024,0.24528557,0.41455465,0.59927462
15,8/12/2024,0.24498439,0.41399848,0.59841062
15,8/19/2024,0.24468416,0.41345331,0.59755726
15,8/26/2024,0.24438489,0.41291916,0.59671456
15,9/2/2024,0.24408657,0.41239602,0.59588252
15,9/9/2024,0.24378920,0.41188389,0.59506112
15,9/16/2024,0.24349278,0.41138278,0.59425038
15,9/23/2024,0.24319731,0.41089267,0.59345029
15,9/30/2024,0.24290280,0.41041358,0.59266086
15,10/7/2024,0.24260924,0.40994550,0.59188207
15,10/14/2024,0.24231663,0.40948843,0.59111394
15,10/21/2024,0.24202498,0.40904238,0.59035647
15,10/28/2024,0.24173428,0.40860733,0.58960964
15,11/4/2024,0.24144453,0.40818330,0.58887347
15,11/11/2024,0.24115573,0.40777028,0.58814796
15,11/18/2024,0.24086789,0.40736827,0.58743309
15,11/25/2024,0.24058100,0.40697727,0.58672888
15,12/2/2024,0.24029506,0.40659729,0.58603532
15,12/9/2024,0.24001007,0.40622832,0.58535242
15,12/16/2024,0.23972604,0.40587036,0.58468017
15,12/23/2024,0.23944296,0.40552341,0.58401857
15,12/30/2024,0.23916083,0.40518747,0.58336762
16,3/1/2021,0.34736708,0.56155276,0.76592695
16,3/8/2021,0.34555517,0.55876765,0.76374445
16,3/15/2021,0.34376690,0.55603011,0.76159694
16,3/22/2021,0.34200226,0.55334013,0.75948442
16,3/29/2021,0.34026125,0.55069771,0.75740690
16,4/5/2021,0.33854388,0.54810286,0.75536437
16,4/12/2021,0.33685014,0.54555556,0.75335684
16,4/19/2021,0.33518003,0.54305583,0.75138430
16,4/26/2021,0.33353356,0.54060366,0.74944676
16,5/3/2021,0.33191073,0.53819906,0.74754421
16,5/10/2021,0.33031153,0.53584201,0.74567665
16,5/17/2021,0.32873596,0.53353253,0.74384409
16,5/24/2021,0.32718402,0.53127061,0.74204652
16,5/31/2021,0.32565572,0.52905625,0.74028395
16,6/7/2021,0.32415106,0.52688945,0.73855637
16,6/14/2021,0.32267003,0.52477022,0.73686379
16,6/21/2021,0.32121263,0.52269854,0.73520620
16,6/28/2021,0.31977887,0.52067443,0.73358361
16,7/5/2021,0.31836874,0.51869789,0.73199601
16,7/12/2021,0.31698224,0.51676890,0.73044340
16,7/19/2021,0.31561938,0.51488748,0.72892579
16,7/26/2021,0.31428016,0.51305361,0.72744317
16,8/2/2021,0.31296456,0.51126731,0.72599555
16,8/9/2021,0.31167261,0.50952858,0.72458292
16,8/16/2021,0.31040428,0.50783740,0.72320529
16,8/23/2021,0.30915959,0.50619379,0.72186265
16,8/30/2021,0.30793854,0.50459774,0.72055500
16,9/6/2021,0.30674111,0.50304925,0.71928235
16,9/13/2021,0.30556733,0.50154832,0.71804469
16,9/20/2021,0.30441717,0.50009496,0.71684203
16,9/27/2021,0.30329065,0.49868915,0.71567436
16,10/4/2021,0.30218777,0.49733091,0.71454169
16,10/11/2021,0.30110852,0.49602023,0.71344401
16,10/18/2021,0.30005290,0.49475712,0.71238133
16,10/25/2021,0.29902092,0.49354156,0.71135364
16,11/1/2021,0.29801257,0.49237357,0.71036094
16,11/8/2021,0.29702785,0.49125314,0.70940324
16,11/15/2021,0.29606677,0.49018028,0.70848053
16,11/22/2021,0.29512933,0.48915497,0.70759282
16,11/29/2021,0.29421551,0.48817723,0.70674010
16,12/6/2021,0.29332534,0.48724705,0.70592238
16,12/13/2021,0.29245879,0.48636443,0.70513965
16,12/20/2021,0.29161588,0.48552937,0.70439191
16,12/27/2021,0.29079661,0.48474187,0.70367917
16,1/3/2022,0.29000096,0.48400194,0.70300143
16,1/10/2022,0.28922896,0.48330957,0.70235868
16,1/17/2022,0.28848058,0.48266476,0.70175092
16,1/24/2022,0.28775584,0.48206752,0.70117816
16,1/31/2022,0.28705474,0.48151783,0.70064039
16,2/7/2022,0.28637727,0.48101571,0.70013761
16,2/14/2022,0.28572343,0.48056115,0.69966983
16,2/21/2022,0.28509323,0.48015415,0.69923705
16,2/28/2022,0.28448666,0.47979472,0.69883926
16,3/7/2022,0.28390373,0.47948284,0.69847646
16,3/14/2022,0.28334442,0.47921853,0.69814866
16,3/21/2022,0.28280876,0.47900178,0.69785585
16,3/28/2022,0.28229673,0.47883259,0.69759804
16,4/4/2022,0.28180833,0.47871097,0.69737522
16,4/11/2022,0.28134356,0.47863691,0.69718739
16,4/18/2022,0.28090243,0.47861041,0.69703456
16,4/25/2022,0.28048494,0.47863147,0.69691673
16,5/2/2022,0.28009108,0.47870009,0.69683389
16,5/9/2022,0.27972085,0.47881628,0.69678604
16,5/16/2022,0.27937426,0.47898002,0.69677319
16,5/23/2022,0.27905130,0.47919133,0.69679533
16,5/30/2022,0.27875197,0.47945021,0.69685246
16,6/6/2022,0.27847628,0.47975664,0.69694460
16,6/13/2022,0.27822422,0.48011064,0.69707172
16,6/20/2022,0.27799580,0.48051220,0.69723384
16,6/27/2022,0.27779101,0.48096132,0.69743095
16,7/4/2022,0.27760951,0.48145697,0.69766219
16,7/11/2022,0.27743948,0.48196431,0.69789802
16,7/18/2022,0.27726668,0.48244130,0.69810283
16,7/25/2022,0.27709027,0.48288548,0.69827453
16,8/1/2022,0.27691025,0.48329684,0.69841312
16,8/8/2022,0.27672663,0.48367540,0.69851860
16,8/15/2022,0.27653940,0.48402114,0.69859097
16,8/22/2022,0.27634856,0.48433407,0.69863024
16,8/29/2022,0.27615411,0.48461420,0.69863639
16,9/5/2022,0.27595605,0.48486151,0.69860944
16,9/12/2022,0.27575439,0.48507601,0.69854938
16,9/19/2022,0.27554912,0.48525769,0.69845620
16,9/26/2022,0.27534025,0.48540657,0.69832993
16,10/3/2022,0.27512776,0.48552264,0.69817054
16,10/10/2022,0.27491167,0.48560589,0.69797804
16,10/17/2022,0.27469197,0.48565634,0.69775244
16,10/24/2022,0.27446867,0.48567397,0.69749372
16,10/31/2022,0.27424175,0.48565879,0.69720190
16,11/7/2022,0.27401123,0.48561080,0.69687697
16,11/14/2022,0.27377711,0.48553000,0.69651893
16,11/21/2022,0.27353937,0.48541639,0.69612778
16,11/28/2022,0.27329803,0.48526997,0.69570352
16,12/5/2022,0.27305308,0.48509074,0.69524616
16,12/12/2022,0.27280452,0.48487869,0.69475568
16,12/19/2022,0.27255235,0.48463384,0.69423210
16,12/26/2022,0.27229658,0.48435617,0.69367541
16,1/2/2023,0.27203720,0.48404569,0.69308561
16,1/9/2023,0.27177421,0.48370240,0.69246270
16,1/16/2023,0.27150762,0.48332630,0.69180668
16,1/23/2023,0.27123742,0.48291739,0.69111756
16,1/30/2023,0.27096361,0.48247567,0.69039532
16,2/6/2023,0.27068619,0.48200114,0.68963998
16,2/13/2023,0.27040517,0.48149380,0.68885153
16,2/20/2023,0.27012054,0.48095364,0.68802997
16,2/27/2023,0.26983230,0.48038067,0.68717530
16,3/6/2023,0.26954045,0.47977490,0.68628752
16,3/13/2023,0.26924500,0.47913631,0.68536663
16,3/20/2023,0.26894594,0.47846491,0.68441264
16,3/27/2023,0.26864327,0.47776070,0.68342553
16,4/3/2023,0.26833699,0.47702368,0.68240532
16,4/10/2023,0.26802711,0.47625384,0.68135200
16,4/17/2023,0.26771362,0.47545120,0.68026557
16,4/24/2023,0.26739652,0.47461575,0.67914603
16,5/1/2023,0.26707581,0.47374748,0.67799339
16,5/8/2023,0.26675150,0.47284640,0.67680763
16,5/15/2023,0.26642358,0.47191252,0.67558877
16,5/22/2023,0.26609205,0.47094582,0.67433680
16,5/29/2023,0.26575692,0.46994631,0.67305171
16,6/5/2023,0.26541818,0.46891398,0.67173352
16,6/12/2023,0.26507583,0.46784885,0.67038223
16,6/19/2023,0.26472987,0.46675091,0.66899782
16,6/26/2023,0.26438031,0.46562016,0.66758030
16,7/3/2023,0.26402715,0.46445675,0.66612984
16,7/10/2023,0.26367195,0.46327553,0.66466124
16,7/17/2023,0.26331743,0.46210269,0.66320066
16,7/24/2023,0.26296385,0.46094085,0.66175074
16,7/31/2023,0.26261124,0.45979003,0.66031147
16,8/7/2023,0.26225957,0.45865023,0.65888285
16,8/14/2023,0.26190886,0.45752143,0.65746489
16,8/21/2023,0.26155909,0.45640365,0.65605758
16,8/28/2023,0.26121029,0.45529687,0.65466092
16,9/4/2023,0.26086243,0.45420111,0.65327491
16,9/11/2023,0.26051553,0.45311636,0.65189956
16,9/18/2023,0.26016958,0.45204263,0.65053486
16,9/25/2023,0.25982458,0.45097990,0.64918082
16,10/2/2023,0.25948053,0.44992819,0.64783742
16,10/9/2023,0.25913744,0.44888749,0.64650468
16,10/16/2023,0.25879530,0.44785780,0.64518259
16,10/23/2023,0.25845411,0.44683913,0.64387116
16,10/30/2023,0.25811388,0.44583146,0.64257038
16,11/6/2023,0.25777459,0.44483481,0.64128025
16,11/13/2023,0.25743626,0.44384917,0.64000078
16,11/20/2023,0.25709889,0.44287454,0.63873195
16,11/27/2023,0.25676246,0.44191092,0.63747379
16,12/4/2023,0.25642699,0.44095832,0.63622627
16,12/11/2023,0.25609247,0.44001672,0.63498941
16,12/18/2023,0.25575890,0.43908614,0.63376320
16,12/25/2023,0.25542629,0.43816657,0.63254764
16,1/1/2024,0.25509462,0.43725801,0.63134274
16,1/8/2024,0.25476391,0.43636047,0.63014849
16,1/15/2024,0.25443416,0.43547394,0.62896489
16,1/22/2024,0.25410535,0.43459841,0.62779194
16,1/29/2024,0.25377750,0.43373390,0.62662965
16,2/5/2024,0.25345060,0.43288041,0.62547801
16,2/12/2024,0.25312466,0.43203792,0.62433703
16,2/19/2024,0.25279966,0.43120645,0.62320669
16,2/26/2024,0.25247562,0.43038598,0.62208702
16,3/4/2024,0.25215253,0.42957653,0.62097799
16,3/11/2024,0.25183039,0.42877810,0.61987962
16,3/18/2024,0.25150921,0.42799067,0.61879190
16,3/25/2024,0.25118898,0.42721426,0.61771483
16,4/1/2024,0.25086970,0.42644885,0.61664841
16,4/8/2024,0.25055137,0.42569446,0.61559265
16,4/15/2024,0.25023400,0.42495109,0.61454754
16,4/22/2024,0.24991758,0.42421872,0.61351309
16,4/29/2024,0.24960211,0.42349736,0.61248929
16,5/6/2024,0.24928759,0.42278702,0.61147614
16,5/13/2024,0.24897403,0.42208769,0.61047364
16,5/20/2024,0.24866142,0.42139937,0.60948180
16,5/27/2024,0.24834976,0.42072207,0.60850061
16,6/3/2024,0.24803906,0.42005577,0.60753007
16,6/10/2024,0.24772930,0.41940049,0.60657019
16,6/17/2024,0.24742050,0.41875622,0.60562096
16,6/24/2024,0.24711265,0.41812296,0.60468238
16,7/1/2024,0.24680576,0.41750071,0.60375445
16,7/8/2024,0.24649982,0.41688947,0.60283718
16,7/15/2024,0.24619483,0.41628925,0.60193056
16,7/22/2024,0.24589079,0.41570004,0.60103460
16,7/29/2024,0.24558770,0.41512184,0.60014928
16,8/5/2024,0.24528557,0.41455465,0.59927462
16,8/12/2024,0.24498439,0.41399848,0.59841062
16,8/19/2024,0.24468416,0.41345331,0.59755726
16,8/26/2024,0.24438489,0.41291916,0.59671456
16,9/2/2024,0.24408657,0.41239602,0.59588252
16,9/9/2024,0.24378920,0.41188389,0.59506112
16,9/16/2024,0.24349278,0.41138278,0.59425038
16,9/23/2024,0.24319731,0.41089267,0.59345029
16,9/30/2024,0.24290280,0.41041358,0.59266086
16,10/7/2024,0.24260924,0.40994550,0.59188207
16,10/14/2024,0.24231663,0.40948843,0.59111394
16,10/21/2024,0.24202498,0.40904238,0.59035647
16,10/28/2024,0.24173428,0.40860733,0.58960964
16,11/4/2024,0.24144453,0.40818330,0.58887347
16,11/11/2024,0.24115573,0.40777028,0.58814796
16,11/18/2024,0.24086789,0.40736827,0.58743309
16,11/25/2024,0.24058100,0.40697727,0.58672888
16,12/2/2024,0.24029506,0.40659729,0.58603532
16,12/9/2024,0.24001007,0.40622832,0.58535242
16,12/16/2024,0.23972604,0.40587036,0.58468017
16,12/23/2024,0.23944296,0.40552341,0.58401857
16,12/30/2024,0.23916083,0.40518747,0.58336762
17,3/1/2021,0.34736708,0.56155276,0.76592695
17,3/8/2021,0.34555517,0.55876765,0.76374445
17,3/15/2021,0.34376690,0.55603011,0.76159694
17,3/22/2021,0.34200226,0.55334013,0.75948442
17,3/29/2021,0.34026125,0.55069771,0.75740690
17,4/5/2021,0.33854388,0.54810286,0.75536437
17,4/12/2021,0.33685014,0.54555556,0.75335684
17,4/19/2021,0.33518003,0.54305583,0.75138430
17,4/26/2021,0.33353356,0.54060366,0.74944676
17,5/3/2021,0.33191073,0.53819906,0.74754421
17,5/10/2021,0.33031153,0.53584201,0.74567665
17,5/17/2021,0.32873596,0.53353253,0.74384409
17,5/24/2021,0.32718402,0.53127061,0.74204652
17,5/31/2021,0.32565572,0.52905625,0.74028395
17,6/7/2021,0.32415106,0.52688945,0.73855637
17,6/14/2021,0.32267003,0.52477022,0.73686379
17,6/21/2021,0.32121263,0.52269854,0.73520620
17,6/28/2021,0.31977887,0.52067443,0.73358361
17,7/5/2021,0.31836874,0.51869789,0.73199601
17,7/12/2021,0.31698224,0.51676890,0.73044340
17,7/19/2021,0.31561938,0.51488748,0.72892579
17,7/26/2021,0.31428016,0.51305361,0.72744317
17,8/2/2021,0.31296456,0.51126731,0.72599555
17,8/9/2021,0.31167261,0.50952858,0.72458292
17,8/16/2021,0.31040428,0.50783740,0.72320529
17,8/23/2021,0.30915959,0.50619379,0.72186265
17,8/30/2021,0.30793854,0.50459774,0.72055500
17,9/6/2021,0.30674111,0.50304925,0.71928235
17,9/13/2021,0.30556733,0.50154832,0.71804469
17,9/20/2021,0.30441717,0.50009496,0.71684203
17,9/27/2021,0.30329065,0.49868915,0.71567436
17,10/4/2021,0.30218777,0.49733091,0.71454169
17,10/11/2021,0.30110852,0.49602023,0.71344401
17,10/18/2021,0.30005290,0.49475712,0.71238133
17,10/25/2021,0.29902092,0.49354156,0.71135364
17,11/1/2021,0.29801257,0.49237357,0.71036094
17,11/8/2021,0.29702785,0.49125314,0.70940324
17,11/15/2021,0.29606677,0.49018028,0.70848053
17,11/22/2021,0.29512933,0.48915497,0.70759282
17,11/29/2021,0.29421551,0.48817723,0.70674010
17,12/6/2021,0.29332534,0.48724705,0.70592238
17,12/13/2021,0.29245879,0.48636443,0.70513965
17,12/20/2021,0.29161588,0.48552937,0.70439191
17,12/27/2021,0.29079661,0.48474187,0.70367917
17,1/3/2022,0.29000096,0.48400194,0.70300143
17,1/10/2022,0.28922896,0.48330957,0.70235868
17,1/17/2022,0.28848058,0.48266476,0.70175092
17,1/24/2022,0.28775584,0.48206752,0.70117816
17,1/31/2022,0.28705474,0.48151783,0.70064039
17,2/7/2022,0.28637727,0.48101571,0.70013761
17,2/14/2022,0.28572343,0.48056115,0.69966983
17,2/21/2022,0.28509323,0.48015415,0.69923705
17,2/28/2022,0.28448666,0.47979472,0.69883926
17,3/7/2022,0.28390373,0.47948284,0.69847646
17,3/14/2022,0.28334442,0.47921853,0.69814866
17,3/21/2022,0.28280876,0.47900178,0.69785585
17,3/28/2022,0.28229673,0.47883259,0.69759804
17,4/4/2022,0.28180833,0.47871097,0.69737522
17,4/11/2022,0.28134356,0.47863691,0.69718739
17,4/18/2022,0.28090243,0.47861041,0.69703456
17,4/25/2022,0.28048494,0.47863147,0.69691673
17,5/2/2022,0.28009108,0.47870009,0.69683389
17,5/9/2022,0.27972085,0.47881628,0.69678604
17,5/16/2022,0.27937426,0.47898002,0.69677319
17,5/23/2022,0.27905130,0.47919133,0.69679533
17,5/30/2022,0.27875197,0.47945021,0.69685246
17,6/6/2022,0.27847628,0.47975664,0.69694460
17,6/13/2022,0.27822422,0.48011064,0.69707172
17,6/20/2022,0.27799580,0.48051220,0.69723384
17,6/27/2022,0.27779101,0.48096132,0.69743095
17,7/4/2022,0.27760951,0.48145697,0.69766219
17,7/11/2022,0.27743948,0.48196431,0.69789802
17,7/18/2022,0.27726668,0.48244130,0.69810283
17,7/25/2022,0.27709027,0.48288548,0.69827453
17,8/1/2022,0.27691025,0.48329684,0.69841312
17,8/8/2022,0.27672663,0.48367540,0.69851860
17,8/15/2022,0.27653940,0.48402114,0.69859097
17,8/22/2022,0.27634856,0.48433407,0.69863024
17,8/29/2022,0.27615411,0.48461420,0.69863639
17,9/5/2022,0.27595605,0.48486151,0.69860944
17,9/12/2022,0.27575439,0.48507601,0.69854938
17,9/19/2022,0.27554912,0.48525769,0.69845620
17,9/26/2022,0.27534025,0.48540657,0.69832993
17,10/3/2022,0.27512776,0.48552264,0.69817054
17,10/10/2022,0.27491167,0.48560589,0.69797804
17,10/17/2022,0.27469197,0.48565634,0.69775244
17,10/24/2022,0.27446867,0.48567397,0.69749372
17,10/31/2022,0.27424175,0.48565879,0.69720190
17,11/7/2022,0.27401123,0.48561080,0.69687697
17,11/14/2022,0.27377711,0.48553000,0.69651893
17,11/21/2022,0.27353937,0.48541639,0.69612778
17,11/28/2022,0.27329803,0.48526997,0.69570352
17,12/5/2022,0.27305308,0.48509074,0.69524616
17,12/12/2022,0.27280452,0.48487869,0.69475568
17,12/19/2022,0.27255235,0.48463384,0.69423210
17,12/26/2022,0.27229658,0.48435617,0.69367541
17,1/2/2023,0.27203720,0.48404569,0.69308561
17,1/9/2023,0.27177421,0.48370240,0.69246270
17,1/16/2023,0.27150762,0.48332630,0.69180668
17,1/23/2023,0.27123742,0.48291739,0.69111756
17,1/30/2023,0.27096361,0.48247567,0.69039532
17,2/6/2023,0.27068619,0.48200114,0.68963998
17,2/13/2023,0.27040517,0.48149380,0.68885153
17,2/20/2023,0.27012054,0.48095364,0.68802997
17,2/27/2023,0.26983230,0.48038067,0.68717530
17,3/6/2023,0.26954045,0.47977490,0.68628752
17,3/13/2023,0.26924500,0.47913631,0.68536663
17,3/20/2023,0.26894594,0.47846491,0.68441264
17,3/27/2023,0.26864327,0.47776070,0.68342553
17,4/3/2023,0.26833699,0.47702368,0.68240532
17,4/10/2023,0.26802711,0.47625384,0.68135200
17,4/17/2023,0.26771362,0.47545120,0.68026557
17,4/24/2023,0.26739652,0.47461575,0.67914603
17,5/1/2023,0.26707581,0.47374748,0.67799339
17,5/8/2023,0.26675150,0.47284640,0.67680763
17,5/15/2023,0.26642358,0.47191252,0.67558877
17,5/22/2023,0.26609205,0.47094582,0.67433680
17,5/29/2023,0.26575692,0.46994631,0.67305171
17,6/5/2023,0.26541818,0.46891398,0.67173352
17,6/12/2023,0.26507583,0.46784885,0.67038223
17,6/19/2023,0.26472987,0.46675091,0.66899782
17,6/26/2023,0.26438031,0.46562016,0.66758030
17,7/3/2023,0.26402715,0.46445675,0.66612984
17,7/10/2023,0.26367195,0.46327553,0.66466124
17,7/17/2023,0.26331743,0.46210269,0.66320066
17,7/24/2023,0.26296385,0.46094085,0.66175074
17,7/31/2023,0.26261124,0.45979003,0.66031147
17,8/7/2023,0.26225957,0.45865023,0.65888285
17,8/14/2023,0.26190886,0.45752143,0.65746489
17,8/21/2023,0.26155909,0.45640365,0.65605758
17,8/28/2023,0.26121029,0.45529687,0.65466092
17,9/4/2023,0.26086243,0.45420111,0.65327491
17,9/11/2023,0.26051553,0.45311636,0.65189956
17,9/18/2023,0.26016958,0.45204263,0.65053486
17,9/25/2023,0.25982458,0.45097990,0.64918082
17,10/2/2023,0.25948053,0.44992819,0.64783742
17,10/9/2023,0.25913744,0.44888749,0.64650468
17,10/16/2023,0.25879530,0.44785780,0.64518259
17,10/23/2023,0.25845411,0.44683913,0.64387116
17,10/30/2023,0.25811388,0.44583146,0.64257038
17,11/6/2023,0.25777459,0.44483481,0.64128025
17,11/13/2023,0.25743626,0.44384917,0.64000078
17,11/20/2023,0.25709889,0.44287454,0.63873195
17,11/27/2023,0.25676246,0.44191092,0.63747379
17,12/4/2023,0.25642699,0.44095832,0.63622627
17,12/11/2023,0.25609247,0.44001672,0.63498941
17,12/18/2023,0.25575890,0.43908614,0.63376320
17,12/25/2023,0.25542629,0.43816657,0.63254764
17,1/1/2024,0.25509462,0.43725801,0.63134274
17,1/8/2024,0.25476391,0.43636047,0.63014849
17,1/15/2024,0.25443416,0.43547394,0.62896489
17,1/22/2024,0.25410535,0.43459841,0.62779194
17,1/29/2024,0.25377750,0.43373390,0.62662965
17,2/5/2024,0.25345060,0.43288041,0.62547801
17,2/12/2024,0.25312466,0.43203792,0.62433703
17,2/19/2024,0.25279966,0.43120645,0.62320669
17,2/26/2024,0.25247562,0.43038598,0.62208702
17,3/4/2024,0.25215253,0.42957653,0.62097799
17,3/11/2024,0.25183039,0.42877810,0.61987962
17,3/18/2024,0.25150921,0.42799067,0.61879190
17,3/25/2024,0.25118898,0.42721426,0.61771483
17,4/1/2024,0.25086970,0.42644885,0.61664841
17,4/8/2024,0.25055137,0.42569446,0.61559265
17,4/15/2024,0.25023400,0.42495109,0.61454754
17,4/22/2024,0.24991758,0.42421872,0.61351309
17,4/29/2024,0.24960211,0.42349736,0.61248929
17,5/6/2024,0.24928759,0.42278702,0.61147614
17,5/13/2024,0.24897403,0.42208769,0.61047364
17,5/20/2024,0.24866142,0.42139937,0.60948180
17,5/27/2024,0.24834976,0.42072207,0.60850061
17,6/3/2024,0.24803906,0.42005577,0.60753007
17,6/10/2024,0.24772930,0.41940049,0.60657019
17,6/17/2024,0.24742050,0.41875622,0.60562096
17,6/24/2024,0.24711265,0.41812296,0.60468238
17,7/1/2024,0.24680576,0.41750071,0.60375445
17,7/8/2024,0.24649982,0.41688947,0.60283718
17,7/15/2024,0.24619483,0.41628925,0.60193056
17,7/22/2024,0.24589079,0.41570004,0.60103460
17,7/29/2024,0.24558770,0.41512184,0.60014928
17,8/5/2024,0.24528557,0.41455465,0.59927462
17,8/12/2024,0.24498439,0.41399848,0.59841062
17,8/19/2024,0.24468416,0.41345331,0.59755726
17,8/26/2024,0.24438489,0.41291916,0.59671456
17,9/2/2024,0.24408657,0.41239602,0.59588252
17,9/9/2024,0.24378920,0.41188389,0.59506112
17,9/16/2024,0.24349278,0.41138278,0.59425038
17,9/23/2024,0.24319731,0.41089267,0.59345029
17,9/30/2024,0.24290280,0.41041358,0.59266086
17,10/7/2024,0.24260924,0.40994550,0.59188207
17,10/14/2024,0.24231663,0.40948843,0.59111394
17,10/21/2024,0.24202498,0.40904238,0.59035647
17,10/28/2024,0.24173428,0.40860733,0.58960964
17,11/4/2024,0.24144453,0.40818330,0.58887347
17,11/11/2024,0.24115573,0.40777028,0.58814796
17,11/18/2024,0.24086789,0.40736827,0.58743309
17,11/25/2024,0.24058100,0.40697727,0.58672888
17,12/2/2024,0.24029506,0.40659729,0.58603532
17,12/9/2024,0.24001007,0.40622832,0.58535242
17,12/16/2024,0.23972604,0.40587036,0.58468017
17,12/23/2024,0.23944296,0.40552341,0.58401857
17,12/30/2024,0.23916083,0.40518747,0.58336762
18,3/1/2021,0.34736708,0.56155276,0.76592695
18,3/8/2021,0.34555517,0.55876765,0.76374445
18,3/15/2021,0.34376690,0.55603011,0.76159694
18,3/22/2021,0.34200226,0.55334013,0.75948442
18,3/29/2021,0.34026125,0.55069771,0.75740690
18,4/5/2021,0.33854388,0.54810286,0.75536437
18,4/12/2021,0.33685014,0.54555556,0.75335684
18,4/19/2021,0.33518003,0.54305583,0.75138430
18,4/26/2021,0.33353356,0.54060366,0.74944676
18,5/3/2021,0.33191073,0.53819906,0.74754421
18,5/10/2021,0.33031153,0.53584201,0.74567665
18,5/17/2021,0.32873596,0.53353253,0.74384409
18,5/24/2021,0.32718402,0.53127061,0.74204652
18,5/31/2021,0.32565572,0.52905625,0.74028395
18,6/7/2021,0.32415106,0.52688945,0.73855637
18,6/14/2021,0.32267003,0.52477022,0.73686379
18,6/21/2021,0.32121263,0.52269854,0.73520620
18,6/28/2021,0.31977887,0.52067443,0.73358361
18,7/5/2021,0.31836874,0.51869789,0.73199601
18,7/12/2021,0.31698224,0.51676890,0.73044340
18,7/19/2021,0.31561938,0.51488748,0.72892579
18,7/26/2021,0.31428016,0.51305361,0.72744317
18,8/2/2021,0.31296456,0.51126731,0.72599555
18,8/9/2021,0.31167261,0.50952858,0.72458292
18,8/16/2021,0.31040428,0.50783740,0.72320529
18,8/23/2021,0.30915959,0.50619379,0.72186265
18,8/30/2021,0.30793854,0.50459774,0.72055500
18,9/6/2021,0.30674111,0.50304925,0.71928235
18,9/13/2021,0.30556733,0.50154832,0.71804469
18,9/20/2021,0.30441717,0.50009496,0.71684203
18,9/27/2021,0.30329065,0.49868915,0.71567436
18,10/4/2021,0.30218777,0.49733091,0.71454169
18,10/11/2021,0.30110852,0.49602023,0.71344401
18,10/18/2021,0.30005290,0.49475712,0.71238133
18,10/25/2021,0.29902092,0.49354156,0.71135364
18,11/1/2021,0.29801257,0.49237357,0.71036094
18,11/8/2021,0.29702785,0.49125314,0.70940324
18,11/15/2021,0.29606677,0.49018028,0.70848053
18,11/22/2021,0.29512933,0.48915497,0.70759282
18,11/29/2021,0.29421551,0.48817723,0.70674010
18,12/6/2021,0.29332534,0.48724705,0.70592238
18,12/13/2021,0.29245879,0.48636443,0.70513965
18,12/20/2021,0.29161588,0.48552937,0.70439191
18,12/27/2021,0.29079661,0.48474187,0.70367917
18,1/3/2022,0.29000096,0.48400194,0.70300143
18,1/10/2022,0.28922896,0.48330957,0.70235868
18,1/17/2022,0.28848058,0.48266476,0.70175092
18,1/24/2022,0.28775584,0.48206752,0.70117816
18,1/31/2022,0.28705474,0.48151783,0.70064039
18,2/7/2022,0.28637727,0.48101571,0.70013761
18,2/14/2022,0.28572343,0.48056115,0.69966983
18,2/21/2022,0.28509323,0.48015415,0.69923705
18,2/28/2022,0.28448666,0.47979472,0.69883926
18,3/7/2022,0.28390373,0.47948284,0.69847646
18,3/14/2022,0.28334442,0.47921853,0.69814866
18,3/21/2022,0.28280876,0.47900178,0.69785585
18,3/28/2022,0.28229673,0.47883259,0.69759804
18,4/4/2022,0.28180833,0.47871097,0.69737522
18,4/11/2022,0.28134356,0.47863691,0.69718739
18,4/18/2022,0.28090243,0.47861041,0.69703456
18,4/25/2022,0.28048494,0.47863147,0.69691673
18,5/2/2022,0.28009108,0.47870009,0.69683389
18,5/9/2022,0.27972085,0.47881628,0.69678604
18,5/16/2022,0.27937426,0.47898002,0.69677319
18,5/23/2022,0.27905130,0.47919133,0.69679533
18,5/30/2022,0.27875197,0.47945021,0.69685246
18,6/6/2022,0.27847628,0.47975664,0.69694460
18,6/13/2022,0.27822422,0.48011064,0.69707172
18,6/20/2022,0.27799580,0.48051220,0.69723384
18,6/27/2022,0.27779101,0.48096132,0.69743095
18,7/4/2022,0.27760951,0.48145697,0.69766219
18,7/11/2022,0.27743948,0.48196431,0.69789802
18,7/18/2022,0.27726668,0.48244130,0.69810283
18,7/25/2022,0.27709027,0.48288548,0.69827453
18,8/1/2022,0.27691025,0.48329684,0.69841312
18,8/8/2022,0.27672663,0.48367540,0.69851860
18,8/15/2022,0.27653940,0.48402114,0.69859097
18,8/22/2022,0.27634856,0.48433407,0.69863024
18,8/29/2022,0.27615411,0.48461420,0.69863639
18,9/5/2022,0.27595605,0.48486151,0.69860944
18,9/12/2022,0.27575439,0.48507601,0.69854938
18,9/19/2022,0.27554912,0.48525769,0.69845620
18,9/26/2022,0.27534025,0.48540657,0.69832993
18,10/3/2022,0.27512776,0.48552264,0.69817054
18,10/10/2022,0.27491167,0.48560589,0.69797804
18,10/17/2022,0.27469197,0.48565634,0.69775244
18,10/24/2022,0.27446867,0.48567397,0.69749372
18,10/31/2022,0.27424175,0.48565879,0.69720190
18,11/7/2022,0.27401123,0.48561080,0.69687697
18,11/14/2022,0.27377711,0.48553000,0.69651893
18,11/21/2022,0.27353937,0.48541639,0.69612778
18,11/28/2022,0.27329803,0.48526997,0.69570352
18,12/5/2022,0.27305308,0.48509074,0.69524616
18,12/12/2022,0.27280452,0.48487869,0.69475568
18,12/19/2022,0.27255235,0.48463384,0.69423210
18,12/26/2022,0.27229658,0.48435617,0.69367541
18,1/2/2023,0.27203720,0.48404569,0.69308561
18,1/9/2023,0.27177421,0.48370240,0.69246270
18,1/16/2023,0.27150762,0.48332630,0.69180668
18,1/23/2023,0.27123742,0.48291739,0.69111756
18,1/30/2023,0.27096361,0.48247567,0.69039532
18,2/6/2023,0.27068619,0.48200114,0.68963998
18,2/13/2023,0.27040517,0.48149380,0.68885153
18,2/20/2023,0.27012054,0.48095364,0.68802997
18,2/27/2023,0.26983230,0.48038067,0.68717530
18,3/6/2023,0.26954045,0.47977490,0.68628752
18,3/13/2023,0.26924500,0.47913631,0.68536663
18,3/20/2023,0.26894594,0.47846491,0.68441264
18,3/27/2023,0.26864327,0.47776070,0.68342553
18,4/3/2023,0.26833699,0.47702368,0.68240532
18,4/10/2023,0.26802711,0.47625384,0.68135200
18,4/17/2023,0.26771362,0.47545120,0.68026557
18,4/24/2023,0.26739652,0.47461575,0.67914603
18,5/1/2023,0.26707581,0.47374748,0.67799339
18,5/8/2023,0.26675150,0.47284640,0.67680763
18,5/15/2023,0.26642358,0.47191252,0.67558877
18,5/22/2023,0.26609205,0.47094582,0.67433680
18,5/29/2023,0.26575692,0.46994631,0.67305171
18,6/5/2023,0.26541818,0.46891398,0.67173352
18,6/12/2023,0.26507583,0.46784885,0.67038223
18,6/19/2023,0.26472987,0.46675091,0.66899782
18,6/26/2023,0.26438031,0.46562016,0.66758030
18,7/3/2023,0.26402715,0.46445675,0.66612984
18,7/10/2023,0.26367195,0.46327553,0.66466124
18,7/17/2023,0.26331743,0.46210269,0.66320066
18,7/24/2023,0.26296385,0.46094085,0.66175074
18,7/31/2023,0.26261124,0.45979003,0.66031147
18,8/7/2023,0.26225957,0.45865023,0.65888285
18,8/14/2023,0.26190886,0.45752143,0.65746489
18,8/21/2023,0.26155909,0.45640365,0.65605758
18,8/28/2023,0.26121029,0.45529687,0.65466092
18,9/4/2023,0.26086243,0.45420111,0.65327491
18,9/11/2023,0.26051553,0.45311636,0.65189956
18,9/18/2023,0.26016958,0.45204263,0.65053486
18,9/25/2023,0.25982458,0.45097990,0.64918082
18,10/2/2023,0.25948053,0.44992819,0.64783742
18,10/9/2023,0.25913744,0.44888749,0.64650468
18,10/16/2023,0.25879530,0.44785780,0.64518259
18,10/23/2023,0.25845411,0.44683913,0.64387116
18,10/30/2023,0.25811388,0.44583146,0.64257038
18,11/6/2023,0.25777459,0.44483481,0.64128025
18,11/13/2023,0.25743626,0.44384917,0.64000078
18,11/20/2023,0.25709889,0.44287454,0.63873195
18,11/27/2023,0.25676246,0.44191092,0.63747379
18,12/4/2023,0.25642699,0.44095832,0.63622627
18,12/11/2023,0.25609247,0.44001672,0.63498941
18,12/18/2023,0.25575890,0.43908614,0.63376320
18,12/25/2023,0.25542629,0.43816657,0.63254764
18,1/1/2024,0.25509462,0.43725801,0.63134274
18,1/8/2024,0.25476391,0.43636047,0.63014849
18,1/15/2024,0.25443416,0.43547394,0.62896489
18,1/22/2024,0.25410535,0.43459841,0.62779194
18,1/29/2024,0.25377750,0.43373390,0.62662965
18,2/5/2024,0.25345060,0.43288041,0.62547801
18,2/12/2024,0.25312466,0.43203792,0.62433703
18,2/19/2024,0.25279966,0.43120645,0.62320669
18,2/26/2024,0.25247562,0.43038598,0.62208702
18,3/4/2024,0.25215253,0.42957653,0.62097799
18,3/11/2024,0.25183039,0.42877810,0.61987962
18,3/18/2024,0.25150921,0.42799067,0.61879190
18,3/25/2024,0.25118898,0.42721426,0.61771483
18,4/1/2024,0.25086970,0.42644885,0.61664841
18,4/8/2024,0.25055137,0.42569446,0.61559265
18,4/15/2024,0.25023400,0.42495109,0.61454754
18,4/22/2024,0.24991758,0.42421872,0.61351309
18,4/29/2024,0.24960211,0.42349736,0.61248929
18,5/6/2024,0.24928759,0.42278702,0.61147614
18,5/13/2024,0.24897403,0.42208769,0.61047364
18,5/20/2024,0.24866142,0.42139937,0.60948180
18,5/27/2024,0.24834976,0.42072207,0.60850061
18,6/3/2024,0.24803906,0.42005577,0.60753007
18,6/10/2024,0.24772930,0.41940049,0.60657019
18,6/17/2024,0.24742050,0.41875622,0.60562096
18,6/24/2024,0.24711265,0.41812296,0.60468238
18,7/1/2024,0.24680576,0.41750071,0.60375445
18,7/8/2024,0.24649982,0.41688947,0.60283718
18,7/15/2024,0.24619483,0.41628925,0.60193056
18,7/22/2024,0.24589079,0.41570004,0.60103460
18,7/29/2024,0.24558770,0.41512184,0.60014928
18,8/5/2024,0.24528557,0.41455465,0.59927462
18,8/12/2024,0.24498439,0.41399848,0.59841062
18,8/19/2024,0.24468416,0.41345331,0.59755726
18,8/26/2024,0.24438489,0.41291916,0.59671456
18,9/2/2024,0.24408657,0.41239602,0.59588252
18,9/9/2024,0.24378920,0.41188389,0.59506112
18,9/16/2024,0.24349278,0.41138278,0.59425038
18,9/23/2024,0.24319731,0.41089267,0.59345029
18,9/30/2024,0.24290280,0.41041358,0.59266086
18,10/7/2024,0.24260924,0.40994550,0.59188207
18,10/14/2024,0.24231663,0.40948843,0.59111394
18,10/21/2024,0.24202498,0.40904238,0.59035647
18,10/28/2024,0.24173428,0.40860733,0.58960964
18,11/4/2024,0.24144453,0.40818330,0.58887347
18,11/11/2024,0.24115573,0.40777028,0.58814796
18,11/18/2024,0.24086789,0.40736827,0.58743309
18,11/25/2024,0.24058100,0.40697727,0.58672888
18,12/2/2024,0.24029506,0.40659729,0.58603532
18,12/9/2024,0.24001007,0.40622832,0.58535242
18,12/16/2024,0.23972604,0.40587036,0.58468017
18,12/23/2024,0.23944296,0.40552341,0.58401857
18,12/30/2024,0.23916083,0.40518747,0.58336762
19,3/1/2021,0.34736708,0.56155276,0.76592695
19,3/8/2021,0.34555517,0.55876765,0.76374445
19,3/15/2021,0.34376690,0.55603011,0.76159694
19,3/22/2021,0.34200226,0.55334013,0.75948442
19,3/29/2021,0.34026125,0.55069771,0.75740690
19,4/5/2021,0.33854388,0.54810286,0.75536437
19,4/12/2021,0.33685014,0.54555556,0.75335684
19,4/19/2021,0.33518003,0.54305583,0.75138430
19,4/26/2021,0.33353356,0.54060366,0.74944676
19,5/3/2021,0.33191073,0.53819906,0.74754421
19,5/10/2021,0.33031153,0.53584201,0.74567665
19,5/17/2021,0.32873596,0.53353253,0.74384409
19,5/24/2021,0.32718402,0.53127061,0.74204652
19,5/31/2021,0.32565572,0.52905625,0.74028395
19,6/7/2021,0.32415106,0.52688945,0.73855637
19,6/14/2021,0.32267003,0.52477022,0.73686379
19,6/21/2021,0.32121263,0.52269854,0.73520620
19,6/28/2021,0.31977887,0.52067443,0.73358361
19,7/5/2021,0.31836874,0.51869789,0.73199601
19,7/12/2021,0.31698224,0.51676890,0.73044340
19,7/19/2021,0.31561938,0.51488748,0.72892579
19,7/26/2021,0.31428016,0.51305361,0.72744317
19,8/2/2021,0.31296456,0.51126731,0.72599555
19,8/9/2021,0.31167261,0.50952858,0.72458292
19,8/16/2021,0.31040428,0.50783740,0.72320529
19,8/23/2021,0.30915959,0.50619379,0.72186265
19,8/30/2021,0.30793854,0.50459774,0.72055500
19,9/6/2021,0.30674111,0.50304925,0.71928235
19,9/13/2021,0.30556733,0.50154832,0.71804469
19,9/20/2021,0.30441717,0.50009496,0.71684203
19,9/27/2021,0.30329065,0.49868915,0.71567436
19,10/4/2021,0.30218777,0.49733091,0.71454169
19,10/11/2021,0.30110852,0.49602023,0.71344401
19,10/18/2021,0.30005290,0.49475712,0.71238133
19,10/25/2021,0.29902092,0.49354156,0.71135364
19,11/1/2021,0.29801257,0.49237357,0.71036094
19,11/8/2021,0.29702785,0.49125314,0.70940324
19,11/15/2021,0.29606677,0.49018028,0.70848053
19,11/22/2021,0.29512933,0.48915497,0.70759282
19,11/29/2021,0.29421551,0.48817723,0.70674010
19,12/6/2021,0.29332534,0.48724705,0.70592238
19,12/13/2021,0.29245879,0.48636443,0.70513965
19,12/20/2021,0.29161588,0.48552937,0.70439191
19,12/27/2021,0.29079661,0.48474187,0.70367917
19,1/3/2022,0.29000096,0.48400194,0.70300143
19,1/10/2022,0.28922896,0.48330957,0.70235868
19,1/17/2022,0.28848058,0.48266476,0.70175092
19,1/24/2022,0.28775584,0.48206752,0.70117816
19,1/31/2022,0.28705474,0.48151783,0.70064039
19,2/7/2022,0.28637727,0.48101571,0.70013761
19,2/14/2022,0.28572343,0.48056115,0.69966983
19,2/21/2022,0.28509323,0.48015415,0.69923705
19,2/28/2022,0.28448666,0.47979472,0.69883926
19,3/7/2022,0.28390373,0.47948284,0.69847646
19,3/14/2022,0.28334442,0.47921853,0.69814866
19,3/21/2022,0.28280876,0.47900178,0.69785585
19,3/28/2022,0.28229673,0.47883259,0.69759804
19,4/4/2022,0.28180833,0.47871097,0.69737522
19,4/11/2022,0.28134356,0.47863691,0.69718739
19,4/18/2022,0.28090243,0.47861041,0.69703456
19,4/25/2022,0.28048494,0.47863147,0.69691673
19,5/2/2022,0.28009108,0.47870009,0.69683389
19,5/9/2022,0.27972085,0.47881628,0.69678604
19,5/16/2022,0.27937426,0.47898002,0.69677319
19,5/23/2022,0.27905130,0.47919133,0.69679533
19,5/30/2022,0.27875197,0.47945021,0.69685246
19,6/6/2022,0.27847628,0.47975664,0.69694460
19,6/13/2022,0.27822422,0.48011064,0.69707172
19,6/20/2022,0.27799580,0.48051220,0.69723384
19,6/27/2022,0.27779101,0.48096132,0.69743095
19,7/4/2022,0.27760951,0.48145697,0.69766219
19,7/11/2022,0.27743948,0.48196431,0.69789802
19,7/18/2022,0.27726668,0.48244130,0.69810283
19,7/25/2022,0.27709027,0.48288548,0.69827453
19,8/1/2022,0.27691025,0.48329684,0.69841312
19,8/8/2022,0.27672663,0.48367540,0.69851860
19,8/15/2022,0.27653940,0.48402114,0.69859097
19,8/22/2022,0.27634856,0.48433407,0.69863024
19,8/29/2022,0.27615411,0.48461420,0.69863639
19,9/5/2022,0.27595605,0.48486151,0.69860944
19,9/12/2022,0.27575439,0.48507601,0.69854938
19,9/19/2022,0.27554912,0.48525769,0.69845620
19,9/26/2022,0.27534025,0.48540657,0.69832993
19,10/3/2022,0.27512776,0.48552264,0.69817054
19,10/10/2022,0.27491167,0.48560589,0.69797804
19,10/17/2022,0.27469197,0.48565634,0.69775244
19,10/24/2022,0.27446867,0.48567397,0.69749372
19,10/31/2022,0.27424175,0.48565879,0.69720190
19,11/7/2022,0.27401123,0.48561080,0.69687697
19,11/14/2022,0.27377711,0.48553000,0.69651893
19,11/21/2022,0.27353937,0.48541639,0.69612778
19,11/28/2022,0.27329803,0.48526997,0.69570352
19,12/5/2022,0.27305308,0.48509074,0.69524616
19,12/12/2022,0.27280452,0.48487869,0.69475568
19,12/19/2022,0.27255235,0.48463384,0.69423210
19,12/26/2022,0.27229658,0.48435617,0.69367541
19,1/2/2023,0.27203720,0.48404569,0.69308561
19,1/9/2023,0.27177421,0.48370240,0.69246270
19,1/16/2023,0.27150762,0.48332630,0.69180668
19,1/23/2023,0.27123742,0.48291739,0.69111756
19,1/30/2023,0.27096361,0.48247567,0.69039532
19,2/6/2023,0.27068619,0.48200114,0.68963998
19,2/13/2023,0.27040517,0.48149380,0.68885153
19,2/20/2023,0.27012054,0.48095364,0.68802997
19,2/27/2023,0.26983230,0.48038067,0.68717530
19,3/6/2023,0.26954045,0.47977490,0.68628752
19,3/13/2023,0.26924500,0.47913631,0.68536663
19,3/20/2023,0.26894594,0.47846491,0.68441264
19,3/27/2023,0.26864327,0.47776070,0.68342553
19,4/3/2023,0.26833699,0.47702368,0.68240532
19,4/10/2023,0.26802711,0.47625384,0.68135200
19,4/17/2023,0.26771362,0.47545120,0.68026557
19,4/24/2023,0.26739652,0.47461575,0.67914603
19,5/1/2023,0.26707581,0.47374748,0.67799339
19,5/8/2023,0.26675150,0.47284640,0.67680763
19,5/15/2023,0.26642358,0.47191252,0.67558877
19,5/22/2023,0.26609205,0.47094582,0.67433680
19,5/29/2023,0.26575692,0.46994631,0.67305171
19,6/5/2023,0.26541818,0.46891398,0.67173352
19,6/12/2023,0.26507583,0.46784885,0.67038223
19,6/19/2023,0.26472987,0.46675091,0.66899782
19,6/26/2023,0.26438031,0.46562016,0.66758030
19,7/3/2023,0.26402715,0.46445675,0.66612984
19,7/10/2023,0.26367195,0.46327553,0.66466124
19,7/17/2023,0.26331743,0.46210269,0.66320066
19,7/24/2023,0.26296385,0.46094085,0.66175074
19,7/31/2023,0.26261124,0.45979003,0.66031147
19,8/7/2023,0.26225957,0.45865023,0.65888285
19,8/14/2023,0.26190886,0.45752143,0.65746489
19,8/21/2023,0.26155909,0.45640365,0.65605758
19,8/28/2023,0.26121029,0.45529687,0.65466092
19,9/4/2023,0.26086243,0.45420111,0.65327491
19,9/11/2023,0.26051553,0.45311636,0.65189956
19,9/18/2023,0.26016958,0.45204263,0.65053486
19,9/25/2023,0.25982458,0.45097990,0.64918082
19,10/2/2023,0.25948053,0.44992819,0.64783742
19,10/9/2023,0.25913744,0.44888749,0.64650468
19,10/16/2023,0.25879530,0.44785780,0.64518259
19,10/23/2023,0.25845411,0.44683913,0.64387116
19,10/30/2023,0.25811388,0.44583146,0.64257038
19,11/6/2023,0.25777459,0.44483481,0.64128025
19,11/13/2023,0.25743626,0.44384917,0.64000078
19,11/20/2023,0.25709889,0.44287454,0.63873195
19,11/27/2023,0.25676246,0.44191092,0.63747379
19,12/4/2023,0.25642699,0.44095832,0.63622627
19,12/11/2023,0.25609247,0.44001672,0.63498941
19,12/18/2023,0.25575890,0.43908614,0.63376320
19,12/25/2023,0.25542629,0.43816657,0.63254764
19,1/1/2024,0.25509462,0.43725801,0.63134274
19,1/8/2024,0.25476391,0.43636047,0.63014849
19,1/15/2024,0.25443416,0.43547394,0.62896489
19,1/22/2024,0.25410535,0.43459841,0.62779194
19,1/29/2024,0.25377750,0.43373390,0.62662965
19,2/5/2024,0.25345060,0.43288041,0.62547801
19,2/12/2024,0.25312466,0.43203792,0.62433703
19,2/19/2024,0.25279966,0.43120645,0.62320669
19,2/26/2024,0.25247562,0.43038598,0.62208702
19,3/4/2024,0.25215253,0.42957653,0.62097799
19,3/11/2024,0.25183039,0.42877810,0.61987962
19,3/18/2024,0.25150921,0.42799067,0.61879190
19,3/25/2024,0.25118898,0.42721426,0.61771483
19,4/1/2024,0.25086970,0.42644885,0.61664841
19,4/8/2024,0.25055137,0.42569446,0.61559265
19,4/15/2024,0.25023400,0.42495109,0.61454754
19,4/22/2024,0.24991758,0.42421872,0.61351309
19,4/29/2024,0.24960211,0.42349736,0.61248929
19,5/6/2024,0.24928759,0.42278702,0.61147614
19,5/13/2024,0.24897403,0.42208769,0.61047364
19,5/20/2024,0.24866142,0.42139937,0.60948180
19,5/27/2024,0.24834976,0.42072207,0.60850061
19,6/3/2024,0.24803906,0.42005577,0.60753007
19,6/10/2024,0.24772930,0.41940049,0.60657019
19,6/17/2024,0.24742050,0.41875622,0.60562096
19,6/24/2024,0.24711265,0.41812296,0.60468238
19,7/1/2024,0.24680576,0.41750071,0.60375445
19,7/8/2024,0.24649982,0.41688947,0.60283718
19,7/15/2024,0.24619483,0.41628925,0.60193056
19,7/22/2024,0.24589079,0.41570004,0.60103460
19,7/29/2024,0.24558770,0.41512184,0.60014928
19,8/5/2024,0.24528557,0.41455465,0.59927462
19,8/12/2024,0.24498439,0.41399848,0.59841062
19,8/19/2024,0.24468416,0.41345331,0.59755726
19,8/26/2024,0.24438489,0.41291916,0.59671456
19,9/2/2024,0.24408657,0.41239602,0.59588252
19,9/9/2024,0.24378920,0.41188389,0.59506112
19,9/16/2024,0.24349278,0.41138278,0.59425038
19,9/23/2024,0.24319731,0.41089267,0.59345029
19,9/30/2024,0.24290280,0.41041358,0.59266086
19,10/7/2024,0.24260924,0.40994550,0.59188207
19,10/14/2024,0.24231663,0.40948843,0.59111394
19,10/21/2024,0.24202498,0.40904238,0.59035647
19,10/28/2024,0.24173428,0.40860733,0.58960964
19,11/4/2024,0.24144453,0.40818330,0.58887347
19,11/11/2024,0.24115573,0.40777028,0.58814796
19,11/18/2024,0.24086789,0.40736827,0.58743309
19,11/25/2024,0.24058100,0.40697727,0.58672888
19,12/2/2024,0.24029506,0.40659729,0.58603532
19,12/9/2024,0.24001007,0.40622832,0.58535242
19,12/16/2024,0.23972604,0.40587036,0.58468017
19,12/23/2024,0.23944296,0.40552341,0.58401857
19,12/30/2024,0.23916083,0.40518747,0.58336762
20,3/1/2021,0.34736708,0.56155276,0.76592695
20,3/8/2021,0.34555517,0.55876765,0.76374445
20,3/15/2021,0.34376690,0.55603011,0.76159694
20,3/22/2021,0.34200226,0.55334013,0.75948442
20,3/29/2021,0.34026125,0.55069771,0.75740690
20,4/5/2021,0.33854388,0.54810286,0.75536437
20,4/12/2021,0.33685014,0.54555556,0.75335684
20,4/19/2021,0.33518003,0.54305583,0.75138430
20,4/26/2021,0.33353356,0.54060366,0.74944676
20,5/3/2021,0.33191073,0.53819906,0.74754421
20,5/10/2021,0.33031153,0.53584201,0.74567665
20,5/17/2021,0.32873596,0.53353253,0.74384409
20,5/24/2021,0.32718402,0.53127061,0.74204652
20,5/31/2021,0.32565572,0.52905625,0.74028395
20,6/7/2021,0.32415106,0.52688945,0.73855637
20,6/14/2021,0.32267003,0.52477022,0.73686379
20,6/21/2021,0.32121263,0.52269854,0.73520620
20,6/28/2021,0.31977887,0.52067443,0.73358361
20,7/5/2021,0.31836874,0.51869789,0.73199601
20,7/12/2021,0.31698224,0.51676890,0.73044340
20,7/19/2021,0.31561938,0.51488748,0.72892579
20,7/26/2021,0.31428016,0.51305361,0.72744317
20,8/2/2021,0.31296456,0.51126731,0.72599555
20,8/9/2021,0.31167261,0.50952858,0.72458292
20,8/16/2021,0.31040428,0.50783740,0.72320529
20,8/23/2021,0.30915959,0.50619379,0.72186265
20,8/30/2021,0.30793854,0.50459774,0.72055500
20,9/6/2021,0.30674111,0.50304925,0.71928235
20,9/13/2021,0.30556733,0.50154832,0.71804469
20,9/20/2021,0.30441717,0.50009496,0.71684203
20,9/27/2021,0.30329065,0.49868915,0.71567436
20,10/4/2021,0.30218777,0.49733091,0.71454169
20,10/11/2021,0.30110852,0.49602023,0.71344401
20,10/18/2021,0.30005290,0.49475712,0.71238133
20,10/25/2021,0.29902092,0.49354156,0.71135364
20,11/1/2021,0.29801257,0.49237357,0.71036094
20,11/8/2021,0.29702785,0.49125314,0.70940324
20,11/15/2021,0.29606677,0.49018028,0.70848053
20,11/22/2021,0.29512933,0.48915497,0.70759282
20,11/29/2021,0.29421551,0.48817723,0.70674010
20,12/6/2021,0.29332534,0.48724705,0.70592238
20,12/13/2021,0.29245879,0.48636443,0.70513965
20,12/20/2021,0.29161588,0.48552937,0.70439191
20,12/27/2021,0.29079661,0.48474187,0.70367917
20,1/3/2022,0.29000096,0.48400194,0.70300143
20,1/10/2022,0.28922896,0.48330957,0.70235868
20,1/17/2022,0.28848058,0.48266476,0.70175092
20,1/24/2022,0.28775584,0.48206752,0.70117816
20,1/31/2022,0.28705474,0.48151783,0.70064039
20,2/7/2022,0.28637727,0.48101571,0.70013761
20,2/14/2022,0.28572343,0.48056115,0.69966983
20,2/21/2022,0.28509323,0.48015415,0.69923705
20,2/28/2022,0.28448666,0.47979472,0.69883926
20,3/7/2022,0.28390373,0.47948284,0.69847646
20,3/14/2022,0.28334442,0.47921853,0.69814866
20,3/21/2022,0.28280876,0.47900178,0.69785585
20,3/28/2022,0.28229673,0.47883259,0.69759804
20,4/4/2022,0.28180833,0.47871097,0.69737522
20,4/11/2022,0.28134356,0.47863691,0.69718739
20,4/18/2022,0.28090243,0.47861041,0.69703456
20,4/25/2022,0.28048494,0.47863147,0.69691673
20,5/2/2022,0.28009108,0.47870009,0.69683389
20,5/9/2022,0.27972085,0.47881628,0.69678604
20,5/16/2022,0.27937426,0.47898002,0.69677319
20,5/23/2022,0.27905130,0.47919133,0.69679533
20,5/30/2022,0.27875197,0.47945021,0.69685246
20,6/6/2022,0.27847628,0.47975664,0.69694460
20,6/13/2022,0.27822422,0.48011064,0.69707172
20,6/20/2022,0.27799580,0.48051220,0.69723384
20,6/27/2022,0.27779101,0.48096132,0.69743095
20,7/4/2022,0.27760951,0.48145697,0.69766219
20,7/11/2022,0.27743948,0.48196431,0.69789802
20,7/18/2022,0.27726668,0.48244130,0.69810283
20,7/25/2022,0.27709027,0.48288548,0.69827453
20,8/1/2022,0.27691025,0.48329684,0.69841312
20,8/8/2022,0.27672663,0.48367540,0.69851860
20,8/15/2022,0.27653940,0.48402114,0.69859097
20,8/22/2022,0.27634856,0.48433407,0.69863024
20,8/29/2022,0.27615411,0.48461420,0.69863639
20,9/5/2022,0.27595605,0.48486151,0.69860944
20,9/12/2022,0.27575439,0.48507601,0.69854938
20,9/19/2022,0.27554912,0.48525769,0.69845620
20,9/26/2022,0.27534025,0.48540657,0.69832993
20,10/3/2022,0.27512776,0.48552264,0.69817054
20,10/10/2022,0.27491167,0.48560589,0.69797804
20,10/17/2022,0.27469197,0.48565634,0.69775244
20,10/24/2022,0.27446867,0.48567397,0.69749372
20,10/31/2022,0.27424175,0.48565879,0.69720190
20,11/7/2022,0.27401123,0.48561080,0.69687697
20,11/14/2022,0.27377711,0.48553000,0.69651893
20,11/21/2022,0.27353937,0.48541639,0.69612778
20,11/28/2022,0.27329803,0.48526997,0.69570352
20,12/5/2022,0.27305308,0.48509074,0.69524616
20,12/12/2022,0.27280452,0.48487869,0.69475568
20,12/19/2022,0.27255235,0.48463384,0.69423210
20,12/26/2022,0.27229658,0.48435617,0.69367541
20,1/2/2023,0.27203720,0.48404569,0.69308561
20,1/9/2023,0.27177421,0.48370240,0.69246270
20,1/16/2023,0.27150762,0.48332630,0.69180668
20,1/23/2023,0.27123742,0.48291739,0.69111756
20,1/30/2023,0.27096361,0.48247567,0.69039532
20,2/6/2023,0.27068619,0.48200114,0.68963998
20,2/13/2023,0.27040517,0.48149380,0.68885153
20,2/20/2023,0.27012054,0.48095364,0.68802997
20,2/27/2023,0.26983230,0.48038067,0.68717530
20,3/6/2023,0.26954045,0.47977490,0.68628752
20,3/13/2023,0.26924500,0.47913631,0.68536663
20,3/20/2023,0.26894594,0.47846491,0.68441264
20,3/27/2023,0.26864327,0.47776070,0.68342553
20,4/3/2023,0.26833699,0.47702368,0.68240532
20,4/10/2023,0.26802711,0.47625384,0.68135200
20,4/17/2023,0.26771362,0.47545120,0.68026557
20,4/24/2023,0.26739652,0.47461575,0.67914603
20,5/1/2023,0.26707581,0.47374748,0.67799339
20,5/8/2023,0.26675150,0.47284640,0.67680763
20,5/15/2023,0.26642358,0.47191252,0.67558877
20,5/22/2023,0.26609205,0.47094582,0.67433680
20,5/29/2023,0.26575692,0.46994631,0.67305171
20,6/5/2023,0.26541818,0.46891398,0.67173352
20,6/12/2023,0.26507583,0.46784885,0.67038223
20,6/19/2023,0.26472987,0.46675091,0.66899782
20,6/26/2023,0.26438031,0.46562016,0.66758030
20,7/3/2023,0.26402715,0.46445675,0.66612984
20,7/10/2023,0.26367195,0.46327553,0.66466124
20,7/17/2023,0.26331743,0.46210269,0.66320066
20,7/24/2023,0.26296385,0.46094085,0.66175074
20,7/31/2023,0.26261124,0.45979003,0.66031147
20,8/7/2023,0.26225957,0.45865023,0.65888285
20,8/14/2023,0.26190886,0.45752143,0.65746489
20,8/21/2023,0.26155909,0.45640365,0.65605758
20,8/28/2023,0.26121029,0.45529687,0.65466092
20,9/4/2023,0.26086243,0.45420111,0.65327491
20,9/11/2023,0.26051553,0.45311636,0.65189956
20,9/18/2023,0.26016958,0.45204263,0.65053486
20,9/25/2023,0.25982458,0.45097990,0.64918082
20,10/2/2023,0.25948053,0.44992819,0.64783742
20,10/9/2023,0.25913744,0.44888749,0.64650468
20,10/16/2023,0.25879530,0.44785780,0.64518259
20,10/23/2023,0.25845411,0.44683913,0.64387116
20,10/30/2023,0.25811388,0.44583146,0.64257038
20,11/6/2023,0.25777459,0.44483481,0.64128025
20,11/13/2023,0.25743626,0.44384917,0.64000078
20,11/20/2023,0.25709889,0.44287454,0.63873195
20,11/27/2023,0.25676246,0.44191092,0.63747379
20,12/4/2023,0.25642699,0.44095832,0.63622627
20,12/11/2023,0.25609247,0.44001672,0.63498941
20,12/18/2023,0.25575890,0.43908614,0.63376320
20,12/25/2023,0.25542629,0.43816657,0.63254764
20,1/1/2024,0.25509462,0.43725801,0.63134274
20,1/8/2024,0.25476391,0.43636047,0.63014849
20,1/15/2024,0.25443416,0.43547394,0.62896489
20,1/22/2024,0.25410535,0.43459841,0.62779194
20,1/29/2024,0.25377750,0.43373390,0.62662965
20,2/5/2024,0.25345060,0.43288041,0.62547801
20,2/12/2024,0.25312466,0.43203792,0.62433703
20,2/19/2024,0.25279966,0.43120645,0.62320669
20,2/26/2024,0.25247562,0.43038598,0.62208702
20,3/4/2024,0.25215253,0.42957653,0.62097799
20,3/11/2024,0.25183039,0.42877810,0.61987962
20,3/18/2024,0.25150921,0.42799067,0.61879190
20,3/25/2024,0.25118898,0.42721426,0.61771483
20,4/1/2024,0.25086970,0.42644885,0.61664841
20,4/8/2024,0.25055137,0.42569446,0.61559265
20,4/15/2024,0.25023400,0.42495109,0.61454754
20,4/22/2024,0.24991758,0.42421872,0.61351309
20,4/29/2024,0.24960211,0.42349736,0.61248929
20,5/6/2024,0.24928759,0.42278702,0.61147614
20,5/13/2024,0.24897403,0.42208769,0.61047364
20,5/20/2024,0.24866142,0.42139937,0.60948180
20,5/27/2024,0.24834976,0.42072207,0.60850061
20,6/3/2024,0.24803906,0.42005577,0.60753007
20,6/10/2024,0.24772930,0.41940049,0.60657019
20,6/17/2024,0.24742050,0.41875622,0.60562096
20,6/24/2024,0.24711265,0.41812296,0.60468238
20,7/1/2024,0.24680576,0.41750071,0.60375445
20,7/8/2024,0.24649982,0.41688947,0.60283718
20,7/15/2024,0.24619483,0.41628925,0.60193056
20,7/22/2024,0.24589079,0.41570004,0.60103460
20,7/29/2024,0.24558770,0.41512184,0.60014928
20,8/5/2024,0.24528557,0.41455465,0.59927462
20,8/12/2024,0.24498439,0.41399848,0.59841062
20,8/19/2024,0.24468416,0.41345331,0.59755726
20,8/26/2024,0.24438489,0.41291916,0.59671456
20,9/2/2024,0.24408657,0.41239602,0.59588252
20,9/9/2024,0.24378920,0.41188389,0.59506112
20,9/16/2024,0.24349278,0.41138278,0.59425038
20,9/23/2024,0.24319731,0.41089267,0.59345029
20,9/30/2024,0.24290280,0.41041358,0.59266086
20,10/7/2024,0.24260924,0.40994550,0.59188207
20,10/14/2024,0.24231663,0.40948843,0.59111394
20,10/21/2024,0.24202498,0.40904238,0.59035647
20,10/28/2024,0.24173428,0.40860733,0.58960964
20,11/4/2024,0.24144453,0.40818330,0.58887347
20,11/11/2024,0.24115573,0.40777028,0.58814796
20,11/18/2024,0.24086789,0.40736827,0.58743309
20,11/25/2024,0.24058100,0.40697727,0.58672888
20,12/2/2024,0.24029506,0.40659729,0.58603532
20,12/9/2024,0.24001007,0.40622832,0.58535242
20,12/16/2024,0.23972604,0.40587036,0.58468017
20,12/23/2024,0.23944296,0.40552341,0.58401857
20,12/30/2024,0.23916083,0.40518747,0.58336762
21,3/1/2021,0.34736708,0.56155276,0.76592695
21,3/8/2021,0.34555517,0.55876765,0.76374445
21,3/15/2021,0.34376690,0.55603011,0.76159694
21,3/22/2021,0.34200226,0.55334013,0.75948442
21,3/29/2021,0.34026125,0.55069771,0.75740690
21,4/5/2021,0.33854388,0.54810286,0.75536437
21,4/12/2021,0.33685014,0.54555556,0.75335684
21,4/19/2021,0.33518003,0.54305583,0.75138430
21,4/26/2021,0.33353356,0.54060366,0.74944676
21,5/3/2021,0.33191073,0.53819906,0.74754421
21,5/10/2021,0.33031153,0.53584201,0.74567665
21,5/17/2021,0.32873596,0.53353253,0.74384409
21,5/24/2021,0.32718402,0.53127061,0.74204652
21,5/31/2021,0.32565572,0.52905625,0.74028395
21,6/7/2021,0.32415106,0.52688945,0.73855637
21,6/14/2021,0.32267003,0.52477022,0.73686379
21,6/21/2021,0.32121263,0.52269854,0.73520620
21,6/28/2021,0.31977887,0.52067443,0.73358361
21,7/5/2021,0.31836874,0.51869789,0.73199601
21,7/12/2021,0.31698224,0.51676890,0.73044340
21,7/19/2021,0.31561938,0.51488748,0.72892579
21,7/26/2021,0.31428016,0.51305361,0.72744317
21,8/2/2021,0.31296456,0.51126731,0.72599555
21,8/9/2021,0.31167261,0.50952858,0.72458292
21,8/16/2021,0.31040428,0.50783740,0.72320529
21,8/23/2021,0.30915959,0.50619379,0.72186265
21,8/30/2021,0.30793854,0.50459774,0.72055500
21,9/6/2021,0.30674111,0.50304925,0.71928235
21,9/13/2021,0.30556733,0.50154832,0.71804469
21,9/20/2021,0.30441717,0.50009496,0.71684203
21,9/27/2021,0.30329065,0.49868915,0.71567436
21,10/4/2021,0.30218777,0.49733091,0.71454169
21,10/11/2021,0.30110852,0.49602023,0.71344401
21,10/18/2021,0.30005290,0.49475712,0.71238133
21,10/25/2021,0.29902092,0.49354156,0.71135364
21,11/1/2021,0.29801257,0.49237357,0.71036094
21,11/8/2021,0.29702785,0.49125314,0.70940324
21,11/15/2021,0.29606677,0.49018028,0.70848053
21,11/22/2021,0.29512933,0.48915497,0.70759282
21,11/29/2021,0.29421551,0.48817723,0.70674010
21,12/6/2021,0.29332534,0.48724705,0.70592238
21,12/13/2021,0.29245879,0.48636443,0.70513965
21,12/20/2021,0.29161588,0.48552937,0.70439191
21,12/27/2021,0.29079661,0.48474187,0.70367917
21,1/3/2022,0.29000096,0.48400194,0.70300143
21,1/10/2022,0.28922896,0.48330957,0.70235868
21,1/17/2022,0.28848058,0.48266476,0.70175092
21,1/24/2022,0.28775584,0.48206752,0.70117816
21,1/31/2022,0.28705474,0.48151783,0.70064039
21,2/7/2022,0.28637727,0.48101571,0.70013761
21,2/14/2022,0.28572343,0.48056115,0.69966983
21,2/21/2022,0.28509323,0.48015415,0.69923705
21,2/28/2022,0.28448666,0.47979472,0.69883926
21,3/7/2022,0.28390373,0.47948284,0.69847646
21,3/14/2022,0.28334442,0.47921853,0.69814866
21,3/21/2022,0.28280876,0.47900178,0.69785585
21,3/28/2022,0.28229673,0.47883259,0.69759804
21,4/4/2022,0.28180833,0.47871097,0.69737522
21,4/11/2022,0.28134356,0.47863691,0.69718739
21,4/18/2022,0.28090243,0.47861041,0.69703456
21,4/25/2022,0.28048494,0.47863147,0.69691673
21,5/2/2022,0.28009108,0.47870009,0.69683389
21,5/9/2022,0.27972085,0.47881628,0.69678604
21,5/16/2022,0.27937426,0.47898002,0.69677319
21,5/23/2022,0.27905130,0.47919133,0.69679533
21,5/30/2022,0.27875197,0.47945021,0.69685246
21,6/6/2022,0.27847628,0.47975664,0.69694460
21,6/13/2022,0.27822422,0.48011064,0.69707172
21,6/20/2022,0.27799580,0.48051220,0.69723384
21,6/27/2022,0.27779101,0.48096132,0.69743095
21,7/4/2022,0.27760951,0.48145697,0.69766219
21,7/11/2022,0.27743948,0.48196431,0.69789802
21,7/18/2022,0.27726668,0.48244130,0.69810283
21,7/25/2022,0.27709027,0.48288548,0.69827453
21,8/1/2022,0.27691025,0.48329684,0.69841312
21,8/8/2022,0.27672663,0.48367540,0.69851860
21,8/15/2022,0.27653940,0.48402114,0.69859097
21,8/22/2022,0.27634856,0.48433407,0.69863024
21,8/29/2022,0.27615411,0.48461420,0.69863639
21,9/5/2022,0.27595605,0.48486151,0.69860944
21,9/12/2022,0.27575439,0.48507601,0.69854938
21,9/19/2022,0.27554912,0.48525769,0.69845620
21,9/26/2022,0.27534025,0.48540657,0.69832993
21,10/3/2022,0.27512776,0.48552264,0.69817054
21,10/10/2022,0.27491167,0.48560589,0.69797804
21,10/17/2022,0.27469197,0.48565634,0.69775244
21,10/24/2022,0.27446867,0.48567397,0.69749372
21,10/31/2022,0.27424175,0.48565879,0.69720190
21,11/7/2022,0.27401123,0.48561080,0.69687697
21,11/14/2022,0.27377711,0.48553000,0.69651893
21,11/21/2022,0.27353937,0.48541639,0.69612778
21,11/28/2022,0.27329803,0.48526997,0.69570352
21,12/5/2022,0.27305308,0.48509074,0.69524616
21,12/12/2022,0.27280452,0.48487869,0.69475568
21,12/19/2022,0.27255235,0.48463384,0.69423210
21,12/26/2022,0.27229658,0.48435617,0.69367541
21,1/2/2023,0.27203720,0.48404569,0.69308561
21,1/9/2023,0.27177421,0.48370240,0.69246270
21,1/16/2023,0.27150762,0.48332630,0.69180668
21,1/23/2023,0.27123742,0.48291739,0.69111756
21,1/30/2023,0.27096361,0.48247567,0.69039532
21,2/6/2023,0.27068619,0.48200114,0.68963998
21,2/13/2023,0.27040517,0.48149380,0.68885153
21,2/20/2023,0.27012054,0.48095364,0.68802997
21,2/27/2023,0.26983230,0.48038067,0.68717530
21,3/6/2023,0.26954045,0.47977490,0.68628752
21,3/13/2023,0.26924500,0.47913631,0.68536663
21,3/20/2023,0.26894594,0.47846491,0.68441264
21,3/27/2023,0.26864327,0.47776070,0.68342553
21,4/3/2023,0.26833699,0.47702368,0.68240532
21,4/10/2023,0.26802711,0.47625384,0.68135200
21,4/17/2023,0.26771362,0.47545120,0.68026557
21,4/24/2023,0.26739652,0.47461575,0.67914603
21,5/1/2023,0.26707581,0.47374748,0.67799339
21,5/8/2023,0.26675150,0.47284640,0.67680763
21,5/15/2023,0.26642358,0.47191252,0.67558877
21,5/22/2023,0.26609205,0.47094582,0.67433680
21,5/29/2023,0.26575692,0.46994631,0.67305171
21,6/5/2023,0.26541818,0.46891398,0.67173352
21,6/12/2023,0.26507583,0.46784885,0.67038223
21,6/19/2023,0.26472987,0.46675091,0.66899782
21,6/26/2023,0.26438031,0.46562016,0.66758030
21,7/3/2023,0.26402715,0.46445675,0.66612984
21,7/10/2023,0.26367195,0.46327553,0.66466124
21,7/17/2023,0.26331743,0.46210269,0.66320066
21,7/24/2023,0.26296385,0.46094085,0.66175074
21,7/31/2023,0.26261124,0.45979003,0.66031147
21,8/7/2023,0.26225957,0.45865023,0.65888285
21,8/14/2023,0.26190886,0.45752143,0.65746489
21,8/21/2023,0.26155909,0.45640365,0.65605758
21,8/28/2023,0.26121029,0.45529687,0.65466092
21,9/4/2023,0.26086243,0.45420111,0.65327491
21,9/11/2023,0.26051553,0.45311636,0.65189956
21,9/18/2023,0.26016958,0.45204263,0.65053486
21,9/25/2023,0.25982458,0.45097990,0.64918082
21,10/2/2023,0.25948053,0.44992819,0.64783742
21,10/9/2023,0.25913744,0.44888749,0.64650468
21,10/16/2023,0.25879530,0.44785780,0.64518259
21,10/23/2023,0.25845411,0.44683913,0.64387116
21,10/30/2023,0.25811388,0.44583146,0.64257038
21,11/6/2023,0.25777459,0.44483481,0.64128025
21,11/13/2023,0.25743626,0.44384917,0.64000078
21,11/20/2023,0.25709889,0.44287454,0.63873195
21,11/27/2023,0.25676246,0.44191092,0.63747379
21,12/4/2023,0.25642699,0.44095832,0.63622627
21,12/11/2023,0.25609247,0.44001672,0.63498941
21,12/18/2023,0.25575890,0.43908614,0.63376320
21,12/25/2023,0.25542629,0.43816657,0.63254764
21,1/1/2024,0.25509462,0.43725801,0.63134274
21,1/8/2024,0.25476391,0.43636047,0.63014849
21,1/15/2024,0.25443416,0.43547394,0.62896489
21,1/22/2024,0.25410535,0.43459841,0.62779194
21,1/29/2024,0.25377750,0.43373390,0.62662965
21,2/5/2024,0.25345060,0.43288041,0.62547801
21,2/12/2024,0.25312466,0.43203792,0.62433703
21,2/19/2024,0.25279966,0.43120645,0.62320669
21,2/26/2024,0.25247562,0.43038598,0.62208702
21,3/4/2024,0.25215253,0.42957653,0.62097799
21,3/11/2024,0.25183039,0.42877810,0.61987962
21,3/18/2024,0.25150921,0.42799067,0.61879190
21,3/25/2024,0.25118898,0.42721426,0.61771483
21,4/1/2024,0.25086970,0.42644885,0.61664841
21,4/8/2024,0.25055137,0.42569446,0.61559265
21,4/15/2024,0.25023400,0.42495109,0.61454754
21,4/22/2024,0.24991758,0.42421872,0.61351309
21,4/29/2024,0.24960211,0.42349736,0.61248929
21,5/6/2024,0.24928759,0.42278702,0.61147614
21,5/13/2024,0.24897403,0.42208769,0.61047364
21,5/20/2024,0.24866142,0.42139937,0.60948180
21,5/27/2024,0.24834976,0.42072207,0.60850061
21,6/3/2024,0.24803906,0.42005577,0.60753007
21,6/10/2024,0.24772930,0.41940049,0.60657019
21,6/17/2024,0.24742050,0.41875622,0.60562096
21,6/24/2024,0.24711265,0.41812296,0.60468238
21,7/1/2024,0.24680576,0.41750071,0.60375445
21,7/8/2024,0.24649982,0.41688947,0.60283718
21,7/15/2024,0.24619483,0.41628925,0.60193056
21,7/22/2024,0.24589079,0.41570004,0.60103460
21,7/29/2024,0.24558770,0.41512184,0.60014928
21,8/5/2024,0.24528557,0.41455465,0.59927462
21,8/12/2024,0.24498439,0.41399848,0.59841062
21,8/19/2024,0.24468416,0.41345331,0.59755726
21,8/26/2024,0.24438489,0.41291916,0.59671456
21,9/2/2024,0.24408657,0.41239602,0.59588252
21,9/9/2024,0.24378920,0.41188389,0.59506112
21,9/16/2024,0.24349278,0.41138278,0.59425038
21,9/23/2024,0.24319731,0.41089267,0.59345029
21,9/30/2024,0.24290280,0.41041358,0.59266086
21,10/7/2024,0.24260924,0.40994550,0.59188207
21,10/14/2024,0.24231663,0.40948843,0.59111394
21,10/21/2024,0.24202498,0.40904238,0.59035647
21,10/28/2024,0.24173428,0.40860733,0.58960964
21,11/4/2024,0.24144453,0.40818330,0.58887347
21,11/11/2024,0.24115573,0.40777028,0.58814796
21,11/18/2024,0.24086789,0.40736827,0.58743309
21,11/25/2024,0.24058100,0.40697727,0.58672888
21,12/2/2024,0.24029506,0.40659729,0.58603532
21,12/9/2024,0.24001007,0.40622832,0.58535242
21,12/16/2024,0.23972604,0.40587036,0.58468017
21,12/23/2024,0.23944296,0.40552341,0.58401857
21,12/30/2024,0.23916083,0.40518747,0.58336762
22,3/1/2021,0.34736708,0.56155276,0.76592695
22,3/8/2021,0.34555517,0.55876765,0.76374445
22,3/15/2021,0.34376690,0.55603011,0.76159694
22,3/22/2021,0.34200226,0.55334013,0.75948442
22,3/29/2021,0.34026125,0.55069771,0.75740690
22,4/5/2021,0.33854388,0.54810286,0.75536437
22,4/12/2021,0.33685014,0.54555556,0.75335684
22,4/19/2021,0.33518003,0.54305583,0.75138430
22,4/26/2021,0.33353356,0.54060366,0.74944676
22,5/3/2021,0.33191073,0.53819906,0.74754421
22,5/10/2021,0.33031153,0.53584201,0.74567665
22,5/17/2021,0.32873596,0.53353253,0.74384409
22,5/24/2021,0.32718402,0.53127061,0.74204652
22,5/31/2021,0.32565572,0.52905625,0.74028395
22,6/7/2021,0.32415106,0.52688945,0.73855637
22,6/14/2021,0.32267003,0.52477022,0.73686379
22,6/21/2021,0.32121263,0.52269854,0.73520620
22,6/28/2021,0.31977887,0.52067443,0.73358361
22,7/5/2021,0.31836874,0.51869789,0.73199601
22,7/12/2021,0.31698224,0.51676890,0.73044340
22,7/19/2021,0.31561938,0.51488748,0.72892579
22,7/26/2021,0.31428016,0.51305361,0.72744317
22,8/2/2021,0.31296456,0.51126731,0.72599555
22,8/9/2021,0.31167261,0.50952858,0.72458292
22,8/16/2021,0.31040428,0.50783740,0.72320529
22,8/23/2021,0.30915959,0.50619379,0.72186265
22,8/30/2021,0.30793854,0.50459774,0.72055500
22,9/6/2021,0.30674111,0.50304925,0.71928235
22,9/13/2021,0.30556733,0.50154832,0.71804469
22,9/20/2021,0.30441717,0.50009496,0.71684203
22,9/27/2021,0.30329065,0.49868915,0.71567436
22,10/4/2021,0.30218777,0.49733091,0.71454169
22,10/11/2021,0.30110852,0.49602023,0.71344401
22,10/18/2021,0.30005290,0.49475712,0.71238133
22,10/25/2021,0.29902092,0.49354156,0.71135364
22,11/1/2021,0.29801257,0.49237357,0.71036094
22,11/8/2021,0.29702785,0.49125314,0.70940324
22,11/15/2021,0.29606677,0.49018028,0.70848053
22,11/22/2021,0.29512933,0.48915497,0.70759282
22,11/29/2021,0.29421551,0.48817723,0.70674010
22,12/6/2021,0.29332534,0.48724705,0.70592238
22,12/13/2021,0.29245879,0.48636443,0.70513965
22,12/20/2021,0.29161588,0.48552937,0.70439191
22,12/27/2021,0.29079661,0.48474187,0.70367917
22,1/3/2022,0.29000096,0.48400194,0.70300143
22,1/10/2022,0.28922896,0.48330957,0.70235868
22,1/17/2022,0.28848058,0.48266476,0.70175092
22,1/24/2022,0.28775584,0.48206752,0.70117816
22,1/31/2022,0.28705474,0.48151783,0.70064039
22,2/7/2022,0.28637727,0.48101571,0.70013761
22,2/14/2022,0.28572343,0.48056115,0.69966983
22,2/21/2022,0.28509323,0.48015415,0.69923705
22,2/28/2022,0.28448666,0.47979472,0.69883926
22,3/7/2022,0.28390373,0.47948284,0.69847646
22,3/14/2022,0.28334442,0.47921853,0.69814866
22,3/21/2022,0.28280876,0.47900178,0.69785585
22,3/28/2022,0.28229673,0.47883259,0.69759804
22,4/4/2022,0.28180833,0.47871097,0.69737522
22,4/11/2022,0.28134356,0.47863691,0.69718739
22,4/18/2022,0.28090243,0.47861041,0.69703456
22,4/25/2022,0.28048494,0.47863147,0.69691673
22,5/2/2022,0.28009108,0.47870009,0.69683389
22,5/9/2022,0.27972085,0.47881628,0.69678604
22,5/16/2022,0.27937426,0.47898002,0.69677319
22,5/23/2022,0.27905130,0.47919133,0.69679533
22,5/30/2022,0.27875197,0.47945021,0.69685246
22,6/6/2022,0.27847628,0.47975664,0.69694460
22,6/13/2022,0.27822422,0.48011064,0.69707172
22,6/20/2022,0.27799580,0.48051220,0.69723384
22,6/27/2022,0.27779101,0.48096132,0.69743095
22,7/4/2022,0.27760951,0.48145697,0.69766219
22,7/11/2022,0.27743948,0.48196431,0.69789802
22,7/18/2022,0.27726668,0.48244130,0.69810283
22,7/25/2022,0.27709027,0.48288548,0.69827453
22,8/1/2022,0.27691025,0.48329684,0.69841312
22,8/8/2022,0.27672663,0.48367540,0.69851860
22,8/15/2022,0.27653940,0.48402114,0.69859097
22,8/22/2022,0.27634856,0.48433407,0.69863024
22,8/29/2022,0.27615411,0.48461420,0.69863639
22,9/5/2022,0.27595605,0.48486151,0.69860944
22,9/12/2022,0.27575439,0.48507601,0.69854938
22,9/19/2022,0.27554912,0.48525769,0.69845620
22,9/26/2022,0.27534025,0.48540657,0.69832993
22,10/3/2022,0.27512776,0.48552264,0.69817054
22,10/10/2022,0.27491167,0.48560589,0.69797804
22,10/17/2022,0.27469197,0.48565634,0.69775244
22,10/24/2022,0.27446867,0.48567397,0.69749372
22,10/31/2022,0.27424175,0.48565879,0.69720190
22,11/7/2022,0.27401123,0.48561080,0.69687697
22,11/14/2022,0.27377711,0.48553000,0.69651893
22,11/21/2022,0.27353937,0.48541639,0.69612778
22,11/28/2022,0.27329803,0.48526997,0.69570352
22,12/5/2022,0.27305308,0.48509074,0.69524616
22,12/12/2022,0.27280452,0.48487869,0.69475568
22,12/19/2022,0.27255235,0.48463384,0.69423210
22,12/26/2022,0.27229658,0.48435617,0.69367541
22,1/2/2023,0.27203720,0.48404569,0.69308561
22,1/9/2023,0.27177421,0.48370240,0.69246270
22,1/16/2023,0.27150762,0.48332630,0.69180668
22,1/23/2023,0.27123742,0.48291739,0.69111756
22,1/30/2023,0.27096361,0.48247567,0.69039532
22,2/6/2023,0.27068619,0.48200114,0.68963998
22,2/13/2023,0.27040517,0.48149380,0.68885153
22,2/20/2023,0.27012054,0.48095364,0.68802997
22,2/27/2023,0.26983230,0.48038067,0.68717530
22,3/6/2023,0.26954045,0.47977490,0.68628752
22,3/13/2023,0.26924500,0.47913631,0.68536663
22,3/20/2023,0.26894594,0.47846491,0.68441264
22,3/27/2023,0.26864327,0.47776070,0.68342553
22,4/3/2023,0.26833699,0.47702368,0.68240532
22,4/10/2023,0.26802711,0.47625384,0.68135200
22,4/17/2023,0.26771362,0.47545120,0.68026557
22,4/24/2023,0.26739652,0.47461575,0.67914603
22,5/1/2023,0.26707581,0.47374748,0.67799339
22,5/8/2023,0.26675150,0.47284640,0.67680763
22,5/15/2023,0.26642358,0.47191252,0.67558877
22,5/22/2023,0.26609205,0.47094582,0.67433680
22,5/29/2023,0.26575692,0.46994631,0.67305171
22,6/5/2023,0.26541818,0.46891398,0.67173352
22,6/12/2023,0.26507583,0.46784885,0.67038223
22,6/19/2023,0.26472987,0.46675091,0.66899782
22,6/26/2023,0.26438031,0.46562016,0.66758030
22,7/3/2023,0.26402715,0.46445675,0.66612984
22,7/10/2023,0.26367195,0.46327553,0.66466124
22,7/17/2023,0.26331743,0.46210269,0.66320066
22,7/24/2023,0.26296385,0.46094085,0.66175074
22,7/31/2023,0.26261124,0.45979003,0.66031147
22,8/7/2023,0.26225957,0.45865023,0.65888285
22,8/14/2023,0.26190886,0.45752143,0.65746489
22,8/21/2023,0.26155909,0.45640365,0.65605758
22,8/28/2023,0.26121029,0.45529687,0.65466092
22,9/4/2023,0.26086243,0.45420111,0.65327491
22,9/11/2023,0.26051553,0.45311636,0.65189956
22,9/18/2023,0.26016958,0.45204263,0.65053486
22,9/25/2023,0.25982458,0.45097990,0.64918082
22,10/2/2023,0.25948053,0.44992819,0.64783742
22,10/9/2023,0.25913744,0.44888749,0.64650468
22,10/16/2023,0.25879530,0.44785780,0.64518259
22,10/23/2023,0.25845411,0.44683913,0.64387116
22,10/30/2023,0.25811388,0.44583146,0.64257038
22,11/6/2023,0.25777459,0.44483481,0.64128025
22,11/13/2023,0.25743626,0.44384917,0.64000078
22,11/20/2023,0.25709889,0.44287454,0.63873195
22,11/27/2023,0.25676246,0.44191092,0.63747379
22,12/4/2023,0.25642699,0.44095832,0.63622627
22,12/11/2023,0.25609247,0.44001672,0.63498941
22,12/18/2023,0.25575890,0.43908614,0.63376320
22,12/25/2023,0.25542629,0.43816657,0.63254764
22,1/1/2024,0.25509462,0.43725801,0.63134274
22,1/8/2024,0.25476391,0.43636047,0.63014849
22,1/15/2024,0.25443416,0.43547394,0.62896489
22,1/22/2024,0.25410535,0.43459841,0.62779194
22,1/29/2024,0.25377750,0.43373390,0.62662965
22,2/5/2024,0.25345060,0.43288041,0.62547801
22,2/12/2024,0.25312466,0.43203792,0.62433703
22,2/19/2024,0.25279966,0.43120645,0.62320669
22,2/26/2024,0.25247562,0.43038598,0.62208702
22,3/4/2024,0.25215253,0.42957653,0.62097799
22,3/11/2024,0.25183039,0.42877810,0.61987962
22,3/18/2024,0.25150921,0.42799067,0.61879190
22,3/25/2024,0.25118898,0.42721426,0.61771483
22,4/1/2024,0.25086970,0.42644885,0.61664841
22,4/8/2024,0.25055137,0.42569446,0.61559265
22,4/15/2024,0.25023400,0.42495109,0.61454754
22,4/22/2024,0.24991758,0.42421872,0.61351309
22,4/29/2024,0.24960211,0.42349736,0.61248929
22,5/6/2024,0.24928759,0.42278702,0.61147614
22,5/13/2024,0.24897403,0.42208769,0.61047364
22,5/20/2024,0.24866142,0.42139937,0.60948180
22,5/27/2024,0.24834976,0.42072207,0.60850061
22,6/3/2024,0.24803906,0.42005577,0.60753007
22,6/10/2024,0.24772930,0.41940049,0.60657019
22,6/17/2024,0.24742050,0.41875622,0.60562096
22,6/24/2024,0.24711265,0.41812296,0.60468238
22,7/1/2024,0.24680576,0.41750071,0.60375445
22,7/8/2024,0.24649982,0.41688947,0.60283718
22,7/15/2024,0.24619483,0.41628925,0.60193056
22,7/22/2024,0.24589079,0.41570004,0.60103460
22,7/29/2024,0.24558770,0.41512184,0.60014928
22,8/5/2024,0.24528557,0.41455465,0.59927462
22,8/12/2024,0.24498439,0.41399848,0.59841062
22,8/19/2024,0.24468416,0.41345331,0.59755726
22,8/26/2024,0.24438489,0.41291916,0.59671456
22,9/2/2024,0.24408657,0.41239602,0.59588252
22,9/9/2024,0.24378920,0.41188389,0.59506112
22,9/16/2024,0.24349278,0.41138278,0.59425038
22,9/23/2024,0.24319731,0.41089267,0.59345029
22,9/30/2024,0.24290280,0.41041358,0.59266086
22,10/7/2024,0.24260924,0.40994550,0.59188207
22,10/14/2024,0.24231663,0.40948843,0.59111394
22,10/21/2024,0.24202498,0.40904238,0.59035647
22,10/28/2024,0.24173428,0.40860733,0.58960964
22,11/4/2024,0.24144453,0.40818330,0.58887347
22,11/11/2024,0.24115573,0.40777028,0.58814796
22,11/18/2024,0.24086789,0.40736827,0.58743309
22,11/25/2024,0.24058100,0.40697727,0.58672888
22,12/2/2024,0.24029506,0.40659729,0.58603532
22,12/9/2024,0.24001007,0.40622832,0.58535242
22,12/16/2024,0.23972604,0.40587036,0.58468017
22,12/23/2024,0.23944296,0.40552341,0.58401857
22,12/30/2024,0.23916083,0.40518747,0.58336762
23,3/1/2021,0.34736708,0.56155276,0.76592695
23,3/8/2021,0.34555517,0.55876765,0.76374445
23,3/15/2021,0.34376690,0.55603011,0.76159694
23,3/22/2021,0.34200226,0.55334013,0.75948442
23,3/29/2021,0.34026125,0.55069771,0.75740690
23,4/5/2021,0.33854388,0.54810286,0.75536437
23,4/12/2021,0.33685014,0.54555556,0.75335684
23,4/19/2021,0.33518003,0.54305583,0.75138430
23,4/26/2021,0.33353356,0.54060366,0.74944676
23,5/3/2021,0.33191073,0.53819906,0.74754421
23,5/10/2021,0.33031153,0.53584201,0.74567665
23,5/17/2021,0.32873596,0.53353253,0.74384409
23,5/24/2021,0.32718402,0.53127061,0.74204652
23,5/31/2021,0.32565572,0.52905625,0.74028395
23,6/7/2021,0.32415106,0.52688945,0.73855637
23,6/14/2021,0.32267003,0.52477022,0.73686379
23,6/21/2021,0.32121263,0.52269854,0.73520620
23,6/28/2021,0.31977887,0.52067443,0.73358361
23,7/5/2021,0.31836874,0.51869789,0.73199601
23,7/12/2021,0.31698224,0.51676890,0.73044340
23,7/19/2021,0.31561938,0.51488748,0.72892579
23,7/26/2021,0.31428016,0.51305361,0.72744317
23,8/2/2021,0.31296456,0.51126731,0.72599555
23,8/9/2021,0.31167261,0.50952858,0.72458292
23,8/16/2021,0.31040428,0.50783740,0.72320529
23,8/23/2021,0.30915959,0.50619379,0.72186265
23,8/30/2021,0.30793854,0.50459774,0.72055500
23,9/6/2021,0.30674111,0.50304925,0.71928235
23,9/13/2021,0.30556733,0.50154832,0.71804469
23,9/20/2021,0.30441717,0.50009496,0.71684203
23,9/27/2021,0.30329065,0.49868915,0.71567436
23,10/4/2021,0.30218777,0.49733091,0.71454169
23,10/11/2021,0.30110852,0.49602023,0.71344401
23,10/18/2021,0.30005290,0.49475712,0.71238133
23,10/25/2021,0.29902092,0.49354156,0.71135364
23,11/1/2021,0.29801257,0.49237357,0.71036094
23,11/8/2021,0.29702785,0.49125314,0.70940324
23,11/15/2021,0.29606677,0.49018028,0.70848053
23,11/22/2021,0.29512933,0.48915497,0.70759282
23,11/29/2021,0.29421551,0.48817723,0.70674010
23,12/6/2021,0.29332534,0.48724705,0.70592238
23,12/13/2021,0.29245879,0.48636443,0.70513965
23,12/20/2021,0.29161588,0.48552937,0.70439191
23,12/27/2021,0.29079661,0.48474187,0.70367917
23,1/3/2022,0.29000096,0.48400194,0.70300143
23,1/10/2022,0.28922896,0.48330957,0.70235868
23,1/17/2022,0.28848058,0.48266476,0.70175092
23,1/24/2022,0.28775584,0.48206752,0.70117816
23,1/31/2022,0.28705474,0.48151783,0.70064039
23,2/7/2022,0.28637727,0.48101571,0.70013761
23,2/14/2022,0.28572343,0.48056115,0.69966983
23,2/21/2022,0.28509323,0.48015415,0.69923705
23,2/28/2022,0.28448666,0.47979472,0.69883926
23,3/7/2022,0.28390373,0.47948284,0.69847646
23,3/14/2022,0.28334442,0.47921853,0.69814866
23,3/21/2022,0.28280876,0.47900178,0.69785585
23,3/28/2022,0.28229673,0.47883259,0.69759804
23,4/4/2022,0.28180833,0.47871097,0.69737522
23,4/11/2022,0.28134356,0.47863691,0.69718739
23,4/18/2022,0.28090243,0.47861041,0.69703456
23,4/25/2022,0.28048494,0.47863147,0.69691673
23,5/2/2022,0.28009108,0.47870009,0.69683389
23,5/9/2022,0.27972085,0.47881628,0.69678604
23,5/16/2022,0.27937426,0.47898002,0.69677319
23,5/23/2022,0.27905130,0.47919133,0.69679533
23,5/30/2022,0.27875197,0.47945021,0.69685246
23,6/6/2022,0.27847628,0.47975664,0.69694460
23,6/13/2022,0.27822422,0.48011064,0.69707172
23,6/20/2022,0.27799580,0.48051220,0.69723384
23,6/27/2022,0.27779101,0.48096132,0.69743095
23,7/4/2022,0.27760951,0.48145697,0.69766219
23,7/11/2022,0.27743948,0.48196431,0.69789802
23,7/18/2022,0.27726668,0.48244130,0.69810283
23,7/25/2022,0.27709027,0.48288548,0.69827453
23,8/1/2022,0.27691025,0.48329684,0.69841312
23,8/8/2022,0.27672663,0.48367540,0.69851860
23,8/15/2022,0.27653940,0.48402114,0.69859097
23,8/22/2022,0.27634856,0.48433407,0.69863024
23,8/29/2022,0.27615411,0.48461420,0.69863639
23,9/5/2022,0.27595605,0.48486151,0.69860944
23,9/12/2022,0.27575439,0.48507601,0.69854938
23,9/19/2022,0.27554912,0.48525769,0.69845620
23,9/26/2022,0.27534025,0.48540657,0.69832993
23,10/3/2022,0.27512776,0.48552264,0.69817054
23,10/10/2022,0.27491167,0.48560589,0.69797804
23,10/17/2022,0.27469197,0.48565634,0.69775244
23,10/24/2022,0.27446867,0.48567397,0.69749372
23,10/31/2022,0.27424175,0.48565879,0.69720190
23,11/7/2022,0.27401123,0.48561080,0.69687697
23,11/14/2022,0.27377711,0.48553000,0.69651893
23,11/21/2022,0.27353937,0.48541639,0.69612778
23,11/28/2022,0.27329803,0.48526997,0.69570352
23,12/5/2022,0.27305308,0.48509074,0.69524616
23,12/12/2022,0.27280452,0.48487869,0.69475568
23,12/19/2022,0.27255235,0.48463384,0.69423210
23,12/26/2022,0.27229658,0.48435617,0.69367541
23,1/2/2023,0.27203720,0.48404569,0.69308561
23,1/9/2023,0.27177421,0.48370240,0.69246270
23,1/16/2023,0.27150762,0.48332630,0.69180668
23,1/23/2023,0.27123742,0.48291739,0.69111756
23,1/30/2023,0.27096361,0.48247567,0.69039532
23,2/6/2023,0.27068619,0.48200114,0.68963998
23,2/13/2023,0.27040517,0.48149380,0.68885153
23,2/20/2023,0.27012054,0.48095364,0.68802997
23,2/27/2023,0.26983230,0.48038067,0.68717530
23,3/6/2023,0.26954045,0.47977490,0.68628752
23,3/13/2023,0.26924500,0.47913631,0.68536663
23,3/20/2023,0.26894594,0.47846491,0.68441264
23,3/27/2023,0.26864327,0.47776070,0.68342553
23,4/3/2023,0.26833699,0.47702368,0.68240532
23,4/10/2023,0.26802711,0.47625384,0.68135200
23,4/17/2023,0.26771362,0.47545120,0.68026557
23,4/24/2023,0.26739652,0.47461575,0.67914603
23,5/1/2023,0.26707581,0.47374748,0.67799339
23,5/8/2023,0.26675150,0.47284640,0.67680763
23,5/15/2023,0.26642358,0.47191252,0.67558877
23,5/22/2023,0.26609205,0.47094582,0.67433680
23,5/29/2023,0.26575692,0.46994631,0.67305171
23,6/5/2023,0.26541818,0.46891398,0.67173352
23,6/12/2023,0.26507583,0.46784885,0.67038223
23,6/19/2023,0.26472987,0.46675091,0.66899782
23,6/26/2023,0.26438031,0.46562016,0.66758030
23,7/3/2023,0.26402715,0.46445675,0.66612984
23,7/10/2023,0.26367195,0.46327553,0.66466124
23,7/17/2023,0.26331743,0.46210269,0.66320066
23,7/24/2023,0.26296385,0.46094085,0.66175074
23,7/31/2023,0.26261124,0.45979003,0.66031147
23,8/7/2023,0.26225957,0.45865023,0.65888285
23,8/14/2023,0.26190886,0.45752143,0.65746489
23,8/21/2023,0.26155909,0.45640365,0.65605758
23,8/28/2023,0.26121029,0.45529687,0.65466092
23,9/4/2023,0.26086243,0.45420111,0.65327491
23,9/11/2023,0.26051553,0.45311636,0.65189956
23,9/18/2023,0.26016958,0.45204263,0.65053486
23,9/25/2023,0.25982458,0.45097990,0.64918082
23,10/2/2023,0.25948053,0.44992819,0.64783742
23,10/9/2023,0.25913744,0.44888749,0.64650468
23,10/16/2023,0.25879530,0.44785780,0.64518259
23,10/23/2023,0.25845411,0.44683913,0.64387116
23,10/30/2023,0.25811388,0.44583146,0.64257038
23,11/6/2023,0.25777459,0.44483481,0.64128025
23,11/13/2023,0.25743626,0.44384917,0.64000078
23,11/20/2023,0.25709889,0.44287454,0.63873195
23,11/27/2023,0.25676246,0.44191092,0.63747379
23,12/4/2023,0.25642699,0.44095832,0.63622627
23,12/11/2023,0.25609247,0.44001672,0.63498941
23,12/18/2023,0.25575890,0.43908614,0.63376320
23,12/25/2023,0.25542629,0.43816657,0.63254764
23,1/1/2024,0.25509462,0.43725801,0.63134274
23,1/8/2024,0.25476391,0.43636047,0.63014849
23,1/15/2024,0.25443416,0.43547394,0.62896489
23,1/22/2024,0.25410535,0.43459841,0.62779194
23,1/29/2024,0.25377750,0.43373390,0.62662965
23,2/5/2024,0.25345060,0.43288041,0.62547801
23,2/12/2024,0.25312466,0.43203792,0.62433703
23,2/19/2024,0.25279966,0.43120645,0.62320669
23,2/26/2024,0.25247562,0.43038598,0.62208702
23,3/4/2024,0.25215253,0.42957653,0.62097799
23,3/11/2024,0.25183039,0.42877810,0.61987962
23,3/18/2024,0.25150921,0.42799067,0.61879190
23,3/25/2024,0.25118898,0.42721426,0.61771483
23,4/1/2024,0.25086970,0.42644885,0.61664841
23,4/8/2024,0.25055137,0.42569446,0.61559265
23,4/15/2024,0.25023400,0.42495109,0.61454754
23,4/22/2024,0.24991758,0.42421872,0.61351309
23,4/29/2024,0.24960211,0.42349736,0.61248929
23,5/6/2024,0.24928759,0.42278702,0.61147614
23,5/13/2024,0.24897403,0.42208769,0.61047364
23,5/20/2024,0.24866142,0.42139937,0.60948180
23,5/27/2024,0.24834976,0.42072207,0.60850061
23,6/3/2024,0.24803906,0.42005577,0.60753007
23,6/10/2024,0.24772930,0.41940049,0.60657019
23,6/17/2024,0.24742050,0.41875622,0.60562096
23,6/24/2024,0.24711265,0.41812296,0.60468238
23,7/1/2024,0.24680576,0.41750071,0.60375445
23,7/8/2024,0.24649982,0.41688947,0.60283718
23,7/15/2024,0.24619483,0.41628925,0.60193056
23,7/22/2024,0.24589079,0.41570004,0.60103460
23,7/29/2024,0.24558770,0.41512184,0.60014928
23,8/5/2024,0.24528557,0.41455465,0.59927462
23,8/12/2024,0.24498439,0.41399848,0.59841062
23,8/19/2024,0.24468416,0.41345331,0.59755726
23,8/26/2024,0.24438489,0.41291916,0.59671456
23,9/2/2024,0.24408657,0.41239602,0.59588252
23,9/9/2024,0.24378920,0.41188389,0.59506112
23,9/16/2024,0.24349278,0.41138278,0.59425038
23,9/23/2024,0.24319731,0.41089267,0.59345029
23,9/30/2024,0.24290280,0.41041358,0.59266086
23,10/7/2024,0.24260924,0.40994550,0.59188207
23,10/14/2024,0.24231663,0.40948843,0.59111394
23,10/21/2024,0.24202498,0.40904238,0.59035647
23,10/28/2024,0.24173428,0.40860733,0.58960964
23,11/4/2024,0.24144453,0.40818330,0.58887347
23,11/11/2024,0.24115573,0.40777028,0.58814796
23,11/18/2024,0.24086789,0.40736827,0.58743309
23,11/25/2024,0.24058100,0.40697727,0.58672888
23,12/2/2024,0.24029506,0.40659729,0.58603532
23,12/9/2024,0.24001007,0.40622832,0.58535242
23,12/16/2024,0.23972604,0.40587036,0.58468017
23,12/23/2024,0.23944296,0.40552341,0.58401857
23,12/30/2024,0.23916083,0.40518747,0.58336762
24,3/1/2021,0.34736708,0.56155276,0.76592695
24,3/8/2021,0.34555517,0.55876765,0.76374445
24,3/15/2021,0.34376690,0.55603011,0.76159694
24,3/22/2021,0.34200226,0.55334013,0.75948442
24,3/29/2021,0.34026125,0.55069771,0.75740690
24,4/5/2021,0.33854388,0.54810286,0.75536437
24,4/12/2021,0.33685014,0.54555556,0.75335684
24,4/19/2021,0.33518003,0.54305583,0.75138430
24,4/26/2021,0.33353356,0.54060366,0.74944676
24,5/3/2021,0.33191073,0.53819906,0.74754421
24,5/10/2021,0.33031153,0.53584201,0.74567665
24,5/17/2021,0.32873596,0.53353253,0.74384409
24,5/24/2021,0.32718402,0.53127061,0.74204652
24,5/31/2021,0.32565572,0.52905625,0.74028395
24,6/7/2021,0.32415106,0.52688945,0.73855637
24,6/14/2021,0.32267003,0.52477022,0.73686379
24,6/21/2021,0.32121263,0.52269854,0.73520620
24,6/28/2021,0.31977887,0.52067443,0.73358361
24,7/5/2021,0.31836874,0.51869789,0.73199601
24,7/12/2021,0.31698224,0.51676890,0.73044340
24,7/19/2021,0.31561938,0.51488748,0.72892579
24,7/26/2021,0.31428016,0.51305361,0.72744317
24,8/2/2021,0.31296456,0.51126731,0.72599555
24,8/9/2021,0.31167261,0.50952858,0.72458292
24,8/16/2021,0.31040428,0.50783740,0.72320529
24,8/23/2021,0.30915959,0.50619379,0.72186265
24,8/30/2021,0.30793854,0.50459774,0.72055500
24,9/6/2021,0.30674111,0.50304925,0.71928235
24,9/13/2021,0.30556733,0.50154832,0.71804469
24,9/20/2021,0.30441717,0.50009496,0.71684203
24,9/27/2021,0.30329065,0.49868915,0.71567436
24,10/4/2021,0.30218777,0.49733091,0.71454169
24,10/11/2021,0.30110852,0.49602023,0.71344401
24,10/18/2021,0.30005290,0.49475712,0.71238133
24,10/25/2021,0.29902092,0.49354156,0.71135364
24,11/1/2021,0.29801257,0.49237357,0.71036094
24,11/8/2021,0.29702785,0.49125314,0.70940324
24,11/15/2021,0.29606677,0.49018028,0.70848053
24,11/22/2021,0.29512933,0.48915497,0.70759282
24,11/29/2021,0.29421551,0.48817723,0.70674010
24,12/6/2021,0.29332534,0.48724705,0.70592238
24,12/13/2021,0.29245879,0.48636443,0.70513965
24,12/20/2021,0.29161588,0.48552937,0.70439191
24,12/27/2021,0.29079661,0.48474187,0.70367917
24,1/3/2022,0.29000096,0.48400194,0.70300143
24,1/10/2022,0.28922896,0.48330957,0.70235868
24,1/17/2022,0.28848058,0.48266476,0.70175092
24,1/24/2022,0.28775584,0.48206752,0.70117816
24,1/31/2022,0.28705474,0.48151783,0.70064039
24,2/7/2022,0.28637727,0.48101571,0.70013761
24,2/14/2022,0.28572343,0.48056115,0.69966983
24,2/21/2022,0.28509323,0.48015415,0.69923705
24,2/28/2022,0.28448666,0.47979472,0.69883926
24,3/7/2022,0.28390373,0.47948284,0.69847646
24,3/14/2022,0.28334442,0.47921853,0.69814866
24,3/21/2022,0.28280876,0.47900178,0.69785585
24,3/28/2022,0.28229673,0.47883259,0.69759804
24,4/4/2022,0.28180833,0.47871097,0.69737522
24,4/11/2022,0.28134356,0.47863691,0.69718739
24,4/18/2022,0.28090243,0.47861041,0.69703456
24,4/25/2022,0.28048494,0.47863147,0.69691673
24,5/2/2022,0.28009108,0.47870009,0.69683389
24,5/9/2022,0.27972085,0.47881628,0.69678604
24,5/16/2022,0.27937426,0.47898002,0.69677319
24,5/23/2022,0.27905130,0.47919133,0.69679533
24,5/30/2022,0.27875197,0.47945021,0.69685246
24,6/6/2022,0.27847628,0.47975664,0.69694460
24,6/13/2022,0.27822422,0.48011064,0.69707172
24,6/20/2022,0.27799580,0.48051220,0.69723384
24,6/27/2022,0.27779101,0.48096132,0.69743095
24,7/4/2022,0.27760951,0.48145697,0.69766219
24,7/11/2022,0.27743948,0.48196431,0.69789802
24,7/18/2022,0.27726668,0.48244130,0.69810283
24,7/25/2022,0.27709027,0.48288548,0.69827453
24,8/1/2022,0.27691025,0.48329684,0.69841312
24,8/8/2022,0.27672663,0.48367540,0.69851860
24,8/15/2022,0.27653940,0.48402114,0.69859097
24,8/22/2022,0.27634856,0.48433407,0.69863024
24,8/29/2022,0.27615411,0.48461420,0.69863639
24,9/5/2022,0.27595605,0.48486151,0.69860944
24,9/12/2022,0.27575439,0.48507601,0.69854938
24,9/19/2022,0.27554912,0.48525769,0.69845620
24,9/26/2022,0.27534025,0.48540657,0.69832993
24,10/3/2022,0.27512776,0.48552264,0.69817054
24,10/10/2022,0.27491167,0.48560589,0.69797804
24,10/17/2022,0.27469197,0.48565634,0.69775244
24,10/24/2022,0.27446867,0.48567397,0.69749372
24,10/31/2022,0.27424175,0.48565879,0.69720190
24,11/7/2022,0.27401123,0.48561080,0.69687697
24,11/14/2022,0.27377711,0.48553000,0.69651893
24,11/21/2022,0.27353937,0.48541639,0.69612778
24,11/28/2022,0.27329803,0.48526997,0.69570352
24,12/5/2022,0.27305308,0.48509074,0.69524616
24,12/12/2022,0.27280452,0.48487869,0.69475568
24,12/19/2022,0.27255235,0.48463384,0.69423210
24,12/26/2022,0.27229658,0.48435617,0.69367541
24,1/2/2023,0.27203720,0.48404569,0.69308561
24,1/9/2023,0.27177421,0.48370240,0.69246270
24,1/16/2023,0.27150762,0.48332630,0.69180668
24,1/23/2023,0.27123742,0.48291739,0.69111756
24,1/30/2023,0.27096361,0.48247567,0.69039532
24,2/6/2023,0.27068619,0.48200114,0.68963998
24,2/13/2023,0.27040517,0.48149380,0.68885153
24,2/20/2023,0.27012054,0.48095364,0.68802997
24,2/27/2023,0.26983230,0.48038067,0.68717530
24,3/6/2023,0.26954045,0.47977490,0.68628752
24,3/13/2023,0.26924500,0.47913631,0.68536663
24,3/20/2023,0.26894594,0.47846491,0.68441264
24,3/27/2023,0.26864327,0.47776070,0.68342553
24,4/3/2023,0.26833699,0.47702368,0.68240532
24,4/10/2023,0.26802711,0.47625384,0.68135200
24,4/17/2023,0.26771362,0.47545120,0.68026557
24,4/24/2023,0.26739652,0.47461575,0.67914603
24,5/1/2023,0.26707581,0.47374748,0.67799339
24,5/8/2023,0.26675150,0.47284640,0.67680763
24,5/15/2023,0.26642358,0.47191252,0.67558877
24,5/22/2023,0.26609205,0.47094582,0.67433680
24,5/29/2023,0.26575692,0.46994631,0.67305171
24,6/5/2023,0.26541818,0.46891398,0.67173352
24,6/12/2023,0.26507583,0.46784885,0.67038223
24,6/19/2023,0.26472987,0.46675091,0.66899782
24,6/26/2023,0.26438031,0.46562016,0.66758030
24,7/3/2023,0.26402715,0.46445675,0.66612984
24,7/10/2023,0.26367195,0.46327553,0.66466124
24,7/17/2023,0.26331743,0.46210269,0.66320066
24,7/24/2023,0.26296385,0.46094085,0.66175074
24,7/31/2023,0.26261124,0.45979003,0.66031147
24,8/7/2023,0.26225957,0.45865023,0.65888285
24,8/14/2023,0.26190886,0.45752143,0.65746489
24,8/21/2023,0.26155909,0.45640365,0.65605758
24,8/28/2023,0.26121029,0.45529687,0.65466092
24,9/4/2023,0.26086243,0.45420111,0.65327491
24,9/11/2023,0.26051553,0.45311636,0.65189956
24,9/18/2023,0.26016958,0.45204263,0.65053486
24,9/25/2023,0.25982458,0.45097990,0.64918082
24,10/2/2023,0.25948053,0.44992819,0.64783742
24,10/9/2023,0.25913744,0.44888749,0.64650468
24,10/16/2023,0.25879530,0.44785780,0.64518259
24,10/23/2023,0.25845411,0.44683913,0.64387116
24,10/30/2023,0.25811388,0.44583146,0.64257038
24,11/6/2023,0.25777459,0.44483481,0.64128025
24,11/13/2023,0.25743626,0.44384917,0.64000078
24,11/20/2023,0.25709889,0.44287454,0.63873195
24,11/27/2023,0.25676246,0.44191092,0.63747379
24,12/4/2023,0.25642699,0.44095832,0.63622627
24,12/11/2023,0.25609247,0.44001672,0.63498941
24,12/18/2023,0.25575890,0.43908614,0.63376320
24,12/25/2023,0.25542629,0.43816657,0.63254764
24,1/1/2024,0.25509462,0.43725801,0.63134274
24,1/8/2024,0.25476391,0.43636047,0.63014849
24,1/15/2024,0.25443416,0.43547394,0.62896489
24,1/22/2024,0.25410535,0.43459841,0.62779194
24,1/29/2024,0.25377750,0.43373390,0.62662965
24,2/5/2024,0.25345060,0.43288041,0.62547801
24,2/12/2024,0.25312466,0.43203792,0.62433703
24,2/19/2024,0.25279966,0.43120645,0.62320669
24,2/26/2024,0.25247562,0.43038598,0.62208702
24,3/4/2024,0.25215253,0.42957653,0.62097799
24,3/11/2024,0.25183039,0.42877810,0.61987962
24,3/18/2024,0.25150921,0.42799067,0.61879190
24,3/25/2024,0.25118898,0.42721426,0.61771483
24,4/1/2024,0.25086970,0.42644885,0.61664841
24,4/8/2024,0.25055137,0.42569446,0.61559265
24,4/15/2024,0.25023400,0.42495109,0.61454754
24,4/22/2024,0.24991758,0.42421872,0.61351309
24,4/29/2024,0.24960211,0.42349736,0.61248929
24,5/6/2024,0.24928759,0.42278702,0.61147614
24,5/13/2024,0.24897403,0.42208769,0.61047364
24,5/20/2024,0.24866142,0.42139937,0.60948180
24,5/27/2024,0.24834976,0.42072207,0.60850061
24,6/3/2024,0.24803906,0.42005577,0.60753007
24,6/10/2024,0.24772930,0.41940049,0.60657019
24,6/17/2024,0.24742050,0.41875622,0.60562096
24,6/24/2024,0.24711265,0.41812296,0.60468238
24,7/1/2024,0.24680576,0.41750071,0.60375445
24,7/8/2024,0.24649982,0.41688947,0.60283718
24,7/15/2024,0.24619483,0.41628925,0.60193056
24,7/22/2024,0.24589079,0.41570004,0.60103460
24,7/29/2024,0.24558770,0.41512184,0.60014928
24,8/5/2024,0.24528557,0.41455465,0.59927462
24,8/12/2024,0.24498439,0.41399848,0.59841062
24,8/19/2024,0.24468416,0.41345331,0.59755726
24,8/26/2024,0.24438489,0.41291916,0.59671456
24,9/2/2024,0.24408657,0.41239602,0.59588252
24,9/9/2024,0.24378920,0.41188389,0.59506112
24,9/16/2024,0.24349278,0.41138278,0.59425038
24,9/23/2024,0.24319731,0.41089267,0.59345029
24,9/30/2024,0.24290280,0.41041358,0.59266086
24,10/7/2024,0.24260924,0.40994550,0.59188207
24,10/14/2024,0.24231663,0.40948843,0.59111394
24,10/21/2024,0.24202498,0.40904238,0.59035647
24,10/28/2024,0.24173428,0.40860733,0.58960964
24,11/4/2024,0.24144453,0.40818330,0.58887347
24,11/11/2024,0.24115573,0.40777028,0.58814796
24,11/18/2024,0.24086789,0.40736827,0.58743309
24,11/25/2024,0.24058100,0.40697727,0.58672888
24,12/2/2024,0.24029506,0.40659729,0.58603532
24,12/9/2024,0.24001007,0.40622832,0.58535242
24,12/16/2024,0.23972604,0.40587036,0.58468017
24,12/23/2024,0.23944296,0.40552341,0.58401857
24,12/30/2024,0.23916083,0.40518747,0.58336762
25,3/1/2021,0.34736708,0.56155276,0.76592695
25,3/8/2021,0.34555517,0.55876765,0.76374445
25,3/15/2021,0.34376690,0.55603011,0.76159694
25,3/22/2021,0.34200226,0.55334013,0.75948442
25,3/29/2021,0.34026125,0.55069771,0.75740690
25,4/5/2021,0.33854388,0.54810286,0.75536437
25,4/12/2021,0.33685014,0.54555556,0.75335684
25,4/19/2021,0.33518003,0.54305583,0.75138430
25,4/26/2021,0.33353356,0.54060366,0.74944676
25,5/3/2021,0.33191073,0.53819906,0.74754421
25,5/10/2021,0.33031153,0.53584201,0.74567665
25,5/17/2021,0.32873596,0.53353253,0.74384409
25,5/24/2021,0.32718402,0.53127061,0.74204652
25,5/31/2021,0.32565572,0.52905625,0.74028395
25,6/7/2021,0.32415106,0.52688945,0.73855637
25,6/14/2021,0.32267003,0.52477022,0.73686379
25,6/21/2021,0.32121263,0.52269854,0.73520620
25,6/28/2021,0.31977887,0.52067443,0.73358361
25,7/5/2021,0.31836874,0.51869789,0.73199601
25,7/12/2021,0.31698224,0.51676890,0.73044340
25,7/19/2021,0.31561938,0.51488748,0.72892579
25,7/26/2021,0.31428016,0.51305361,0.72744317
25,8/2/2021,0.31296456,0.51126731,0.72599555
25,8/9/2021,0.31167261,0.50952858,0.72458292
25,8/16/2021,0.31040428,0.50783740,0.72320529
25,8/23/2021,0.30915959,0.50619379,0.72186265
25,8/30/2021,0.30793854,0.50459774,0.72055500
25,9/6/2021,0.30674111,0.50304925,0.71928235
25,9/13/2021,0.30556733,0.50154832,0.71804469
25,9/20/2021,0.30441717,0.50009496,0.71684203
25,9/27/2021,0.30329065,0.49868915,0.71567436
25,10/4/2021,0.30218777,0.49733091,0.71454169
25,10/11/2021,0.30110852,0.49602023,0.71344401
25,10/18/2021,0.30005290,0.49475712,0.71238133
25,10/25/2021,0.29902092,0.49354156,0.71135364
25,11/1/2021,0.29801257,0.49237357,0.71036094
25,11/8/2021,0.29702785,0.49125314,0.70940324
25,11/15/2021,0.29606677,0.49018028,0.70848053
25,11/22/2021,0.29512933,0.48915497,0.70759282
25,11/29/2021,0.29421551,0.48817723,0.70674010
25,12/6/2021,0.29332534,0.48724705,0.70592238
25,12/13/2021,0.29245879,0.48636443,0.70513965
25,12/20/2021,0.29161588,0.48552937,0.70439191
25,12/27/2021,0.29079661,0.48474187,0.70367917
25,1/3/2022,0.29000096,0.48400194,0.70300143
25,1/10/2022,0.28922896,0.48330957,0.70235868
25,1/17/2022,0.28848058,0.48266476,0.70175092
25,1/24/2022,0.28775584,0.48206752,0.70117816
25,1/31/2022,0.28705474,0.48151783,0.70064039
25,2/7/2022,0.28637727,0.48101571,0.70013761
25,2/14/2022,0.28572343,0.48056115,0.69966983
25,2/21/2022,0.28509323,0.48015415,0.69923705
25,2/28/2022,0.28448666,0.47979472,0.69883926
25,3/7/2022,0.28390373,0.47948284,0.69847646
25,3/14/2022,0.28334442,0.47921853,0.69814866
25,3/21/2022,0.28280876,0.47900178,0.69785585
25,3/28/2022,0.28229673,0.47883259,0.69759804
25,4/4/2022,0.28180833,0.47871097,0.69737522
25,4/11/2022,0.28134356,0.47863691,0.69718739
25,4/18/2022,0.28090243,0.47861041,0.69703456
25,4/25/2022,0.28048494,0.47863147,0.69691673
25,5/2/2022,0.28009108,0.47870009,0.69683389
25,5/9/2022,0.27972085,0.47881628,0.69678604
25,5/16/2022,0.27937426,0.47898002,0.69677319
25,5/23/2022,0.27905130,0.47919133,0.69679533
25,5/30/2022,0.27875197,0.47945021,0.69685246
25,6/6/2022,0.27847628,0.47975664,0.69694460
25,6/13/2022,0.27822422,0.48011064,0.69707172
25,6/20/2022,0.27799580,0.48051220,0.69723384
25,6/27/2022,0.27779101,0.48096132,0.69743095
25,7/4/2022,0.27760951,0.48145697,0.69766219
25,7/11/2022,0.27743948,0.48196431,0.69789802
25,7/18/2022,0.27726668,0.48244130,0.69810283
25,7/25/2022,0.27709027,0.48288548,0.69827453
25,8/1/2022,0.27691025,0.48329684,0.69841312
25,8/8/2022,0.27672663,0.48367540,0.69851860
25,8/15/2022,0.27653940,0.48402114,0.69859097
25,8/22/2022,0.27634856,0.48433407,0.69863024
25,8/29/2022,0.27615411,0.48461420,0.69863639
25,9/5/2022,0.27595605,0.48486151,0.69860944
25,9/12/2022,0.27575439,0.48507601,0.69854938
25,9/19/2022,0.27554912,0.48525769,0.69845620
25,9/26/2022,0.27534025,0.48540657,0.69832993
25,10/3/2022,0.27512776,0.48552264,0.69817054
25,10/10/2022,0.27491167,0.48560589,0.69797804
25,10/17/2022,0.27469197,0.48565634,0.69775244
25,10/24/2022,0.27446867,0.48567397,0.69749372
25,10/31/2022,0.27424175,0.48565879,0.69720190
25,11/7/2022,0.27401123,0.48561080,0.69687697
25,11/14/2022,0.27377711,0.48553000,0.69651893
25,11/21/2022,0.27353937,0.48541639,0.69612778
25,11/28/2022,0.27329803,0.48526997,0.69570352
25,12/5/2022,0.27305308,0.48509074,0.69524616
25,12/12/2022,0.27280452,0.48487869,0.69475568
25,12/19/2022,0.27255235,0.48463384,0.69423210
25,12/26/2022,0.27229658,0.48435617,0.69367541
25,1/2/2023,0.27203720,0.48404569,0.69308561
25,1/9/2023,0.27177421,0.48370240,0.69246270
25,1/16/2023,0.27150762,0.48332630,0.69180668
25,1/23/2023,0.27123742,0.48291739,0.69111756
25,1/30/2023,0.27096361,0.48247567,0.69039532
25,2/6/2023,0.27068619,0.48200114,0.68963998
25,2/13/2023,0.27040517,0.48149380,0.68885153
25,2/20/2023,0.27012054,0.48095364,0.68802997
25,2/27/2023,0.26983230,0.48038067,0.68717530
25,3/6/2023,0.26954045,0.47977490,0.68628752
25,3/13/2023,0.26924500,0.47913631,0.68536663
25,3/20/2023,0.26894594,0.47846491,0.68441264
25,3/27/2023,0.26864327,0.47776070,0.68342553
25,4/3/2023,0.26833699,0.47702368,0.68240532
25,4/10/2023,0.26802711,0.47625384,0.68135200
25,4/17/2023,0.26771362,0.47545120,0.68026557
25,4/24/2023,0.26739652,0.47461575,0.67914603
25,5/1/2023,0.26707581,0.47374748,0.67799339
25,5/8/2023,0.26675150,0.47284640,0.67680763
25,5/15/2023,0.26642358,0.47191252,0.67558877
25,5/22/2023,0.26609205,0.47094582,0.67433680
25,5/29/2023,0.26575692,0.46994631,0.67305171
25,6/5/2023,0.26541818,0.46891398,0.67173352
25,6/12/2023,0.26507583,0.46784885,0.67038223
25,6/19/2023,0.26472987,0.46675091,0.66899782
25,6/26/2023,0.26438031,0.46562016,0.66758030
25,7/3/2023,0.26402715,0.46445675,0.66612984
25,7/10/2023,0.26367195,0.46327553,0.66466124
25,7/17/2023,0.26331743,0.46210269,0.66320066
25,7/24/2023,0.26296385,0.46094085,0.66175074
25,7/31/2023,0.26261124,0.45979003,0.66031147
25,8/7/2023,0.26225957,0.45865023,0.65888285
25,8/14/2023,0.26190886,0.45752143,0.65746489
25,8/21/2023,0.26155909,0.45640365,0.65605758
25,8/28/2023,0.26121029,0.45529687,0.65466092
25,9/4/2023,0.26086243,0.45420111,0.65327491
25,9/11/2023,0.26051553,0.45311636,0.65189956
25,9/18/2023,0.26016958,0.45204263,0.65053486
25,9/25/2023,0.25982458,0.45097990,0.64918082
25,10/2/2023,0.25948053,0.44992819,0.64783742
25,10/9/2023,0.25913744,0.44888749,0.64650468
25,10/16/2023,0.25879530,0.44785780,0.64518259
25,10/23/2023,0.25845411,0.44683913,0.64387116
25,10/30/2023,0.25811388,0.44583146,0.64257038
25,11/6/2023,0.25777459,0.44483481,0.64128025
25,11/13/2023,0.25743626,0.44384917,0.64000078
25,11/20/2023,0.25709889,0.44287454,0.63873195
25,11/27/2023,0.25676246,0.44191092,0.63747379
25,12/4/2023,0.25642699,0.44095832,0.63622627
25,12/11/2023,0.25609247,0.44001672,0.63498941
25,12/18/2023,0.25575890,0.43908614,0.63376320
25,12/25/2023,0.25542629,0.43816657,0.63254764
25,1/1/2024,0.25509462,0.43725801,0.63134274
25,1/8/2024,0.25476391,0.43636047,0.63014849
25,1/15/2024,0.25443416,0.43547394,0.62896489
25,1/22/2024,0.25410535,0.43459841,0.62779194
25,1/29/2024,0.25377750,0.43373390,0.62662965
25,2/5/2024,0.25345060,0.43288041,0.62547801
25,2/12/2024,0.25312466,0.43203792,0.62433703
25,2/19/2024,0.25279966,0.43120645,0.62320669
25,2/26/2024,0.25247562,0.43038598,0.62208702
25,3/4/2024,0.25215253,0.42957653,0.62097799
25,3/11/2024,0.25183039,0.42877810,0.61987962
25,3/18/2024,0.25150921,0.42799067,0.61879190
25,3/25/2024,0.25118898,0.42721426,0.61771483
25,4/1/2024,0.25086970,0.42644885,0.61664841
25,4/8/2024,0.25055137,0.42569446,0.61559265
25,4/15/2024,0.25023400,0.42495109,0.61454754
25,4/22/2024,0.24991758,0.42421872,0.61351309
25,4/29/2024,0.24960211,0.42349736,0.61248929
25,5/6/2024,0.24928759,0.42278702,0.61147614
25,5/13/2024,0.24897403,0.42208769,0.61047364
25,5/20/2024,0.24866142,0.42139937,0.60948180
25,5/27/2024,0.24834976,0.42072207,0.60850061
25,6/3/2024,0.24803906,0.42005577,0.60753007
25,6/10/2024,0.24772930,0.41940049,0.60657019
25,6/17/2024,0.24742050,0.41875622,0.60562096
25,6/24/2024,0.24711265,0.41812296,0.60468238
25,7/1/2024,0.24680576,0.41750071,0.60375445
25,7/8/2024,0.24649982,0.41688947,0.60283718
25,7/15/2024,0.24619483,0.41628925,0.60193056
25,7/22/2024,0.24589079,0.41570004,0.60103460
25,7/29/2024,0.24558770,0.41512184,0.60014928
25,8/5/2024,0.24528557,0.41455465,0.59927462
25,8/12/2024,0.24498439,0.41399848,0.59841062
25,8/19/2024,0.24468416,0.41345331,0.59755726
25,8/26/2024,0.24438489,0.41291916,0.59671456
25,9/2/2024,0.24408657,0.41239602,0.59588252
25,9/9/2024,0.24378920,0.41188389,0.59506112
25,9/16/2024,0.24349278,0.41138278,0.59425038
25,9/23/2024,0.24319731,0.41089267,0.59345029
25,9/30/2024,0.24290280,0.41041358,0.59266086
25,10/7/2024,0.24260924,0.40994550,0.59188207
25,10/14/2024,0.24231663,0.40948843,0.59111394
25,10/21/2024,0.24202498,0.40904238,0.59035647
25,10/28/2024,0.24173428,0.40860733,0.58960964
25,11/4/2024,0.24144453,0.40818330,0.58887347
25,11/11/2024,0.24115573,0.40777028,0.58814796
25,11/18/2024,0.24086789,0.40736827,0.58743309
25,11/25/2024,0.24058100,0.40697727,0.58672888
25,12/2/2024,0.24029506,0.40659729,0.58603532
25,12/9/2024,0.24001007,0.40622832,0.58535242
25,12/16/2024,0.23972604,0.40587036,0.58468017
25,12/23/2024,0.23944296,0.40552341,0.58401857
25,12/30/2024,0.23916083,0.40518747,0.58336762
26,3/1/2021,0.34736708,0.56155276,0.76592695
26,3/8/2021,0.34555517,0.55876765,0.76374445
26,3/15/2021,0.34376690,0.55603011,0.76159694
26,3/22/2021,0.34200226,0.55334013,0.75948442
26,3/29/2021,0.34026125,0.55069771,0.75740690
26,4/5/2021,0.33854388,0.54810286,0.75536437
26,4/12/2021,0.33685014,0.54555556,0.75335684
26,4/19/2021,0.33518003,0.54305583,0.75138430
26,4/26/2021,0.33353356,0.54060366,0.74944676
26,5/3/2021,0.33191073,0.53819906,0.74754421
26,5/10/2021,0.33031153,0.53584201,0.74567665
26,5/17/2021,0.32873596,0.53353253,0.74384409
26,5/24/2021,0.32718402,0.53127061,0.74204652
26,5/31/2021,0.32565572,0.52905625,0.74028395
26,6/7/2021,0.32415106,0.52688945,0.73855637
26,6/14/2021,0.32267003,0.52477022,0.73686379
26,6/21/2021,0.32121263,0.52269854,0.73520620
26,6/28/2021,0.31977887,0.52067443,0.73358361
26,7/5/2021,0.31836874,0.51869789,0.73199601
26,7/12/2021,0.31698224,0.51676890,0.73044340
26,7/19/2021,0.31561938,0.51488748,0.72892579
26,7/26/2021,0.31428016,0.51305361,0.72744317
26,8/2/2021,0.31296456,0.51126731,0.72599555
26,8/9/2021,0.31167261,0.50952858,0.72458292
26,8/16/2021,0.31040428,0.50783740,0.72320529
26,8/23/2021,0.30915959,0.50619379,0.72186265
26,8/30/2021,0.30793854,0.50459774,0.72055500
26,9/6/2021,0.30674111,0.50304925,0.71928235
26,9/13/2021,0.30556733,0.50154832,0.71804469
26,9/20/2021,0.30441717,0.50009496,0.71684203
26,9/27/2021,0.30329065,0.49868915,0.71567436
26,10/4/2021,0.30218777,0.49733091,0.71454169
26,10/11/2021,0.30110852,0.49602023,0.71344401
26,10/18/2021,0.30005290,0.49475712,0.71238133
26,10/25/2021,0.29902092,0.49354156,0.71135364
26,11/1/2021,0.29801257,0.49237357,0.71036094
26,11/8/2021,0.29702785,0.49125314,0.70940324
26,11/15/2021,0.29606677,0.49018028,0.70848053
26,11/22/2021,0.29512933,0.48915497,0.70759282
26,11/29/2021,0.29421551,0.48817723,0.70674010
26,12/6/2021,0.29332534,0.48724705,0.70592238
26,12/13/2021,0.29245879,0.48636443,0.70513965
26,12/20/2021,0.29161588,0.48552937,0.70439191
26,12/27/2021,0.29079661,0.48474187,0.70367917
26,1/3/2022,0.29000096,0.48400194,0.70300143
26,1/10/2022,0.28922896,0.48330957,0.70235868
26,1/17/2022,0.28848058,0.48266476,0.70175092
26,1/24/2022,0.28775584,0.48206752,0.70117816
26,1/31/2022,0.28705474,0.48151783,0.70064039
26,2/7/2022,0.28637727,0.48101571,0.70013761
26,2/14/2022,0.28572343,0.48056115,0.69966983
26,2/21/2022,0.28509323,0.48015415,0.69923705
26,2/28/2022,0.28448666,0.47979472,0.69883926
26,3/7/2022,0.28390373,0.47948284,0.69847646
26,3/14/2022,0.28334442,0.47921853,0.69814866
26,3/21/2022,0.28280876,0.47900178,0.69785585
26,3/28/2022,0.28229673,0.47883259,0.69759804
26,4/4/2022,0.28180833,0.47871097,0.69737522
26,4/11/2022,0.28134356,0.47863691,0.69718739
26,4/18/2022,0.28090243,0.47861041,0.69703456
26,4/25/2022,0.28048494,0.47863147,0.69691673
26,5/2/2022,0.28009108,0.47870009,0.69683389
26,5/9/2022,0.27972085,0.47881628,0.69678604
26,5/16/2022,0.27937426,0.47898002,0.69677319
26,5/23/2022,0.27905130,0.47919133,0.69679533
26,5/30/2022,0.27875197,0.47945021,0.69685246
26,6/6/2022,0.27847628,0.47975664,0.69694460
26,6/13/2022,0.27822422,0.48011064,0.69707172
26,6/20/2022,0.27799580,0.48051220,0.69723384
26,6/27/2022,0.27779101,0.48096132,0.69743095
26,7/4/2022,0.27760951,0.48145697,0.69766219
26,7/11/2022,0.27743948,0.48196431,0.69789802
26,7/18/2022,0.27726668,0.48244130,0.69810283
26,7/25/2022,0.27709027,0.48288548,0.69827453
26,8/1/2022,0.27691025,0.48329684,0.69841312
26,8/8/2022,0.27672663,0.48367540,0.69851860
26,8/15/2022,0.27653940,0.48402114,0.69859097
26,8/22/2022,0.27634856,0.48433407,0.69863024
26,8/29/2022,0.27615411,0.48461420,0.69863639
26,9/5/2022,0.27595605,0.48486151,0.69860944
26,9/12/2022,0.27575439,0.48507601,0.69854938
26,9/19/2022,0.27554912,0.48525769,0.69845620
26,9/26/2022,0.27534025,0.48540657,0.69832993
26,10/3/2022,0.27512776,0.48552264,0.69817054
26,10/10/2022,0.27491167,0.48560589,0.69797804
26,10/17/2022,0.27469197,0.48565634,0.69775244
26,10/24/2022,0.27446867,0.48567397,0.69749372
26,10/31/2022,0.27424175,0.48565879,0.69720190
26,11/7/2022,0.27401123,0.48561080,0.69687697
26,11/14/2022,0.27377711,0.48553000,0.69651893
26,11/21/2022,0.27353937,0.48541639,0.69612778
26,11/28/2022,0.27329803,0.48526997,0.69570352
26,12/5/2022,0.27305308,0.48509074,0.69524616
26,12/12/2022,0.27280452,0.48487869,0.69475568
26,12/19/2022,0.27255235,0.48463384,0.69423210
26,12/26/2022,0.27229658,0.48435617,0.69367541
26,1/2/2023,0.27203720,0.48404569,0.69308561
26,1/9/2023,0.27177421,0.48370240,0.69246270
26,1/16/2023,0.27150762,0.48332630,0.69180668
26,1/23/2023,0.27123742,0.48291739,0.69111756
26,1/30/2023,0.27096361,0.48247567,0.69039532
26,2/6/2023,0.27068619,0.48200114,0.68963998
26,2/13/2023,0.27040517,0.48149380,0.68885153
26,2/20/2023,0.27012054,0.48095364,0.68802997
26,2/27/2023,0.26983230,0.48038067,0.68717530
26,3/6/2023,0.26954045,0.47977490,0.68628752
26,3/13/2023,0.26924500,0.47913631,0.68536663
26,3/20/2023,0.26894594,0.47846491,0.68441264
26,3/27/2023,0.26864327,0.47776070,0.68342553
26,4/3/2023,0.26833699,0.47702368,0.68240532
26,4/10/2023,0.26802711,0.47625384,0.68135200
26,4/17/2023,0.26771362,0.47545120,0.68026557
26,4/24/2023,0.26739652,0.47461575,0.67914603
26,5/1/2023,0.26707581,0.47374748,0.67799339
26,5/8/2023,0.26675150,0.47284640,0.67680763
26,5/15/2023,0.26642358,0.47191252,0.67558877
26,5/22/2023,0.26609205,0.47094582,0.67433680
26,5/29/2023,0.26575692,0.46994631,0.67305171
26,6/5/2023,0.26541818,0.46891398,0.67173352
26,6/12/2023,0.26507583,0.46784885,0.67038223
26,6/19/2023,0.26472987,0.46675091,0.66899782
26,6/26/2023,0.26438031,0.46562016,0.66758030
26,7/3/2023,0.26402715,0.46445675,0.66612984
26,7/10/2023,0.26367195,0.46327553,0.66466124
26,7/17/2023,0.26331743,0.46210269,0.66320066
26,7/24/2023,0.26296385,0.46094085,0.66175074
26,7/31/2023,0.26261124,0.45979003,0.66031147
26,8/7/2023,0.26225957,0.45865023,0.65888285
26,8/14/2023,0.26190886,0.45752143,0.65746489
26,8/21/2023,0.26155909,0.45640365,0.65605758
26,8/28/2023,0.26121029,0.45529687,0.65466092
26,9/4/2023,0.26086243,0.45420111,0.65327491
26,9/11/2023,0.26051553,0.45311636,0.65189956
26,9/18/2023,0.26016958,0.45204263,0.65053486
26,9/25/2023,0.25982458,0.45097990,0.64918082
26,10/2/2023,0.25948053,0.44992819,0.64783742
26,10/9/2023,0.25913744,0.44888749,0.64650468
26,10/16/2023,0.25879530,0.44785780,0.64518259
26,10/23/2023,0.25845411,0.44683913,0.64387116
26,10/30/2023,0.25811388,0.44583146,0.64257038
26,11/6/2023,0.25777459,0.44483481,0.64128025
26,11/13/2023,0.25743626,0.44384917,0.64000078
26,11/20/2023,0.25709889,0.44287454,0.63873195
26,11/27/2023,0.25676246,0.44191092,0.63747379
26,12/4/2023,0.25642699,0.44095832,0.63622627
26,12/11/2023,0.25609247,0.44001672,0.63498941
26,12/18/2023,0.25575890,0.43908614,0.63376320
26,12/25/2023,0.25542629,0.43816657,0.63254764
26,1/1/2024,0.25509462,0.43725801,0.63134274
26,1/8/2024,0.25476391,0.43636047,0.63014849
26,1/15/2024,0.25443416,0.43547394,0.62896489
26,1/22/2024,0.25410535,0.43459841,0.62779194
26,1/29/2024,0.25377750,0.43373390,0.62662965
26,2/5/2024,0.25345060,0.43288041,0.62547801
26,2/12/2024,0.25312466,0.43203792,0.62433703
26,2/19/2024,0.25279966,0.43120645,0.62320669
26,2/26/2024,0.25247562,0.43038598,0.62208702
26,3/4/2024,0.25215253,0.42957653,0.62097799
26,3/11/2024,0.25183039,0.42877810,0.61987962
26,3/18/2024,0.25150921,0.42799067,0.61879190
26,3/25/2024,0.25118898,0.42721426,0.61771483
26,4/1/2024,0.25086970,0.42644885,0.61664841
26,4/8/2024,0.25055137,0.42569446,0.61559265
26,4/15/2024,0.25023400,0.42495109,0.61454754
26,4/22/2024,0.24991758,0.42421872,0.61351309
26,4/29/2024,0.24960211,0.42349736,0.61248929
26,5/6/2024,0.24928759,0.42278702,0.61147614
26,5/13/2024,0.24897403,0.42208769,0.61047364
26,5/20/2024,0.24866142,0.42139937,0.60948180
26,5/27/2024,0.24834976,0.42072207,0.60850061
26,6/3/2024,0.24803906,0.42005577,0.60753007
26,6/10/2024,0.24772930,0.41940049,0.60657019
26,6/17/2024,0.24742050,0.41875622,0.60562096
26,6/24/2024,0.24711265,0.41812296,0.60468238
26,7/1/2024,0.24680576,0.41750071,0.60375445
26,7/8/2024,0.24649982,0.41688947,0.60283718
26,7/15/2024,0.24619483,0.41628925,0.60193056
26,7/22/2024,0.24589079,0.41570004,0.60103460
26,7/29/2024,0.24558770,0.41512184,0.60014928
26,8/5/2024,0.24528557,0.41455465,0.59927462
26,8/12/2024,0.24498439,0.41399848,0.59841062
26,8/19/2024,0.24468416,0.41345331,0.59755726
26,8/26/2024,0.24438489,0.41291916,0.59671456
26,9/2/2024,0.24408657,0.41239602,0.59588252
26,9/9/2024,0.24378920,0.41188389,0.59506112
26,9/16/2024,0.24349278,0.41138278,0.59425038
26,9/23/2024,0.24319731,0.41089267,0.59345029
26,9/30/2024,0.24290280,0.41041358,0.59266086
26,10/7/2024,0.24260924,0.40994550,0.59188207
26,10/14/2024,0.24231663,0.40948843,0.59111394
26,10/21/2024,0.24202498,0.40904238,0.59035647
26,10/28/2024,0.24173428,0.40860733,0.58960964
26,11/4/2024,0.24144453,0.40818330,0.58887347
26,11/11/2024,0.24115573,0.40777028,0.58814796
26,11/18/2024,0.24086789,0.40736827,0.58743309
26,11/25/2024,0.24058100,0.40697727,0.58672888
26,12/2/2024,0.24029506,0.40659729,0.58603532
26,12/9/2024,0.24001007,0.40622832,0.58535242
26,12/16/2024,0.23972604,0.40587036,0.58468017
26,12/23/2024,0.23944296,0.40552341,0.58401857
26,12/30/2024,0.23916083,0.40518747,0.58336762
27,3/1/2021,0.34736708,0.56155276,0.76592695
27,3/8/2021,0.34555517,0.55876765,0.76374445
27,3/15/2021,0.34376690,0.55603011,0.76159694
27,3/22/2021,0.34200226,0.55334013,0.75948442
27,3/29/2021,0.34026125,0.55069771,0.75740690
27,4/5/2021,0.33854388,0.54810286,0.75536437
27,4/12/2021,0.33685014,0.54555556,0.75335684
27,4/19/2021,0.33518003,0.54305583,0.75138430
27,4/26/2021,0.33353356,0.54060366,0.74944676
27,5/3/2021,0.33191073,0.53819906,0.74754421
27,5/10/2021,0.33031153,0.53584201,0.74567665
27,5/17/2021,0.32873596,0.53353253,0.74384409
27,5/24/2021,0.32718402,0.53127061,0.74204652
27,5/31/2021,0.32565572,0.52905625,0.74028395
27,6/7/2021,0.32415106,0.52688945,0.73855637
27,6/14/2021,0.32267003,0.52477022,0.73686379
27,6/21/2021,0.32121263,0.52269854,0.73520620
27,6/28/2021,0.31977887,0.52067443,0.73358361
27,7/5/2021,0.31836874,0.51869789,0.73199601
27,7/12/2021,0.31698224,0.51676890,0.73044340
27,7/19/2021,0.31561938,0.51488748,0.72892579
27,7/26/2021,0.31428016,0.51305361,0.72744317
27,8/2/2021,0.31296456,0.51126731,0.72599555
27,8/9/2021,0.31167261,0.50952858,0.72458292
27,8/16/2021,0.31040428,0.50783740,0.72320529
27,8/23/2021,0.30915959,0.50619379,0.72186265
27,8/30/2021,0.30793854,0.50459774,0.72055500
27,9/6/2021,0.30674111,0.50304925,0.71928235
27,9/13/2021,0.30556733,0.50154832,0.71804469
27,9/20/2021,0.30441717,0.50009496,0.71684203
27,9/27/2021,0.30329065,0.49868915,0.71567436
27,10/4/2021,0.30218777,0.49733091,0.71454169
27,10/11/2021,0.30110852,0.49602023,0.71344401
27,10/18/2021,0.30005290,0.49475712,0.71238133
27,10/25/2021,0.29902092,0.49354156,0.71135364
27,11/1/2021,0.29801257,0.49237357,0.71036094
27,11/8/2021,0.29702785,0.49125314,0.70940324
27,11/15/2021,0.29606677,0.49018028,0.70848053
27,11/22/2021,0.29512933,0.48915497,0.70759282
27,11/29/2021,0.29421551,0.48817723,0.70674010
27,12/6/2021,0.29332534,0.48724705,0.70592238
27,12/13/2021,0.29245879,0.48636443,0.70513965
27,12/20/2021,0.29161588,0.48552937,0.70439191
27,12/27/2021,0.29079661,0.48474187,0.70367917
27,1/3/2022,0.29000096,0.48400194,0.70300143
27,1/10/2022,0.28922896,0.48330957,0.70235868
27,1/17/2022,0.28848058,0.48266476,0.70175092
27,1/24/2022,0.28775584,0.48206752,0.70117816
27,1/31/2022,0.28705474,0.48151783,0.70064039
27,2/7/2022,0.28637727,0.48101571,0.70013761
27,2/14/2022,0.28572343,0.48056115,0.69966983
27,2/21/2022,0.28509323,0.48015415,0.69923705
27,2/28/2022,0.28448666,0.47979472,0.69883926
27,3/7/2022,0.28390373,0.47948284,0.69847646
27,3/14/2022,0.28334442,0.47921853,0.69814866
27,3/21/2022,0.28280876,0.47900178,0.69785585
27,3/28/2022,0.28229673,0.47883259,0.69759804
27,4/4/2022,0.28180833,0.47871097,0.69737522
27,4/11/2022,0.28134356,0.47863691,0.69718739
27,4/18/2022,0.28090243,0.47861041,0.69703456
27,4/25/2022,0.28048494,0.47863147,0.69691673
27,5/2/2022,0.28009108,0.47870009,0.69683389
27,5/9/2022,0.27972085,0.47881628,0.69678604
27,5/16/2022,0.27937426,0.47898002,0.69677319
27,5/23/2022,0.27905130,0.47919133,0.69679533
27,5/30/2022,0.27875197,0.47945021,0.69685246
27,6/6/2022,0.27847628,0.47975664,0.69694460
27,6/13/2022,0.27822422,0.48011064,0.69707172
27,6/20/2022,0.27799580,0.48051220,0.69723384
27,6/27/2022,0.27779101,0.48096132,0.69743095
27,7/4/2022,0.27760951,0.48145697,0.69766219
27,7/11/2022,0.27743948,0.48196431,0.69789802
27,7/18/2022,0.27726668,0.48244130,0.69810283
27,7/25/2022,0.27709027,0.48288548,0.69827453
27,8/1/2022,0.27691025,0.48329684,0.69841312
27,8/8/2022,0.27672663,0.48367540,0.69851860
27,8/15/2022,0.27653940,0.48402114,0.69859097
27,8/22/2022,0.27634856,0.48433407,0.69863024
27,8/29/2022,0.27615411,0.48461420,0.69863639
27,9/5/2022,0.27595605,0.48486151,0.69860944
27,9/12/2022,0.27575439,0.48507601,0.69854938
27,9/19/2022,0.27554912,0.48525769,0.69845620
27,9/26/2022,0.27534025,0.48540657,0.69832993
27,10/3/2022,0.27512776,0.48552264,0.69817054
27,10/10/2022,0.27491167,0.48560589,0.69797804
27,10/17/2022,0.27469197,0.48565634,0.69775244
27,10/24/2022,0.27446867,0.48567397,0.69749372
27,10/31/2022,0.27424175,0.48565879,0.69720190
27,11/7/2022,0.27401123,0.48561080,0.69687697
27,11/14/2022,0.27377711,0.48553000,0.69651893
27,11/21/2022,0.27353937,0.48541639,0.69612778
27,11/28/2022,0.27329803,0.48526997,0.69570352
27,12/5/2022,0.27305308,0.48509074,0.69524616
27,12/12/2022,0.27280452,0.48487869,0.69475568
27,12/19/2022,0.27255235,0.48463384,0.69423210
27,12/26/2022,0.27229658,0.48435617,0.69367541
27,1/2/2023,0.27203720,0.48404569,0.69308561
27,1/9/2023,0.27177421,0.48370240,0.69246270
27,1/16/2023,0.27150762,0.48332630,0.69180668
27,1/23/2023,0.27123742,0.48291739,0.69111756
27,1/30/2023,0.27096361,0.48247567,0.69039532
27,2/6/2023,0.27068619,0.48200114,0.68963998
27,2/13/2023,0.27040517,0.48149380,0.68885153
27,2/20/2023,0.27012054,0.48095364,0.68802997
27,2/27/2023,0.26983230,0.48038067,0.68717530
27,3/6/2023,0.26954045,0.47977490,0.68628752
27,3/13/2023,0.26924500,0.47913631,0.68536663
27,3/20/2023,0.26894594,0.47846491,0.68441264
27,3/27/2023,0.26864327,0.47776070,0.68342553
27,4/3/2023,0.26833699,0.47702368,0.68240532
27,4/10/2023,0.26802711,0.47625384,0.68135200
27,4/17/2023,0.26771362,0.47545120,0.68026557
27,4/24/2023,0.26739652,0.47461575,0.67914603
27,5/1/2023,0.26707581,0.47374748,0.67799339
27,5/8/2023,0.26675150,0.47284640,0.67680763
27,5/15/2023,0.26642358,0.47191252,0.67558877
27,5/22/2023,0.26609205,0.47094582,0.67433680
27,5/29/2023,0.26575692,0.46994631,0.67305171
27,6/5/2023,0.26541818,0.46891398,0.67173352
27,6/12/2023,0.26507583,0.46784885,0.67038223
27,6/19/2023,0.26472987,0.46675091,0.66899782
27,6/26/2023,0.26438031,0.46562016,0.66758030
27,7/3/2023,0.26402715,0.46445675,0.66612984
27,7/10/2023,0.26367195,0.46327553,0.66466124
27,7/17/2023,0.26331743,0.46210269,0.66320066
27,7/24/2023,0.26296385,0.46094085,0.66175074
27,7/31/2023,0.26261124,0.45979003,0.66031147
27,8/7/2023,0.26225957,0.45865023,0.65888285
27,8/14/2023,0.26190886,0.45752143,0.65746489
27,8/21/2023,0.26155909,0.45640365,0.65605758
27,8/28/2023,0.26121029,0.45529687,0.65466092
27,9/4/2023,0.26086243,0.45420111,0.65327491
27,9/11/2023,0.26051553,0.45311636,0.65189956
27,9/18/2023,0.26016958,0.45204263,0.65053486
27,9/25/2023,0.25982458,0.45097990,0.64918082
27,10/2/2023,0.25948053,0.44992819,0.64783742
27,10/9/2023,0.25913744,0.44888749,0.64650468
27,10/16/2023,0.25879530,0.44785780,0.64518259
27,10/23/2023,0.25845411,0.44683913,0.64387116
27,10/30/2023,0.25811388,0.44583146,0.64257038
27,11/6/2023,0.25777459,0.44483481,0.64128025
27,11/13/2023,0.25743626,0.44384917,0.64000078
27,11/20/2023,0.25709889,0.44287454,0.63873195
27,11/27/2023,0.25676246,0.44191092,0.63747379
27,12/4/2023,0.25642699,0.44095832,0.63622627
27,12/11/2023,0.25609247,0.44001672,0.63498941
27,12/18/2023,0.25575890,0.43908614,0.63376320
27,12/25/2023,0.25542629,0.43816657,0.63254764
27,1/1/2024,0.25509462,0.43725801,0.63134274
27,1/8/2024,0.25476391,0.43636047,0.63014849
27,1/15/2024,0.25443416,0.43547394,0.62896489
27,1/22/2024,0.25410535,0.43459841,0.62779194
27,1/29/2024,0.25377750,0.43373390,0.62662965
27,2/5/2024,0.25345060,0.43288041,0.62547801
27,2/12/2024,0.25312466,0.43203792,0.62433703
27,2/19/2024,0.25279966,0.43120645,0.62320669
27,2/26/2024,0.25247562,0.43038598,0.62208702
27,3/4/2024,0.25215253,0.42957653,0.62097799
27,3/11/2024,0.25183039,0.42877810,0.61987962
27,3/18/2024,0.25150921,0.42799067,0.61879190
27,3/25/2024,0.25118898,0.42721426,0.61771483
27,4/1/2024,0.25086970,0.42644885,0.61664841
27,4/8/2024,0.25055137,0.42569446,0.61559265
27,4/15/2024,0.25023400,0.42495109,0.61454754
27,4/22/2024,0.24991758,0.42421872,0.61351309
27,4/29/2024,0.24960211,0.42349736,0.61248929
27,5/6/2024,0.24928759,0.42278702,0.61147614
27,5/13/2024,0.24897403,0.42208769,0.61047364
27,5/20/2024,0.24866142,0.42139937,0.60948180
27,5/27/2024,0.24834976,0.42072207,0.60850061
27,6/3/2024,0.24803906,0.42005577,0.60753007
27,6/10/2024,0.24772930,0.41940049,0.60657019
27,6/17/2024,0.24742050,0.41875622,0.60562096
27,6/24/2024,0.24711265,0.41812296,0.60468238
27,7/1/2024,0.24680576,0.41750071,0.60375445
27,7/8/2024,0.24649982,0.41688947,0.60283718
27,7/15/2024,0.24619483,0.41628925,0.60193056
27,7/22/2024,0.24589079,0.41570004,0.60103460
27,7/29/2024,0.24558770,0.41512184,0.60014928
27,8/5/2024,0.24528557,0.41455465,0.59927462
27,8/12/2024,0.24498439,0.41399848,0.59841062
27,8/19/2024,0.24468416,0.41345331,0.59755726
27,8/26/2024,0.24438489,0.41291916,0.59671456
27,9/2/2024,0.24408657,0.41239602,0.59588252
27,9/9/2024,0.24378920,0.41188389,0.59506112
27,9/16/2024,0.24349278,0.41138278,0.59425038
27,9/23/2024,0.24319731,0.41089267,0.59345029
27,9/30/2024,0.24290280,0.41041358,0.59266086
27,10/7/2024,0.24260924,0.40994550,0.59188207
27,10/14/2024,0.24231663,0.40948843,0.59111394
27,10/21/2024,0.24202498,0.40904238,0.59035647
27,10/28/2024,0.24173428,0.40860733,0.58960964
27,11/4/2024,0.24144453,0.40818330,0.58887347
27,11/11/2024,0.24115573,0.40777028,0.58814796
27,11/18/2024,0.24086789,0.40736827,0.58743309
27,11/25/2024,0.24058100,0.40697727,0.58672888
27,12/2/2024,0.24029506,0.40659729,0.58603532
27,12/9/2024,0.24001007,0.40622832,0.58535242
27,12/16/2024,0.23972604,0.40587036,0.58468017
27,12/23/2024,0.23944296,0.40552341,0.58401857
27,12/30/2024,0.23916083,0.40518747,0.58336762
28,3/1/2021,0.34736708,0.56155276,0.76592695
28,3/8/2021,0.34555517,0.55876765,0.76374445
28,3/15/2021,0.34376690,0.55603011,0.76159694
28,3/22/2021,0.34200226,0.55334013,0.75948442
28,3/29/2021,0.34026125,0.55069771,0.75740690
28,4/5/2021,0.33854388,0.54810286,0.75536437
28,4/12/2021,0.33685014,0.54555556,0.75335684
28,4/19/2021,0.33518003,0.54305583,0.75138430
28,4/26/2021,0.33353356,0.54060366,0.74944676
28,5/3/2021,0.33191073,0.53819906,0.74754421
28,5/10/2021,0.33031153,0.53584201,0.74567665
28,5/17/2021,0.32873596,0.53353253,0.74384409
28,5/24/2021,0.32718402,0.53127061,0.74204652
28,5/31/2021,0.32565572,0.52905625,0.74028395
28,6/7/2021,0.32415106,0.52688945,0.73855637
28,6/14/2021,0.32267003,0.52477022,0.73686379
28,6/21/2021,0.32121263,0.52269854,0.73520620
28,6/28/2021,0.31977887,0.52067443,0.73358361
28,7/5/2021,0.31836874,0.51869789,0.73199601
28,7/12/2021,0.31698224,0.51676890,0.73044340
28,7/19/2021,0.31561938,0.51488748,0.72892579
28,7/26/2021,0.31428016,0.51305361,0.72744317
28,8/2/2021,0.31296456,0.51126731,0.72599555
28,8/9/2021,0.31167261,0.50952858,0.72458292
28,8/16/2021,0.31040428,0.50783740,0.72320529
28,8/23/2021,0.30915959,0.50619379,0.72186265
28,8/30/2021,0.30793854,0.50459774,0.72055500
28,9/6/2021,0.30674111,0.50304925,0.71928235
28,9/13/2021,0.30556733,0.50154832,0.71804469
28,9/20/2021,0.30441717,0.50009496,0.71684203
28,9/27/2021,0.30329065,0.49868915,0.71567436
28,10/4/2021,0.30218777,0.49733091,0.71454169
28,10/11/2021,0.30110852,0.49602023,0.71344401
28,10/18/2021,0.30005290,0.49475712,0.71238133
28,10/25/2021,0.29902092,0.49354156,0.71135364
28,11/1/2021,0.29801257,0.49237357,0.71036094
28,11/8/2021,0.29702785,0.49125314,0.70940324
28,11/15/2021,0.29606677,0.49018028,0.70848053
28,11/22/2021,0.29512933,0.48915497,0.70759282
28,11/29/2021,0.29421551,0.48817723,0.70674010
28,12/6/2021,0.29332534,0.48724705,0.70592238
28,12/13/2021,0.29245879,0.48636443,0.70513965
28,12/20/2021,0.29161588,0.48552937,0.70439191
28,12/27/2021,0.29079661,0.48474187,0.70367917
28,1/3/2022,0.29000096,0.48400194,0.70300143
28,1/10/2022,0.28922896,0.48330957,0.70235868
28,1/17/2022,0.28848058,0.48266476,0.70175092
28,1/24/2022,0.28775584,0.48206752,0.70117816
28,1/31/2022,0.28705474,0.48151783,0.70064039
28,2/7/2022,0.28637727,0.48101571,0.70013761
28,2/14/2022,0.28572343,0.48056115,0.69966983
28,2/21/2022,0.28509323,0.48015415,0.69923705
28,2/28/2022,0.28448666,0.47979472,0.69883926
28,3/7/2022,0.28390373,0.47948284,0.69847646
28,3/14/2022,0.28334442,0.47921853,0.69814866
28,3/21/2022,0.28280876,0.47900178,0.69785585
28,3/28/2022,0.28229673,0.47883259,0.69759804
28,4/4/2022,0.28180833,0.47871097,0.69737522
28,4/11/2022,0.28134356,0.47863691,0.69718739
28,4/18/2022,0.28090243,0.47861041,0.69703456
28,4/25/2022,0.28048494,0.47863147,0.69691673
28,5/2/2022,0.28009108,0.47870009,0.69683389
28,5/9/2022,0.27972085,0.47881628,0.69678604
28,5/16/2022,0.27937426,0.47898002,0.69677319
28,5/23/2022,0.27905130,0.47919133,0.69679533
28,5/30/2022,0.27875197,0.47945021,0.69685246
28,6/6/2022,0.27847628,0.47975664,0.69694460
28,6/13/2022,0.27822422,0.48011064,0.69707172
28,6/20/2022,0.27799580,0.48051220,0.69723384
28,6/27/2022,0.27779101,0.48096132,0.69743095
28,7/4/2022,0.27760951,0.48145697,0.69766219
28,7/11/2022,0.27743948,0.48196431,0.69789802
28,7/18/2022,0.27726668,0.48244130,0.69810283
28,7/25/2022,0.27709027,0.48288548,0.69827453
28,8/1/2022,0.27691025,0.48329684,0.69841312
28,8/8/2022,0.27672663,0.48367540,0.69851860
28,8/15/2022,0.27653940,0.48402114,0.69859097
28,8/22/2022,0.27634856,0.48433407,0.69863024
28,8/29/2022,0.27615411,0.48461420,0.69863639
28,9/5/2022,0.27595605,0.48486151,0.69860944
28,9/12/2022,0.27575439,0.48507601,0.69854938
28,9/19/2022,0.27554912,0.48525769,0.69845620
28,9/26/2022,0.27534025,0.48540657,0.69832993
28,10/3/2022,0.27512776,0.48552264,0.69817054
28,10/10/2022,0.27491167,0.48560589,0.69797804
28,10/17/2022,0.27469197,0.48565634,0.69775244
28,10/24/2022,0.27446867,0.48567397,0.69749372
28,10/31/2022,0.27424175,0.48565879,0.69720190
28,11/7/2022,0.27401123,0.48561080,0.69687697
28,11/14/2022,0.27377711,0.48553000,0.69651893
28,11/21/2022,0.27353937,0.48541639,0.69612778
28,11/28/2022,0.27329803,0.48526997,0.69570352
28,12/5/2022,0.27305308,0.48509074,0.69524616
28,12/12/2022,0.27280452,0.48487869,0.69475568
28,12/19/2022,0.27255235,0.48463384,0.69423210
28,12/26/2022,0.27229658,0.48435617,0.69367541
28,1/2/2023,0.27203720,0.48404569,0.69308561
28,1/9/2023,0.27177421,0.48370240,0.69246270
28,1/16/2023,0.27150762,0.48332630,0.69180668
28,1/23/2023,0.27123742,0.48291739,0.69111756
28,1/30/2023,0.27096361,0.48247567,0.69039532
28,2/6/2023,0.27068619,0.48200114,0.68963998
28,2/13/2023,0.27040517,0.48149380,0.68885153
28,2/20/2023,0.27012054,0.48095364,0.68802997
28,2/27/2023,0.26983230,0.48038067,0.68717530
28,3/6/2023,0.26954045,0.47977490,0.68628752
28,3/13/2023,0.26924500,0.47913631,0.68536663
28,3/20/2023,0.26894594,0.47846491,0.68441264
28,3/27/2023,0.26864327,0.47776070,0.68342553
28,4/3/2023,0.26833699,0.47702368,0.68240532
28,4/10/2023,0.26802711,0.47625384,0.68135200
28,4/17/2023,0.26771362,0.47545120,0.68026557
28,4/24/2023,0.26739652,0.47461575,0.67914603
28,5/1/2023,0.26707581,0.47374748,0.67799339
28,5/8/2023,0.26675150,0.47284640,0.67680763
28,5/15/2023,0.26642358,0.47191252,0.67558877
28,5/22/2023,0.26609205,0.47094582,0.67433680
28,5/29/2023,0.26575692,0.46994631,0.67305171
28,6/5/2023,0.26541818,0.46891398,0.67173352
28,6/12/2023,0.26507583,0.46784885,0.67038223
28,6/19/2023,0.26472987,0.46675091,0.66899782
28,6/26/2023,0.26438031,0.46562016,0.66758030
28,7/3/2023,0.26402715,0.46445675,0.66612984
28,7/10/2023,0.26367195,0.46327553,0.66466124
28,7/17/2023,0.26331743,0.46210269,0.66320066
28,7/24/2023,0.26296385,0.46094085,0.66175074
28,7/31/2023,0.26261124,0.45979003,0.66031147
28,8/7/2023,0.26225957,0.45865023,0.65888285
28,8/14/2023,0.26190886,0.45752143,0.65746489
28,8/21/2023,0.26155909,0.45640365,0.65605758
28,8/28/2023,0.26121029,0.45529687,0.65466092
28,9/4/2023,0.26086243,0.45420111,0.65327491
28,9/11/2023,0.26051553,0.45311636,0.65189956
28,9/18/2023,0.26016958,0.45204263,0.65053486
28,9/25/2023,0.25982458,0.45097990,0.64918082
28,10/2/2023,0.25948053,0.44992819,0.64783742
28,10/9/2023,0.25913744,0.44888749,0.64650468
28,10/16/2023,0.25879530,0.44785780,0.64518259
28,10/23/2023,0.25845411,0.44683913,0.64387116
28,10/30/2023,0.25811388,0.44583146,0.64257038
28,11/6/2023,0.25777459,0.44483481,0.64128025
28,11/13/2023,0.25743626,0.44384917,0.64000078
28,11/20/2023,0.25709889,0.44287454,0.63873195
28,11/27/2023,0.25676246,0.44191092,0.63747379
28,12/4/2023,0.25642699,0.44095832,0.63622627
28,12/11/2023,0.25609247,0.44001672,0.63498941
28,12/18/2023,0.25575890,0.43908614,0.63376320
28,12/25/2023,0.25542629,0.43816657,0.63254764
28,1/1/2024,0.25509462,0.43725801,0.63134274
28,1/8/2024,0.25476391,0.43636047,0.63014849
28,1/15/2024,0.25443416,0.43547394,0.62896489
28,1/22/2024,0.25410535,0.43459841,0.62779194
28,1/29/2024,0.25377750,0.43373390,0.62662965
28,2/5/2024,0.25345060,0.43288041,0.62547801
28,2/12/2024,0.25312466,0.43203792,0.62433703
28,2/19/2024,0.25279966,0.43120645,0.62320669
28,2/26/2024,0.25247562,0.43038598,0.62208702
28,3/4/2024,0.25215253,0.42957653,0.62097799
28,3/11/2024,0.25183039,0.42877810,0.61987962
28,3/18/2024,0.25150921,0.42799067,0.61879190
28,3/25/2024,0.25118898,0.42721426,0.61771483
28,4/1/2024,0.25086970,0.42644885,0.61664841
28,4/8/2024,0.25055137,0.42569446,0.61559265
28,4/15/2024,0.25023400,0.42495109,0.61454754
28,4/22/2024,0.24991758,0.42421872,0.61351309
28,4/29/2024,0.24960211,0.42349736,0.61248929
28,5/6/2024,0.24928759,0.42278702,0.61147614
28,5/13/2024,0.24897403,0.42208769,0.61047364
28,5/20/2024,0.24866142,0.42139937,0.60948180
28,5/27/2024,0.24834976,0.42072207,0.60850061
28,6/3/2024,0.24803906,0.42005577,0.60753007
28,6/10/2024,0.24772930,0.41940049,0.60657019
28,6/17/2024,0.24742050,0.41875622,0.60562096
28,6/24/2024,0.24711265,0.41812296,0.60468238
28,7/1/2024,0.24680576,0.41750071,0.60375445
28,7/8/2024,0.24649982,0.41688947,0.60283718
28,7/15/2024,0.24619483,0.41628925,0.60193056
28,7/22/2024,0.24589079,0.41570004,0.60103460
28,7/29/2024,0.24558770,0.41512184,0.60014928
28,8/5/2024,0.24528557,0.41455465,0.59927462
28,8/12/2024,0.24498439,0.41399848,0.59841062
28,8/19/2024,0.24468416,0.41345331,0.59755726
28,8/26/2024,0.24438489,0.41291916,0.59671456
28,9/2/2024,0.24408657,0.41239602,0.59588252
28,9/9/2024,0.24378920,0.41188389,0.59506112
28,9/16/2024,0.24349278,0.41138278,0.59425038
28,9/23/2024,0.24319731,0.41089267,0.59345029
28,9/30/2024,0.24290280,0.41041358,0.59266086
28,10/7/2024,0.24260924,0.40994550,0.59188207
28,10/14/2024,0.24231663,0.40948843,0.59111394
28,10/21/2024,0.24202498,0.40904238,0.59035647
28,10/28/2024,0.24173428,0.40860733,0.58960964
28,11/4/2024,0.24144453,0.40818330,0.58887347
28,11/11/2024,0.24115573,0.40777028,0.58814796
28,11/18/2024,0.24086789,0.40736827,0.58743309
28,11/25/2024,0.24058100,0.40697727,0.58672888
28,12/2/2024,0.24029506,0.40659729,0.58603532
28,12/9/2024,0.24001007,0.40622832,0.58535242
28,12/16/2024,0.23972604,0.40587036,0.58468017
28,12/23/2024,0.23944296,0.40552341,0.58401857
28,12/30/2024,0.23916083,0.40518747,0.58336762
29,3/1/2021,0.34736708,0.56155276,0.76592695
29,3/8/2021,0.34555517,0.55876765,0.76374445
29,3/15/2021,0.34376690,0.55603011,0.76159694
29,3/22/2021,0.34200226,0.55334013,0.75948442
29,3/29/2021,0.34026125,0.55069771,0.75740690
29,4/5/2021,0.33854388,0.54810286,0.75536437
29,4/12/2021,0.33685014,0.54555556,0.75335684
29,4/19/2021,0.33518003,0.54305583,0.75138430
29,4/26/2021,0.33353356,0.54060366,0.74944676
29,5/3/2021,0.33191073,0.53819906,0.74754421
29,5/10/2021,0.33031153,0.53584201,0.74567665
29,5/17/2021,0.32873596,0.53353253,0.74384409
29,5/24/2021,0.32718402,0.53127061,0.74204652
29,5/31/2021,0.32565572,0.52905625,0.74028395
29,6/7/2021,0.32415106,0.52688945,0.73855637
29,6/14/2021,0.32267003,0.52477022,0.73686379
29,6/21/2021,0.32121263,0.52269854,0.73520620
29,6/28/2021,0.31977887,0.52067443,0.73358361
29,7/5/2021,0.31836874,0.51869789,0.73199601
29,7/12/2021,0.31698224,0.51676890,0.73044340
29,7/19/2021,0.31561938,0.51488748,0.72892579
29,7/26/2021,0.31428016,0.51305361,0.72744317
29,8/2/2021,0.31296456,0.51126731,0.72599555
29,8/9/2021,0.31167261,0.50952858,0.72458292
29,8/16/2021,0.31040428,0.50783740,0.72320529
29,8/23/2021,0.30915959,0.50619379,0.72186265
29,8/30/2021,0.30793854,0.50459774,0.72055500
29,9/6/2021,0.30674111,0.50304925,0.71928235
29,9/13/2021,0.30556733,0.50154832,0.71804469
29,9/20/2021,0.30441717,0.50009496,0.71684203
29,9/27/2021,0.30329065,0.49868915,0.71567436
29,10/4/2021,0.30218777,0.49733091,0.71454169
29,10/11/2021,0.30110852,0.49602023,0.71344401
29,10/18/2021,0.30005290,0.49475712,0.71238133
29,10/25/2021,0.29902092,0.49354156,0.71135364
29,11/1/2021,0.29801257,0.49237357,0.71036094
29,11/8/2021,0.29702785,0.49125314,0.70940324
29,11/15/2021,0.29606677,0.49018028,0.70848053
29,11/22/2021,0.29512933,0.48915497,0.70759282
29,11/29/2021,0.29421551,0.48817723,0.70674010
29,12/6/2021,0.29332534,0.48724705,0.70592238
29,12/13/2021,0.29245879,0.48636443,0.70513965
29,12/20/2021,0.29161588,0.48552937,0.70439191
29,12/27/2021,0.29079661,0.48474187,0.70367917
29,1/3/2022,0.29000096,0.48400194,0.70300143
29,1/10/2022,0.28922896,0.48330957,0.70235868
29,1/17/2022,0.28848058,0.48266476,0.70175092
29,1/24/2022,0.28775584,0.48206752,0.70117816
29,1/31/2022,0.28705474,0.48151783,0.70064039
29,2/7/2022,0.28637727,0.48101571,0.70013761
29,2/14/2022,0.28572343,0.48056115,0.69966983
29,2/21/2022,0.28509323,0.48015415,0.69923705
29,2/28/2022,0.28448666,0.47979472,0.69883926
29,3/7/2022,0.28390373,0.47948284,0.69847646
29,3/14/2022,0.28334442,0.47921853,0.69814866
29,3/21/2022,0.28280876,0.47900178,0.69785585
29,3/28/2022,0.28229673,0.47883259,0.69759804
29,4/4/2022,0.28180833,0.47871097,0.69737522
29,4/11/2022,0.28134356,0.47863691,0.69718739
29,4/18/2022,0.28090243,0.47861041,0.69703456
29,4/25/2022,0.28048494,0.47863147,0.69691673
29,5/2/2022,0.28009108,0.47870009,0.69683389
29,5/9/2022,0.27972085,0.47881628,0.69678604
29,5/16/2022,0.27937426,0.47898002,0.69677319
29,5/23/2022,0.27905130,0.47919133,0.69679533
29,5/30/2022,0.27875197,0.47945021,0.69685246
29,6/6/2022,0.27847628,0.47975664,0.69694460
29,6/13/2022,0.27822422,0.48011064,0.69707172
29,6/20/2022,0.27799580,0.48051220,0.69723384
29,6/27/2022,0.27779101,0.48096132,0.69743095
29,7/4/2022,0.27760951,0.48145697,0.69766219
29,7/11/2022,0.27743948,0.48196431,0.69789802
29,7/18/2022,0.27726668,0.48244130,0.69810283
29,7/25/2022,0.27709027,0.48288548,0.69827453
29,8/1/2022,0.27691025,0.48329684,0.69841312
29,8/8/2022,0.27672663,0.48367540,0.69851860
29,8/15/2022,0.27653940,0.48402114,0.69859097
29,8/22/2022,0.27634856,0.48433407,0.69863024
29,8/29/2022,0.27615411,0.48461420,0.69863639
29,9/5/2022,0.27595605,0.48486151,0.69860944
29,9/12/2022,0.27575439,0.48507601,0.69854938
29,9/19/2022,0.27554912,0.48525769,0.69845620
29,9/26/2022,0.27534025,0.48540657,0.69832993
29,10/3/2022,0.27512776,0.48552264,0.69817054
29,10/10/2022,0.27491167,0.48560589,0.69797804
29,10/17/2022,0.27469197,0.48565634,0.69775244
29,10/24/2022,0.27446867,0.48567397,0.69749372
29,10/31/2022,0.27424175,0.48565879,0.69720190
29,11/7/2022,0.27401123,0.48561080,0.69687697
29,11/14/2022,0.27377711,0.48553000,0.69651893
29,11/21/2022,0.27353937,0.48541639,0.69612778
29,11/28/2022,0.27329803,0.48526997,0.69570352
29,12/5/2022,0.27305308,0.48509074,0.69524616
29,12/12/2022,0.27280452,0.48487869,0.69475568
29,12/19/2022,0.27255235,0.48463384,0.69423210
29,12/26/2022,0.27229658,0.48435617,0.69367541
29,1/2/2023,0.27203720,0.48404569,0.69308561
29,1/9/2023,0.27177421,0.48370240,0.69246270
29,1/16/2023,0.27150762,0.48332630,0.69180668
29,1/23/2023,0.27123742,0.48291739,0.69111756
29,1/30/2023,0.27096361,0.48247567,0.69039532
29,2/6/2023,0.27068619,0.48200114,0.68963998
29,2/13/2023,0.27040517,0.48149380,0.68885153
29,2/20/2023,0.27012054,0.48095364,0.68802997
29,2/27/2023,0.26983230,0.48038067,0.68717530
29,3/6/2023,0.26954045,0.47977490,0.68628752
29,3/13/2023,0.26924500,0.47913631,0.68536663
29,3/20/2023,0.26894594,0.47846491,0.68441264
29,3/27/2023,0.26864327,0.47776070,0.68342553
29,4/3/2023,0.26833699,0.47702368,0.68240532
29,4/10/2023,0.26802711,0.47625384,0.68135200
29,4/17/2023,0.26771362,0.47545120,0.68026557
29,4/24/2023,0.26739652,0.47461575,0.67914603
29,5/1/2023,0.26707581,0.47374748,0.67799339
29,5/8/2023,0.26675150,0.47284640,0.67680763
29,5/15/2023,0.26642358,0.47191252,0.67558877
29,5/22/2023,0.26609205,0.47094582,0.67433680
29,5/29/2023,0.26575692,0.46994631,0.67305171
29,6/5/2023,0.26541818,0.46891398,0.67173352
29,6/12/2023,0.26507583,0.46784885,0.67038223
29,6/19/2023,0.26472987,0.46675091,0.66899782
29,6/26/2023,0.26438031,0.46562016,0.66758030
29,7/3/2023,0.26402715,0.46445675,0.66612984
29,7/10/2023,0.26367195,0.46327553,0.66466124
29,7/17/2023,0.26331743,0.46210269,0.66320066
29,7/24/2023,0.26296385,0.46094085,0.66175074
29,7/31/2023,0.26261124,0.45979003,0.66031147
29,8/7/2023,0.26225957,0.45865023,0.65888285
29,8/14/2023,0.26190886,0.45752143,0.65746489
29,8/21/2023,0.26155909,0.45640365,0.65605758
29,8/28/2023,0.26121029,0.45529687,0.65466092
29,9/4/2023,0.26086243,0.45420111,0.65327491
29,9/11/2023,0.26051553,0.45311636,0.65189956
29,9/18/2023,0.26016958,0.45204263,0.65053486
29,9/25/2023,0.25982458,0.45097990,0.64918082
29,10/2/2023,0.25948053,0.44992819,0.64783742
29,10/9/2023,0.25913744,0.44888749,0.64650468
29,10/16/2023,0.25879530,0.44785780,0.64518259
29,10/23/2023,0.25845411,0.44683913,0.64387116
29,10/30/2023,0.25811388,0.44583146,0.64257038
29,11/6/2023,0.25777459,0.44483481,0.64128025
29,11/13/2023,0.25743626,0.44384917,0.64000078
29,11/20/2023,0.25709889,0.44287454,0.63873195
29,11/27/2023,0.25676246,0.44191092,0.63747379
29,12/4/2023,0.25642699,0.44095832,0.63622627
29,12/11/2023,0.25609247,0.44001672,0.63498941
29,12/18/2023,0.25575890,0.43908614,0.63376320
29,12/25/2023,0.25542629,0.43816657,0.63254764
29,1/1/2024,0.25509462,0.43725801,0.63134274
29,1/8/2024,0.25476391,0.43636047,0.63014849
29,1/15/2024,0.25443416,0.43547394,0.62896489
29,1/22/2024,0.25410535,0.43459841,0.62779194
29,1/29/2024,0.25377750,0.43373390,0.62662965
29,2/5/2024,0.25345060,0.43288041,0.62547801
29,2/12/2024,0.25312466,0.43203792,0.62433703
29,2/19/2024,0.25279966,0.43120645,0.62320669
29,2/26/2024,0.25247562,0.43038598,0.62208702
29,3/4/2024,0.25215253,0.42957653,0.62097799
29,3/11/2024,0.25183039,0.42877810,0.61987962
29,3/18/2024,0.25150921,0.42799067,0.61879190
29,3/25/2024,0.25118898,0.42721426,0.61771483
29,4/1/2024,0.25086970,0.42644885,0.61664841
29,4/8/2024,0.25055137,0.42569446,0.61559265
29,4/15/2024,0.25023400,0.42495109,0.61454754
29,4/22/2024,0.24991758,0.42421872,0.61351309
29,4/29/2024,0.24960211,0.42349736,0.61248929
29,5/6/2024,0.24928759,0.42278702,0.61147614
29,5/13/2024,0.24897403,0.42208769,0.61047364
29,5/20/2024,0.24866142,0.42139937,0.60948180
29,5/27/2024,0.24834976,0.42072207,0.60850061
29,6/3/2024,0.24803906,0.42005577,0.60753007
29,6/10/2024,0.24772930,0.41940049,0.60657019
29,6/17/2024,0.24742050,0.41875622,0.60562096
29,6/24/2024,0.24711265,0.41812296,0.60468238
29,7/1/2024,0.24680576,0.41750071,0.60375445
29,7/8/2024,0.24649982,0.41688947,0.60283718
29,7/15/2024,0.24619483,0.41628925,0.60193056
29,7/22/2024,0.24589079,0.41570004,0.60103460
29,7/29/2024,0.24558770,0.41512184,0.60014928
29,8/5/2024,0.24528557,0.41455465,0.59927462
29,8/12/2024,0.24498439,0.41399848,0.59841062
29,8/19/2024,0.24468416,0.41345331,0.59755726
29,8/26/2024,0.24438489,0.41291916,0.59671456
29,9/2/2024,0.24408657,0.41239602,0.59588252
29,9/9/2024,0.24378920,0.41188389,0.59506112
29,9/16/2024,0.24349278,0.41138278,0.59425038
29,9/23/2024,0.24319731,0.41089267,0.59345029
29,9/30/2024,0.24290280,0.41041358,0.59266086
29,10/7/2024,0.24260924,0.40994550,0.59188207
29,10/14/2024,0.24231663,0.40948843,0.59111394
29,10/21/2024,0.24202498,0.40904238,0.59035647
29,10/28/2024,0.24173428,0.40860733,0.58960964
29,11/4/2024,0.24144453,0.40818330,0.58887347
29,11/11/2024,0.24115573,0.40777028,0.58814796
29,11/18/2024,0.24086789,0.40736827,0.58743309
29,11/25/2024,0.24058100,0.40697727,0.58672888
29,12/2/2024,0.24029506,0.40659729,0.58603532
29,12/9/2024,0.24001007,0.40622832,0.58535242
29,12/16/2024,0.23972604,0.40587036,0.58468017
29,12/23/2024,0.23944296,0.40552341,0.58401857
29,12/30/2024,0.23916083,0.40518747,0.58336762
30,3/1/2021,0.34736708,0.56155276,0.76592695
30,3/8/2021,0.34555517,0.55876765,0.76374445
30,3/15/2021,0.34376690,0.55603011,0.76159694
30,3/22/2021,0.34200226,0.55334013,0.75948442
30,3/29/2021,0.34026125,0.55069771,0.75740690
30,4/5/2021,0.33854388,0.54810286,0.75536437
30,4/12/2021,0.33685014,0.54555556,0.75335684
30,4/19/2021,0.33518003,0.54305583,0.75138430
30,4/26/2021,0.33353356,0.54060366,0.74944676
30,5/3/2021,0.33191073,0.53819906,0.74754421
30,5/10/2021,0.33031153,0.53584201,0.74567665
30,5/17/2021,0.32873596,0.53353253,0.74384409
30,5/24/2021,0.32718402,0.53127061,0.74204652
30,5/31/2021,0.32565572,0.52905625,0.74028395
30,6/7/2021,0.32415106,0.52688945,0.73855637
30,6/14/2021,0.32267003,0.52477022,0.73686379
30,6/21/2021,0.32121263,0.52269854,0.73520620
30,6/28/2021,0.31977887,0.52067443,0.73358361
30,7/5/2021,0.31836874,0.51869789,0.73199601
30,7/12/2021,0.31698224,0.51676890,0.73044340
30,7/19/2021,0.31561938,0.51488748,0.72892579
30,7/26/2021,0.31428016,0.51305361,0.72744317
30,8/2/2021,0.31296456,0.51126731,0.72599555
30,8/9/2021,0.31167261,0.50952858,0.72458292
30,8/16/2021,0.31040428,0.50783740,0.72320529
30,8/23/2021,0.30915959,0.50619379,0.72186265
30,8/30/2021,0.30793854,0.50459774,0.72055500
30,9/6/2021,0.30674111,0.50304925,0.71928235
30,9/13/2021,0.30556733,0.50154832,0.71804469
30,9/20/2021,0.30441717,0.50009496,0.71684203
30,9/27/2021,0.30329065,0.49868915,0.71567436
30,10/4/2021,0.30218777,0.49733091,0.71454169
30,10/11/2021,0.30110852,0.49602023,0.71344401
30,10/18/2021,0.30005290,0.49475712,0.71238133
30,10/25/2021,0.29902092,0.49354156,0.71135364
30,11/1/2021,0.29801257,0.49237357,0.71036094
30,11/8/2021,0.29702785,0.49125314,0.70940324
30,11/15/2021,0.29606677,0.49018028,0.70848053
30,11/22/2021,0.29512933,0.48915497,0.70759282
30,11/29/2021,0.29421551,0.48817723,0.70674010
30,12/6/2021,0.29332534,0.48724705,0.70592238
30,12/13/2021,0.29245879,0.48636443,0.70513965
30,12/20/2021,0.29161588,0.48552937,0.70439191
30,12/27/2021,0.29079661,0.48474187,0.70367917
30,1/3/2022,0.29000096,0.48400194,0.70300143
30,1/10/2022,0.28922896,0.48330957,0.70235868
30,1/17/2022,0.28848058,0.48266476,0.70175092
30,1/24/2022,0.28775584,0.48206752,0.70117816
30,1/31/2022,0.28705474,0.48151783,0.70064039
30,2/7/2022,0.28637727,0.48101571,0.70013761
30,2/14/2022,0.28572343,0.48056115,0.69966983
30,2/21/2022,0.28509323,0.48015415,0.69923705
30,2/28/2022,0.28448666,0.47979472,0.69883926
30,3/7/2022,0.28390373,0.47948284,0.69847646
30,3/14/2022,0.28334442,0.47921853,0.69814866
30,3/21/2022,0.28280876,0.47900178,0.69785585
30,3/28/2022,0.28229673,0.47883259,0.69759804
30,4/4/2022,0.28180833,0.47871097,0.69737522
30,4/11/2022,0.28134356,0.47863691,0.69718739
30,4/18/2022,0.28090243,0.47861041,0.69703456
30,4/25/2022,0.28048494,0.47863147,0.69691673
30,5/2/2022,0.28009108,0.47870009,0.69683389
30,5/9/2022,0.27972085,0.47881628,0.69678604
30,5/16/2022,0.27937426,0.47898002,0.69677319
30,5/23/2022,0.27905130,0.47919133,0.69679533
30,5/30/2022,0.27875197,0.47945021,0.69685246
30,6/6/2022,0.27847628,0.47975664,0.69694460
30,6/13/2022,0.27822422,0.48011064,0.69707172
30,6/20/2022,0.27799580,0.48051220,0.69723384
30,6/27/2022,0.27779101,0.48096132,0.69743095
30,7/4/2022,0.27760951,0.48145697,0.69766219
30,7/11/2022,0.27743948,0.48196431,0.69789802
30,7/18/2022,0.27726668,0.48244130,0.69810283
30,7/25/2022,0.27709027,0.48288548,0.69827453
30,8/1/2022,0.27691025,0.48329684,0.69841312
30,8/8/2022,0.27672663,0.48367540,0.69851860
30,8/15/2022,0.27653940,0.48402114,0.69859097
30,8/22/2022,0.27634856,0.48433407,0.69863024
30,8/29/2022,0.27615411,0.48461420,0.69863639
30,9/5/2022,0.27595605,0.48486151,0.69860944
30,9/12/2022,0.27575439,0.48507601,0.69854938
30,9/19/2022,0.27554912,0.48525769,0.69845620
30,9/26/2022,0.27534025,0.48540657,0.69832993
30,10/3/2022,0.27512776,0.48552264,0.69817054
30,10/10/2022,0.27491167,0.48560589,0.69797804
30,10/17/2022,0.27469197,0.48565634,0.69775244
30,10/24/2022,0.27446867,0.48567397,0.69749372
30,10/31/2022,0.27424175,0.48565879,0.69720190
30,11/7/2022,0.27401123,0.48561080,0.69687697
30,11/14/2022,0.27377711,0.48553000,0.69651893
30,11/21/2022,0.27353937,0.48541639,0.69612778
30,11/28/2022,0.27329803,0.48526997,0.69570352
30,12/5/2022,0.27305308,0.48509074,0.69524616
30,12/12/2022,0.27280452,0.48487869,0.69475568
30,12/19/2022,0.27255235,0.48463384,0.69423210
30,12/26/2022,0.27229658,0.48435617,0.69367541
30,1/2/2023,0.27203720,0.48404569,0.69308561
30,1/9/2023,0.27177421,0.48370240,0.69246270
30,1/16/2023,0.27150762,0.48332630,0.69180668
30,1/23/2023,0.27123742,0.48291739,0.69111756
30,1/30/2023,0.27096361,0.48247567,0.69039532
30,2/6/2023,0.27068619,0.48200114,0.68963998
30,2/13/2023,0.27040517,0.48149380,0.68885153
30,2/20/2023,0.27012054,0.48095364,0.68802997
30,2/27/2023,0.26983230,0.48038067,0.68717530
30,3/6/2023,0.26954045,0.47977490,0.68628752
30,3/13/2023,0.26924500,0.47913631,0.68536663
30,3/20/2023,0.26894594,0.47846491,0.68441264
30,3/27/2023,0.26864327,0.47776070,0.68342553
30,4/3/2023,0.26833699,0.47702368,0.68240532
30,4/10/2023,0.26802711,0.47625384,0.68135200
30,4/17/2023,0.26771362,0.47545120,0.68026557
30,4/24/2023,0.26739652,0.47461575,0.67914603
30,5/1/2023,0.26707581,0.47374748,0.67799339
30,5/8/2023,0.26675150,0.47284640,0.67680763
30,5/15/2023,0.26642358,0.47191252,0.67558877
30,5/22/2023,0.26609205,0.47094582,0.67433680
30,5/29/2023,0.26575692,0.46994631,0.67305171
30,6/5/2023,0.26541818,0.46891398,0.67173352
30,6/12/2023,0.26507583,0.46784885,0.67038223
30,6/19/2023,0.26472987,0.46675091,0.66899782
30,6/26/2023,0.26438031,0.46562016,0.66758030
30,7/3/2023,0.26402715,0.46445675,0.66612984
30,7/10/2023,0.26367195,0.46327553,0.66466124
30,7/17/2023,0.26331743,0.46210269,0.66320066
30,7/24/2023,0.26296385,0.46094085,0.66175074
30,7/31/2023,0.26261124,0.45979003,0.66031147
30,8/7/2023,0.26225957,0.45865023,0.65888285
30,8/14/2023,0.26190886,0.45752143,0.65746489
30,8/21/2023,0.26155909,0.45640365,0.65605758
30,8/28/2023,0.26121029,0.45529687,0.65466092
30,9/4/2023,0.26086243,0.45420111,0.65327491
30,9/11/2023,0.26051553,0.45311636,0.65189956
30,9/18/2023,0.26016958,0.45204263,0.65053486
30,9/25/2023,0.25982458,0.45097990,0.64918082
30,10/2/2023,0.25948053,0.44992819,0.64783742
30,10/9/2023,0.25913744,0.44888749,0.64650468
30,10/16/2023,0.25879530,0.44785780,0.64518259
30,10/23/2023,0.25845411,0.44683913,0.64387116
30,10/30/2023,0.25811388,0.44583146,0.64257038
30,11/6/2023,0.25777459,0.44483481,0.64128025
30,11/13/2023,0.25743626,0.44384917,0.64000078
30,11/20/2023,0.25709889,0.44287454,0.63873195
30,11/27/2023,0.25676246,0.44191092,0.63747379
30,12/4/2023,0.25642699,0.44095832,0.63622627
30,12/11/2023,0.25609247,0.44001672,0.63498941
30,12/18/2023,0.25575890,0.43908614,0.63376320
30,12/25/2023,0.25542629,0.43816657,0.63254764
30,1/1/2024,0.25509462,0.43725801,0.63134274
30,1/8/2024,0.25476391,0.43636047,0.63014849
30,1/15/2024,0.25443416,0.43547394,0.62896489
30,1/22/2024,0.25410535,0.43459841,0.62779194
30,1/29/2024,0.25377750,0.43373390,0.62662965
30,2/5/2024,0.25345060,0.43288041,0.62547801
30,2/12/2024,0.25312466,0.43203792,0.62433703
30,2/19/2024,0.25279966,0.43120645,0.62320669
30,2/26/2024,0.25247562,0.43038598,0.62208702
30,3/4/2024,0.25215253,0.42957653,0.62097799
30,3/11/2024,0.25183039,0.42877810,0.61987962
30,3/18/2024,0.25150921,0.42799067,0.61879190
30,3/25/2024,0.25118898,0.42721426,0.61771483
30,4/1/2024,0.25086970,0.42644885,0.61664841
30,4/8/2024,0.25055137,0.42569446,0.61559265
30,4/15/2024,0.25023400,0.42495109,0.61454754
30,4/22/2024,0.24991758,0.42421872,0.61351309
30,4/29/2024,0.24960211,0.42349736,0.61248929
30,5/6/2024,0.24928759,0.42278702,0.61147614
30,5/13/2024,0.24897403,0.42208769,0.61047364
30,5/20/2024,0.24866142,0.42139937,0.60948180
30,5/27/2024,0.24834976,0.42072207,0.60850061
30,6/3/2024,0.24803906,0.42005577,0.60753007
30,6/10/2024,0.24772930,0.41940049,0.60657019
30,6/17/2024,0.24742050,0.41875622,0.60562096
30,6/24/2024,0.24711265,0.41812296,0.60468238
30,7/1/2024,0.24680576,0.41750071,0.60375445
30,7/8/2024,0.24649982,0.41688947,0.60283718
30,7/15/2024,0.24619483,0.41628925,0.60193056
30,7/22/2024,0.24589079,0.41570004,0.60103460
30,7/29/2024,0.24558770,0.41512184,0.60014928
30,8/5/2024,0.24528557,0.41455465,0.59927462
30,8/12/2024,0.24498439,0.41399848,0.59841062
30,8/19/2024,0.24468416,0.41345331,0.59755726
30,8/26/2024,0.24438489,0.41291916,0.59671456
30,9/2/2024,0.24408657,0.41239602,0.59588252
30,9/9/2024,0.24378920,0.41188389,0.59506112
30,9/16/2024,0.24349278,0.41138278,0.59425038
30,9/23/2024,0.24319731,0.41089267,0.59345029
30,9/30/2024,0.24290280,0.41041358,0.59266086
30,10/7/2024,0.24260924,0.40994550,0.59188207
30,10/14/2024,0.24231663,0.40948843,0.59111394
30,10/21/2024,0.24202498,0.40904238,0.59035647
30,10/28/2024,0.24173428,0.40860733,0.58960964
30,11/4/2024,0.24144453,0.40818330,0.58887347
30,11/11/2024,0.24115573,0.40777028,0.58814796
30,11/18/2024,0.24086789,0.40736827,0.58743309
30,11/25/2024,0.24058100,0.40697727,0.58672888
30,12/2/2024,0.24029506,0.40659729,0.58603532
30,12/9/2024,0.24001007,0.40622832,0.58535242
30,12/16/2024,0.23972604,0.40587036,0.58468017
30,12/23/2024,0.23944296,0.40552341,0.58401857
30,12/30/2024,0.23916083,0.40518747,0.58336762